incident_id,timestamp_epoch,datetime_iso,location_id,location_name,incident_type,severity,involved_track_ids,golongan_types,speed_kmh,location_description,title,description
ALT-0001,1789819672.448,2026-09-19 19:07:52.448,312,Underpass Unila Arah Rajabasa,PELANGGARAN_HELM,WARNING,3,Golongan VI-B,0.0,Underpass Unila Arah Rajabasa,ETLE: Pengendara Motor Tanpa Helm (#3),Sepeda motor #3 terdeteksi melanggar aturan lalu lintas (tidak mengenakan helm keselamatan SNI).
ALT-0002,1789819673.774,2026-09-19 19:07:53.774,312,Underpass Unila Arah Rajabasa,PELANGGARAN_HELM,WARNING,2,Golongan VI-B,1.5,Underpass Unila Arah Rajabasa,ETLE: Pengendara Motor Tanpa Helm (#2),Sepeda motor #2 terdeteksi melanggar aturan lalu lintas (tidak mengenakan helm keselamatan SNI).
ALT-0003,1789819675.602,2026-09-19 19:07:55.601,312,Underpass Unila Arah Rajabasa,KENDARAAN_BERHENTI,WARNING,3,Golongan VI-B,0.0,Underpass Unila Arah Rajabasa,Kendaraan Berhenti di Underpass (Sepeda Motor (Tanpa Helm) #3),Sepeda Motor (Tanpa Helm) #3 terhenti di jalur underpass selama 3.2 detik.
ALT-0004,1789819675.835,2026-09-19 19:07:55.834,312,Underpass Unila Arah Rajabasa,PELANGGARAN_HELM,WARNING,5001,Golongan VI-B,0.0,Underpass Unila Arah Rajabasa,ETLE: Pengendara Motor Tanpa Helm (#5001),Sepeda motor #5001 terdeteksi melanggar aturan lalu lintas (tidak mengenakan helm keselamatan SNI).
ALT-0005,1789819676.858,2026-09-19 19:07:56.858,312,Underpass Unila Arah Rajabasa,PELANGGARAN_HELM,WARNING,5007,Golongan VI-B,0.0,Underpass Unila Arah Rajabasa,ETLE: Pengendara Motor Tanpa Helm (#5007),Sepeda motor #5007 terdeteksi melanggar aturan lalu lintas (tidak mengenakan helm keselamatan SNI).
ALT-0006,1789819678.672,2026-09-19 19:07:58.671,312,Underpass Unila Arah Rajabasa,KENDARAAN_BERHENTI,WARNING,19,Golongan I,0.0,Underpass Unila Arah Rajabasa,Kendaraan Berhenti di Underpass (Sedan/Jip/Pick-up #19),Sedan/Jip/Pick-up #19 terhenti di jalur underpass selama 3.1 detik.
ALT-0007,1789819680.949,2026-09-19 19:08:00.948,312,Underpass Unila Arah Rajabasa,PELANGGARAN_HELM,WARNING,5011,Golongan VI-B,0.0,Underpass Unila Arah Rajabasa,ETLE: Pengendara Motor Tanpa Helm (#5011),Sepeda motor #5011 terdeteksi melanggar aturan lalu lintas (tidak mengenakan helm keselamatan SNI).
ALT-0008,1789819680.949,2026-09-19 19:08:00.948,312,Underpass Unila Arah Rajabasa,PELANGGARAN_HELM,WARNING,5013,Golongan VI-B,0.0,Underpass Unila Arah Rajabasa,ETLE: Pengendara Motor Tanpa Helm (#5013),Sepeda motor #5013 terdeteksi melanggar aturan lalu lintas (tidak mengenakan helm keselamatan SNI).
ALT-0009,1789819682.084,2026-09-19 19:08:02.084,312,Underpass Unila Arah Rajabasa,PELANGGARAN_HELM,WARNING,5017,Golongan VI-B,0.0,Underpass Unila Arah Rajabasa,ETLE: Pengendara Motor Tanpa Helm (#5017),Sepeda motor #5017 terdeteksi melanggar aturan lalu lintas (tidak mengenakan helm keselamatan SNI).
ALT-0010,1789819684.974,2026-09-19 19:08:04.974,312,Underpass Unila Arah Rajabasa,KENDARAAN_BERHENTI,WARNING,87,Golongan VI-A,0.0,Underpass Unila Arah Rajabasa,Kendaraan Berhenti di Underpass (Sepeda Motor (Taat Helm) #87),Sepeda Motor (Taat Helm) #87 terhenti di jalur underpass selama 5.7 detik.
ALT-0011,1789819685.749,2026-09-19 19:08:05.748,312,Underpass Unila Arah Rajabasa,PELANGGARAN_HELM,WARNING,5021,Golongan VI-B,0.0,Underpass Unila Arah Rajabasa,ETLE: Pengendara Motor Tanpa Helm (#5021),Sepeda motor #5021 terdeteksi melanggar aturan lalu lintas (tidak mengenakan helm keselamatan SNI).
ALT-0012,1789819688.045,2026-09-19 19:08:08.044,312,Underpass Unila Arah Rajabasa,PELANGGARAN_HELM,WARNING,5025,Golongan VI-B,0.0,Underpass Unila Arah Rajabasa,ETLE: Pengendara Motor Tanpa Helm (#5025),Sepeda motor #5025 terdeteksi melanggar aturan lalu lintas (tidak mengenakan helm keselamatan SNI).
ALT-0013,1789819689.215,2026-09-19 19:08:09.215,312,Underpass Unila Arah Rajabasa,PELANGGARAN_HELM,WARNING,5026,Golongan VI-B,0.0,Underpass Unila Arah Rajabasa,ETLE: Pengendara Motor Tanpa Helm (#5026),Sepeda motor #5026 terdeteksi melanggar aturan lalu lintas (tidak mengenakan helm keselamatan SNI).
ALT-0014,1789819689.215,2026-09-19 19:08:09.215,312,Underpass Unila Arah Rajabasa,PELANGGARAN_HELM,WARNING,5028,Golongan VI-B,0.0,Underpass Unila Arah Rajabasa,ETLE: Pengendara Motor Tanpa Helm (#5028),Sepeda motor #5028 terdeteksi melanggar aturan lalu lintas (tidak mengenakan helm keselamatan SNI).
ALT-0015,1789819690.171,2026-09-19 19:08:10.171,312,Underpass Unila Arah Rajabasa,PELANGGARAN_HELM,WARNING,5030,Golongan VI-B,0.0,Underpass Unila Arah Rajabasa,ETLE: Pengendara Motor Tanpa Helm (#5030),Sepeda motor #5030 terdeteksi melanggar aturan lalu lintas (tidak mengenakan helm keselamatan SNI).
ALT-0016,1789819690.991,2026-09-19 19:08:10.991,312,Underpass Unila Arah Rajabasa,LAWAN_ARAH,CRITICAL,5030,Golongan VI-A,19.3,Underpass Unila Arah Rajabasa,BAHAYA: Kendaraan Lawan Arah! (Sepeda Motor (Taat Helm) #5030),Sepeda Motor (Taat Helm) #5030 melaju ke atas melawan arus lajur masuk underpass.
ALT-0017,1789819692.036,2026-09-19 19:08:12.036,312,Underpass Unila Arah Rajabasa,PELANGGARAN_HELM,WARNING,5034,Golongan VI-B,0.0,Underpass Unila Arah Rajabasa,ETLE: Pengendara Motor Tanpa Helm (#5034),Sepeda motor #5034 terdeteksi melanggar aturan lalu lintas (tidak mengenakan helm keselamatan SNI).
ALT-0018,1789819693.009,2026-09-19 19:08:13.008,312,Underpass Unila Arah Rajabasa,PELANGGARAN_HELM,WARNING,5039,Golongan VI-B,0.0,Underpass Unila Arah Rajabasa,ETLE: Pengendara Motor Tanpa Helm (#5039),Sepeda motor #5039 terdeteksi melanggar aturan lalu lintas (tidak mengenakan helm keselamatan SNI).
ALT-0019,1789819693.95,2026-09-19 19:08:13.949,312,Underpass Unila Arah Rajabasa,PELANGGARAN_HELM,WARNING,5042,Golongan VI-B,0.0,Underpass Unila Arah Rajabasa,ETLE: Pengendara Motor Tanpa Helm (#5042),Sepeda motor #5042 terdeteksi melanggar aturan lalu lintas (tidak mengenakan helm keselamatan SNI).
ALT-0020,1789819694.191,2026-09-19 19:08:14.190,312,Underpass Unila Arah Rajabasa,PELANGGARAN_HELM,WARNING,5043,Golongan VI-B,0.0,Underpass Unila Arah Rajabasa,ETLE: Pengendara Motor Tanpa Helm (#5043),Sepeda motor #5043 terdeteksi melanggar aturan lalu lintas (tidak mengenakan helm keselamatan SNI).
ALT-0021,1789819698.174,2026-09-19 19:08:18.174,312,Underpass Unila Arah Rajabasa,PELANGGARAN_HELM,WARNING,5046,Golongan VI-B,0.0,Underpass Unila Arah Rajabasa,ETLE: Pengendara Motor Tanpa Helm (#5046),Sepeda motor #5046 terdeteksi melanggar aturan lalu lintas (tidak mengenakan helm keselamatan SNI).
ALT-0022,1789819701.791,2026-09-19 19:08:21.791,312,Underpass Unila Arah Rajabasa,PELANGGARAN_HELM,WARNING,5048,Golongan VI-B,0.0,Underpass Unila Arah Rajabasa,ETLE: Pengendara Motor Tanpa Helm (#5048),Sepeda motor #5048 terdeteksi melanggar aturan lalu lintas (tidak mengenakan helm keselamatan SNI).
ALT-0023,1789819701.791,2026-09-19 19:08:21.791,312,Underpass Unila Arah Rajabasa,PELANGGARAN_HELM,WARNING,304,Golongan VI-B,0.0,Underpass Unila Arah Rajabasa,ETLE: Pengendara Motor Tanpa Helm (#304),Sepeda motor #304 terdeteksi melanggar aturan lalu lintas (tidak mengenakan helm keselamatan SNI).
ALT-0024,1789819702.321,2026-09-19 19:08:22.320,312,Underpass Unila Arah Rajabasa,PELANGGARAN_HELM,WARNING,5049,Golongan VI-B,0.0,Underpass Unila Arah Rajabasa,ETLE: Pengendara Motor Tanpa Helm (#5049),Sepeda motor #5049 terdeteksi melanggar aturan lalu lintas (tidak mengenakan helm keselamatan SNI).
ALT-0025,1789819704.521,2026-09-19 19:08:24.521,312,Underpass Unila Arah Rajabasa,PELANGGARAN_HELM,WARNING,5052,Golongan VI-B,0.0,Underpass Unila Arah Rajabasa,ETLE: Pengendara Motor Tanpa Helm (#5052),Sepeda motor #5052 terdeteksi melanggar aturan lalu lintas (tidak mengenakan helm keselamatan SNI).
ALT-0026,1789819707.148,2026-09-19 19:08:27.147,312,Underpass Unila Arah Rajabasa,LAWAN_ARAH,CRITICAL,406,Golongan III,16.0,Underpass Unila Arah Rajabasa,BAHAYA: Kendaraan Lawan Arah! (Truk 3 Gandar #406),Truk 3 Gandar #406 melaju ke atas melawan arus lajur masuk underpass.
ALT-0027,1789819708.885,2026-09-19 19:08:28.885,312,Underpass Unila Arah Rajabasa,LAWAN_ARAH,CRITICAL,435,Golongan I,14.9,Underpass Unila Arah Rajabasa,BAHAYA: Kendaraan Lawan Arah! (Sedan/Jip/Pick-up #435),Sedan/Jip/Pick-up #435 melaju ke atas melawan arus lajur masuk underpass.
ALT-0028,1789819713.039,2026-09-19 19:08:33.038,312,Underpass Unila Arah Rajabasa,KENDARAAN_BERHENTI,WARNING,399,Golongan VI-A,2.3,Underpass Unila Arah Rajabasa,Kendaraan Berhenti di Underpass (Sepeda Motor (Taat Helm) #399),Sepeda Motor (Taat Helm) #399 terhenti di jalur underpass selama 3.0 detik.
ALT-0029,1789819714.605,2026-09-19 19:08:34.604,312,Underpass Unila Arah Rajabasa,PELANGGARAN_HELM,WARNING,5058,Golongan VI-B,0.0,Underpass Unila Arah Rajabasa,ETLE: Pengendara Motor Tanpa Helm (#5058),Sepeda motor #5058 terdeteksi melanggar aturan lalu lintas (tidak mengenakan helm keselamatan SNI).
ALT-0030,1789819714.605,2026-09-19 19:08:34.604,312,Underpass Unila Arah Rajabasa,PELANGGARAN_HELM,WARNING,5059,Golongan VI-B,0.0,Underpass Unila Arah Rajabasa,ETLE: Pengendara Motor Tanpa Helm (#5059),Sepeda motor #5059 terdeteksi melanggar aturan lalu lintas (tidak mengenakan helm keselamatan SNI).
ALT-0031,1789819716.295,2026-09-19 19:08:36.295,312,Underpass Unila Arah Rajabasa,PELANGGARAN_HELM,WARNING,5062,Golongan VI-B,0.0,Underpass Unila Arah Rajabasa,ETLE: Pengendara Motor Tanpa Helm (#5062),Sepeda motor #5062 terdeteksi melanggar aturan lalu lintas (tidak mengenakan helm keselamatan SNI).
ALT-0032,1789819716.649,2026-09-19 19:08:36.648,312,Underpass Unila Arah Rajabasa,PELANGGARAN_HELM,WARNING,5063,Golongan VI-B,0.0,Underpass Unila Arah Rajabasa,ETLE: Pengendara Motor Tanpa Helm (#5063),Sepeda motor #5063 terdeteksi melanggar aturan lalu lintas (tidak mengenakan helm keselamatan SNI).
ALT-0033,1789819716.649,2026-09-19 19:08:36.648,312,Underpass Unila Arah Rajabasa,PELANGGARAN_HELM,WARNING,5064,Golongan VI-B,0.0,Underpass Unila Arah Rajabasa,ETLE: Pengendara Motor Tanpa Helm (#5064),Sepeda motor #5064 terdeteksi melanggar aturan lalu lintas (tidak mengenakan helm keselamatan SNI).
ALT-0034,1789819721.091,2026-09-19 19:08:41.090,312,Underpass Unila Arah Rajabasa,PELANGGARAN_HELM,WARNING,5069,Golongan VI-B,0.0,Underpass Unila Arah Rajabasa,ETLE: Pengendara Motor Tanpa Helm (#5069),Sepeda motor #5069 terdeteksi melanggar aturan lalu lintas (tidak mengenakan helm keselamatan SNI).
ALT-0035,1789819724.042,2026-09-19 19:08:44.041,312,Underpass Unila Arah Rajabasa,LAWAN_ARAH,CRITICAL,609,Golongan I,16.4,Underpass Unila Arah Rajabasa,BAHAYA: Kendaraan Lawan Arah! (Sedan/Jip/Pick-up #609),Sedan/Jip/Pick-up #609 melaju ke atas melawan arus lajur masuk underpass.
ALT-0001,1789819888.655,2026-09-19 19:11:28.654,282,Perempatan Jl. Jendral Sudirman,PELANGGARAN_HELM,WARNING,9,Golongan VI-B,0.0,Perempatan Jl. Jendral Sudirman,ETLE: Pengendara Motor Tanpa Helm (#9),Sepeda motor #9 terdeteksi melanggar aturan lalu lintas (tidak mengenakan helm keselamatan SNI).
ALT-0002,1789819888.655,2026-09-19 19:11:28.654,282,Perempatan Jl. Jendral Sudirman,PELANGGARAN_HELM,WARNING,11,Golongan VI-B,0.0,Perempatan Jl. Jendral Sudirman,ETLE: Pengendara Motor Tanpa Helm (#11),Sepeda motor #11 terdeteksi melanggar aturan lalu lintas (tidak mengenakan helm keselamatan SNI).
ALT-0003,1789819888.655,2026-09-19 19:11:28.654,282,Perempatan Jl. Jendral Sudirman,PELANGGARAN_HELM,WARNING,13,Golongan VI-B,0.0,Perempatan Jl. Jendral Sudirman,ETLE: Pengendara Motor Tanpa Helm (#13),Sepeda motor #13 terdeteksi melanggar aturan lalu lintas (tidak mengenakan helm keselamatan SNI).
ALT-0004,1789819888.655,2026-09-19 19:11:28.654,282,Perempatan Jl. Jendral Sudirman,PELANGGARAN_HELM,WARNING,14,Golongan VI-B,0.0,Perempatan Jl. Jendral Sudirman,ETLE: Pengendara Motor Tanpa Helm (#14),Sepeda motor #14 terdeteksi melanggar aturan lalu lintas (tidak mengenakan helm keselamatan SNI).
ALT-0005,1789819888.655,2026-09-19 19:11:28.654,282,Perempatan Jl. Jendral Sudirman,PELANGGARAN_HELM,WARNING,15,Golongan VI-B,0.0,Perempatan Jl. Jendral Sudirman,ETLE: Pengendara Motor Tanpa Helm (#15),Sepeda motor #15 terdeteksi melanggar aturan lalu lintas (tidak mengenakan helm keselamatan SNI).
ALT-0006,1789819891.734,2026-09-19 19:11:31.733,282,Perempatan Jl. Jendral Sudirman,KENDARAAN_BERHENTI,WARNING,2,Golongan VI-A,0.0,Perempatan Jl. Jendral Sudirman,Kendaraan Berhenti di Underpass (Sepeda Motor (Taat Helm) #2),Sepeda Motor (Taat Helm) #2 terhenti di jalur underpass selama 3.1 detik.
ALT-0007,1789819891.734,2026-09-19 19:11:31.733,282,Perempatan Jl. Jendral Sudirman,KENDARAAN_BERHENTI,WARNING,6,Golongan I,3.0,Perempatan Jl. Jendral Sudirman,Kendaraan Berhenti di Underpass (Sedan/Jip/Pick-up #6),Sedan/Jip/Pick-up #6 terhenti di jalur underpass selama 3.1 detik.
ALT-0008,1789819891.734,2026-09-19 19:11:31.733,282,Perempatan Jl. Jendral Sudirman,KENDARAAN_BERHENTI,WARNING,7,Golongan VI-A,1.1,Perempatan Jl. Jendral Sudirman,Kendaraan Berhenti di Underpass (Sepeda Motor (Taat Helm) #7),Sepeda Motor (Taat Helm) #7 terhenti di jalur underpass selama 3.1 detik.
ALT-0009,1789819891.734,2026-09-19 19:11:31.733,282,Perempatan Jl. Jendral Sudirman,KENDARAAN_BERHENTI,WARNING,13,Golongan VI-B,0.1,Perempatan Jl. Jendral Sudirman,Kendaraan Berhenti di Underpass (Sepeda Motor (Tanpa Helm) #13),Sepeda Motor (Tanpa Helm) #13 terhenti di jalur underpass selama 3.1 detik.
ALT-0010,1789819892.252,2026-09-19 19:11:32.252,282,Perempatan Jl. Jendral Sudirman,KENDARAAN_BERHENTI,WARNING,11,Golongan VI-B,0.0,Perempatan Jl. Jendral Sudirman,Kendaraan Berhenti di Underpass (Sepeda Motor (Tanpa Helm) #11),Sepeda Motor (Tanpa Helm) #11 terhenti di jalur underpass selama 3.6 detik.
ALT-0011,1789819894.223,2026-09-19 19:11:34.223,282,Perempatan Jl. Jendral Sudirman,TABRAKAN,CRITICAL,1;106,Golongan I;Golongan V,3.3,Perempatan Jl. Jendral Sudirman,KECELAKAAN: Tabrakan Antar Kendaraan (#1 & #106),Terjadi benturan/tabrakan antara Bus #1 dan Truk 5+ Gandar #106.
ALT-0012,1789819895.911,2026-09-19 19:11:35.911,282,Perempatan Jl. Jendral Sudirman,PELANGGARAN_HELM,WARNING,139,Golongan VI-B,0.0,Perempatan Jl. Jendral Sudirman,ETLE: Pengendara Motor Tanpa Helm (#139),Sepeda motor #139 terdeteksi melanggar aturan lalu lintas (tidak mengenakan helm keselamatan SNI).
ALT-0013,1789819896.682,2026-09-19 19:11:36.682,282,Perempatan Jl. Jendral Sudirman,PELANGGARAN_HELM,WARNING,153,Golongan VI-B,0.0,Perempatan Jl. Jendral Sudirman,ETLE: Pengendara Motor Tanpa Helm (#153),Sepeda motor #153 terdeteksi melanggar aturan lalu lintas (tidak mengenakan helm keselamatan SNI).
ALT-0014,1789819896.858,2026-09-19 19:11:36.857,282,Perempatan Jl. Jendral Sudirman,PELANGGARAN_HELM,WARNING,158,Golongan VI-B,0.0,Perempatan Jl. Jendral Sudirman,ETLE: Pengendara Motor Tanpa Helm (#158),Sepeda motor #158 terdeteksi melanggar aturan lalu lintas (tidak mengenakan helm keselamatan SNI).
ALT-0015,1789819897.24,2026-09-19 19:11:37.240,282,Perempatan Jl. Jendral Sudirman,KENDARAAN_BERHENTI,WARNING,104,Golongan VI-A,0.0,Perempatan Jl. Jendral Sudirman,Kendaraan Berhenti di Underpass (Sepeda Motor (Taat Helm) #104),Sepeda Motor (Taat Helm) #104 terhenti di jalur underpass selama 3.5 detik.
ALT-0016,1789819897.846,2026-09-19 19:11:37.845,282,Perempatan Jl. Jendral Sudirman,KENDARAAN_BERHENTI,WARNING,117,Golongan VI-A,0.8,Perempatan Jl. Jendral Sudirman,Kendaraan Berhenti di Underpass (Sepeda Motor (Taat Helm) #117),Sepeda Motor (Taat Helm) #117 terhenti di jalur underpass selama 3.0 detik.
ALT-0017,1789819899.098,2026-09-19 19:11:39.098,282,Perempatan Jl. Jendral Sudirman,PELANGGARAN_HELM,WARNING,199,Golongan VI-B,0.0,Perempatan Jl. Jendral Sudirman,ETLE: Pengendara Motor Tanpa Helm (#199),Sepeda motor #199 terdeteksi melanggar aturan lalu lintas (tidak mengenakan helm keselamatan SNI).
ALT-0018,1789819899.29,2026-09-19 19:11:39.290,282,Perempatan Jl. Jendral Sudirman,PELANGGARAN_HELM,WARNING,210,Golongan VI-B,0.0,Perempatan Jl. Jendral Sudirman,ETLE: Pengendara Motor Tanpa Helm (#210),Sepeda motor #210 terdeteksi melanggar aturan lalu lintas (tidak mengenakan helm keselamatan SNI).
ALT-0019,1789819899.473,2026-09-19 19:11:39.472,282,Perempatan Jl. Jendral Sudirman,PELANGGARAN_HELM,WARNING,215,Golongan VI-B,0.0,Perempatan Jl. Jendral Sudirman,ETLE: Pengendara Motor Tanpa Helm (#215),Sepeda motor #215 terdeteksi melanggar aturan lalu lintas (tidak mengenakan helm keselamatan SNI).
ALT-0020,1789819899.77,2026-09-19 19:11:39.770,282,Perempatan Jl. Jendral Sudirman,KENDARAAN_BERHENTI,WARNING,153,Golongan VI-A,0.4,Perempatan Jl. Jendral Sudirman,Kendaraan Berhenti di Underpass (Sepeda Motor (Taat Helm) #153),Sepeda Motor (Taat Helm) #153 terhenti di jalur underpass selama 3.1 detik.
ALT-0021,1789819899.916,2026-09-19 19:11:39.916,282,Perempatan Jl. Jendral Sudirman,KENDARAAN_BERHENTI,WARNING,158,Golongan VI-B,1.8,Perempatan Jl. Jendral Sudirman,Kendaraan Berhenti di Underpass (Sepeda Motor (Tanpa Helm) #158),Sepeda Motor (Tanpa Helm) #158 terhenti di jalur underpass selama 3.1 detik.
ALT-0022,1789819903.555,2026-09-19 19:11:43.554,282,Perempatan Jl. Jendral Sudirman,PELANGGARAN_HELM,WARNING,334,Golongan VI-B,0.0,Perempatan Jl. Jendral Sudirman,ETLE: Pengendara Motor Tanpa Helm (#334),Sepeda motor #334 terdeteksi melanggar aturan lalu lintas (tidak mengenakan helm keselamatan SNI).
ALT-0023,1789819904.202,2026-09-19 19:11:44.202,282,Perempatan Jl. Jendral Sudirman,PELANGGARAN_HELM,WARNING,376,Golongan VI-B,0.0,Perempatan Jl. Jendral Sudirman,ETLE: Pengendara Motor Tanpa Helm (#376),Sepeda motor #376 terdeteksi melanggar aturan lalu lintas (tidak mengenakan helm keselamatan SNI).
ALT-0024,1789819904.374,2026-09-19 19:11:44.373,282,Perempatan Jl. Jendral Sudirman,PELANGGARAN_HELM,WARNING,387,Golongan VI-B,0.0,Perempatan Jl. Jendral Sudirman,ETLE: Pengendara Motor Tanpa Helm (#387),Sepeda motor #387 terdeteksi melanggar aturan lalu lintas (tidak mengenakan helm keselamatan SNI).
ALT-0025,1789819904.708,2026-09-19 19:11:44.708,282,Perempatan Jl. Jendral Sudirman,KENDARAAN_BERHENTI,WARNING,203,Golongan VI-A,0.0,Perempatan Jl. Jendral Sudirman,Kendaraan Berhenti di Underpass (Sepeda Motor (Taat Helm) #203),Sepeda Motor (Taat Helm) #203 terhenti di jalur underpass selama 5.6 detik.
ALT-0026,1789819906.26,2026-09-19 19:11:46.259,282,Perempatan Jl. Jendral Sudirman,PELANGGARAN_HELM,WARNING,458,Golongan VI-B,0.0,Perempatan Jl. Jendral Sudirman,ETLE: Pengendara Motor Tanpa Helm (#458),Sepeda motor #458 terdeteksi melanggar aturan lalu lintas (tidak mengenakan helm keselamatan SNI).
ALT-0027,1789819906.964,2026-09-19 19:11:46.964,282,Perempatan Jl. Jendral Sudirman,PELANGGARAN_HELM,WARNING,474,Golongan VI-B,0.0,Perempatan Jl. Jendral Sudirman,ETLE: Pengendara Motor Tanpa Helm (#474),Sepeda motor #474 terdeteksi melanggar aturan lalu lintas (tidak mengenakan helm keselamatan SNI).
ALT-0028,1789819908.489,2026-09-19 19:11:48.489,282,Perempatan Jl. Jendral Sudirman,PELANGGARAN_HELM,WARNING,2,Golongan VI-B,0.1,Perempatan Jl. Jendral Sudirman,ETLE: Pengendara Motor Tanpa Helm (#2),Sepeda motor #2 terdeteksi melanggar aturan lalu lintas (tidak mengenakan helm keselamatan SNI).
ALT-0029,1789819908.643,2026-09-19 19:11:48.642,282,Perempatan Jl. Jendral Sudirman,PELANGGARAN_HELM,WARNING,510,Golongan VI-B,0.0,Perempatan Jl. Jendral Sudirman,ETLE: Pengendara Motor Tanpa Helm (#510),Sepeda motor #510 terdeteksi melanggar aturan lalu lintas (tidak mengenakan helm keselamatan SNI).
ALT-0030,1789819908.787,2026-09-19 19:11:48.787,282,Perempatan Jl. Jendral Sudirman,KENDARAAN_BERHENTI,WARNING,439,Golongan VI-A,0.0,Perempatan Jl. Jendral Sudirman,Kendaraan Berhenti di Underpass (Sepeda Motor (Taat Helm) #439),Sepeda Motor (Taat Helm) #439 terhenti di jalur underpass selama 3.1 detik.
ALT-0031,1789819909.266,2026-09-19 19:11:49.265,282,Perempatan Jl. Jendral Sudirman,KENDARAAN_BERHENTI,WARNING,458,Golongan VI-B,0.0,Perempatan Jl. Jendral Sudirman,Kendaraan Berhenti di Underpass (Sepeda Motor (Tanpa Helm) #458),Sepeda Motor (Tanpa Helm) #458 terhenti di jalur underpass selama 3.0 detik.
ALT-0032,1789819909.462,2026-09-19 19:11:49.461,282,Perempatan Jl. Jendral Sudirman,KENDARAAN_BERHENTI,WARNING,438,Golongan VI-A,0.0,Perempatan Jl. Jendral Sudirman,Kendaraan Berhenti di Underpass (Sepeda Motor (Taat Helm) #438),Sepeda Motor (Taat Helm) #438 terhenti di jalur underpass selama 3.7 detik.
ALT-0033,1789819910.151,2026-09-19 19:11:50.150,282,Perempatan Jl. Jendral Sudirman,KENDARAAN_BERHENTI,WARNING,474,Golongan VI-B,0.5,Perempatan Jl. Jendral Sudirman,Kendaraan Berhenti di Underpass (Sepeda Motor (Tanpa Helm) #474),Sepeda Motor (Tanpa Helm) #474 terhenti di jalur underpass selama 3.2 detik.
ALT-0034,1789819911.679,2026-09-19 19:11:51.678,282,Perempatan Jl. Jendral Sudirman,KENDARAAN_BERHENTI,WARNING,510,Golongan VI-B,0.1,Perempatan Jl. Jendral Sudirman,Kendaraan Berhenti di Underpass (Sepeda Motor (Tanpa Helm) #510),Sepeda Motor (Tanpa Helm) #510 terhenti di jalur underpass selama 3.0 detik.
ALT-0035,1789819911.679,2026-09-19 19:11:51.678,282,Perempatan Jl. Jendral Sudirman,KENDARAAN_BERHENTI,WARNING,472,Golongan VI-A,0.0,Perempatan Jl. Jendral Sudirman,Kendaraan Berhenti di Underpass (Sepeda Motor (Taat Helm) #472),Sepeda Motor (Taat Helm) #472 terhenti di jalur underpass selama 4.7 detik.
ALT-0036,1789819912.764,2026-09-19 19:11:52.764,282,Perempatan Jl. Jendral Sudirman,PELANGGARAN_HELM,WARNING,439,Golongan VI-B,0.0,Perempatan Jl. Jendral Sudirman,ETLE: Pengendara Motor Tanpa Helm (#439),Sepeda motor #439 terdeteksi melanggar aturan lalu lintas (tidak mengenakan helm keselamatan SNI).
ALT-0037,1789819917.702,2026-09-19 19:11:57.701,282,Perempatan Jl. Jendral Sudirman,PELANGGARAN_HELM,WARNING,631,Golongan VI-B,0.0,Perempatan Jl. Jendral Sudirman,ETLE: Pengendara Motor Tanpa Helm (#631),Sepeda motor #631 terdeteksi melanggar aturan lalu lintas (tidak mengenakan helm keselamatan SNI).
ALT-0038,1789819920.939,2026-09-19 19:12:00.938,282,Perempatan Jl. Jendral Sudirman,KENDARAAN_BERHENTI,WARNING,631,Golongan VI-A,0.0,Perempatan Jl. Jendral Sudirman,Kendaraan Berhenti di Underpass (Sepeda Motor (Taat Helm) #631),Sepeda Motor (Taat Helm) #631 terhenti di jalur underpass selama 3.2 detik.
ALT-0039,1789819921.829,2026-09-19 19:12:01.828,282,Perempatan Jl. Jendral Sudirman,KENDARAAN_BERHENTI,WARNING,642,Golongan I,2.5,Perempatan Jl. Jendral Sudirman,Kendaraan Berhenti di Underpass (Sedan/Jip/Pick-up #642),Sedan/Jip/Pick-up #642 terhenti di jalur underpass selama 3.1 detik.
ALT-0040,1789819921.829,2026-09-19 19:12:01.828,282,Perempatan Jl. Jendral Sudirman,KENDARAAN_BERHENTI,WARNING,643,Golongan VI-A,0.2,Perempatan Jl. Jendral Sudirman,Kendaraan Berhenti di Underpass (Sepeda Motor (Taat Helm) #643),Sepeda Motor (Taat Helm) #643 terhenti di jalur underpass selama 3.1 detik.
ALT-0041,1789819922.991,2026-09-19 19:12:02.991,282,Perempatan Jl. Jendral Sudirman,PELANGGARAN_HELM,WARNING,705,Golongan VI-B,12.7,Perempatan Jl. Jendral Sudirman,ETLE: Pengendara Motor Tanpa Helm (#705),Sepeda motor #705 terdeteksi melanggar aturan lalu lintas (tidak mengenakan helm keselamatan SNI).
ALT-0042,1789819922.991,2026-09-19 19:12:02.991,282,Perempatan Jl. Jendral Sudirman,PELANGGARAN_HELM,WARNING,720,Golongan VI-B,0.0,Perempatan Jl. Jendral Sudirman,ETLE: Pengendara Motor Tanpa Helm (#720),Sepeda motor #720 terdeteksi melanggar aturan lalu lintas (tidak mengenakan helm keselamatan SNI).
ALT-0043,1789819927.244,2026-09-19 19:12:07.244,282,Perempatan Jl. Jendral Sudirman,KENDARAAN_BERHENTI,WARNING,732,Golongan I,2.3,Perempatan Jl. Jendral Sudirman,Kendaraan Berhenti di Underpass (Sedan/Jip/Pick-up #732),Sedan/Jip/Pick-up #732 terhenti di jalur underpass selama 3.2 detik.
ALT-0044,1789819929.918,2026-09-19 19:12:09.917,282,Perempatan Jl. Jendral Sudirman,KENDARAAN_BERHENTI,WARNING,774,Golongan VI-A,0.8,Perempatan Jl. Jendral Sudirman,Kendaraan Berhenti di Underpass (Sepeda Motor (Taat Helm) #774),Sepeda Motor (Taat Helm) #774 terhenti di jalur underpass selama 3.0 detik.
ALT-0045,1789819929.918,2026-09-19 19:12:09.917,282,Perempatan Jl. Jendral Sudirman,KENDARAAN_BERHENTI,WARNING,773,Golongan VI-A,0.0,Perempatan Jl. Jendral Sudirman,Kendaraan Berhenti di Underpass (Sepeda Motor (Taat Helm) #773),Sepeda Motor (Taat Helm) #773 terhenti di jalur underpass selama 3.0 detik.
ALT-0046,1789819930.451,2026-09-19 19:12:10.450,282,Perempatan Jl. Jendral Sudirman,KENDARAAN_BERHENTI,WARNING,780,Golongan VI-A,0.0,Perempatan Jl. Jendral Sudirman,Kendaraan Berhenti di Underpass (Sepeda Motor (Taat Helm) #780),Sepeda Motor (Taat Helm) #780 terhenti di jalur underpass selama 3.2 detik.
ALT-0047,1789819930.611,2026-09-19 19:12:10.611,282,Perempatan Jl. Jendral Sudirman,PELANGGARAN_HELM,WARNING,837,Golongan VI-B,0.0,Perempatan Jl. Jendral Sudirman,ETLE: Pengendara Motor Tanpa Helm (#837),Sepeda motor #837 terdeteksi melanggar aturan lalu lintas (tidak mengenakan helm keselamatan SNI).
ALT-0048,1789819930.611,2026-09-19 19:12:10.611,282,Perempatan Jl. Jendral Sudirman,PELANGGARAN_HELM,WARNING,838,Golongan VI-B,0.0,Perempatan Jl. Jendral Sudirman,ETLE: Pengendara Motor Tanpa Helm (#838),Sepeda motor #838 terdeteksi melanggar aturan lalu lintas (tidak mengenakan helm keselamatan SNI).
ALT-0049,1789819932.607,2026-09-19 19:12:12.606,282,Perempatan Jl. Jendral Sudirman,PELANGGARAN_HELM,WARNING,852,Golongan VI-B,0.0,Perempatan Jl. Jendral Sudirman,ETLE: Pengendara Motor Tanpa Helm (#852),Sepeda motor #852 terdeteksi melanggar aturan lalu lintas (tidak mengenakan helm keselamatan SNI).
ALT-0050,1789819933.447,2026-09-19 19:12:13.446,282,Perempatan Jl. Jendral Sudirman,PELANGGARAN_HELM,WARNING,863,Golongan VI-B,0.0,Perempatan Jl. Jendral Sudirman,ETLE: Pengendara Motor Tanpa Helm (#863),Sepeda motor #863 terdeteksi melanggar aturan lalu lintas (tidak mengenakan helm keselamatan SNI).
ALT-0051,1789819933.78,2026-09-19 19:12:13.780,282,Perempatan Jl. Jendral Sudirman,KENDARAAN_BERHENTI,WARNING,837,Golongan VI-B,0.4,Perempatan Jl. Jendral Sudirman,Kendaraan Berhenti di Underpass (Sepeda Motor (Tanpa Helm) #837),Sepeda Motor (Tanpa Helm) #837 terhenti di jalur underpass selama 3.2 detik.
ALT-0052,1789819933.78,2026-09-19 19:12:13.780,282,Perempatan Jl. Jendral Sudirman,KENDARAAN_BERHENTI,WARNING,838,Golongan VI-B,0.1,Perempatan Jl. Jendral Sudirman,Kendaraan Berhenti di Underpass (Sepeda Motor (Tanpa Helm) #838),Sepeda Motor (Tanpa Helm) #838 terhenti di jalur underpass selama 3.2 detik.
ALT-0053,1789819935.444,2026-09-19 19:12:15.444,282,Perempatan Jl. Jendral Sudirman,PELANGGARAN_HELM,WARNING,902,Golongan VI-B,0.0,Perempatan Jl. Jendral Sudirman,ETLE: Pengendara Motor Tanpa Helm (#902),Sepeda motor #902 terdeteksi melanggar aturan lalu lintas (tidak mengenakan helm keselamatan SNI).
ALT-0054,1789819935.62,2026-09-19 19:12:15.620,282,Perempatan Jl. Jendral Sudirman,KENDARAAN_BERHENTI,WARNING,852,Golongan VI-B,0.3,Perempatan Jl. Jendral Sudirman,Kendaraan Berhenti di Underpass (Sepeda Motor (Tanpa Helm) #852),Sepeda Motor (Tanpa Helm) #852 terhenti di jalur underpass selama 3.0 detik.
ALT-0055,1789819935.62,2026-09-19 19:12:15.620,282,Perempatan Jl. Jendral Sudirman,PELANGGARAN_HELM,WARNING,874,Golongan VI-B,1.2,Perempatan Jl. Jendral Sudirman,ETLE: Pengendara Motor Tanpa Helm (#874),Sepeda motor #874 terdeteksi melanggar aturan lalu lintas (tidak mengenakan helm keselamatan SNI).
ALT-0056,1789819936.491,2026-09-19 19:12:16.491,282,Perempatan Jl. Jendral Sudirman,KENDARAAN_BERHENTI,WARNING,863,Golongan VI-B,0.4,Perempatan Jl. Jendral Sudirman,Kendaraan Berhenti di Underpass (Sepeda Motor (Tanpa Helm) #863),Sepeda Motor (Tanpa Helm) #863 terhenti di jalur underpass selama 3.0 detik.
ALT-0057,1789819937.587,2026-09-19 19:12:17.586,282,Perempatan Jl. Jendral Sudirman,KENDARAAN_BERHENTI,WARNING,875,Golongan III,0.0,Perempatan Jl. Jendral Sudirman,Kendaraan Berhenti di Underpass (Truk 3 Gandar #875),Truk 3 Gandar #875 terhenti di jalur underpass selama 3.0 detik.
ALT-0058,1789819938.646,2026-09-19 19:12:18.645,282,Perempatan Jl. Jendral Sudirman,KENDARAAN_BERHENTI,WARNING,902,Golongan VI-B,0.0,Perempatan Jl. Jendral Sudirman,Kendaraan Berhenti di Underpass (Sepeda Motor (Tanpa Helm) #902),Sepeda Motor (Tanpa Helm) #902 terhenti di jalur underpass selama 3.2 detik.
ALT-0059,1789819939.737,2026-09-19 19:12:19.737,282,Perempatan Jl. Jendral Sudirman,PELANGGARAN_HELM,WARNING,987,Golongan VI-B,0.0,Perempatan Jl. Jendral Sudirman,ETLE: Pengendara Motor Tanpa Helm (#987),Sepeda motor #987 terdeteksi melanggar aturan lalu lintas (tidak mengenakan helm keselamatan SNI).
ALT-0060,1789819940.761,2026-09-19 19:12:20.761,282,Perempatan Jl. Jendral Sudirman,PELANGGARAN_HELM,WARNING,1051,Golongan VI-B,0.0,Perempatan Jl. Jendral Sudirman,ETLE: Pengendara Motor Tanpa Helm (#1051),Sepeda motor #1051 terdeteksi melanggar aturan lalu lintas (tidak mengenakan helm keselamatan SNI).
ALT-0061,1789819940.927,2026-09-19 19:12:20.926,282,Perempatan Jl. Jendral Sudirman,PELANGGARAN_HELM,WARNING,1055,Golongan VI-B,0.0,Perempatan Jl. Jendral Sudirman,ETLE: Pengendara Motor Tanpa Helm (#1055),Sepeda motor #1055 terdeteksi melanggar aturan lalu lintas (tidak mengenakan helm keselamatan SNI).
ALT-0062,1789819941.33,2026-09-19 19:12:21.329,282,Perempatan Jl. Jendral Sudirman,PELANGGARAN_HELM,WARNING,1066,Golongan VI-B,0.0,Perempatan Jl. Jendral Sudirman,ETLE: Pengendara Motor Tanpa Helm (#1066),Sepeda motor #1066 terdeteksi melanggar aturan lalu lintas (tidak mengenakan helm keselamatan SNI).
INC_MBK_1789825103_016,1789825103.393,2026-09-19 20:38:23.392,190,CCTV Flyover Mall Boemi Kedaton,MOTOR_JATUH,CRITICAL,8040,Golongan VI-A,4.6,Sambungan Siar Muai Puncak Flyover,Insiden: Sepeda Motor Tergelincir di Siar Muai Flyover,Pengendara sepeda motor tergelincir akibat permukaan licin pada sambungan dilatasi jembatan layang MBK.
INC_MBK_1789825141_015,1789825141.134,2026-09-19 20:39:01.134,190,CCTV Flyover Mall Boemi Kedaton,KENDARAAN_MOGOK,CRITICAL,8315,Golongan I,0.0,Puncak Elevasi Flyover MBK,Bahaya: Kendaraan Mogok di Puncak Jembatan Layang,Satu unit kendaraan terhenti statis lebih dari 15 detik di lajur utama jembatan layang memicu potensi tabrakan beruntun.
INC_MBK_1789825191_035,1789825191.102,2026-09-19 20:39:51.101,190,CCTV Flyover Mall Boemi Kedaton,PENGEREMAN_MENDADAK,WARNING,8577,Golongan I,13.0,Mulut Turunan Flyover Samping Mall,Pengereman Mendadak di Zona Bottleneck Mall,Penurunan kecepatan drastis akibat penyempitan arus lalu lintas di mulut turunan flyover samping MBK.
INC_MBK_1789825393_003,1789825393.055,2026-09-19 20:43:13.055,190,CCTV Flyover Mall Boemi Kedaton,KECEPATAN_TINGGI,WARNING,8177,Golongan I,76.3,Turunan Flyover MBK Arah Mall,Overspeeding: Melebihi Batas Kecepatan Flyover,Kendaraan melaju kencang di turunan flyover MBK melebihi ambang batas keselamatan 60 km/jam.
INC_MBK_1789825394_034,1789825394.946,2026-09-19 20:43:14.946,190,CCTV Flyover Mall Boemi Kedaton,KECEPATAN_TINGGI,WARNING,8064,Golongan I,72.6,Turunan Flyover MBK Arah Mall,Overspeeding: Melebihi Batas Kecepatan Flyover,Kendaraan melaju kencang di turunan flyover MBK melebihi ambang batas keselamatan 60 km/jam.
INC_MBK_1789825421_018,1789825421.060,2026-09-19 20:43:41.060,190,CCTV Flyover Mall Boemi Kedaton,PELANGGARAN_HELM,WARNING,8097,Golongan VI-B,45.4,Bentang Atas Flyover MBK,ETLE: Pengendara Motor Tanpa Helm di Flyover MBK,Pengendara melintasi bentang layang MBK tanpa mengenakan helm SNI berstandar keselamatan.
ALT-0001,1789825853.194,2026-09-19 20:50:53.194,312,Underpass Unila Arah Rajabasa,LAWAN_ARAH,CRITICAL,1,Golongan I,10.1,Underpass Unila Arah Rajabasa,BAHAYA: Kendaraan Lawan Arah! (Sedan/Jip/Pick-up #1),Sedan/Jip/Pick-up #1 melaju ke atas melawan arus lajur masuk underpass.
ALT-0002,1789825857.999,2026-09-19 20:50:57.999,312,Underpass Unila Arah Rajabasa,LAWAN_ARAH,CRITICAL,5,Golongan I,0.0,Underpass Unila Arah Rajabasa,BAHAYA: Kendaraan Lawan Arah! (Sedan/Jip/Pick-up #5),Sedan/Jip/Pick-up #5 melaju ke atas melawan arus lajur masuk underpass.
ALT-0003,1789825863.823,2026-09-19 20:51:03.822,312,Underpass Unila Arah Rajabasa,PELANGGARAN_HELM,WARNING,5006,Golongan VI-B,0.0,Underpass Unila Arah Rajabasa,ETLE: Pengendara Motor Tanpa Helm (#5006),Sepeda motor #5006 terdeteksi melanggar aturan lalu lintas (tidak mengenakan helm keselamatan SNI).
ALT-0004,1789825871.37,2026-09-19 20:51:11.369,312,Underpass Unila Arah Rajabasa,LAWAN_ARAH,CRITICAL,27,Golongan I,15.2,Underpass Unila Arah Rajabasa,BAHAYA: Kendaraan Lawan Arah! (Sedan/Jip/Pick-up #27),Sedan/Jip/Pick-up #27 melaju ke atas melawan arus lajur masuk underpass.
INC_MBK_1789825987_008,1789825987.731,2026-09-19 20:53:07.730,190,CCTV Flyover Mall Boemi Kedaton,MOTOR_JATUH,CRITICAL,8293,Golongan VI-A,8.4,Sambungan Siar Muai Puncak Flyover,Insiden: Sepeda Motor Tergelincir di Siar Muai Flyover,Pengendara sepeda motor tergelincir akibat permukaan licin pada sambungan dilatasi jembatan layang MBK.
INC_MBK_1789826047_002,1789826047.366,2026-09-19 20:54:07.366,190,CCTV Flyover Mall Boemi Kedaton,KECEPATAN_TINGGI,WARNING,8756,Golongan I,70.2,Turunan Flyover MBK Arah Mall,Overspeeding: Melebihi Batas Kecepatan Flyover,Kendaraan melaju kencang di turunan flyover MBK melebihi ambang batas keselamatan 60 km/jam.
INC_MBK_1789826073_021,1789826073.866,2026-09-19 20:54:33.866,190,CCTV Flyover Mall Boemi Kedaton,MOTOR_JATUH,CRITICAL,8478,Golongan VI-A,6.7,Sambungan Siar Muai Puncak Flyover,Insiden: Sepeda Motor Tergelincir di Siar Muai Flyover,Pengendara sepeda motor tergelincir akibat permukaan licin pada sambungan dilatasi jembatan layang MBK.
INC_MBK_1789826081_027,1789826081.877,2026-09-19 20:54:41.876,190,CCTV Flyover Mall Boemi Kedaton,MOTOR_JATUH,CRITICAL,8611,Golongan VI-A,8.4,Sambungan Siar Muai Puncak Flyover,Insiden: Sepeda Motor Tergelincir di Siar Muai Flyover,Pengendara sepeda motor tergelincir akibat permukaan licin pada sambungan dilatasi jembatan layang MBK.
ALT-0001,1789826812.936,2026-09-19 21:06:52.935,282,LIVE - PEREMPATAN JENDRAL SUDIRMAN,PELANGGARAN_HELM,WARNING,2,Golongan VI-B,0.0,LIVE - PEREMPATAN JENDRAL SUDIRMAN,ETLE: Pengendara Motor Tanpa Helm (#2),Sepeda motor #2 terdeteksi melanggar aturan lalu lintas (tidak mengenakan helm keselamatan SNI).
ALT-0002,1789826816.117,2026-09-19 21:06:56.117,282,LIVE - PEREMPATAN JENDRAL SUDIRMAN,KENDARAAN_BERHENTI,WARNING,2,Golongan VI-A,0.0,LIVE - PEREMPATAN JENDRAL SUDIRMAN,Kendaraan Berhenti di Underpass (Sepeda Motor (Taat Helm) #2),Sepeda Motor (Taat Helm) #2 terhenti di jalur underpass selama 3.2 detik.
ALT-0003,1789826821.166,2026-09-19 21:07:01.166,282,LIVE - PEREMPATAN JENDRAL SUDIRMAN,PELANGGARAN_HELM,WARNING,32,Golongan VI-B,0.0,LIVE - PEREMPATAN JENDRAL SUDIRMAN,ETLE: Pengendara Motor Tanpa Helm (#32),Sepeda motor #32 terdeteksi melanggar aturan lalu lintas (tidak mengenakan helm keselamatan SNI).
INC_MBK_1789826825_031,1789826825.622,2026-09-19 21:07:05.621,190,CCTV Flyover Mall Boemi Kedaton,PENGEREMAN_MENDADAK,WARNING,8761,Golongan I,12.6,Mulut Turunan Flyover Samping Mall,Pengereman Mendadak di Zona Bottleneck Mall,Penurunan kecepatan drastis akibat penyempitan arus lalu lintas di mulut turunan flyover samping MBK.
ALT-0004,1789826826.044,2026-09-19 21:07:06.043,282,LIVE - PEREMPATAN JENDRAL SUDIRMAN,KENDARAAN_BERHENTI,WARNING,40,Golongan VI-A,0.4,LIVE - PEREMPATAN JENDRAL SUDIRMAN,Kendaraan Berhenti di Underpass (Sepeda Motor (Taat Helm) #40),Sepeda Motor (Taat Helm) #40 terhenti di jalur underpass selama 3.1 detik.
ALT-0005,1789826828.963,2026-09-19 21:07:08.963,282,LIVE - PEREMPATAN JENDRAL SUDIRMAN,PELANGGARAN_HELM,WARNING,54,Golongan VI-B,0.0,LIVE - PEREMPATAN JENDRAL SUDIRMAN,ETLE: Pengendara Motor Tanpa Helm (#54),Sepeda motor #54 terdeteksi melanggar aturan lalu lintas (tidak mengenakan helm keselamatan SNI).
ALT-0006,1789826837.797,2026-09-19 21:07:17.796,282,LIVE - PEREMPATAN JENDRAL SUDIRMAN,PELANGGARAN_HELM,WARNING,151,Golongan VI-B,0.0,LIVE - PEREMPATAN JENDRAL SUDIRMAN,ETLE: Pengendara Motor Tanpa Helm (#151),Sepeda motor #151 terdeteksi melanggar aturan lalu lintas (tidak mengenakan helm keselamatan SNI).
ALT-0007,1789826840.661,2026-09-19 21:07:20.661,282,LIVE - PEREMPATAN JENDRAL SUDIRMAN,KENDARAAN_BERHENTI,WARNING,143,Golongan I,3.5,LIVE - PEREMPATAN JENDRAL SUDIRMAN,Kendaraan Berhenti di Underpass (Sedan/Jip/Pick-up #143),Sedan/Jip/Pick-up #143 terhenti di jalur underpass selama 3.0 detik.
ALT-0008,1789826840.661,2026-09-19 21:07:20.661,282,LIVE - PEREMPATAN JENDRAL SUDIRMAN,KENDARAAN_BERHENTI,WARNING,148,Golongan I,0.0,LIVE - PEREMPATAN JENDRAL SUDIRMAN,Kendaraan Berhenti di Underpass (Sedan/Jip/Pick-up #148),Sedan/Jip/Pick-up #148 terhenti di jalur underpass selama 3.2 detik.
ALT-0009,1789826840.661,2026-09-19 21:07:20.661,282,LIVE - PEREMPATAN JENDRAL SUDIRMAN,PELANGGARAN_HELM,WARNING,178,Golongan VI-B,0.0,LIVE - PEREMPATAN JENDRAL SUDIRMAN,ETLE: Pengendara Motor Tanpa Helm (#178),Sepeda motor #178 terdeteksi melanggar aturan lalu lintas (tidak mengenakan helm keselamatan SNI).
ALT-0010,1789826840.829,2026-09-19 21:07:20.829,282,LIVE - PEREMPATAN JENDRAL SUDIRMAN,KENDARAAN_BERHENTI,WARNING,142,Golongan I,1.2,LIVE - PEREMPATAN JENDRAL SUDIRMAN,Kendaraan Berhenti di Underpass (Sedan/Jip/Pick-up #142),Sedan/Jip/Pick-up #142 terhenti di jalur underpass selama 3.0 detik.
ALT-0011,1789826843.503,2026-09-19 21:07:23.502,282,LIVE - PEREMPATAN JENDRAL SUDIRMAN,PELANGGARAN_HELM,WARNING,209,Golongan VI-B,0.0,LIVE - PEREMPATAN JENDRAL SUDIRMAN,ETLE: Pengendara Motor Tanpa Helm (#209),Sepeda motor #209 terdeteksi melanggar aturan lalu lintas (tidak mengenakan helm keselamatan SNI).
ALT-0012,1789826844.034,2026-09-19 21:07:24.034,282,LIVE - PEREMPATAN JENDRAL SUDIRMAN,PELANGGARAN_HELM,WARNING,185,Golongan VI-B,4.1,LIVE - PEREMPATAN JENDRAL SUDIRMAN,ETLE: Pengendara Motor Tanpa Helm (#185),Sepeda motor #185 terdeteksi melanggar aturan lalu lintas (tidak mengenakan helm keselamatan SNI).
ALT-0013,1789826844.437,2026-09-19 21:07:24.437,282,LIVE - PEREMPATAN JENDRAL SUDIRMAN,PELANGGARAN_HELM,WARNING,189,Golongan VI-B,0.0,LIVE - PEREMPATAN JENDRAL SUDIRMAN,ETLE: Pengendara Motor Tanpa Helm (#189),Sepeda motor #189 terdeteksi melanggar aturan lalu lintas (tidak mengenakan helm keselamatan SNI).
ALT-0014,1789826845.426,2026-09-19 21:07:25.425,282,LIVE - PEREMPATAN JENDRAL SUDIRMAN,KENDARAAN_BERHENTI,WARNING,195,Golongan VI-A,0.7,LIVE - PEREMPATAN JENDRAL SUDIRMAN,Kendaraan Berhenti di Underpass (Sepeda Motor (Taat Helm) #195),Sepeda Motor (Taat Helm) #195 terhenti di jalur underpass selama 3.1 detik.
ALT-0015,1789826846.108,2026-09-19 21:07:26.108,282,LIVE - PEREMPATAN JENDRAL SUDIRMAN,PELANGGARAN_HELM,WARNING,233,Golongan VI-B,0.0,LIVE - PEREMPATAN JENDRAL SUDIRMAN,ETLE: Pengendara Motor Tanpa Helm (#233),Sepeda motor #233 terdeteksi melanggar aturan lalu lintas (tidak mengenakan helm keselamatan SNI).
ALT-0016,1789826847.932,2026-09-19 21:07:27.931,282,LIVE - PEREMPATAN JENDRAL SUDIRMAN,KENDARAAN_BERHENTI,WARNING,221,Golongan VI-A,1.8,LIVE - PEREMPATAN JENDRAL SUDIRMAN,Kendaraan Berhenti di Underpass (Sepeda Motor (Taat Helm) #221),Sepeda Motor (Taat Helm) #221 terhenti di jalur underpass selama 3.2 detik.
ALT-0017,1789826848.302,2026-09-19 21:07:28.301,282,LIVE - PEREMPATAN JENDRAL SUDIRMAN,PELANGGARAN_HELM,WARNING,252,Golongan VI-B,0.0,LIVE - PEREMPATAN JENDRAL SUDIRMAN,ETLE: Pengendara Motor Tanpa Helm (#252),Sepeda motor #252 terdeteksi melanggar aturan lalu lintas (tidak mengenakan helm keselamatan SNI).
ALT-0018,1789826849.01,2026-09-19 21:07:29.009,282,LIVE - PEREMPATAN JENDRAL SUDIRMAN,PELANGGARAN_HELM,WARNING,258,Golongan VI-B,0.0,LIVE - PEREMPATAN JENDRAL SUDIRMAN,ETLE: Pengendara Motor Tanpa Helm (#258),Sepeda motor #258 terdeteksi melanggar aturan lalu lintas (tidak mengenakan helm keselamatan SNI).
ALT-0019,1789826851.057,2026-09-19 21:07:31.056,282,LIVE - PEREMPATAN JENDRAL SUDIRMAN,PELANGGARAN_HELM,WARNING,285,Golongan VI-B,0.0,LIVE - PEREMPATAN JENDRAL SUDIRMAN,ETLE: Pengendara Motor Tanpa Helm (#285),Sepeda motor #285 terdeteksi melanggar aturan lalu lintas (tidak mengenakan helm keselamatan SNI).
ALT-0020,1789826851.413,2026-09-19 21:07:31.413,282,LIVE - PEREMPATAN JENDRAL SUDIRMAN,KENDARAAN_BERHENTI,WARNING,252,Golongan VI-B,0.0,LIVE - PEREMPATAN JENDRAL SUDIRMAN,Kendaraan Berhenti di Underpass (Sepeda Motor (Tanpa Helm) #252),Sepeda Motor (Tanpa Helm) #252 terhenti di jalur underpass selama 3.1 detik.
ALT-0001,1789826866.224,2026-09-19 21:07:46.223,282,LIVE - PEREMPATAN JENDRAL SUDIRMAN,KENDARAAN_BERHENTI,WARNING,1,Golongan I,0.0,LIVE - PEREMPATAN JENDRAL SUDIRMAN,Kendaraan Berhenti di Underpass (Sedan/Jip/Pick-up #1),Sedan/Jip/Pick-up #1 terhenti di jalur underpass selama 3.1 detik.
INC_MBK_1789827192_038,1789827192.998,2026-09-19 21:13:12.998,190,CCTV Flyover Mall Boemi Kedaton,PELANGGARAN_HELM,WARNING,8654,Golongan VI-B,41.1,Bentang Atas Flyover MBK,ETLE: Pengendara Motor Tanpa Helm di Flyover MBK,Pengendara melintasi bentang layang MBK tanpa mengenakan helm SNI berstandar keselamatan.
INC_MBK_1789827450_039,1789827450.328,2026-09-19 21:17:30.328,190,CCTV Flyover Mall Boemi Kedaton,KECEPATAN_TINGGI,WARNING,8914,Golongan I,69.9,Turunan Flyover MBK Arah Mall,Overspeeding: Melebihi Batas Kecepatan Flyover,Kendaraan melaju kencang di turunan flyover MBK melebihi ambang batas keselamatan 60 km/jam.
INC_MBK_1789827508_020,1789827508.906,2026-09-19 21:18:28.906,190,CCTV Flyover Mall Boemi Kedaton,PENGEREMAN_MENDADAK,WARNING,8705,Golongan I,15.2,Mulut Turunan Flyover Samping Mall,Pengereman Mendadak di Zona Bottleneck Mall,Penurunan kecepatan drastis akibat penyempitan arus lalu lintas di mulut turunan flyover samping MBK.
INC_MBK_1789827547_033,1789827547.148,2026-09-19 21:19:07.147,190,CCTV Flyover Mall Boemi Kedaton,PENGEREMAN_MENDADAK,WARNING,8450,Golongan I,12.7,Mulut Turunan Flyover Samping Mall,Pengereman Mendadak di Zona Bottleneck Mall,Penurunan kecepatan drastis akibat penyempitan arus lalu lintas di mulut turunan flyover samping MBK.
INC_MBK_1789827547_030,1789827547.616,2026-09-19 21:19:07.615,190,CCTV Flyover Mall Boemi Kedaton,KECEPATAN_TINGGI,WARNING,8812,Golongan I,74.4,Turunan Flyover MBK Arah Mall,Overspeeding: Melebihi Batas Kecepatan Flyover,Kendaraan melaju kencang di turunan flyover MBK melebihi ambang batas keselamatan 60 km/jam.
INC_MBK_1789827734_004,1789827734.518,2026-09-19 21:22:14.518,190,CCTV Flyover Mall Boemi Kedaton,PELANGGARAN_HELM,WARNING,8720,Golongan VI-B,45.2,Bentang Atas Flyover MBK,ETLE: Pengendara Motor Tanpa Helm di Flyover MBK,Pengendara melintasi bentang layang MBK tanpa mengenakan helm SNI berstandar keselamatan.
INC_MBK_1789827984_025,1789827984.728,2026-09-19 21:26:24.727,190,CCTV Flyover Mall Boemi Kedaton,KENDARAAN_MOGOK,CRITICAL,8938,Golongan I,0.0,Puncak Elevasi Flyover MBK,Bahaya: Kendaraan Mogok di Puncak Jembatan Layang,Satu unit kendaraan terhenti statis lebih dari 15 detik di lajur utama jembatan layang memicu potensi tabrakan beruntun.
INC_MBK_1789828243_005,1789828243.797,2026-09-19 21:30:43.797,190,CCTV Flyover Mall Boemi Kedaton,PENGEREMAN_MENDADAK,WARNING,8131,Golongan I,15.1,Mulut Turunan Flyover Samping Mall,Pengereman Mendadak di Zona Bottleneck Mall,Penurunan kecepatan drastis akibat penyempitan arus lalu lintas di mulut turunan flyover samping MBK.
INC_MBK_1789828668_036,1789828668.279,2026-09-19 21:37:48.279,190,CCTV Flyover Mall Boemi Kedaton,KENDARAAN_MOGOK,CRITICAL,8434,Golongan I,0.0,Puncak Elevasi Flyover MBK,Bahaya: Kendaraan Mogok di Puncak Jembatan Layang,Satu unit kendaraan terhenti statis lebih dari 15 detik di lajur utama jembatan layang memicu potensi tabrakan beruntun.
INC_MBK_1789828714_023,1789828714.725,2026-09-19 21:38:34.725,190,CCTV Flyover Mall Boemi Kedaton,PENGEREMAN_MENDADAK,WARNING,8617,Golongan I,17.3,Mulut Turunan Flyover Samping Mall,Pengereman Mendadak di Zona Bottleneck Mall,Penurunan kecepatan drastis akibat penyempitan arus lalu lintas di mulut turunan flyover samping MBK.
INC_MBK_1789828818_009,1789828818.022,2026-09-19 21:40:18.022,190,CCTV Flyover Mall Boemi Kedaton,PENGEREMAN_MENDADAK,WARNING,8167,Golongan I,15.5,Mulut Turunan Flyover Samping Mall,Pengereman Mendadak di Zona Bottleneck Mall,Penurunan kecepatan drastis akibat penyempitan arus lalu lintas di mulut turunan flyover samping MBK.
INC_MBK_1789829360_040,1789829360.164,2026-09-19 21:49:20.164,190,CCTV Flyover Mall Boemi Kedaton,KENDARAAN_MOGOK,CRITICAL,8541,Golongan I,0.0,Puncak Elevasi Flyover MBK,Bahaya: Kendaraan Mogok di Puncak Jembatan Layang,Satu unit kendaraan terhenti statis lebih dari 15 detik di lajur utama jembatan layang memicu potensi tabrakan beruntun.
INC_MBK_1789829597_007,1789829597.055,2026-09-19 21:53:17.055,190,CCTV Flyover Mall Boemi Kedaton,KECEPATAN_TINGGI,WARNING,8397,Golongan I,71.1,Turunan Flyover MBK Arah Mall,Overspeeding: Melebihi Batas Kecepatan Flyover,Kendaraan melaju kencang di turunan flyover MBK melebihi ambang batas keselamatan 60 km/jam.
INC_MBK_1789830104_026,1789830104.879,2026-09-19 22:01:44.879,190,CCTV Flyover Mall Boemi Kedaton,PELANGGARAN_HELM,WARNING,8590,Golongan VI-B,44.6,Bentang Atas Flyover MBK,ETLE: Pengendara Motor Tanpa Helm di Flyover MBK,Pengendara melintasi bentang layang MBK tanpa mengenakan helm SNI berstandar keselamatan.
INC_MBK_1789830171_017,1789830171.988,2026-09-19 22:02:51.987,190,CCTV Flyover Mall Boemi Kedaton,KENDARAAN_MOGOK,CRITICAL,8800,Golongan I,0.0,Puncak Elevasi Flyover MBK,Bahaya: Kendaraan Mogok di Puncak Jembatan Layang,Satu unit kendaraan terhenti statis lebih dari 15 detik di lajur utama jembatan layang memicu potensi tabrakan beruntun.
INC_MBK_1789830281_019,1789830281.409,2026-09-19 22:04:41.408,190,CCTV Flyover Mall Boemi Kedaton,KENDARAAN_MOGOK,CRITICAL,8816,Golongan I,0.0,Puncak Elevasi Flyover MBK,Bahaya: Kendaraan Mogok di Puncak Jembatan Layang,Satu unit kendaraan terhenti statis lebih dari 15 detik di lajur utama jembatan layang memicu potensi tabrakan beruntun.
INC_MBK_1789830296_011,1789830296.689,2026-09-19 22:04:56.688,190,CCTV Flyover Mall Boemi Kedaton,KECEPATAN_TINGGI,WARNING,8133,Golongan I,72.1,Turunan Flyover MBK Arah Mall,Overspeeding: Melebihi Batas Kecepatan Flyover,Kendaraan melaju kencang di turunan flyover MBK melebihi ambang batas keselamatan 60 km/jam.
INC_MBK_1789830430_001,1789830430.920,2026-09-19 22:07:10.920,190,CCTV Flyover Mall Boemi Kedaton,PELANGGARAN_HELM,WARNING,8633,Golongan VI-B,45.7,Bentang Atas Flyover MBK,ETLE: Pengendara Motor Tanpa Helm di Flyover MBK,Pengendara melintasi bentang layang MBK tanpa mengenakan helm SNI berstandar keselamatan.
INC_MBK_1789830454_037,1789830454.379,2026-09-19 22:07:34.379,190,CCTV Flyover Mall Boemi Kedaton,PELANGGARAN_HELM,WARNING,8828,Golongan VI-B,42.6,Bentang Atas Flyover MBK,ETLE: Pengendara Motor Tanpa Helm di Flyover MBK,Pengendara melintasi bentang layang MBK tanpa mengenakan helm SNI berstandar keselamatan.
INC_MBK_1789830685_032,1789830685.350,2026-09-19 22:11:25.349,190,CCTV Flyover Mall Boemi Kedaton,PELANGGARAN_HELM,WARNING,8757,Golongan VI-B,45.7,Bentang Atas Flyover MBK,ETLE: Pengendara Motor Tanpa Helm di Flyover MBK,Pengendara melintasi bentang layang MBK tanpa mengenakan helm SNI berstandar keselamatan.
INC_MBK_1789830763_022,1789830763.667,2026-09-19 22:12:43.666,190,CCTV Flyover Mall Boemi Kedaton,KECEPATAN_TINGGI,WARNING,8106,Golongan I,74.5,Turunan Flyover MBK Arah Mall,Overspeeding: Melebihi Batas Kecepatan Flyover,Kendaraan melaju kencang di turunan flyover MBK melebihi ambang batas keselamatan 60 km/jam.
INC_MBK_1789830871_029,1789830871.893,2026-09-19 22:14:31.892,190,CCTV Flyover Mall Boemi Kedaton,MOTOR_JATUH,CRITICAL,8269,Golongan VI-A,9.0,Sambungan Siar Muai Puncak Flyover,Insiden: Sepeda Motor Tergelincir di Siar Muai Flyover,Pengendara sepeda motor tergelincir akibat permukaan licin pada sambungan dilatasi jembatan layang MBK.
INC_MBK_1789830907_006,1789830907.430,2026-09-19 22:15:07.430,190,CCTV Flyover Mall Boemi Kedaton,MOTOR_JATUH,CRITICAL,8699,Golongan VI-A,4.6,Sambungan Siar Muai Puncak Flyover,Insiden: Sepeda Motor Tergelincir di Siar Muai Flyover,Pengendara sepeda motor tergelincir akibat permukaan licin pada sambungan dilatasi jembatan layang MBK.
INC_MBK_1789830977_024,1789830977.151,2026-09-19 22:16:17.151,190,CCTV Flyover Mall Boemi Kedaton,KENDARAAN_MOGOK,CRITICAL,8195,Golongan I,0.0,Puncak Elevasi Flyover MBK,Bahaya: Kendaraan Mogok di Puncak Jembatan Layang,Satu unit kendaraan terhenti statis lebih dari 15 detik di lajur utama jembatan layang memicu potensi tabrakan beruntun.
INC_MBK_1789830997_014,1789830997.360,2026-09-19 22:16:37.360,190,CCTV Flyover Mall Boemi Kedaton,PELANGGARAN_HELM,WARNING,8172,Golongan VI-B,45.8,Bentang Atas Flyover MBK,ETLE: Pengendara Motor Tanpa Helm di Flyover MBK,Pengendara melintasi bentang layang MBK tanpa mengenakan helm SNI berstandar keselamatan.
INC_MBK_1789831403_010,1789831403.797,2026-09-19 22:23:23.796,190,CCTV Flyover Mall Boemi Kedaton,KENDARAAN_MOGOK,CRITICAL,8196,Golongan I,0.0,Puncak Elevasi Flyover MBK,Bahaya: Kendaraan Mogok di Puncak Jembatan Layang,Satu unit kendaraan terhenti statis lebih dari 15 detik di lajur utama jembatan layang memicu potensi tabrakan beruntun.
INC_MBK_1789831597_013,1789831597.189,2026-09-19 22:26:37.189,190,CCTV Flyover Mall Boemi Kedaton,MOTOR_JATUH,CRITICAL,8483,Golongan VI-A,7.0,Sambungan Siar Muai Puncak Flyover,Insiden: Sepeda Motor Tergelincir di Siar Muai Flyover,Pengendara sepeda motor tergelincir akibat permukaan licin pada sambungan dilatasi jembatan layang MBK.
INC_MBK_1789831640_028,1789831640.042,2026-09-19 22:27:20.041,190,CCTV Flyover Mall Boemi Kedaton,KENDARAAN_MOGOK,CRITICAL,8444,Golongan I,0.0,Puncak Elevasi Flyover MBK,Bahaya: Kendaraan Mogok di Puncak Jembatan Layang,Satu unit kendaraan terhenti statis lebih dari 15 detik di lajur utama jembatan layang memicu potensi tabrakan beruntun.
ALT-0001,1789831722.449,2026-09-19 22:28:42.448,282,LIVE - PEREMPATAN JENDRAL SUDIRMAN,KENDARAAN_BERHENTI,WARNING,1,Golongan VI-A,0.4,LIVE - PEREMPATAN JENDRAL SUDIRMAN,Kendaraan Berhenti di Underpass (Sepeda Motor (Taat Helm) #1),Sepeda Motor (Taat Helm) #1 terhenti di jalur underpass selama 3.0 detik.
INC_MBK_1789831911_012,1789831911.327,2026-09-19 22:31:51.327,190,CCTV Flyover Mall Boemi Kedaton,KENDARAAN_MOGOK,CRITICAL,8582,Golongan I,0.0,Puncak Elevasi Flyover MBK,Bahaya: Kendaraan Mogok di Puncak Jembatan Layang,Satu unit kendaraan terhenti statis lebih dari 15 detik di lajur utama jembatan layang memicu potensi tabrakan beruntun.
ALT-0001,1789832431.685,2026-09-19 22:40:31.685,282,CCTV Perempatan Jendral Sudirman,PELANGGARAN_HELM,WARNING,1,Golongan VI-B,0.0,CCTV Perempatan Jendral Sudirman,ETLE: Pengendara Motor Tanpa Helm (#1),Sepeda motor #1 terdeteksi melanggar aturan lalu lintas (tidak mengenakan helm keselamatan SNI).
ALT-0002,1789832431.685,2026-09-19 22:40:31.685,282,CCTV Perempatan Jendral Sudirman,PELANGGARAN_HELM,WARNING,2,Golongan VI-B,0.0,CCTV Perempatan Jendral Sudirman,ETLE: Pengendara Motor Tanpa Helm (#2),Sepeda motor #2 terdeteksi melanggar aturan lalu lintas (tidak mengenakan helm keselamatan SNI).
ALT-0003,1789832431.685,2026-09-19 22:40:31.685,282,CCTV Perempatan Jendral Sudirman,PELANGGARAN_HELM,WARNING,4,Golongan VI-B,0.0,CCTV Perempatan Jendral Sudirman,ETLE: Pengendara Motor Tanpa Helm (#4),Sepeda motor #4 terdeteksi melanggar aturan lalu lintas (tidak mengenakan helm keselamatan SNI).
ALT-0004,1789832431.685,2026-09-19 22:40:31.685,282,CCTV Perempatan Jendral Sudirman,PELANGGARAN_HELM,WARNING,8,Golongan VI-B,0.0,CCTV Perempatan Jendral Sudirman,ETLE: Pengendara Motor Tanpa Helm (#8),Sepeda motor #8 terdeteksi melanggar aturan lalu lintas (tidak mengenakan helm keselamatan SNI).
ALT-0005,1789832431.685,2026-09-19 22:40:31.685,282,CCTV Perempatan Jendral Sudirman,PELANGGARAN_HELM,WARNING,13,Golongan VI-B,0.0,CCTV Perempatan Jendral Sudirman,ETLE: Pengendara Motor Tanpa Helm (#13),Sepeda motor #13 terdeteksi melanggar aturan lalu lintas (tidak mengenakan helm keselamatan SNI).
ALT-0006,1789832434.104,2026-09-19 22:40:34.103,282,CCTV Perempatan Jendral Sudirman,PELANGGARAN_HELM,WARNING,5,Golongan VI-B,4.4,CCTV Perempatan Jendral Sudirman,ETLE: Pengendara Motor Tanpa Helm (#5),Sepeda motor #5 terdeteksi melanggar aturan lalu lintas (tidak mengenakan helm keselamatan SNI).
ALT-0007,1789832434.754,2026-09-19 22:40:34.753,282,CCTV Perempatan Jendral Sudirman,KENDARAAN_BERHENTI,WARNING,1,Golongan VI-B,1.8,CCTV Perempatan Jendral Sudirman,Kendaraan Berhenti di Underpass (Sepeda Motor (Tanpa Helm) #1),Sepeda Motor (Tanpa Helm) #1 terhenti di jalur underpass selama 3.1 detik.
ALT-0008,1789832434.754,2026-09-19 22:40:34.753,282,CCTV Perempatan Jendral Sudirman,KENDARAAN_BERHENTI,WARNING,8,Golongan VI-B,1.5,CCTV Perempatan Jendral Sudirman,Kendaraan Berhenti di Underpass (Sepeda Motor (Tanpa Helm) #8),Sepeda Motor (Tanpa Helm) #8 terhenti di jalur underpass selama 3.1 detik.
ALT-0009,1789832434.754,2026-09-19 22:40:34.753,282,CCTV Perempatan Jendral Sudirman,KENDARAAN_BERHENTI,WARNING,9,Golongan VI-A,0.8,CCTV Perempatan Jendral Sudirman,Kendaraan Berhenti di Underpass (Sepeda Motor (Taat Helm) #9),Sepeda Motor (Taat Helm) #9 terhenti di jalur underpass selama 3.1 detik.
ALT-0010,1789832435.857,2026-09-19 22:40:35.857,282,CCTV Perempatan Jendral Sudirman,PELANGGARAN_HELM,WARNING,97,Golongan VI-B,0.0,CCTV Perempatan Jendral Sudirman,ETLE: Pengendara Motor Tanpa Helm (#97),Sepeda motor #97 terdeteksi melanggar aturan lalu lintas (tidak mengenakan helm keselamatan SNI).
ALT-0011,1789832436.105,2026-09-19 22:40:36.104,282,CCTV Perempatan Jendral Sudirman,PELANGGARAN_HELM,WARNING,101,Golongan VI-B,0.0,CCTV Perempatan Jendral Sudirman,ETLE: Pengendara Motor Tanpa Helm (#101),Sepeda motor #101 terdeteksi melanggar aturan lalu lintas (tidak mengenakan helm keselamatan SNI).
ALT-0012,1789832438.024,2026-09-19 22:40:38.023,282,CCTV Perempatan Jendral Sudirman,KENDARAAN_BERHENTI,WARNING,75,Golongan I,0.1,CCTV Perempatan Jendral Sudirman,Kendaraan Berhenti di Underpass (Sedan/Jip/Pick-up #75),Sedan/Jip/Pick-up #75 terhenti di jalur underpass selama 3.0 detik.
ALT-0013,1789832438.024,2026-09-19 22:40:38.023,282,CCTV Perempatan Jendral Sudirman,PELANGGARAN_HELM,WARNING,167,Golongan VI-B,0.0,CCTV Perempatan Jendral Sudirman,ETLE: Pengendara Motor Tanpa Helm (#167),Sepeda motor #167 terdeteksi melanggar aturan lalu lintas (tidak mengenakan helm keselamatan SNI).
ALT-0014,1789832438.473,2026-09-19 22:40:38.473,282,CCTV Perempatan Jendral Sudirman,KENDARAAN_BERHENTI,WARNING,3,Golongan VI-A,0.0,CCTV Perempatan Jendral Sudirman,Kendaraan Berhenti di Underpass (Sepeda Motor (Taat Helm) #3),Sepeda Motor (Taat Helm) #3 terhenti di jalur underpass selama 6.8 detik.
ALT-0015,1789832441.071,2026-09-19 22:40:41.071,282,CCTV Perempatan Jendral Sudirman,KENDARAAN_BERHENTI,WARNING,167,Golongan VI-A,0.0,CCTV Perempatan Jendral Sudirman,Kendaraan Berhenti di Underpass (Sepeda Motor (Taat Helm) #167),Sepeda Motor (Taat Helm) #167 terhenti di jalur underpass selama 3.0 detik.
ALT-0016,1789832442.238,2026-09-19 22:40:42.238,282,CCTV Perempatan Jendral Sudirman,PELANGGARAN_HELM,WARNING,269,Golongan VI-B,0.0,CCTV Perempatan Jendral Sudirman,ETLE: Pengendara Motor Tanpa Helm (#269),Sepeda motor #269 terdeteksi melanggar aturan lalu lintas (tidak mengenakan helm keselamatan SNI).
ALT-0017,1789832442.675,2026-09-19 22:40:42.675,282,CCTV Perempatan Jendral Sudirman,PELANGGARAN_HELM,WARNING,274,Golongan VI-B,0.0,CCTV Perempatan Jendral Sudirman,ETLE: Pengendara Motor Tanpa Helm (#274),Sepeda motor #274 terdeteksi melanggar aturan lalu lintas (tidak mengenakan helm keselamatan SNI).
ALT-0018,1789832445.426,2026-09-19 22:40:45.426,282,CCTV Perempatan Jendral Sudirman,KENDARAAN_BERHENTI,WARNING,269,Golongan VI-B,0.1,CCTV Perempatan Jendral Sudirman,Kendaraan Berhenti di Underpass (Sepeda Motor (Tanpa Helm) #269),Sepeda Motor (Tanpa Helm) #269 terhenti di jalur underpass selama 3.2 detik.
ALT-0019,1789832446.963,2026-09-19 22:40:46.962,282,CCTV Perempatan Jendral Sudirman,PELANGGARAN_HELM,WARNING,5004,Golongan VI-B;Golongan VI-B,0.0,CCTV Perempatan Jendral Sudirman,ETLE: Pengendara Motor Tanpa Helm (#5004),Sepeda motor #5004 terdeteksi melanggar aturan lalu lintas (tidak mengenakan helm keselamatan SNI).
ALT-0020,1789832446.963,2026-09-19 22:40:46.962,282,CCTV Perempatan Jendral Sudirman,PELANGGARAN_HELM,WARNING,5002,Golongan VI-A;Golongan VI-A;Golongan VI-B,0.0,CCTV Perempatan Jendral Sudirman,ETLE: Pengendara Motor Tanpa Helm (#5002),Sepeda motor #5002 terdeteksi melanggar aturan lalu lintas (tidak mengenakan helm keselamatan SNI).
ALT-0021,1789832446.963,2026-09-19 22:40:46.962,282,CCTV Perempatan Jendral Sudirman,PELANGGARAN_HELM,WARNING,5006,Golongan VI-B,0.0,CCTV Perempatan Jendral Sudirman,ETLE: Pengendara Motor Tanpa Helm (#5006),Sepeda motor #5006 terdeteksi melanggar aturan lalu lintas (tidak mengenakan helm keselamatan SNI).
ALT-0022,1789832447.335,2026-09-19 22:40:47.335,282,CCTV Perempatan Jendral Sudirman,PELANGGARAN_HELM,WARNING,335,Golongan VI-B,0.0,CCTV Perempatan Jendral Sudirman,ETLE: Pengendara Motor Tanpa Helm (#335),Sepeda motor #335 terdeteksi melanggar aturan lalu lintas (tidak mengenakan helm keselamatan SNI).
ALT-0023,1789832447.335,2026-09-19 22:40:47.335,282,CCTV Perempatan Jendral Sudirman,PELANGGARAN_HELM,WARNING,336,Golongan VI-B,0.0,CCTV Perempatan Jendral Sudirman,ETLE: Pengendara Motor Tanpa Helm (#336),Sepeda motor #336 terdeteksi melanggar aturan lalu lintas (tidak mengenakan helm keselamatan SNI).
ALT-0024,1789832447.335,2026-09-19 22:40:47.335,282,CCTV Perempatan Jendral Sudirman,PELANGGARAN_HELM,WARNING,337,Golongan VI-B,0.0,CCTV Perempatan Jendral Sudirman,ETLE: Pengendara Motor Tanpa Helm (#337),Sepeda motor #337 terdeteksi melanggar aturan lalu lintas (tidak mengenakan helm keselamatan SNI).
ALT-0025,1789832447.335,2026-09-19 22:40:47.335,282,CCTV Perempatan Jendral Sudirman,PELANGGARAN_HELM,WARNING,339,Golongan VI-B,0.0,CCTV Perempatan Jendral Sudirman,ETLE: Pengendara Motor Tanpa Helm (#339),Sepeda motor #339 terdeteksi melanggar aturan lalu lintas (tidak mengenakan helm keselamatan SNI).
ALT-0026,1789832447.335,2026-09-19 22:40:47.335,282,CCTV Perempatan Jendral Sudirman,PELANGGARAN_HELM,WARNING,342,Golongan VI-B,0.0,CCTV Perempatan Jendral Sudirman,ETLE: Pengendara Motor Tanpa Helm (#342),Sepeda motor #342 terdeteksi melanggar aturan lalu lintas (tidak mengenakan helm keselamatan SNI).
ALT-0027,1789832450.494,2026-09-19 22:40:50.493,282,CCTV Perempatan Jendral Sudirman,KENDARAAN_BERHENTI,WARNING,333,Golongan VI-A,0.1,CCTV Perempatan Jendral Sudirman,Kendaraan Berhenti di Underpass (Sepeda Motor (Taat Helm) #333),Sepeda Motor (Taat Helm) #333 terhenti di jalur underpass selama 3.2 detik.
ALT-0028,1789832450.494,2026-09-19 22:40:50.493,282,CCTV Perempatan Jendral Sudirman,KENDARAAN_BERHENTI,WARNING,334,Golongan VI-A,0.2,CCTV Perempatan Jendral Sudirman,Kendaraan Berhenti di Underpass (Sepeda Motor (Taat Helm) #334),Sepeda Motor (Taat Helm) #334 terhenti di jalur underpass selama 3.2 detik.
ALT-0029,1789832450.494,2026-09-19 22:40:50.493,282,CCTV Perempatan Jendral Sudirman,KENDARAAN_BERHENTI,WARNING,335,Golongan VI-B,0.1,CCTV Perempatan Jendral Sudirman,Kendaraan Berhenti di Underpass (Sepeda Motor (Tanpa Helm) #335),Sepeda Motor (Tanpa Helm) #335 terhenti di jalur underpass selama 3.2 detik.
ALT-0030,1789832450.494,2026-09-19 22:40:50.493,282,CCTV Perempatan Jendral Sudirman,KENDARAAN_BERHENTI,WARNING,336,Golongan VI-B,0.0,CCTV Perempatan Jendral Sudirman,Kendaraan Berhenti di Underpass (Sepeda Motor (Tanpa Helm) #336),Sepeda Motor (Tanpa Helm) #336 terhenti di jalur underpass selama 3.2 detik.
ALT-0031,1789832450.494,2026-09-19 22:40:50.493,282,CCTV Perempatan Jendral Sudirman,KENDARAAN_BERHENTI,WARNING,337,Golongan VI-B,0.3,CCTV Perempatan Jendral Sudirman,Kendaraan Berhenti di Underpass (Sepeda Motor (Tanpa Helm) #337),Sepeda Motor (Tanpa Helm) #337 terhenti di jalur underpass selama 3.2 detik.
ALT-0032,1789832450.494,2026-09-19 22:40:50.493,282,CCTV Perempatan Jendral Sudirman,KENDARAAN_BERHENTI,WARNING,342,Golongan VI-B,0.1,CCTV Perempatan Jendral Sudirman,Kendaraan Berhenti di Underpass (Sepeda Motor (Tanpa Helm) #342),Sepeda Motor (Tanpa Helm) #342 terhenti di jalur underpass selama 3.2 detik.
ALT-0033,1789832450.494,2026-09-19 22:40:50.493,282,CCTV Perempatan Jendral Sudirman,KENDARAAN_BERHENTI,WARNING,331,Golongan I,3.7,CCTV Perempatan Jendral Sudirman,Kendaraan Berhenti di Underpass (Sedan/Jip/Pick-up #331),Sedan/Jip/Pick-up #331 terhenti di jalur underpass selama 3.2 detik.
ALT-0034,1789832450.494,2026-09-19 22:40:50.493,282,CCTV Perempatan Jendral Sudirman,KENDARAAN_BERHENTI,WARNING,338,Golongan VI-A,0.1,CCTV Perempatan Jendral Sudirman,Kendaraan Berhenti di Underpass (Sepeda Motor (Taat Helm) #338),Sepeda Motor (Taat Helm) #338 terhenti di jalur underpass selama 3.2 detik.
ALT-0035,1789832451.279,2026-09-19 22:40:51.279,282,CCTV Perempatan Jendral Sudirman,PELANGGARAN_HELM,WARNING,359,Golongan VI-B,0.4,CCTV Perempatan Jendral Sudirman,ETLE: Pengendara Motor Tanpa Helm (#359),Sepeda motor #359 terdeteksi melanggar aturan lalu lintas (tidak mengenakan helm keselamatan SNI).
ALT-0036,1789832451.477,2026-09-19 22:40:51.476,282,CCTV Perempatan Jendral Sudirman,PELANGGARAN_HELM,WARNING,333,Golongan VI-B,0.1,CCTV Perempatan Jendral Sudirman,ETLE: Pengendara Motor Tanpa Helm (#333),Sepeda motor #333 terdeteksi melanggar aturan lalu lintas (tidak mengenakan helm keselamatan SNI).
ALT-0037,1789832451.676,2026-09-19 22:40:51.675,282,CCTV Perempatan Jendral Sudirman,PELANGGARAN_HELM,WARNING,376,Golongan VI-B,0.0,CCTV Perempatan Jendral Sudirman,ETLE: Pengendara Motor Tanpa Helm (#376),Sepeda motor #376 terdeteksi melanggar aturan lalu lintas (tidak mengenakan helm keselamatan SNI).
ALT-0038,1789832452.08,2026-09-19 22:40:52.080,282,CCTV Perempatan Jendral Sudirman,KENDARAAN_BERHENTI,WARNING,339,Golongan VI-B,0.0,CCTV Perempatan Jendral Sudirman,Kendaraan Berhenti di Underpass (Sepeda Motor (Tanpa Helm) #339),Sepeda Motor (Tanpa Helm) #339 terhenti di jalur underpass selama 4.7 detik.
ALT-0039,1789832453.007,2026-09-19 22:40:53.006,282,CCTV Perempatan Jendral Sudirman,KENDARAAN_BERHENTI,WARNING,359,Golongan VI-B,0.0,CCTV Perempatan Jendral Sudirman,Kendaraan Berhenti di Underpass (Sepeda Motor (Tanpa Helm) #359),Sepeda Motor (Tanpa Helm) #359 terhenti di jalur underpass selama 3.9 detik.
ALT-0040,1789832453.817,2026-09-19 22:40:53.817,282,CCTV Perempatan Jendral Sudirman,PELANGGARAN_HELM,WARNING,338,Golongan VI-B,0.3,CCTV Perempatan Jendral Sudirman,ETLE: Pengendara Motor Tanpa Helm (#338),Sepeda motor #338 terdeteksi melanggar aturan lalu lintas (tidak mengenakan helm keselamatan SNI).
ALT-0041,1789832454.666,2026-09-19 22:40:54.665,282,CCTV Perempatan Jendral Sudirman,KENDARAAN_BERHENTI,WARNING,362,Golongan VI-A,0.0,CCTV Perempatan Jendral Sudirman,Kendaraan Berhenti di Underpass (Sepeda Motor (Taat Helm) #362),Sepeda Motor (Taat Helm) #362 terhenti di jalur underpass selama 5.3 detik.
ALT-0042,1789832454.901,2026-09-19 22:40:54.900,282,CCTV Perempatan Jendral Sudirman,KENDARAAN_BERHENTI,WARNING,376,Golongan VI-B,0.2,CCTV Perempatan Jendral Sudirman,Kendaraan Berhenti di Underpass (Sepeda Motor (Tanpa Helm) #376),Sepeda Motor (Tanpa Helm) #376 terhenti di jalur underpass selama 3.2 detik.
ALT-0043,1789832455.215,2026-09-19 22:40:55.215,282,CCTV Perempatan Jendral Sudirman,PELANGGARAN_HELM,WARNING,437,Golongan VI-B,0.0,CCTV Perempatan Jendral Sudirman,ETLE: Pengendara Motor Tanpa Helm (#437),Sepeda motor #437 terdeteksi melanggar aturan lalu lintas (tidak mengenakan helm keselamatan SNI).
ALT-0044,1789832456.69,2026-09-19 22:40:56.689,282,CCTV Perempatan Jendral Sudirman,PELANGGARAN_HELM,WARNING,465,Golongan VI-B,0.0,CCTV Perempatan Jendral Sudirman,ETLE: Pengendara Motor Tanpa Helm (#465),Sepeda motor #465 terdeteksi melanggar aturan lalu lintas (tidak mengenakan helm keselamatan SNI).
ALT-0045,1789832459.798,2026-09-19 22:40:59.798,282,CCTV Perempatan Jendral Sudirman,KENDARAAN_BERHENTI,WARNING,433,Golongan I,0.0,CCTV Perempatan Jendral Sudirman,Kendaraan Berhenti di Underpass (Sedan/Jip/Pick-up #433),Sedan/Jip/Pick-up #433 terhenti di jalur underpass selama 4.9 detik.
ALT-0046,1789832462.166,2026-09-19 22:41:02.166,282,CCTV Perempatan Jendral Sudirman,KENDARAAN_BERHENTI,WARNING,491,Golongan VI-A,0.1,CCTV Perempatan Jendral Sudirman,Kendaraan Berhenti di Underpass (Sepeda Motor (Taat Helm) #491),Sepeda Motor (Taat Helm) #491 terhenti di jalur underpass selama 3.2 detik.
ALT-0047,1789832463.18,2026-09-19 22:41:03.179,282,CCTV Perempatan Jendral Sudirman,KENDARAAN_BERHENTI,WARNING,502,Golongan VI-A,0.4,CCTV Perempatan Jendral Sudirman,Kendaraan Berhenti di Underpass (Sepeda Motor (Taat Helm) #502),Sepeda Motor (Taat Helm) #502 terhenti di jalur underpass selama 3.2 detik.
ALT-0048,1789832468.538,2026-09-19 22:41:08.538,282,CCTV Perempatan Jendral Sudirman,KENDARAAN_BERHENTI,WARNING,524,Golongan VI-A,0.0,CCTV Perempatan Jendral Sudirman,Kendaraan Berhenti di Underpass (Sepeda Motor (Taat Helm) #524),Sepeda Motor (Taat Helm) #524 terhenti di jalur underpass selama 3.0 detik.
ALT-0049,1789832473.157,2026-09-19 22:41:13.156,282,CCTV Perempatan Jendral Sudirman,PELANGGARAN_HELM,WARNING,561,Golongan VI-B,0.0,CCTV Perempatan Jendral Sudirman,ETLE: Pengendara Motor Tanpa Helm (#561),Sepeda motor #561 terdeteksi melanggar aturan lalu lintas (tidak mengenakan helm keselamatan SNI).
ALT-0050,1789832476.246,2026-09-19 22:41:16.245,282,CCTV Perempatan Jendral Sudirman,KENDARAAN_BERHENTI,WARNING,555,Golongan I,0.0,CCTV Perempatan Jendral Sudirman,Kendaraan Berhenti di Underpass (Sedan/Jip/Pick-up #555),Sedan/Jip/Pick-up #555 terhenti di jalur underpass selama 3.3 detik.
ALT-0051,1789832482.939,2026-09-19 22:41:22.939,282,CCTV Perempatan Jendral Sudirman,KENDARAAN_BERHENTI,WARNING,577,Golongan I,0.0,CCTV Perempatan Jendral Sudirman,Kendaraan Berhenti di Underpass (Sedan/Jip/Pick-up #577),Sedan/Jip/Pick-up #577 terhenti di jalur underpass selama 3.2 detik.
ALT-0052,1789832497.355,2026-09-19 22:41:37.355,282,CCTV Perempatan Jendral Sudirman,KENDARAAN_BERHENTI,WARNING,660,Golongan VI-A,2.0,CCTV Perempatan Jendral Sudirman,Kendaraan Berhenti di Underpass (Sepeda Motor (Taat Helm) #660),Sepeda Motor (Taat Helm) #660 terhenti di jalur underpass selama 3.4 detik.
ALT-0053,1789832499.072,2026-09-19 22:41:39.072,282,CCTV Perempatan Jendral Sudirman,KENDARAAN_BERHENTI,WARNING,646,Golongan VI-A,1.9,CCTV Perempatan Jendral Sudirman,Kendaraan Berhenti di Underpass (Sepeda Motor (Taat Helm) #646),Sepeda Motor (Taat Helm) #646 terhenti di jalur underpass selama 3.4 detik.
ALT-0054,1789832519.354,2026-09-19 22:41:59.353,282,CCTV Perempatan Jendral Sudirman,PELANGGARAN_HELM,WARNING,491,Golongan VI-B,0.0,CCTV Perempatan Jendral Sudirman,ETLE: Pengendara Motor Tanpa Helm (#491),Sepeda motor #491 terdeteksi melanggar aturan lalu lintas (tidak mengenakan helm keselamatan SNI).
ALT-0001,1789832949.184,2026-09-19 22:49:09.183,190,CCTV Flyover Mall Boemi Kedaton,LAWAN_ARAH,CRITICAL,37,Golongan I,6.5,CCTV Flyover Mall Boemi Kedaton,BAHAYA: Kendaraan Lawan Arah! (Sedan/Jip/Pick-up #37),Sedan/Jip/Pick-up #37 melaju ke atas melawan arus lajur masuk underpass.
ALT-0002,1789832949.464,2026-09-19 22:49:09.463,190,CCTV Flyover Mall Boemi Kedaton,KENDARAAN_BERHENTI,WARNING,24,Golongan I,0.0,CCTV Flyover Mall Boemi Kedaton,Kendaraan Berhenti di Underpass (Sedan/Jip/Pick-up #24),Sedan/Jip/Pick-up #24 terhenti di jalur underpass selama 3.0 detik.
ALT-0003,1789832949.744,2026-09-19 22:49:09.743,190,CCTV Flyover Mall Boemi Kedaton,PELANGGARAN_HELM,WARNING,51,Golongan VI-B,0.0,CCTV Flyover Mall Boemi Kedaton,ETLE: Pengendara Motor Tanpa Helm (#51),Sepeda motor #51 terdeteksi melanggar aturan lalu lintas (tidak mengenakan helm keselamatan SNI).
ALT-0004,1789832952.016,2026-09-19 22:49:12.015,190,CCTV Flyover Mall Boemi Kedaton,LAWAN_ARAH,CRITICAL,44,Golongan I,4.5,CCTV Flyover Mall Boemi Kedaton,BAHAYA: Kendaraan Lawan Arah! (Sedan/Jip/Pick-up #44),Sedan/Jip/Pick-up #44 melaju ke atas melawan arus lajur masuk underpass.
ALT-0005,1789832952.416,2026-09-19 22:49:12.416,190,CCTV Flyover Mall Boemi Kedaton,LAWAN_ARAH,CRITICAL,62,Golongan I,3.9,CCTV Flyover Mall Boemi Kedaton,BAHAYA: Kendaraan Lawan Arah! (Sedan/Jip/Pick-up #62),Sedan/Jip/Pick-up #62 melaju ke atas melawan arus lajur masuk underpass.
ALT-0001,1789832960.731,2026-09-19 22:49:20.731,190,CCTV Flyover Mall Boemi Kedaton,KENDARAAN_BERHENTI,WARNING,1,Golongan I,1.5,CCTV Flyover Mall Boemi Kedaton,Kendaraan Berhenti di Underpass (Sedan/Jip/Pick-up #1),Sedan/Jip/Pick-up #1 terhenti di jalur underpass selama 3.2 detik.
ALT-0002,1789832960.731,2026-09-19 22:49:20.731,190,CCTV Flyover Mall Boemi Kedaton,KENDARAAN_BERHENTI,WARNING,4,Golongan I,0.4,CCTV Flyover Mall Boemi Kedaton,Kendaraan Berhenti di Underpass (Sedan/Jip/Pick-up #4),Sedan/Jip/Pick-up #4 terhenti di jalur underpass selama 3.2 detik.
ALT-0003,1789832960.731,2026-09-19 22:49:20.731,190,CCTV Flyover Mall Boemi Kedaton,KENDARAAN_BERHENTI,WARNING,3,Golongan I,2.1,CCTV Flyover Mall Boemi Kedaton,Kendaraan Berhenti di Underpass (Sedan/Jip/Pick-up #3),Sedan/Jip/Pick-up #3 terhenti di jalur underpass selama 3.2 detik.
ALT-0004,1789832961.934,2026-09-19 22:49:21.933,190,CCTV Flyover Mall Boemi Kedaton,KENDARAAN_BERHENTI,WARNING,7,Golongan I,0.0,CCTV Flyover Mall Boemi Kedaton,Kendaraan Berhenti di Underpass (Sedan/Jip/Pick-up #7),Sedan/Jip/Pick-up #7 terhenti di jalur underpass selama 4.4 detik.
ALT-0005,1789832962.263,2026-09-19 22:49:22.262,190,CCTV Flyover Mall Boemi Kedaton,KENDARAAN_BERHENTI,WARNING,6,Golongan I,0.0,CCTV Flyover Mall Boemi Kedaton,Kendaraan Berhenti di Underpass (Bus #6),Bus #6 terhenti di jalur underpass selama 4.7 detik.
ALT-0006,1789832962.853,2026-09-19 22:49:22.852,190,CCTV Flyover Mall Boemi Kedaton,KENDARAAN_BERHENTI,WARNING,2,Golongan I,0.0,CCTV Flyover Mall Boemi Kedaton,Kendaraan Berhenti di Underpass (Sedan/Jip/Pick-up #2),Sedan/Jip/Pick-up #2 terhenti di jalur underpass selama 5.3 detik.
ALT-0007,1789832963.445,2026-09-19 22:49:23.444,190,CCTV Flyover Mall Boemi Kedaton,PELANGGARAN_HELM,WARNING,48,Golongan VI-B,0.0,CCTV Flyover Mall Boemi Kedaton,ETLE: Pengendara Motor Tanpa Helm (#48),Sepeda motor #48 terdeteksi melanggar aturan lalu lintas (tidak mengenakan helm keselamatan SNI).
ALT-0008,1789832967.912,2026-09-19 22:49:27.912,190,CCTV Flyover Mall Boemi Kedaton,PELANGGARAN_HELM,WARNING,5005,Golongan I,0.0,CCTV Flyover Mall Boemi Kedaton,ETLE: Pengendara Motor Tanpa Helm (#5005),Sepeda motor #5005 terdeteksi melanggar aturan lalu lintas (tidak mengenakan helm keselamatan SNI).
ALT-0009,1789832969.69,2026-09-19 22:49:29.689,190,CCTV Flyover Mall Boemi Kedaton,LAWAN_ARAH,CRITICAL,79,Golongan I,5.8,CCTV Flyover Mall Boemi Kedaton,BAHAYA: Kendaraan Lawan Arah! (Sedan/Jip/Pick-up #79),Sedan/Jip/Pick-up #79 melaju ke atas melawan arus lajur masuk underpass.
ALT-0010,1789832969.969,2026-09-19 22:49:29.969,190,CCTV Flyover Mall Boemi Kedaton,LAWAN_ARAH,CRITICAL,82,Golongan I,0.0,CCTV Flyover Mall Boemi Kedaton,BAHAYA: Kendaraan Lawan Arah! (Sedan/Jip/Pick-up #82),Sedan/Jip/Pick-up #82 melaju ke atas melawan arus lajur masuk underpass.
ALT-0011,1789832971.187,2026-09-19 22:49:31.187,190,CCTV Flyover Mall Boemi Kedaton,PELANGGARAN_HELM,WARNING,104,Golongan I,0.0,CCTV Flyover Mall Boemi Kedaton,ETLE: Pengendara Motor Tanpa Helm (#104),Sepeda motor #104 terdeteksi melanggar aturan lalu lintas (tidak mengenakan helm keselamatan SNI).
ALT-0012,1789832971.187,2026-09-19 22:49:31.187,190,CCTV Flyover Mall Boemi Kedaton,PELANGGARAN_HELM,WARNING,82,Golongan VI-B,0.0,CCTV Flyover Mall Boemi Kedaton,ETLE: Pengendara Motor Tanpa Helm (#82),Sepeda motor #82 terdeteksi melanggar aturan lalu lintas (tidak mengenakan helm keselamatan SNI).
ALT-0013,1789832971.496,2026-09-19 22:49:31.496,190,CCTV Flyover Mall Boemi Kedaton,KENDARAAN_BERHENTI,WARNING,82,Golongan VI-B,0.0,CCTV Flyover Mall Boemi Kedaton,Kendaraan Berhenti di Underpass (Sepeda Motor (Tanpa Helm) #82),Sepeda Motor (Tanpa Helm) #82 terhenti di jalur underpass selama 3.3 detik.
ALT-0014,1789832974.917,2026-09-19 22:49:34.916,190,CCTV Flyover Mall Boemi Kedaton,PELANGGARAN_HELM,WARNING,147,Golongan I,0.0,CCTV Flyover Mall Boemi Kedaton,ETLE: Pengendara Motor Tanpa Helm (#147),Sepeda motor #147 terdeteksi melanggar aturan lalu lintas (tidak mengenakan helm keselamatan SNI).
ALT-0015,1789832975.199,2026-09-19 22:49:35.198,190,CCTV Flyover Mall Boemi Kedaton,KENDARAAN_BERHENTI,WARNING,83,Golongan I,0.0,CCTV Flyover Mall Boemi Kedaton,Kendaraan Berhenti di Underpass (Sedan/Jip/Pick-up #83),Sedan/Jip/Pick-up #83 terhenti di jalur underpass selama 4.6 detik.
ALT-0016,1789832975.504,2026-09-19 22:49:35.503,190,CCTV Flyover Mall Boemi Kedaton,KENDARAAN_BERHENTI,WARNING,115,Golongan I,1.9,CCTV Flyover Mall Boemi Kedaton,Kendaraan Berhenti di Underpass (Sedan/Jip/Pick-up #115),Sedan/Jip/Pick-up #115 terhenti di jalur underpass selama 3.3 detik.
ALT-0017,1789832976.151,2026-09-19 22:49:36.150,190,CCTV Flyover Mall Boemi Kedaton,LAWAN_ARAH,CRITICAL,115,Golongan I,1.7,CCTV Flyover Mall Boemi Kedaton,BAHAYA: Kendaraan Lawan Arah! (Sedan/Jip/Pick-up #115),Sedan/Jip/Pick-up #115 melaju ke atas melawan arus lajur masuk underpass.
ALT-0018,1789832976.151,2026-09-19 22:49:36.150,190,CCTV Flyover Mall Boemi Kedaton,LAWAN_ARAH,CRITICAL,147,Golongan I,3.9,CCTV Flyover Mall Boemi Kedaton,BAHAYA: Kendaraan Lawan Arah! (Sedan/Jip/Pick-up #147),Sedan/Jip/Pick-up #147 melaju ke atas melawan arus lajur masuk underpass.
ALT-0019,1789832978.081,2026-09-19 22:49:38.080,190,CCTV Flyover Mall Boemi Kedaton,PELANGGARAN_HELM,WARNING,177,Golongan I,0.0,CCTV Flyover Mall Boemi Kedaton,ETLE: Pengendara Motor Tanpa Helm (#177),Sepeda motor #177 terdeteksi melanggar aturan lalu lintas (tidak mengenakan helm keselamatan SNI).
ALT-0020,1789832980.159,2026-09-19 22:49:40.159,190,CCTV Flyover Mall Boemi Kedaton,PELANGGARAN_HELM,WARNING,188,Golongan VI-B,0.0,CCTV Flyover Mall Boemi Kedaton,ETLE: Pengendara Motor Tanpa Helm (#188),Sepeda motor #188 terdeteksi melanggar aturan lalu lintas (tidak mengenakan helm keselamatan SNI).
ALT-0021,1789832982.61,2026-09-19 22:49:42.609,190,CCTV Flyover Mall Boemi Kedaton,LAWAN_ARAH,CRITICAL,110,Golongan I,1.5,CCTV Flyover Mall Boemi Kedaton,BAHAYA: Kendaraan Lawan Arah! (Sedan/Jip/Pick-up #110),Sedan/Jip/Pick-up #110 melaju ke atas melawan arus lajur masuk underpass.
ALT-0022,1789832984.441,2026-09-19 22:49:44.440,190,CCTV Flyover Mall Boemi Kedaton,KENDARAAN_BERHENTI,WARNING,110,Golongan I,2.4,CCTV Flyover Mall Boemi Kedaton,Kendaraan Berhenti di Underpass (Sedan/Jip/Pick-up #110),Sedan/Jip/Pick-up #110 terhenti di jalur underpass selama 3.2 detik.
ALT-0023,1789832984.745,2026-09-19 22:49:44.745,190,CCTV Flyover Mall Boemi Kedaton,KENDARAAN_BERHENTI,WARNING,201,Golongan I,0.4,CCTV Flyover Mall Boemi Kedaton,Kendaraan Berhenti di Underpass (Sedan/Jip/Pick-up #201),Sedan/Jip/Pick-up #201 terhenti di jalur underpass selama 3.2 detik.
ALT-0024,1789832987.605,2026-09-19 22:49:47.604,190,CCTV Flyover Mall Boemi Kedaton,PELANGGARAN_HELM,WARNING,224,Golongan VI-B,9.2,CCTV Flyover Mall Boemi Kedaton,ETLE: Pengendara Motor Tanpa Helm (#224),Sepeda motor #224 terdeteksi melanggar aturan lalu lintas (tidak mengenakan helm keselamatan SNI).
ALT-0025,1789832987.913,2026-09-19 22:49:47.912,190,CCTV Flyover Mall Boemi Kedaton,PELANGGARAN_HELM,WARNING,239,Golongan VI-B,7.2,CCTV Flyover Mall Boemi Kedaton,ETLE: Pengendara Motor Tanpa Helm (#239),Sepeda motor #239 terdeteksi melanggar aturan lalu lintas (tidak mengenakan helm keselamatan SNI).
ALT-0026,1789832988.21,2026-09-19 22:49:48.210,190,CCTV Flyover Mall Boemi Kedaton,LAWAN_ARAH,CRITICAL,219,Golongan I,2.0,CCTV Flyover Mall Boemi Kedaton,BAHAYA: Kendaraan Lawan Arah! (Sedan/Jip/Pick-up #219),Sedan/Jip/Pick-up #219 melaju ke atas melawan arus lajur masuk underpass.
ALT-0027,1789832988.21,2026-09-19 22:49:48.210,190,CCTV Flyover Mall Boemi Kedaton,LAWAN_ARAH,CRITICAL,224,Golongan VI-B,9.3,CCTV Flyover Mall Boemi Kedaton,BAHAYA: Kendaraan Lawan Arah! (Sepeda Motor (Tanpa Helm) #224),Sepeda Motor (Tanpa Helm) #224 melaju ke atas melawan arus lajur masuk underpass.
ALT-0028,1789832989.114,2026-09-19 22:49:49.114,190,CCTV Flyover Mall Boemi Kedaton,KENDARAAN_BERHENTI,WARNING,219,Golongan I,2.0,CCTV Flyover Mall Boemi Kedaton,Kendaraan Berhenti di Underpass (Sedan/Jip/Pick-up #219),Sedan/Jip/Pick-up #219 terhenti di jalur underpass selama 3.3 detik.
ALT-0029,1789832990.564,2026-09-19 22:49:50.564,190,CCTV Flyover Mall Boemi Kedaton,LAWAN_ARAH,CRITICAL,248,Golongan I,5.2,CCTV Flyover Mall Boemi Kedaton,BAHAYA: Kendaraan Lawan Arah! (Sedan/Jip/Pick-up #248),Sedan/Jip/Pick-up #248 melaju ke atas melawan arus lajur masuk underpass.
ALT-0030,1789832991.237,2026-09-19 22:49:51.237,190,CCTV Flyover Mall Boemi Kedaton,PELANGGARAN_HELM,WARNING,5012,Golongan I,0.0,CCTV Flyover Mall Boemi Kedaton,ETLE: Pengendara Motor Tanpa Helm (#5012),Sepeda motor #5012 terdeteksi melanggar aturan lalu lintas (tidak mengenakan helm keselamatan SNI).
ALT-0031,1789832991.596,2026-09-19 22:49:51.596,190,CCTV Flyover Mall Boemi Kedaton,PELANGGARAN_HELM,WARNING,290,Golongan I,0.0,CCTV Flyover Mall Boemi Kedaton,ETLE: Pengendara Motor Tanpa Helm (#290),Sepeda motor #290 terdeteksi melanggar aturan lalu lintas (tidak mengenakan helm keselamatan SNI).
ALT-0032,1789832994.301,2026-09-19 22:49:54.300,190,CCTV Flyover Mall Boemi Kedaton,LAWAN_ARAH,CRITICAL,291,Golongan I,0.0,CCTV Flyover Mall Boemi Kedaton,BAHAYA: Kendaraan Lawan Arah! (Sedan/Jip/Pick-up #291),Sedan/Jip/Pick-up #291 melaju ke atas melawan arus lajur masuk underpass.
ALT-0033,1789832996.861,2026-09-19 22:49:56.860,190,CCTV Flyover Mall Boemi Kedaton,PELANGGARAN_HELM,WARNING,5020,Golongan VI-B,0.0,CCTV Flyover Mall Boemi Kedaton,ETLE: Pengendara Motor Tanpa Helm (#5020),Sepeda motor #5020 terdeteksi melanggar aturan lalu lintas (tidak mengenakan helm keselamatan SNI).
ALT-0001,1789833004.968,2026-09-19 22:50:04.968,190,CCTV Flyover Mall Boemi Kedaton,PELANGGARAN_HELM,WARNING,3,Golongan VI-B,0.0,CCTV Flyover Mall Boemi Kedaton,ETLE: Pengendara Motor Tanpa Helm (#3),Sepeda motor #3 terdeteksi melanggar aturan lalu lintas (tidak mengenakan helm keselamatan SNI).
ALT-0002,1789833006.361,2026-09-19 22:50:06.361,190,CCTV Flyover Mall Boemi Kedaton,PELANGGARAN_HELM,WARNING,5,Golongan VI-B,0.0,CCTV Flyover Mall Boemi Kedaton,ETLE: Pengendara Motor Tanpa Helm (#5),Sepeda motor #5 terdeteksi melanggar aturan lalu lintas (tidak mengenakan helm keselamatan SNI).
ALT-0003,1789833007.97,2026-09-19 22:50:07.970,190,CCTV Flyover Mall Boemi Kedaton,PELANGGARAN_HELM,WARNING,8,Golongan VI-B,0.0,CCTV Flyover Mall Boemi Kedaton,ETLE: Pengendara Motor Tanpa Helm (#8),Sepeda motor #8 terdeteksi melanggar aturan lalu lintas (tidak mengenakan helm keselamatan SNI).
ALT-0004,1789833008.282,2026-09-19 22:50:08.281,190,CCTV Flyover Mall Boemi Kedaton,LAWAN_ARAH,CRITICAL,8,Golongan VI-A,4.6,CCTV Flyover Mall Boemi Kedaton,BAHAYA: Kendaraan Lawan Arah! (Sepeda Motor (Taat Helm) #8),Sepeda Motor (Taat Helm) #8 melaju ke atas melawan arus lajur masuk underpass.
ALT-0005,1789833009.756,2026-09-19 22:50:09.756,190,CCTV Flyover Mall Boemi Kedaton,PELANGGARAN_HELM,WARNING,5001,Golongan I,0.0,CCTV Flyover Mall Boemi Kedaton,ETLE: Pengendara Motor Tanpa Helm (#5001),Sepeda motor #5001 terdeteksi melanggar aturan lalu lintas (tidak mengenakan helm keselamatan SNI).
ALT-0006,1789833010.036,2026-09-19 22:50:10.036,190,CCTV Flyover Mall Boemi Kedaton,PELANGGARAN_HELM,WARNING,5006,Golongan VI-B,0.0,CCTV Flyover Mall Boemi Kedaton,ETLE: Pengendara Motor Tanpa Helm (#5006),Sepeda motor #5006 terdeteksi melanggar aturan lalu lintas (tidak mengenakan helm keselamatan SNI).
ALT-0007,1789833012.579,2026-09-19 22:50:12.579,190,CCTV Flyover Mall Boemi Kedaton,PELANGGARAN_HELM,WARNING,5012,Golongan VI-B,0.0,CCTV Flyover Mall Boemi Kedaton,ETLE: Pengendara Motor Tanpa Helm (#5012),Sepeda motor #5012 terdeteksi melanggar aturan lalu lintas (tidak mengenakan helm keselamatan SNI).
ALT-0008,1789833013.353,2026-09-19 22:50:13.352,190,CCTV Flyover Mall Boemi Kedaton,PELANGGARAN_HELM,WARNING,74,Golongan VI-B,0.0,CCTV Flyover Mall Boemi Kedaton,ETLE: Pengendara Motor Tanpa Helm (#74),Sepeda motor #74 terdeteksi melanggar aturan lalu lintas (tidak mengenakan helm keselamatan SNI).
ALT-0009,1789833014.596,2026-09-19 22:50:14.595,190,CCTV Flyover Mall Boemi Kedaton,PELANGGARAN_HELM,WARNING,101,Golongan VI-B,0.0,CCTV Flyover Mall Boemi Kedaton,ETLE: Pengendara Motor Tanpa Helm (#101),Sepeda motor #101 terdeteksi melanggar aturan lalu lintas (tidak mengenakan helm keselamatan SNI).
ALT-0010,1789833017.619,2026-09-19 22:50:17.619,190,CCTV Flyover Mall Boemi Kedaton,LAWAN_ARAH,CRITICAL,4,Golongan I,0.0,CCTV Flyover Mall Boemi Kedaton,BAHAYA: Kendaraan Lawan Arah! (Sedan/Jip/Pick-up #4),Sedan/Jip/Pick-up #4 melaju ke atas melawan arus lajur masuk underpass.
ALT-0011,1789833017.9,2026-09-19 22:50:17.900,190,CCTV Flyover Mall Boemi Kedaton,PELANGGARAN_HELM,WARNING,132,Golongan VI-B,0.0,CCTV Flyover Mall Boemi Kedaton,ETLE: Pengendara Motor Tanpa Helm (#132),Sepeda motor #132 terdeteksi melanggar aturan lalu lintas (tidak mengenakan helm keselamatan SNI).
ALT-0012,1789833019.448,2026-09-19 22:50:19.447,190,CCTV Flyover Mall Boemi Kedaton,LAWAN_ARAH,CRITICAL,127,Golongan I,5.1,CCTV Flyover Mall Boemi Kedaton,BAHAYA: Kendaraan Lawan Arah! (Sedan/Jip/Pick-up #127),Sedan/Jip/Pick-up #127 melaju ke atas melawan arus lajur masuk underpass.
ALT-0013,1789833022.033,2026-09-19 22:50:22.032,190,CCTV Flyover Mall Boemi Kedaton,LAWAN_ARAH,CRITICAL,149,Golongan I,9.2,CCTV Flyover Mall Boemi Kedaton,BAHAYA: Kendaraan Lawan Arah! (Sedan/Jip/Pick-up #149),Sedan/Jip/Pick-up #149 melaju ke atas melawan arus lajur masuk underpass.
ALT-0014,1789833022.72,2026-09-19 22:50:22.720,190,CCTV Flyover Mall Boemi Kedaton,KENDARAAN_BERHENTI,WARNING,4,Golongan I,0.0,CCTV Flyover Mall Boemi Kedaton,Kendaraan Berhenti di Underpass (Sedan/Jip/Pick-up #4),Sedan/Jip/Pick-up #4 terhenti di jalur underpass selama 8.4 detik.
ALT-0015,1789833023.81,2026-09-19 22:50:23.810,190,CCTV Flyover Mall Boemi Kedaton,LAWAN_ARAH,CRITICAL,132,Golongan I,1.7,CCTV Flyover Mall Boemi Kedaton,BAHAYA: Kendaraan Lawan Arah! (Sedan/Jip/Pick-up #132),Sedan/Jip/Pick-up #132 melaju ke atas melawan arus lajur masuk underpass.
ALT-0016,1789833024.435,2026-09-19 22:50:24.435,190,CCTV Flyover Mall Boemi Kedaton,KENDARAAN_BERHENTI,WARNING,132,Golongan I,1.5,CCTV Flyover Mall Boemi Kedaton,Kendaraan Berhenti di Underpass (Sedan/Jip/Pick-up #132),Sedan/Jip/Pick-up #132 terhenti di jalur underpass selama 6.5 detik.
ALT-0017,1789833025.117,2026-09-19 22:50:25.116,190,CCTV Flyover Mall Boemi Kedaton,PELANGGARAN_HELM,WARNING,5020,Golongan VI-B;Golongan VI-B;Golongan VI-B,0.0,CCTV Flyover Mall Boemi Kedaton,ETLE: Pengendara Motor Tanpa Helm (#5020),Sepeda motor #5020 terdeteksi melanggar aturan lalu lintas (tidak mengenakan helm keselamatan SNI).
ALT-0018,1789833026.796,2026-09-19 22:50:26.796,190,CCTV Flyover Mall Boemi Kedaton,KENDARAAN_BERHENTI,WARNING,56,Golongan I,0.0,CCTV Flyover Mall Boemi Kedaton,Kendaraan Berhenti di Underpass (Sedan/Jip/Pick-up #56),Sedan/Jip/Pick-up #56 terhenti di jalur underpass selama 9.2 detik.
ALT-0001,1789833057.119,2026-09-19 22:50:57.119,282,CCTV Perempatan Jendral Sudirman,PELANGGARAN_HELM,WARNING,6,Golongan VI-B,0.0,CCTV Perempatan Jendral Sudirman,ETLE: Pengendara Motor Tanpa Helm (#6),Sepeda motor #6 terdeteksi melanggar aturan lalu lintas (tidak mengenakan helm keselamatan SNI).
ALT-0002,1789833057.119,2026-09-19 22:50:57.119,282,CCTV Perempatan Jendral Sudirman,PELANGGARAN_HELM,WARNING,7,Golongan VI-B,0.0,CCTV Perempatan Jendral Sudirman,ETLE: Pengendara Motor Tanpa Helm (#7),Sepeda motor #7 terdeteksi melanggar aturan lalu lintas (tidak mengenakan helm keselamatan SNI).
ALT-0003,1789833060.137,2026-09-19 22:51:00.136,282,CCTV Perempatan Jendral Sudirman,KENDARAAN_BERHENTI,WARNING,3,Golongan I,0.2,CCTV Perempatan Jendral Sudirman,Kendaraan Berhenti di Underpass (Sedan/Jip/Pick-up #3),Sedan/Jip/Pick-up #3 terhenti di jalur underpass selama 3.0 detik.
ALT-0004,1789833060.137,2026-09-19 22:51:00.136,282,CCTV Perempatan Jendral Sudirman,KENDARAAN_BERHENTI,WARNING,7,Golongan VI-B,0.5,CCTV Perempatan Jendral Sudirman,Kendaraan Berhenti di Underpass (Sepeda Motor (Tanpa Helm) #7),Sepeda Motor (Tanpa Helm) #7 terhenti di jalur underpass selama 3.0 detik.
ALT-0005,1789833060.512,2026-09-19 22:51:00.511,282,CCTV Perempatan Jendral Sudirman,KENDARAAN_BERHENTI,WARNING,5,Golongan I,3.4,CCTV Perempatan Jendral Sudirman,Kendaraan Berhenti di Underpass (Sedan/Jip/Pick-up #5),Sedan/Jip/Pick-up #5 terhenti di jalur underpass selama 3.0 detik.
ALT-0006,1789833061.958,2026-09-19 22:51:01.958,282,CCTV Perempatan Jendral Sudirman,KENDARAAN_BERHENTI,WARNING,6,Golongan VI-B,0.0,CCTV Perempatan Jendral Sudirman,Kendaraan Berhenti di Underpass (Sepeda Motor (Tanpa Helm) #6),Sepeda Motor (Tanpa Helm) #6 terhenti di jalur underpass selama 4.8 detik.
ALT-0007,1789833064.239,2026-09-19 22:51:04.238,282,CCTV Perempatan Jendral Sudirman,PELANGGARAN_HELM,WARNING,47,Golongan VI-B,0.0,CCTV Perempatan Jendral Sudirman,ETLE: Pengendara Motor Tanpa Helm (#47),Sepeda motor #47 terdeteksi melanggar aturan lalu lintas (tidak mengenakan helm keselamatan SNI).
ALT-0008,1789833064.403,2026-09-19 22:51:04.403,282,CCTV Perempatan Jendral Sudirman,KENDARAAN_BERHENTI,WARNING,4,Golongan I,2.4,CCTV Perempatan Jendral Sudirman,Kendaraan Berhenti di Underpass (Sedan/Jip/Pick-up #4),Sedan/Jip/Pick-up #4 terhenti di jalur underpass selama 3.2 detik.
ALT-0009,1789833064.403,2026-09-19 22:51:04.403,282,CCTV Perempatan Jendral Sudirman,PELANGGARAN_HELM,WARNING,50,Golongan VI-B,0.0,CCTV Perempatan Jendral Sudirman,ETLE: Pengendara Motor Tanpa Helm (#50),Sepeda motor #50 terdeteksi melanggar aturan lalu lintas (tidak mengenakan helm keselamatan SNI).
ALT-0010,1789833066.519,2026-09-19 22:51:06.518,282,CCTV Perempatan Jendral Sudirman,PELANGGARAN_HELM,WARNING,63,Golongan VI-B,0.0,CCTV Perempatan Jendral Sudirman,ETLE: Pengendara Motor Tanpa Helm (#63),Sepeda motor #63 terdeteksi melanggar aturan lalu lintas (tidak mengenakan helm keselamatan SNI).
ALT-0011,1789833066.693,2026-09-19 22:51:06.693,282,CCTV Perempatan Jendral Sudirman,PELANGGARAN_HELM,WARNING,66,Golongan VI-B,0.0,CCTV Perempatan Jendral Sudirman,ETLE: Pengendara Motor Tanpa Helm (#66),Sepeda motor #66 terdeteksi melanggar aturan lalu lintas (tidak mengenakan helm keselamatan SNI).
ALT-0012,1789833067.838,2026-09-19 22:51:07.837,282,CCTV Perempatan Jendral Sudirman,PELANGGARAN_HELM,WARNING,81,Golongan VI-B,0.0,CCTV Perempatan Jendral Sudirman,ETLE: Pengendara Motor Tanpa Helm (#81),Sepeda motor #81 terdeteksi melanggar aturan lalu lintas (tidak mengenakan helm keselamatan SNI).
ALT-0013,1789833067.838,2026-09-19 22:51:07.837,282,CCTV Perempatan Jendral Sudirman,PELANGGARAN_HELM,WARNING,82,Golongan VI-B,0.0,CCTV Perempatan Jendral Sudirman,ETLE: Pengendara Motor Tanpa Helm (#82),Sepeda motor #82 terdeteksi melanggar aturan lalu lintas (tidak mengenakan helm keselamatan SNI).
ALT-0014,1789833074.255,2026-09-19 22:51:14.254,282,CCTV Perempatan Jendral Sudirman,KENDARAAN_BERHENTI,WARNING,111,Golongan I,2.6,CCTV Perempatan Jendral Sudirman,Kendaraan Berhenti di Underpass (Sedan/Jip/Pick-up #111),Sedan/Jip/Pick-up #111 terhenti di jalur underpass selama 3.3 detik.
ALT-0015,1789833075.829,2026-09-19 22:51:15.829,282,CCTV Perempatan Jendral Sudirman,KENDARAAN_BERHENTI,WARNING,124,Golongan I,1.7,CCTV Perempatan Jendral Sudirman,Kendaraan Berhenti di Underpass (Sedan/Jip/Pick-up #124),Sedan/Jip/Pick-up #124 terhenti di jalur underpass selama 3.3 detik.
ALT-0016,1789833077.185,2026-09-19 22:51:17.184,282,CCTV Perempatan Jendral Sudirman,PELANGGARAN_HELM,WARNING,137,Golongan VI-B,0.0,CCTV Perempatan Jendral Sudirman,ETLE: Pengendara Motor Tanpa Helm (#137),Sepeda motor #137 terdeteksi melanggar aturan lalu lintas (tidak mengenakan helm keselamatan SNI).
ALT-0017,1789833077.921,2026-09-19 22:51:17.921,282,CCTV Perempatan Jendral Sudirman,PELANGGARAN_HELM,WARNING,154,Golongan VI-B,0.0,CCTV Perempatan Jendral Sudirman,ETLE: Pengendara Motor Tanpa Helm (#154),Sepeda motor #154 terdeteksi melanggar aturan lalu lintas (tidak mengenakan helm keselamatan SNI).
ALT-0018,1789833079.466,2026-09-19 22:51:19.466,282,CCTV Perempatan Jendral Sudirman,PELANGGARAN_HELM,WARNING,173,Golongan VI-B,0.0,CCTV Perempatan Jendral Sudirman,ETLE: Pengendara Motor Tanpa Helm (#173),Sepeda motor #173 terdeteksi melanggar aturan lalu lintas (tidak mengenakan helm keselamatan SNI).
ALT-0019,1789833080.293,2026-09-19 22:51:20.293,282,CCTV Perempatan Jendral Sudirman,KENDARAAN_BERHENTI,WARNING,137,Golongan VI-A,0.1,CCTV Perempatan Jendral Sudirman,Kendaraan Berhenti di Underpass (Sepeda Motor (Taat Helm) #137),Sepeda Motor (Taat Helm) #137 terhenti di jalur underpass selama 3.1 detik.
ALT-0020,1789833081.174,2026-09-19 22:51:21.174,282,CCTV Perempatan Jendral Sudirman,KENDARAAN_BERHENTI,WARNING,154,Golongan VI-B,0.2,CCTV Perempatan Jendral Sudirman,Kendaraan Berhenti di Underpass (Sepeda Motor (Tanpa Helm) #154),Sepeda Motor (Tanpa Helm) #154 terhenti di jalur underpass selama 3.3 detik.
ALT-0021,1789833081.174,2026-09-19 22:51:21.174,282,CCTV Perempatan Jendral Sudirman,KENDARAAN_BERHENTI,WARNING,153,Golongan VI-A,0.2,CCTV Perempatan Jendral Sudirman,Kendaraan Berhenti di Underpass (Sepeda Motor (Taat Helm) #153),Sepeda Motor (Taat Helm) #153 terhenti di jalur underpass selama 3.3 detik.
ALT-0022,1789833081.806,2026-09-19 22:51:21.806,282,CCTV Perempatan Jendral Sudirman,KENDARAAN_BERHENTI,WARNING,164,Golongan VI-A,0.0,CCTV Perempatan Jendral Sudirman,Kendaraan Berhenti di Underpass (Sepeda Motor (Taat Helm) #164),Sepeda Motor (Taat Helm) #164 terhenti di jalur underpass selama 3.3 detik.
ALT-0023,1789833082.602,2026-09-19 22:51:22.601,282,CCTV Perempatan Jendral Sudirman,KENDARAAN_BERHENTI,WARNING,173,Golongan VI-B,0.0,CCTV Perempatan Jendral Sudirman,Kendaraan Berhenti di Underpass (Sepeda Motor (Tanpa Helm) #173),Sepeda Motor (Tanpa Helm) #173 terhenti di jalur underpass selama 3.1 detik.
ALT-0024,1789833084.646,2026-09-19 22:51:24.646,282,CCTV Perempatan Jendral Sudirman,PELANGGARAN_HELM,WARNING,212,Golongan VI-B,0.0,CCTV Perempatan Jendral Sudirman,ETLE: Pengendara Motor Tanpa Helm (#212),Sepeda motor #212 terdeteksi melanggar aturan lalu lintas (tidak mengenakan helm keselamatan SNI).
ALT-0001,1789833101.949,2026-09-19 22:51:41.948,190,CCTV Flyover Mall Boemi Kedaton,LAWAN_ARAH,CRITICAL,1,Golongan I,2.9,CCTV Flyover Mall Boemi Kedaton,BAHAYA: Kendaraan Lawan Arah! (Sedan/Jip/Pick-up #1),Sedan/Jip/Pick-up #1 melaju ke atas melawan arus lajur masuk underpass.
ALT-0002,1789833102.817,2026-09-19 22:51:42.816,190,CCTV Flyover Mall Boemi Kedaton,KENDARAAN_BERHENTI,WARNING,1,Golongan I,2.8,CCTV Flyover Mall Boemi Kedaton,Kendaraan Berhenti di Underpass (Sedan/Jip/Pick-up #1),Sedan/Jip/Pick-up #1 terhenti di jalur underpass selama 3.2 detik.
ALT-0003,1789833102.817,2026-09-19 22:51:42.816,190,CCTV Flyover Mall Boemi Kedaton,KENDARAAN_BERHENTI,WARNING,4,Golongan I,0.6,CCTV Flyover Mall Boemi Kedaton,Kendaraan Berhenti di Underpass (Sedan/Jip/Pick-up #4),Sedan/Jip/Pick-up #4 terhenti di jalur underpass selama 3.2 detik.
ALT-0004,1789833106.054,2026-09-19 22:51:46.054,190,CCTV Flyover Mall Boemi Kedaton,PELANGGARAN_HELM,WARNING,5003,Golongan VI-B,0.0,CCTV Flyover Mall Boemi Kedaton,ETLE: Pengendara Motor Tanpa Helm (#5003),Sepeda motor #5003 terdeteksi melanggar aturan lalu lintas (tidak mengenakan helm keselamatan SNI).
ALT-0005,1789833112.651,2026-09-19 22:51:52.651,190,CCTV Flyover Mall Boemi Kedaton,KENDARAAN_BERHENTI,WARNING,59,Golongan I,0.5,CCTV Flyover Mall Boemi Kedaton,Kendaraan Berhenti di Underpass (Sedan/Jip/Pick-up #59),Sedan/Jip/Pick-up #59 terhenti di jalur underpass selama 3.3 detik.
ALT-0006,1789833112.651,2026-09-19 22:51:52.651,190,CCTV Flyover Mall Boemi Kedaton,LAWAN_ARAH,CRITICAL,55,Golongan I,3.9,CCTV Flyover Mall Boemi Kedaton,BAHAYA: Kendaraan Lawan Arah! (Sedan/Jip/Pick-up #55),Sedan/Jip/Pick-up #55 melaju ke atas melawan arus lajur masuk underpass.
ALT-0007,1789833112.651,2026-09-19 22:51:52.651,190,CCTV Flyover Mall Boemi Kedaton,LAWAN_ARAH,CRITICAL,65,Golongan I,5.2,CCTV Flyover Mall Boemi Kedaton,BAHAYA: Kendaraan Lawan Arah! (Sedan/Jip/Pick-up #65),Sedan/Jip/Pick-up #65 melaju ke atas melawan arus lajur masuk underpass.
ALT-0008,1789833117.515,2026-09-19 22:51:57.515,190,CCTV Flyover Mall Boemi Kedaton,PELANGGARAN_HELM,WARNING,92,Golongan VI-B,0.0,CCTV Flyover Mall Boemi Kedaton,ETLE: Pengendara Motor Tanpa Helm (#92),Sepeda motor #92 terdeteksi melanggar aturan lalu lintas (tidak mengenakan helm keselamatan SNI).
ALT-0009,1789833125.206,2026-09-19 22:52:05.206,190,CCTV Flyover Mall Boemi Kedaton,PELANGGARAN_HELM,WARNING,59,Golongan VI-B,0.0,CCTV Flyover Mall Boemi Kedaton,ETLE: Pengendara Motor Tanpa Helm (#59),Sepeda motor #59 terdeteksi melanggar aturan lalu lintas (tidak mengenakan helm keselamatan SNI).
ALT-0010,1789833132.049,2026-09-19 22:52:12.049,190,CCTV Flyover Mall Boemi Kedaton,KENDARAAN_BERHENTI,WARNING,146,Golongan I,3.6,CCTV Flyover Mall Boemi Kedaton,Kendaraan Berhenti di Underpass (Sedan/Jip/Pick-up #146),Sedan/Jip/Pick-up #146 terhenti di jalur underpass selama 3.2 detik.
ALT-0011,1789833132.049,2026-09-19 22:52:12.049,190,CCTV Flyover Mall Boemi Kedaton,KENDARAAN_BERHENTI,WARNING,144,Golongan I,0.0,CCTV Flyover Mall Boemi Kedaton,Kendaraan Berhenti di Underpass (Sedan/Jip/Pick-up #144),Sedan/Jip/Pick-up #144 terhenti di jalur underpass selama 3.2 detik.
ALT-0012,1789833132.049,2026-09-19 22:52:12.049,190,CCTV Flyover Mall Boemi Kedaton,LAWAN_ARAH,CRITICAL,132,Golongan I,8.7,CCTV Flyover Mall Boemi Kedaton,BAHAYA: Kendaraan Lawan Arah! (Sedan/Jip/Pick-up #132),Sedan/Jip/Pick-up #132 melaju ke atas melawan arus lajur masuk underpass.
ALT-0013,1789833133.275,2026-09-19 22:52:13.274,190,CCTV Flyover Mall Boemi Kedaton,KENDARAAN_BERHENTI,WARNING,152,Golongan I,0.0,CCTV Flyover Mall Boemi Kedaton,Kendaraan Berhenti di Underpass (Sedan/Jip/Pick-up #152),Sedan/Jip/Pick-up #152 terhenti di jalur underpass selama 3.3 detik.
ALT-0014,1789833135.95,2026-09-19 22:52:15.949,190,CCTV Flyover Mall Boemi Kedaton,PELANGGARAN_HELM,WARNING,185,Golongan I,0.0,CCTV Flyover Mall Boemi Kedaton,ETLE: Pengendara Motor Tanpa Helm (#185),Sepeda motor #185 terdeteksi melanggar aturan lalu lintas (tidak mengenakan helm keselamatan SNI).
ALT-0015,1789833138.642,2026-09-19 22:52:18.642,190,CCTV Flyover Mall Boemi Kedaton,PELANGGARAN_HELM,WARNING,199,Golongan VI-B,0.0,CCTV Flyover Mall Boemi Kedaton,ETLE: Pengendara Motor Tanpa Helm (#199),Sepeda motor #199 terdeteksi melanggar aturan lalu lintas (tidak mengenakan helm keselamatan SNI).
ALT-0016,1789833140.95,2026-09-19 22:52:20.949,190,CCTV Flyover Mall Boemi Kedaton,KENDARAAN_BERHENTI,WARNING,196,Golongan I,0.9,CCTV Flyover Mall Boemi Kedaton,Kendaraan Berhenti di Underpass (Sedan/Jip/Pick-up #196),Sedan/Jip/Pick-up #196 terhenti di jalur underpass selama 3.0 detik.
ALT-0017,1789833143.866,2026-09-19 22:52:23.866,190,CCTV Flyover Mall Boemi Kedaton,PELANGGARAN_HELM,WARNING,222,Golongan I,0.0,CCTV Flyover Mall Boemi Kedaton,ETLE: Pengendara Motor Tanpa Helm (#222),Sepeda motor #222 terdeteksi melanggar aturan lalu lintas (tidak mengenakan helm keselamatan SNI).
ALT-0018,1789833144.271,2026-09-19 22:52:24.270,190,CCTV Flyover Mall Boemi Kedaton,PELANGGARAN_HELM,WARNING,225,Golongan VI-B,0.0,CCTV Flyover Mall Boemi Kedaton,ETLE: Pengendara Motor Tanpa Helm (#225),Sepeda motor #225 terdeteksi melanggar aturan lalu lintas (tidak mengenakan helm keselamatan SNI).
ALT-0019,1789833146.053,2026-09-19 22:52:26.052,190,CCTV Flyover Mall Boemi Kedaton,LAWAN_ARAH,CRITICAL,213,Golongan I,2.5,CCTV Flyover Mall Boemi Kedaton,BAHAYA: Kendaraan Lawan Arah! (Sedan/Jip/Pick-up #213),Sedan/Jip/Pick-up #213 melaju ke atas melawan arus lajur masuk underpass.
ALT-0020,1789833149.803,2026-09-19 22:52:29.803,190,CCTV Flyover Mall Boemi Kedaton,LAWAN_ARAH,CRITICAL,242,Golongan I,0.0,CCTV Flyover Mall Boemi Kedaton,BAHAYA: Kendaraan Lawan Arah! (Sedan/Jip/Pick-up #242),Sedan/Jip/Pick-up #242 melaju ke atas melawan arus lajur masuk underpass.
ALT-0021,1789833151.747,2026-09-19 22:52:31.747,190,CCTV Flyover Mall Boemi Kedaton,PELANGGARAN_HELM,WARNING,5012,Golongan I,0.0,CCTV Flyover Mall Boemi Kedaton,ETLE: Pengendara Motor Tanpa Helm (#5012),Sepeda motor #5012 terdeteksi melanggar aturan lalu lintas (tidak mengenakan helm keselamatan SNI).
ALT-0022,1789833151.747,2026-09-19 22:52:31.747,190,CCTV Flyover Mall Boemi Kedaton,PELANGGARAN_HELM,WARNING,5013,Golongan VI-B,0.0,CCTV Flyover Mall Boemi Kedaton,ETLE: Pengendara Motor Tanpa Helm (#5013),Sepeda motor #5013 terdeteksi melanggar aturan lalu lintas (tidak mengenakan helm keselamatan SNI).
ALT-0023,1789833153.67,2026-09-19 22:52:33.669,190,CCTV Flyover Mall Boemi Kedaton,PELANGGARAN_HELM,WARNING,301,Golongan VI-B,6.2,CCTV Flyover Mall Boemi Kedaton,ETLE: Pengendara Motor Tanpa Helm (#301),Sepeda motor #301 terdeteksi melanggar aturan lalu lintas (tidak mengenakan helm keselamatan SNI).
ALT-0024,1789833154.78,2026-09-19 22:52:34.779,190,CCTV Flyover Mall Boemi Kedaton,LAWAN_ARAH,CRITICAL,301,Golongan VI-B,6.5,CCTV Flyover Mall Boemi Kedaton,BAHAYA: Kendaraan Lawan Arah! (Sepeda Motor (Tanpa Helm) #301),Sepeda Motor (Tanpa Helm) #301 melaju ke atas melawan arus lajur masuk underpass.
ALT-0025,1789833158.11,2026-09-19 22:52:38.109,190,CCTV Flyover Mall Boemi Kedaton,LAWAN_ARAH,CRITICAL,327,Golongan VI-A,4.2,CCTV Flyover Mall Boemi Kedaton,BAHAYA: Kendaraan Lawan Arah! (Sepeda Motor (Taat Helm) #327),Sepeda Motor (Taat Helm) #327 melaju ke atas melawan arus lajur masuk underpass.
ALT-0026,1789833160.053,2026-09-19 22:52:40.053,190,CCTV Flyover Mall Boemi Kedaton,PELANGGARAN_HELM,WARNING,5018,Golongan VI-B,0.0,CCTV Flyover Mall Boemi Kedaton,ETLE: Pengendara Motor Tanpa Helm (#5018),Sepeda motor #5018 terdeteksi melanggar aturan lalu lintas (tidak mengenakan helm keselamatan SNI).
ALT-0027,1789833161.259,2026-09-19 22:52:41.258,190,CCTV Flyover Mall Boemi Kedaton,PELANGGARAN_HELM,WARNING,364,Golongan I,0.0,CCTV Flyover Mall Boemi Kedaton,ETLE: Pengendara Motor Tanpa Helm (#364),Sepeda motor #364 terdeteksi melanggar aturan lalu lintas (tidak mengenakan helm keselamatan SNI).
ALT-0028,1789833167.151,2026-09-19 22:52:47.150,190,CCTV Flyover Mall Boemi Kedaton,LAWAN_ARAH,CRITICAL,324,Golongan I,2.2,CCTV Flyover Mall Boemi Kedaton,BAHAYA: Kendaraan Lawan Arah! (Sedan/Jip/Pick-up #324),Sedan/Jip/Pick-up #324 melaju ke atas melawan arus lajur masuk underpass.
ALT-0029,1789833167.911,2026-09-19 22:52:47.910,190,CCTV Flyover Mall Boemi Kedaton,KENDARAAN_BERHENTI,WARNING,324,Golongan I,2.0,CCTV Flyover Mall Boemi Kedaton,Kendaraan Berhenti di Underpass (Sedan/Jip/Pick-up #324),Sedan/Jip/Pick-up #324 terhenti di jalur underpass selama 3.3 detik.
ALT-0030,1789833171.933,2026-09-19 22:52:51.933,190,CCTV Flyover Mall Boemi Kedaton,LAWAN_ARAH,CRITICAL,420,Golongan I,4.4,CCTV Flyover Mall Boemi Kedaton,BAHAYA: Kendaraan Lawan Arah! (Sedan/Jip/Pick-up #420),Sedan/Jip/Pick-up #420 melaju ke atas melawan arus lajur masuk underpass.
ALT-0031,1789833175.202,2026-09-19 22:52:55.201,190,CCTV Flyover Mall Boemi Kedaton,KENDARAAN_BERHENTI,WARNING,432,Golongan I,0.8,CCTV Flyover Mall Boemi Kedaton,Kendaraan Berhenti di Underpass (Sedan/Jip/Pick-up #432),Sedan/Jip/Pick-up #432 terhenti di jalur underpass selama 3.3 detik.
ALT-0032,1789833178.226,2026-09-19 22:52:58.225,190,CCTV Flyover Mall Boemi Kedaton,LAWAN_ARAH,CRITICAL,432,Golongan I,0.5,CCTV Flyover Mall Boemi Kedaton,BAHAYA: Kendaraan Lawan Arah! (Sedan/Jip/Pick-up #432),Sedan/Jip/Pick-up #432 melaju ke atas melawan arus lajur masuk underpass.
ALT-0033,1789833182.665,2026-09-19 22:53:02.664,190,CCTV Flyover Mall Boemi Kedaton,LAWAN_ARAH,CRITICAL,461,Golongan I,5.9,CCTV Flyover Mall Boemi Kedaton,BAHAYA: Kendaraan Lawan Arah! (Sedan/Jip/Pick-up #461),Sedan/Jip/Pick-up #461 melaju ke atas melawan arus lajur masuk underpass.
ALT-0034,1789833183.864,2026-09-19 22:53:03.864,190,CCTV Flyover Mall Boemi Kedaton,LAWAN_ARAH,CRITICAL,504,Golongan I,4.2,CCTV Flyover Mall Boemi Kedaton,BAHAYA: Kendaraan Lawan Arah! (Sedan/Jip/Pick-up #504),Sedan/Jip/Pick-up #504 melaju ke atas melawan arus lajur masuk underpass.
ALT-0035,1789833184.349,2026-09-19 22:53:04.349,190,CCTV Flyover Mall Boemi Kedaton,PELANGGARAN_HELM,WARNING,526,Golongan VI-B,0.0,CCTV Flyover Mall Boemi Kedaton,ETLE: Pengendara Motor Tanpa Helm (#526),Sepeda motor #526 terdeteksi melanggar aturan lalu lintas (tidak mengenakan helm keselamatan SNI).
ALT-0036,1789833187.65,2026-09-19 22:53:07.650,190,CCTV Flyover Mall Boemi Kedaton,PELANGGARAN_HELM,WARNING,5022,Golongan VI-B,0.0,CCTV Flyover Mall Boemi Kedaton,ETLE: Pengendara Motor Tanpa Helm (#5022),Sepeda motor #5022 terdeteksi melanggar aturan lalu lintas (tidak mengenakan helm keselamatan SNI).
ALT-0037,1789833191.186,2026-09-19 22:53:11.186,190,CCTV Flyover Mall Boemi Kedaton,KENDARAAN_BERHENTI,WARNING,554,Golongan I,1.5,CCTV Flyover Mall Boemi Kedaton,Kendaraan Berhenti di Underpass (Sedan/Jip/Pick-up #554),Sedan/Jip/Pick-up #554 terhenti di jalur underpass selama 3.0 detik.
ALT-0038,1789833191.656,2026-09-19 22:53:11.655,190,CCTV Flyover Mall Boemi Kedaton,PELANGGARAN_HELM,WARNING,585,Golongan VI-B,0.0,CCTV Flyover Mall Boemi Kedaton,ETLE: Pengendara Motor Tanpa Helm (#585),Sepeda motor #585 terdeteksi melanggar aturan lalu lintas (tidak mengenakan helm keselamatan SNI).
ALT-0039,1789833192.158,2026-09-19 22:53:12.158,190,CCTV Flyover Mall Boemi Kedaton,KENDARAAN_BERHENTI,WARNING,563,Golongan I,1.1,CCTV Flyover Mall Boemi Kedaton,Kendaraan Berhenti di Underpass (Sedan/Jip/Pick-up #563),Sedan/Jip/Pick-up #563 terhenti di jalur underpass selama 3.2 detik.
ALT-0040,1789833198.139,2026-09-19 22:53:18.138,190,CCTV Flyover Mall Boemi Kedaton,KENDARAAN_BERHENTI,WARNING,605,Golongan I,0.0,CCTV Flyover Mall Boemi Kedaton,Kendaraan Berhenti di Underpass (Sedan/Jip/Pick-up #605),Sedan/Jip/Pick-up #605 terhenti di jalur underpass selama 3.2 detik.
ALT-0041,1789833200.418,2026-09-19 22:53:20.417,190,CCTV Flyover Mall Boemi Kedaton,KENDARAAN_BERHENTI,WARNING,617,Golongan I,0.1,CCTV Flyover Mall Boemi Kedaton,Kendaraan Berhenti di Underpass (Sedan/Jip/Pick-up #617),Sedan/Jip/Pick-up #617 terhenti di jalur underpass selama 3.5 detik.
ALT-0042,1789833205.951,2026-09-19 22:53:25.950,190,CCTV Flyover Mall Boemi Kedaton,LAWAN_ARAH,CRITICAL,673,Golongan I,4.2,CCTV Flyover Mall Boemi Kedaton,BAHAYA: Kendaraan Lawan Arah! (Sedan/Jip/Pick-up #673),Sedan/Jip/Pick-up #673 melaju ke atas melawan arus lajur masuk underpass.
ALT-0043,1789833207.702,2026-09-19 22:53:27.701,190,CCTV Flyover Mall Boemi Kedaton,KENDARAAN_BERHENTI,WARNING,671,Golongan VI-A,0.0,CCTV Flyover Mall Boemi Kedaton,Kendaraan Berhenti di Underpass (Sepeda Motor (Taat Helm) #671),Sepeda Motor (Taat Helm) #671 terhenti di jalur underpass selama 4.1 detik.
ALT-0044,1789833208.104,2026-09-19 22:53:28.103,190,CCTV Flyover Mall Boemi Kedaton,LAWAN_ARAH,CRITICAL,671,Golongan I,0.0,CCTV Flyover Mall Boemi Kedaton,BAHAYA: Kendaraan Lawan Arah! (Sedan/Jip/Pick-up #671),Sedan/Jip/Pick-up #671 melaju ke atas melawan arus lajur masuk underpass.
ALT-0045,1789833216.034,2026-09-19 22:53:36.033,190,CCTV Flyover Mall Boemi Kedaton,KENDARAAN_BERHENTI,WARNING,731,Golongan I,0.0,CCTV Flyover Mall Boemi Kedaton,Kendaraan Berhenti di Underpass (Sedan/Jip/Pick-up #731),Sedan/Jip/Pick-up #731 terhenti di jalur underpass selama 3.0 detik.
ALT-0046,1789833218.921,2026-09-19 22:53:38.921,190,CCTV Flyover Mall Boemi Kedaton,PELANGGARAN_HELM,WARNING,747,Golongan I,0.0,CCTV Flyover Mall Boemi Kedaton,ETLE: Pengendara Motor Tanpa Helm (#747),Sepeda motor #747 terdeteksi melanggar aturan lalu lintas (tidak mengenakan helm keselamatan SNI).
ALT-0047,1789833224.672,2026-09-19 22:53:44.671,190,CCTV Flyover Mall Boemi Kedaton,KENDARAAN_BERHENTI,WARNING,747,Golongan I,0.0,CCTV Flyover Mall Boemi Kedaton,Kendaraan Berhenti di Underpass (Sedan/Jip/Pick-up #747),Sedan/Jip/Pick-up #747 terhenti di jalur underpass selama 5.8 detik.
ALT-0048,1789833226.575,2026-09-19 22:53:46.575,190,CCTV Flyover Mall Boemi Kedaton,LAWAN_ARAH,CRITICAL,747,Golongan I,0.0,CCTV Flyover Mall Boemi Kedaton,BAHAYA: Kendaraan Lawan Arah! (Sedan/Jip/Pick-up #747),Sedan/Jip/Pick-up #747 melaju ke atas melawan arus lajur masuk underpass.
ALT-0049,1789833227.98,2026-09-19 22:53:47.979,190,CCTV Flyover Mall Boemi Kedaton,KENDARAAN_BERHENTI,WARNING,777,Golongan I,0.2,CCTV Flyover Mall Boemi Kedaton,Kendaraan Berhenti di Underpass (Sedan/Jip/Pick-up #777),Sedan/Jip/Pick-up #777 terhenti di jalur underpass selama 3.3 detik.
ALT-0050,1789833229.191,2026-09-19 22:53:49.190,190,CCTV Flyover Mall Boemi Kedaton,PELANGGARAN_HELM,WARNING,803,Golongan VI-B,0.0,CCTV Flyover Mall Boemi Kedaton,ETLE: Pengendara Motor Tanpa Helm (#803),Sepeda motor #803 terdeteksi melanggar aturan lalu lintas (tidak mengenakan helm keselamatan SNI).
ALT-0051,1789833229.191,2026-09-19 22:53:49.190,190,CCTV Flyover Mall Boemi Kedaton,PELANGGARAN_HELM,WARNING,804,Golongan VI-B,0.0,CCTV Flyover Mall Boemi Kedaton,ETLE: Pengendara Motor Tanpa Helm (#804),Sepeda motor #804 terdeteksi melanggar aturan lalu lintas (tidak mengenakan helm keselamatan SNI).
ALT-0052,1789833230.647,2026-09-19 22:53:50.647,190,CCTV Flyover Mall Boemi Kedaton,LAWAN_ARAH,CRITICAL,794,Golongan I,2.7,CCTV Flyover Mall Boemi Kedaton,BAHAYA: Kendaraan Lawan Arah! (Sedan/Jip/Pick-up #794),Sedan/Jip/Pick-up #794 melaju ke atas melawan arus lajur masuk underpass.
ALT-0053,1789833231.235,2026-09-19 22:53:51.235,190,CCTV Flyover Mall Boemi Kedaton,KENDARAAN_BERHENTI,WARNING,794,Golongan I,2.7,CCTV Flyover Mall Boemi Kedaton,Kendaraan Berhenti di Underpass (Sedan/Jip/Pick-up #794),Sedan/Jip/Pick-up #794 terhenti di jalur underpass selama 3.3 detik.
ALT-0054,1789833231.235,2026-09-19 22:53:51.235,190,CCTV Flyover Mall Boemi Kedaton,PELANGGARAN_HELM,WARNING,812,Golongan VI-B,0.0,CCTV Flyover Mall Boemi Kedaton,ETLE: Pengendara Motor Tanpa Helm (#812),Sepeda motor #812 terdeteksi melanggar aturan lalu lintas (tidak mengenakan helm keselamatan SNI).
ALT-0055,1789833231.818,2026-09-19 22:53:51.818,190,CCTV Flyover Mall Boemi Kedaton,KENDARAAN_BERHENTI,WARNING,797,Golongan I,1.3,CCTV Flyover Mall Boemi Kedaton,Kendaraan Berhenti di Underpass (Sedan/Jip/Pick-up #797),Sedan/Jip/Pick-up #797 terhenti di jalur underpass selama 3.3 detik.
ALT-0056,1789833231.818,2026-09-19 22:53:51.818,190,CCTV Flyover Mall Boemi Kedaton,KENDARAAN_BERHENTI,WARNING,798,Golongan I,0.5,CCTV Flyover Mall Boemi Kedaton,Kendaraan Berhenti di Underpass (Sedan/Jip/Pick-up #798),Sedan/Jip/Pick-up #798 terhenti di jalur underpass selama 3.3 detik.
ALT-0057,1789833231.818,2026-09-19 22:53:51.818,190,CCTV Flyover Mall Boemi Kedaton,KENDARAAN_BERHENTI,WARNING,799,Golongan I,1.8,CCTV Flyover Mall Boemi Kedaton,Kendaraan Berhenti di Underpass (Sedan/Jip/Pick-up #799),Sedan/Jip/Pick-up #799 terhenti di jalur underpass selama 3.3 detik.
ALT-0058,1789833231.818,2026-09-19 22:53:51.818,190,CCTV Flyover Mall Boemi Kedaton,LAWAN_ARAH,CRITICAL,797,Golongan I,1.3,CCTV Flyover Mall Boemi Kedaton,BAHAYA: Kendaraan Lawan Arah! (Sedan/Jip/Pick-up #797),Sedan/Jip/Pick-up #797 melaju ke atas melawan arus lajur masuk underpass.
ALT-0001,1789834569.582,2026-09-19 23:16:09.581,190,CCTV Flyover Mall Boemi Kedaton,LAWAN_ARAH,CRITICAL,1,Golongan I,2.9,CCTV Flyover Mall Boemi Kedaton,BAHAYA: Kendaraan Lawan Arah! (Sedan/Jip/Pick-up #1),Sedan/Jip/Pick-up #1 melaju ke atas melawan arus lajur masuk underpass.
ALT-0002,1789834570.397,2026-09-19 23:16:10.396,190,CCTV Flyover Mall Boemi Kedaton,KENDARAAN_BERHENTI,WARNING,1,Golongan I,3.8,CCTV Flyover Mall Boemi Kedaton,Kendaraan Berhenti di Underpass (Sedan/Jip/Pick-up #1),Sedan/Jip/Pick-up #1 terhenti di jalur underpass selama 3.2 detik.
ALT-0003,1789834570.397,2026-09-19 23:16:10.396,190,CCTV Flyover Mall Boemi Kedaton,KENDARAAN_BERHENTI,WARNING,4,Golongan VI-A,0.0,CCTV Flyover Mall Boemi Kedaton,Kendaraan Berhenti di Underpass (Sepeda Motor (Taat Helm) #4),Sepeda Motor (Taat Helm) #4 terhenti di jalur underpass selama 3.2 detik.
ALT-0004,1789834570.397,2026-09-19 23:16:10.396,190,CCTV Flyover Mall Boemi Kedaton,KENDARAAN_BERHENTI,WARNING,6,Golongan VI-A,0.0,CCTV Flyover Mall Boemi Kedaton,Kendaraan Berhenti di Underpass (Sepeda Motor (Taat Helm) #6),Sepeda Motor (Taat Helm) #6 terhenti di jalur underpass selama 3.2 detik.
ALT-0005,1789834570.397,2026-09-19 23:16:10.396,190,CCTV Flyover Mall Boemi Kedaton,LAWAN_ARAH,CRITICAL,4,Golongan VI-A,0.0,CCTV Flyover Mall Boemi Kedaton,BAHAYA: Kendaraan Lawan Arah! (Sepeda Motor (Taat Helm) #4),Sepeda Motor (Taat Helm) #4 melaju ke atas melawan arus lajur masuk underpass.
ALT-0006,1789834574.014,2026-09-19 23:16:14.013,190,CCTV Flyover Mall Boemi Kedaton,PELANGGARAN_HELM,WARNING,5000,Golongan I,0.0,CCTV Flyover Mall Boemi Kedaton,ETLE: Pengendara Motor Tanpa Helm (#5000),Sepeda motor #5000 terdeteksi melanggar aturan lalu lintas (tidak mengenakan helm keselamatan SNI).
ALT-0007,1789834574.318,2026-09-19 23:16:14.317,190,CCTV Flyover Mall Boemi Kedaton,KENDARAAN_BERHENTI,WARNING,8,Golongan I,0.0,CCTV Flyover Mall Boemi Kedaton,Kendaraan Berhenti di Underpass (Bus #8),Bus #8 terhenti di jalur underpass selama 7.1 detik.
ALT-0008,1789834576.255,2026-09-19 23:16:16.255,190,CCTV Flyover Mall Boemi Kedaton,PELANGGARAN_HELM,WARNING,5005,Golongan I,0.0,CCTV Flyover Mall Boemi Kedaton,ETLE: Pengendara Motor Tanpa Helm (#5005),Sepeda motor #5005 terdeteksi melanggar aturan lalu lintas (tidak mengenakan helm keselamatan SNI).
ALT-0009,1789834577.291,2026-09-19 23:16:17.290,190,CCTV Flyover Mall Boemi Kedaton,PELANGGARAN_HELM,WARNING,72,Golongan VI-B,0.0,CCTV Flyover Mall Boemi Kedaton,ETLE: Pengendara Motor Tanpa Helm (#72),Sepeda motor #72 terdeteksi melanggar aturan lalu lintas (tidak mengenakan helm keselamatan SNI).
ALT-0010,1789834577.884,2026-09-19 23:16:17.884,190,CCTV Flyover Mall Boemi Kedaton,PELANGGARAN_HELM,WARNING,5015,Golongan VI-B;Golongan VI-B,0.0,CCTV Flyover Mall Boemi Kedaton,ETLE: Pengendara Motor Tanpa Helm (#5015),Sepeda motor #5015 terdeteksi melanggar aturan lalu lintas (tidak mengenakan helm keselamatan SNI).
ALT-0011,1789834583.199,2026-09-19 23:16:23.198,190,CCTV Flyover Mall Boemi Kedaton,LAWAN_ARAH,CRITICAL,114,Golongan I,5.0,CCTV Flyover Mall Boemi Kedaton,BAHAYA: Kendaraan Lawan Arah! (Sedan/Jip/Pick-up #114),Sedan/Jip/Pick-up #114 melaju ke atas melawan arus lajur masuk underpass.
ALT-0012,1789834595.78,2026-09-19 23:16:35.779,190,CCTV Flyover Mall Boemi Kedaton,KENDARAAN_BERHENTI,WARNING,151,Golongan I,0.0,CCTV Flyover Mall Boemi Kedaton,Kendaraan Berhenti di Underpass (Sedan/Jip/Pick-up #151),Sedan/Jip/Pick-up #151 terhenti di jalur underpass selama 3.9 detik.
ALT-0013,1789834596.377,2026-09-19 23:16:36.376,190,CCTV Flyover Mall Boemi Kedaton,PELANGGARAN_HELM,WARNING,5035,Golongan I,0.0,CCTV Flyover Mall Boemi Kedaton,ETLE: Pengendara Motor Tanpa Helm (#5035),Sepeda motor #5035 terdeteksi melanggar aturan lalu lintas (tidak mengenakan helm keselamatan SNI).
ALT-0014,1789834598.577,2026-09-19 23:16:38.576,190,CCTV Flyover Mall Boemi Kedaton,LAWAN_ARAH,CRITICAL,195,Golongan I,6.9,CCTV Flyover Mall Boemi Kedaton,BAHAYA: Kendaraan Lawan Arah! (Sedan/Jip/Pick-up #195),Sedan/Jip/Pick-up #195 melaju ke atas melawan arus lajur masuk underpass.
ALT-0015,1789834598.577,2026-09-19 23:16:38.576,190,CCTV Flyover Mall Boemi Kedaton,LAWAN_ARAH,CRITICAL,196,Golongan I,6.6,CCTV Flyover Mall Boemi Kedaton,BAHAYA: Kendaraan Lawan Arah! (Sedan/Jip/Pick-up #196),Sedan/Jip/Pick-up #196 melaju ke atas melawan arus lajur masuk underpass.
ALT-0016,1789834603.501,2026-09-19 23:16:43.501,190,CCTV Flyover Mall Boemi Kedaton,LAWAN_ARAH,CRITICAL,160,Golongan I,2.6,CCTV Flyover Mall Boemi Kedaton,BAHAYA: Kendaraan Lawan Arah! (Sedan/Jip/Pick-up #160),Sedan/Jip/Pick-up #160 melaju ke atas melawan arus lajur masuk underpass.
ALT-0017,1789834606.555,2026-09-19 23:16:46.555,190,CCTV Flyover Mall Boemi Kedaton,LAWAN_ARAH,CRITICAL,280,Golongan I,2.0,CCTV Flyover Mall Boemi Kedaton,BAHAYA: Kendaraan Lawan Arah! (Sedan/Jip/Pick-up #280),Sedan/Jip/Pick-up #280 melaju ke atas melawan arus lajur masuk underpass.
ALT-0018,1789834606.972,2026-09-19 23:16:46.972,190,CCTV Flyover Mall Boemi Kedaton,KENDARAAN_BERHENTI,WARNING,275,Golongan I,0.9,CCTV Flyover Mall Boemi Kedaton,Kendaraan Berhenti di Underpass (Sedan/Jip/Pick-up #275),Sedan/Jip/Pick-up #275 terhenti di jalur underpass selama 3.1 detik.
ALT-0019,1789834607.606,2026-09-19 23:16:47.605,190,CCTV Flyover Mall Boemi Kedaton,KENDARAAN_BERHENTI,WARNING,280,Golongan I,1.8,CCTV Flyover Mall Boemi Kedaton,Kendaraan Berhenti di Underpass (Sedan/Jip/Pick-up #280),Sedan/Jip/Pick-up #280 terhenti di jalur underpass selama 3.2 detik.
ALT-0020,1789834611.768,2026-09-19 23:16:51.768,190,CCTV Flyover Mall Boemi Kedaton,PELANGGARAN_HELM,WARNING,5039,Golongan VI-B,0.0,CCTV Flyover Mall Boemi Kedaton,ETLE: Pengendara Motor Tanpa Helm (#5039),Sepeda motor #5039 terdeteksi melanggar aturan lalu lintas (tidak mengenakan helm keselamatan SNI).
ALT-0021,1789834611.768,2026-09-19 23:16:51.768,190,CCTV Flyover Mall Boemi Kedaton,PELANGGARAN_HELM,WARNING,5040,Golongan VI-B,0.0,CCTV Flyover Mall Boemi Kedaton,ETLE: Pengendara Motor Tanpa Helm (#5040),Sepeda motor #5040 terdeteksi melanggar aturan lalu lintas (tidak mengenakan helm keselamatan SNI).
ALT-0022,1789834614.677,2026-09-19 23:16:54.677,190,CCTV Flyover Mall Boemi Kedaton,PELANGGARAN_HELM,WARNING,376,Golongan VI-B,0.0,CCTV Flyover Mall Boemi Kedaton,ETLE: Pengendara Motor Tanpa Helm (#376),Sepeda motor #376 terdeteksi melanggar aturan lalu lintas (tidak mengenakan helm keselamatan SNI).
ALT-0023,1789834615.272,2026-09-19 23:16:55.272,190,CCTV Flyover Mall Boemi Kedaton,KENDARAAN_BERHENTI,WARNING,326,Golongan I,0.3,CCTV Flyover Mall Boemi Kedaton,Kendaraan Berhenti di Underpass (Sedan/Jip/Pick-up #326),Sedan/Jip/Pick-up #326 terhenti di jalur underpass selama 3.2 detik.
ALT-0024,1789834617.439,2026-09-19 23:16:57.438,190,CCTV Flyover Mall Boemi Kedaton,PELANGGARAN_HELM,WARNING,403,Golongan I,3.9,CCTV Flyover Mall Boemi Kedaton,ETLE: Pengendara Motor Tanpa Helm (#403),Sepeda motor #403 terdeteksi melanggar aturan lalu lintas (tidak mengenakan helm keselamatan SNI).
ALT-0025,1789834619.379,2026-09-19 23:16:59.379,190,CCTV Flyover Mall Boemi Kedaton,LAWAN_ARAH,CRITICAL,400,Golongan I,0.0,CCTV Flyover Mall Boemi Kedaton,BAHAYA: Kendaraan Lawan Arah! (Sedan/Jip/Pick-up #400),Sedan/Jip/Pick-up #400 melaju ke atas melawan arus lajur masuk underpass.
ALT-0026,1789834619.728,2026-09-19 23:16:59.727,190,CCTV Flyover Mall Boemi Kedaton,PELANGGARAN_HELM,WARNING,5049,Golongan VI-A;Golongan VI-A;Golongan VI-B,0.0,CCTV Flyover Mall Boemi Kedaton,ETLE: Pengendara Motor Tanpa Helm (#5049),Sepeda motor #5049 terdeteksi melanggar aturan lalu lintas (tidak mengenakan helm keselamatan SNI).
ALT-0027,1789834620.17,2026-09-19 23:17:00.170,190,CCTV Flyover Mall Boemi Kedaton,PELANGGARAN_HELM,WARNING,5052,Golongan I,0.0,CCTV Flyover Mall Boemi Kedaton,ETLE: Pengendara Motor Tanpa Helm (#5052),Sepeda motor #5052 terdeteksi melanggar aturan lalu lintas (tidak mengenakan helm keselamatan SNI).
ALT-0028,1789834620.484,2026-09-19 23:17:00.483,190,CCTV Flyover Mall Boemi Kedaton,PELANGGARAN_HELM,WARNING,441,Golongan I,0.0,CCTV Flyover Mall Boemi Kedaton,ETLE: Pengendara Motor Tanpa Helm (#441),Sepeda motor #441 terdeteksi melanggar aturan lalu lintas (tidak mengenakan helm keselamatan SNI).
ALT-0029,1789834622.697,2026-09-19 23:17:02.696,190,CCTV Flyover Mall Boemi Kedaton,LAWAN_ARAH,CRITICAL,441,Golongan I,0.0,CCTV Flyover Mall Boemi Kedaton,BAHAYA: Kendaraan Lawan Arah! (Sedan/Jip/Pick-up #441),Sedan/Jip/Pick-up #441 melaju ke atas melawan arus lajur masuk underpass.
ALT-0030,1789834623.708,2026-09-19 23:17:03.707,190,CCTV Flyover Mall Boemi Kedaton,KENDARAAN_BERHENTI,WARNING,441,Golongan I,1.4,CCTV Flyover Mall Boemi Kedaton,Kendaraan Berhenti di Underpass (Sedan/Jip/Pick-up #441),Sedan/Jip/Pick-up #441 terhenti di jalur underpass selama 3.2 detik.
ALT-0031,1789834624.027,2026-09-19 23:17:04.027,190,CCTV Flyover Mall Boemi Kedaton,LAWAN_ARAH,CRITICAL,446,Golongan VI-A,3.1,CCTV Flyover Mall Boemi Kedaton,BAHAYA: Kendaraan Lawan Arah! (Sepeda Motor (Taat Helm) #446),Sepeda Motor (Taat Helm) #446 melaju ke atas melawan arus lajur masuk underpass.
ALT-0032,1789834626.534,2026-09-19 23:17:06.533,190,CCTV Flyover Mall Boemi Kedaton,PELANGGARAN_HELM,WARNING,5060,Golongan I,0.0,CCTV Flyover Mall Boemi Kedaton,ETLE: Pengendara Motor Tanpa Helm (#5060),Sepeda motor #5060 terdeteksi melanggar aturan lalu lintas (tidak mengenakan helm keselamatan SNI).
ALT-0033,1789834628.435,2026-09-19 23:17:08.434,190,CCTV Flyover Mall Boemi Kedaton,PELANGGARAN_HELM,WARNING,482,Golongan I,0.0,CCTV Flyover Mall Boemi Kedaton,ETLE: Pengendara Motor Tanpa Helm (#482),Sepeda motor #482 terdeteksi melanggar aturan lalu lintas (tidak mengenakan helm keselamatan SNI).
ALT-0034,1789834630.052,2026-09-19 23:17:10.052,190,CCTV Flyover Mall Boemi Kedaton,PELANGGARAN_HELM,WARNING,485,Golongan I,0.0,CCTV Flyover Mall Boemi Kedaton,ETLE: Pengendara Motor Tanpa Helm (#485),Sepeda motor #485 terdeteksi melanggar aturan lalu lintas (tidak mengenakan helm keselamatan SNI).
ALT-0035,1789834633.668,2026-09-19 23:17:13.667,190,CCTV Flyover Mall Boemi Kedaton,KENDARAAN_BERHENTI,WARNING,485,Golongan I,0.0,CCTV Flyover Mall Boemi Kedaton,Kendaraan Berhenti di Underpass (Sedan/Jip/Pick-up #485),Sedan/Jip/Pick-up #485 terhenti di jalur underpass selama 3.6 detik.
ALT-0036,1789834633.668,2026-09-19 23:17:13.667,190,CCTV Flyover Mall Boemi Kedaton,LAWAN_ARAH,CRITICAL,485,Golongan I,0.0,CCTV Flyover Mall Boemi Kedaton,BAHAYA: Kendaraan Lawan Arah! (Sedan/Jip/Pick-up #485),Sedan/Jip/Pick-up #485 melaju ke atas melawan arus lajur masuk underpass.
ALT-0037,1789834636.951,2026-09-19 23:17:16.950,190,CCTV Flyover Mall Boemi Kedaton,PELANGGARAN_HELM,WARNING,5065,Golongan I,0.0,CCTV Flyover Mall Boemi Kedaton,ETLE: Pengendara Motor Tanpa Helm (#5065),Sepeda motor #5065 terdeteksi melanggar aturan lalu lintas (tidak mengenakan helm keselamatan SNI).
ALT-0038,1789834638.292,2026-09-19 23:17:18.292,190,CCTV Flyover Mall Boemi Kedaton,KENDARAAN_BERHENTI,WARNING,492,Golongan I,3.6,CCTV Flyover Mall Boemi Kedaton,Kendaraan Berhenti di Underpass (Sedan/Jip/Pick-up #492),Sedan/Jip/Pick-up #492 terhenti di jalur underpass selama 3.3 detik.
ALT-0039,1789834645.6,2026-09-19 23:17:25.600,190,CCTV Flyover Mall Boemi Kedaton,LAWAN_ARAH,CRITICAL,518,Golongan I,5.7,CCTV Flyover Mall Boemi Kedaton,BAHAYA: Kendaraan Lawan Arah! (Sedan/Jip/Pick-up #518),Sedan/Jip/Pick-up #518 melaju ke atas melawan arus lajur masuk underpass.
ALT-0040,1789834654.011,2026-09-19 23:17:34.011,190,CCTV Flyover Mall Boemi Kedaton,KENDARAAN_BERHENTI,WARNING,546,Golongan I,0.0,CCTV Flyover Mall Boemi Kedaton,Kendaraan Berhenti di Underpass (Sedan/Jip/Pick-up #546),Sedan/Jip/Pick-up #546 terhenti di jalur underpass selama 4.5 detik.
ALT-0041,1789834654.492,2026-09-19 23:17:34.491,190,CCTV Flyover Mall Boemi Kedaton,LAWAN_ARAH,CRITICAL,554,Golongan I,5.3,CCTV Flyover Mall Boemi Kedaton,BAHAYA: Kendaraan Lawan Arah! (Sedan/Jip/Pick-up #554),Sedan/Jip/Pick-up #554 melaju ke atas melawan arus lajur masuk underpass.
ALT-0042,1789834659.554,2026-09-19 23:17:39.553,190,CCTV Flyover Mall Boemi Kedaton,PELANGGARAN_HELM,WARNING,5071,Golongan VI-B,0.0,CCTV Flyover Mall Boemi Kedaton,ETLE: Pengendara Motor Tanpa Helm (#5071),Sepeda motor #5071 terdeteksi melanggar aturan lalu lintas (tidak mengenakan helm keselamatan SNI).
ALT-0043,1789834661.109,2026-09-19 23:17:41.109,190,CCTV Flyover Mall Boemi Kedaton,PELANGGARAN_HELM,WARNING,5072,Golongan VI-B,0.0,CCTV Flyover Mall Boemi Kedaton,ETLE: Pengendara Motor Tanpa Helm (#5072),Sepeda motor #5072 terdeteksi melanggar aturan lalu lintas (tidak mengenakan helm keselamatan SNI).
ALT-0044,1789834669.211,2026-09-19 23:17:49.210,190,CCTV Flyover Mall Boemi Kedaton,KENDARAAN_BERHENTI,WARNING,592,Golongan I,1.7,CCTV Flyover Mall Boemi Kedaton,Kendaraan Berhenti di Underpass (Sedan/Jip/Pick-up #592),Sedan/Jip/Pick-up #592 terhenti di jalur underpass selama 3.8 detik.
