incident_id,timestamp_epoch,datetime_iso,location_id,location_name,incident_type,severity,involved_track_ids,golongan_types,speed_kmh,location_description,title,description
ALT-0001,1789756753.494,2026-09-19 01:39:13.494,282,Perempatan Jl. Jendral Sudirman,PELANGGARAN_HELM,WARNING,2,Golongan VI-B,0.0,Perempatan Jl. Jendral Sudirman,ETLE: Pengendara Motor Tanpa Helm (#2),Sepeda motor #2 terdeteksi melanggar aturan lalu lintas (tidak mengenakan helm keselamatan SNI).
ALT-0002,1789756757.107,2026-09-19 01:39:17.107,282,Perempatan Jl. Jendral Sudirman,MOTOR_JATUH,CRITICAL,6,Golongan VI-B,0.0,Perempatan Jl. Jendral Sudirman,KECELAKAAN: Sepeda Motor Terjatuh! (#6),Sepeda motor #6 terdeteksi terjatuh/rebah di badan jalan underpass.
ALT-0003,1789756757.107,2026-09-19 01:39:17.107,282,Perempatan Jl. Jendral Sudirman,PELANGGARAN_HELM,WARNING,6,Golongan VI-B,0.0,Perempatan Jl. Jendral Sudirman,ETLE: Pengendara Motor Tanpa Helm (#6),Sepeda motor #6 terdeteksi melanggar aturan lalu lintas (tidak mengenakan helm keselamatan SNI).
ALT-0004,1789756763.500,2026-09-19 01:39:23.500,312,Underpass Unila Arah Rajabasa,KENDARAAN_BERHENTI,WARNING,1,Golongan I,0.0,Underpass Unila Arah Rajabasa,ANOMALI: Kendaraan Terhenti di Underpass (#1),Kendaraan #1 terdeteksi berhenti di dalam terowongan lajur cepat underpass.
ALT-0001,1789806559.175,2026-09-19 15:29:19.175,282,Perempatan Jl. Jendral Sudirman,PELANGGARAN_HELM,WARNING,7,Golongan VI-B,0.0,Perempatan Jl. Jendral Sudirman,ETLE: Pengendara Motor Tanpa Helm (#7),Sepeda motor #7 terdeteksi melanggar aturan lalu lintas (tidak mengenakan helm keselamatan SNI).
ALT-0002,1789807190.042,2026-09-19 15:39:50.042,282,Perempatan Jl. Jendral Sudirman,KENDARAAN_BERHENTI,WARNING,10,Golongan VI-A,0.0,Perempatan Jl. Jendral Sudirman,Kendaraan Berhenti di Underpass (Sepeda Motor (Taat Helm) #10),Sepeda Motor (Taat Helm) #10 terhenti di jalur underpass selama 630.9 detik.
ALT-0003,1789807193.135,2026-09-19 15:39:53.134,282,Perempatan Jl. Jendral Sudirman,PELANGGARAN_HELM,WARNING,10,Golongan VI-B,0.0,Perempatan Jl. Jendral Sudirman,ETLE: Pengendara Motor Tanpa Helm (#10),Sepeda motor #10 terdeteksi melanggar aturan lalu lintas (tidak mengenakan helm keselamatan SNI).
ALT-0004,1789807195.755,2026-09-19 15:39:55.754,282,Perempatan Jl. Jendral Sudirman,PELANGGARAN_HELM,WARNING,38,Golongan VI-B,0.3,Perempatan Jl. Jendral Sudirman,ETLE: Pengendara Motor Tanpa Helm (#38),Sepeda motor #38 terdeteksi melanggar aturan lalu lintas (tidak mengenakan helm keselamatan SNI).
ALT-0005,1789807195.755,2026-09-19 15:39:55.754,282,Perempatan Jl. Jendral Sudirman,PELANGGARAN_HELM,WARNING,28,Golongan VI-B,0.0,Perempatan Jl. Jendral Sudirman,ETLE: Pengendara Motor Tanpa Helm (#28),Sepeda motor #28 terdeteksi melanggar aturan lalu lintas (tidak mengenakan helm keselamatan SNI).
ALT-0006,1789807196.263,2026-09-19 15:39:56.262,282,Perempatan Jl. Jendral Sudirman,KENDARAAN_BERHENTI,WARNING,17,Golongan VI-A,1.4,Perempatan Jl. Jendral Sudirman,Kendaraan Berhenti di Underpass (Sepeda Motor (Taat Helm) #17),Sepeda Motor (Taat Helm) #17 terhenti di jalur underpass selama 3.1 detik.
ALT-0007,1789807196.263,2026-09-19 15:39:56.262,282,Perempatan Jl. Jendral Sudirman,KENDARAAN_BERHENTI,WARNING,7,Golongan VI-A,2.0,Perempatan Jl. Jendral Sudirman,Kendaraan Berhenti di Underpass (Sepeda Motor (Taat Helm) #7),Sepeda Motor (Taat Helm) #7 terhenti di jalur underpass selama 3.1 detik.
ALT-0008,1789807196.263,2026-09-19 15:39:56.262,282,Perempatan Jl. Jendral Sudirman,LAWAN_ARAH,CRITICAL,28,Golongan VI-A,5.5,Perempatan Jl. Jendral Sudirman,BAHAYA: Kendaraan Lawan Arah! (Sepeda Motor (Taat Helm) #28),Sepeda Motor (Taat Helm) #28 melaju melawan arah arus lalu lintas underpass.
ALT-0009,1789807196.263,2026-09-19 15:39:56.262,282,Perempatan Jl. Jendral Sudirman,MOTOR_JATUH,CRITICAL,10,Golongan VI-A,5.4,Perempatan Jl. Jendral Sudirman,KECELAKAAN: Sepeda Motor Terjatuh! (#10),Sepeda motor #10 terdeteksi terjatuh/rebah di badan jalan underpass.
ALT-0010,1789807198.439,2026-09-19 15:39:58.438,282,Perempatan Jl. Jendral Sudirman,KENDARAAN_BERHENTI,WARNING,38,Golongan VI-A,1.2,Perempatan Jl. Jendral Sudirman,Kendaraan Berhenti di Underpass (Sepeda Motor (Taat Helm) #38),Sepeda Motor (Taat Helm) #38 terhenti di jalur underpass selama 3.0 detik.
ALT-0011,1789807198.978,2026-09-19 15:39:58.977,282,Perempatan Jl. Jendral Sudirman,KENDARAAN_BERHENTI,WARNING,12,Golongan VI-A,0.1,Perempatan Jl. Jendral Sudirman,Kendaraan Berhenti di Underpass (Sepeda Motor (Taat Helm) #12),Sepeda Motor (Taat Helm) #12 terhenti di jalur underpass selama 3.1 detik.
ALT-0012,1789807199.862,2026-09-19 15:39:59.861,282,Perempatan Jl. Jendral Sudirman,KENDARAAN_BERHENTI,WARNING,28,Golongan III,0.1,Perempatan Jl. Jendral Sudirman,Kendaraan Berhenti di Underpass (Truk 3 Gandar #28),Truk 3 Gandar #28 terhenti di jalur underpass selama 3.0 detik.
ALT-0013,1789807200.241,2026-09-19 15:40:00.241,282,Perempatan Jl. Jendral Sudirman,KENDARAAN_BERHENTI,WARNING,33,Golongan I,0.0,Perempatan Jl. Jendral Sudirman,Kendaraan Berhenti di Underpass (Sedan/Jip/Pick-up #33),Sedan/Jip/Pick-up #33 terhenti di jalur underpass selama 5.7 detik.
ALT-0014,1789807200.617,2026-09-19 15:40:00.616,282,Perempatan Jl. Jendral Sudirman,KENDARAAN_BERHENTI,WARNING,46,Golongan I,0.0,Perempatan Jl. Jendral Sudirman,Kendaraan Berhenti di Underpass (Sedan/Jip/Pick-up #46),Sedan/Jip/Pick-up #46 terhenti di jalur underpass selama 3.1 detik.
ALT-0015,1789807207.317,2026-09-19 15:40:07.316,282,Perempatan Jl. Jendral Sudirman,PELANGGARAN_HELM,WARNING,128,Golongan VI-B,0.0,Perempatan Jl. Jendral Sudirman,ETLE: Pengendara Motor Tanpa Helm (#128),Sepeda motor #128 terdeteksi melanggar aturan lalu lintas (tidak mengenakan helm keselamatan SNI).
ALT-0016,1789807210.434,2026-09-19 15:40:10.433,282,Perempatan Jl. Jendral Sudirman,KENDARAAN_BERHENTI,WARNING,128,Golongan VI-B,0.1,Perempatan Jl. Jendral Sudirman,Kendaraan Berhenti di Underpass (Sepeda Motor (Tanpa Helm) #128),Sepeda Motor (Tanpa Helm) #128 terhenti di jalur underpass selama 3.1 detik.
ALT-0017,1789807212.11,2026-09-19 15:40:12.109,282,Perempatan Jl. Jendral Sudirman,PELANGGARAN_HELM,WARNING,136,Golongan VI-B,0.0,Perempatan Jl. Jendral Sudirman,ETLE: Pengendara Motor Tanpa Helm (#136),Sepeda motor #136 terdeteksi melanggar aturan lalu lintas (tidak mengenakan helm keselamatan SNI).
ALT-0018,1789807215.191,2026-09-19 15:40:15.191,282,Perempatan Jl. Jendral Sudirman,KENDARAAN_BERHENTI,WARNING,136,Golongan VI-B,0.1,Perempatan Jl. Jendral Sudirman,Kendaraan Berhenti di Underpass (Sepeda Motor (Tanpa Helm) #136),Sepeda Motor (Tanpa Helm) #136 terhenti di jalur underpass selama 3.1 detik.
ALT-0019,1789807219.565,2026-09-19 15:40:19.565,282,Perempatan Jl. Jendral Sudirman,KENDARAAN_BERHENTI,WARNING,144,Golongan VI-A,0.3,Perempatan Jl. Jendral Sudirman,Kendaraan Berhenti di Underpass (Sepeda Motor (Taat Helm) #144),Sepeda Motor (Taat Helm) #144 terhenti di jalur underpass selama 3.1 detik.
ALT-0020,1789807222.198,2026-09-19 15:40:22.198,282,Perempatan Jl. Jendral Sudirman,PELANGGARAN_HELM,WARNING,178,Golongan VI-B,0.0,Perempatan Jl. Jendral Sudirman,ETLE: Pengendara Motor Tanpa Helm (#178),Sepeda motor #178 terdeteksi melanggar aturan lalu lintas (tidak mengenakan helm keselamatan SNI).
ALT-0021,1789807224.371,2026-09-19 15:40:24.371,282,Perempatan Jl. Jendral Sudirman,LAWAN_ARAH,CRITICAL,178,Golongan VI-B,12.7,Perempatan Jl. Jendral Sudirman,BAHAYA: Kendaraan Lawan Arah! (Sepeda Motor (Tanpa Helm) #178),Sepeda Motor (Tanpa Helm) #178 melaju melawan arah arus lalu lintas underpass.
ALT-0022,1789807231.1,2026-09-19 15:40:31.100,282,Perempatan Jl. Jendral Sudirman,LAWAN_ARAH,CRITICAL,263,Golongan I,8.4,Perempatan Jl. Jendral Sudirman,BAHAYA: Kendaraan Lawan Arah! (Sedan/Jip/Pick-up #263),Sedan/Jip/Pick-up #263 melaju melawan arah arus lalu lintas underpass.
ALT-0023,1789807231.808,2026-09-19 15:40:31.807,282,Perempatan Jl. Jendral Sudirman,KENDARAAN_BERHENTI,WARNING,267,Golongan VI-A,0.0,Perempatan Jl. Jendral Sudirman,Kendaraan Berhenti di Underpass (Sepeda Motor (Taat Helm) #267),Sepeda Motor (Taat Helm) #267 terhenti di jalur underpass selama 3.2 detik.
ALT-0024,1789807233.065,2026-09-19 15:40:33.064,282,Perempatan Jl. Jendral Sudirman,KENDARAAN_BERHENTI,WARNING,280,Golongan III,0.1,Perempatan Jl. Jendral Sudirman,Kendaraan Berhenti di Underpass (Truk 3 Gandar #280),Truk 3 Gandar #280 terhenti di jalur underpass selama 3.0 detik.
ALT-0025,1789807233.761,2026-09-19 15:40:33.760,282,Perempatan Jl. Jendral Sudirman,PELANGGARAN_HELM,WARNING,292,Golongan VI-B,0.0,Perempatan Jl. Jendral Sudirman,ETLE: Pengendara Motor Tanpa Helm (#292),Sepeda motor #292 terdeteksi melanggar aturan lalu lintas (tidak mengenakan helm keselamatan SNI).
ALT-0026,1789807236.291,2026-09-19 15:40:36.290,282,Perempatan Jl. Jendral Sudirman,LAWAN_ARAH,CRITICAL,287,Golongan I,9.2,Perempatan Jl. Jendral Sudirman,BAHAYA: Kendaraan Lawan Arah! (Sedan/Jip/Pick-up #287),Sedan/Jip/Pick-up #287 melaju melawan arah arus lalu lintas underpass.
ALT-0027,1789807238.009,2026-09-19 15:40:38.009,282,Perempatan Jl. Jendral Sudirman,LAWAN_ARAH,CRITICAL,297,Golongan I,7.1,Perempatan Jl. Jendral Sudirman,BAHAYA: Kendaraan Lawan Arah! (Sedan/Jip/Pick-up #297),Sedan/Jip/Pick-up #297 melaju melawan arah arus lalu lintas underpass.
ALT-0028,1789807243.151,2026-09-19 15:40:43.150,282,Perempatan Jl. Jendral Sudirman,LAWAN_ARAH,CRITICAL,311,Golongan VI-A,4.6,Perempatan Jl. Jendral Sudirman,BAHAYA: Kendaraan Lawan Arah! (Sepeda Motor (Taat Helm) #311),Sepeda Motor (Taat Helm) #311 melaju melawan arah arus lalu lintas underpass.
ALT-0001,1789807865.933,2026-09-19 15:51:05.933,312,Underpass Unila Arah Rajabasa,LAWAN_ARAH,CRITICAL,38,Golongan I,8.9,Underpass Unila Arah Rajabasa,BAHAYA: Kendaraan Lawan Arah! (Sedan/Jip/Pick-up #38),Sedan/Jip/Pick-up #38 melaju melawan arah arus lalu lintas underpass.
ALT-0002,1789807866.687,2026-09-19 15:51:06.686,312,Underpass Unila Arah Rajabasa,LAWAN_ARAH,CRITICAL,331,Golongan I,0.0,Underpass Unila Arah Rajabasa,BAHAYA: Kendaraan Lawan Arah! (Sedan/Jip/Pick-up #331),Sedan/Jip/Pick-up #331 melaju melawan arah arus lalu lintas underpass.
ALT-0003,1789807867.638,2026-09-19 15:51:07.638,312,Underpass Unila Arah Rajabasa,KENDARAAN_BERHENTI,WARNING,325,Golongan I,2.2,Underpass Unila Arah Rajabasa,Kendaraan Berhenti di Underpass (Sedan/Jip/Pick-up #325),Sedan/Jip/Pick-up #325 terhenti di jalur underpass selama 3.1 detik.
ALT-0004,1789807867.638,2026-09-19 15:51:07.638,312,Underpass Unila Arah Rajabasa,KENDARAAN_BERHENTI,WARNING,326,Golongan I,2.0,Underpass Unila Arah Rajabasa,Kendaraan Berhenti di Underpass (Sedan/Jip/Pick-up #326),Sedan/Jip/Pick-up #326 terhenti di jalur underpass selama 3.1 detik.
ALT-0005,1789807867.638,2026-09-19 15:51:07.638,312,Underpass Unila Arah Rajabasa,KENDARAAN_BERHENTI,WARNING,330,Golongan I,0.6,Underpass Unila Arah Rajabasa,Kendaraan Berhenti di Underpass (Sedan/Jip/Pick-up #330),Sedan/Jip/Pick-up #330 terhenti di jalur underpass selama 3.1 detik.
ALT-0006,1789807867.638,2026-09-19 15:51:07.638,312,Underpass Unila Arah Rajabasa,KENDARAAN_BERHENTI,WARNING,327,Golongan I,0.0,Underpass Unila Arah Rajabasa,Kendaraan Berhenti di Underpass (Sedan/Jip/Pick-up #327),Sedan/Jip/Pick-up #327 terhenti di jalur underpass selama 3.1 detik.
ALT-0007,1789807870.708,2026-09-19 15:51:10.707,312,Underpass Unila Arah Rajabasa,LAWAN_ARAH,CRITICAL,17,Golongan I,12.7,Underpass Unila Arah Rajabasa,BAHAYA: Kendaraan Lawan Arah! (Sedan/Jip/Pick-up #17),Sedan/Jip/Pick-up #17 melaju melawan arah arus lalu lintas underpass.
ALT-0008,1789807871.792,2026-09-19 15:51:11.792,312,Underpass Unila Arah Rajabasa,KENDARAAN_BERHENTI,WARNING,341,Golongan I,2.2,Underpass Unila Arah Rajabasa,Kendaraan Berhenti di Underpass (Sedan/Jip/Pick-up #341),Sedan/Jip/Pick-up #341 terhenti di jalur underpass selama 3.2 detik.
ALT-0009,1789807872.017,2026-09-19 15:51:12.016,312,Underpass Unila Arah Rajabasa,KENDARAAN_BERHENTI,WARNING,343,Golongan I,0.0,Underpass Unila Arah Rajabasa,Kendaraan Berhenti di Underpass (Sedan/Jip/Pick-up #343),Sedan/Jip/Pick-up #343 terhenti di jalur underpass selama 3.2 detik.
ALT-0010,1789807873.47,2026-09-19 15:51:13.470,312,Underpass Unila Arah Rajabasa,KENDARAAN_BERHENTI,WARNING,349,Golongan I,0.0,Underpass Unila Arah Rajabasa,Kendaraan Berhenti di Underpass (Sedan/Jip/Pick-up #349),Sedan/Jip/Pick-up #349 terhenti di jalur underpass selama 3.5 detik.
ALT-0011,1789807874.328,2026-09-19 15:51:14.327,312,Underpass Unila Arah Rajabasa,LAWAN_ARAH,CRITICAL,367,Golongan I,8.5,Underpass Unila Arah Rajabasa,BAHAYA: Kendaraan Lawan Arah! (Sedan/Jip/Pick-up #367),Sedan/Jip/Pick-up #367 melaju melawan arah arus lalu lintas underpass.
ALT-0012,1789807874.573,2026-09-19 15:51:14.572,312,Underpass Unila Arah Rajabasa,KENDARAAN_BERHENTI,WARNING,357,Golongan I,0.0,Underpass Unila Arah Rajabasa,Kendaraan Berhenti di Underpass (Sedan/Jip/Pick-up #357),Sedan/Jip/Pick-up #357 terhenti di jalur underpass selama 3.2 detik.
ALT-0013,1789807875.563,2026-09-19 15:51:15.562,312,Underpass Unila Arah Rajabasa,KENDARAAN_BERHENTI,WARNING,365,Golongan I,0.0,Underpass Unila Arah Rajabasa,Kendaraan Berhenti di Underpass (Sedan/Jip/Pick-up #365),Sedan/Jip/Pick-up #365 terhenti di jalur underpass selama 3.0 detik.
ALT-0014,1789807878.369,2026-09-19 15:51:18.368,312,Underpass Unila Arah Rajabasa,KENDARAAN_BERHENTI,WARNING,372,Golongan I,0.0,Underpass Unila Arah Rajabasa,Kendaraan Berhenti di Underpass (Sedan/Jip/Pick-up #372),Sedan/Jip/Pick-up #372 terhenti di jalur underpass selama 4.3 detik.
ALT-0015,1789807879.244,2026-09-19 15:51:19.244,312,Underpass Unila Arah Rajabasa,KENDARAAN_BERHENTI,WARNING,383,Golongan I,0.0,Underpass Unila Arah Rajabasa,Kendaraan Berhenti di Underpass (Sedan/Jip/Pick-up #383),Sedan/Jip/Pick-up #383 terhenti di jalur underpass selama 3.9 detik.
ALT-0016,1789807879.695,2026-09-19 15:51:19.694,312,Underpass Unila Arah Rajabasa,LAWAN_ARAH,CRITICAL,392,Golongan I,10.0,Underpass Unila Arah Rajabasa,BAHAYA: Kendaraan Lawan Arah! (Truk Kecil #392),Truk Kecil #392 melaju melawan arah arus lalu lintas underpass.
ALT-0017,1789807880.776,2026-09-19 15:51:20.776,312,Underpass Unila Arah Rajabasa,KENDARAAN_BERHENTI,WARNING,350,Golongan I,0.0,Underpass Unila Arah Rajabasa,Kendaraan Berhenti di Underpass (Sedan/Jip/Pick-up #350),Sedan/Jip/Pick-up #350 terhenti di jalur underpass selama 5.2 detik.
ALT-0018,1789807880.776,2026-09-19 15:51:20.776,312,Underpass Unila Arah Rajabasa,LAWAN_ARAH,CRITICAL,390,Golongan I,2.6,Underpass Unila Arah Rajabasa,BAHAYA: Kendaraan Lawan Arah! (Sedan/Jip/Pick-up #390),Sedan/Jip/Pick-up #390 melaju melawan arah arus lalu lintas underpass.
ALT-0019,1789807880.992,2026-09-19 15:51:20.991,312,Underpass Unila Arah Rajabasa,LAWAN_ARAH,CRITICAL,393,Golongan I,6.9,Underpass Unila Arah Rajabasa,BAHAYA: Kendaraan Lawan Arah! (Sedan/Jip/Pick-up #393),Sedan/Jip/Pick-up #393 melaju melawan arah arus lalu lintas underpass.
ALT-0020,1789807881.223,2026-09-19 15:51:21.222,312,Underpass Unila Arah Rajabasa,KENDARAAN_BERHENTI,WARNING,390,Golongan I,3.0,Underpass Unila Arah Rajabasa,Kendaraan Berhenti di Underpass (Sedan/Jip/Pick-up #390),Sedan/Jip/Pick-up #390 terhenti di jalur underpass selama 3.2 detik.
ALT-0021,1789807884.626,2026-09-19 15:51:24.625,312,Underpass Unila Arah Rajabasa,LAWAN_ARAH,CRITICAL,412,Golongan I,9.8,Underpass Unila Arah Rajabasa,BAHAYA: Kendaraan Lawan Arah! (Sedan/Jip/Pick-up #412),Sedan/Jip/Pick-up #412 melaju melawan arah arus lalu lintas underpass.
ALT-0022,1789807886.625,2026-09-19 15:51:26.624,312,Underpass Unila Arah Rajabasa,KENDARAAN_BERHENTI,WARNING,413,Golongan I,0.0,Underpass Unila Arah Rajabasa,Kendaraan Berhenti di Underpass (Sedan/Jip/Pick-up #413),Sedan/Jip/Pick-up #413 terhenti di jalur underpass selama 3.6 detik.
ALT-0023,1789807890.072,2026-09-19 15:51:30.072,312,Underpass Unila Arah Rajabasa,LAWAN_ARAH,CRITICAL,428,Golongan I,0.0,Underpass Unila Arah Rajabasa,BAHAYA: Kendaraan Lawan Arah! (Sedan/Jip/Pick-up #428),Sedan/Jip/Pick-up #428 melaju melawan arah arus lalu lintas underpass.
ALT-0024,1789807890.656,2026-09-19 15:51:30.656,312,Underpass Unila Arah Rajabasa,KENDARAAN_BERHENTI,WARNING,423,Golongan I,2.3,Underpass Unila Arah Rajabasa,Kendaraan Berhenti di Underpass (Sedan/Jip/Pick-up #423),Sedan/Jip/Pick-up #423 terhenti di jalur underpass selama 3.1 detik.
ALT-0025,1789807890.656,2026-09-19 15:51:30.656,312,Underpass Unila Arah Rajabasa,KENDARAAN_BERHENTI,WARNING,425,Golongan I,3.1,Underpass Unila Arah Rajabasa,Kendaraan Berhenti di Underpass (Sedan/Jip/Pick-up #425),Sedan/Jip/Pick-up #425 terhenti di jalur underpass selama 3.1 detik.
ALT-0026,1789807892.686,2026-09-19 15:51:32.685,312,Underpass Unila Arah Rajabasa,LAWAN_ARAH,CRITICAL,430,Golongan I,8.8,Underpass Unila Arah Rajabasa,BAHAYA: Kendaraan Lawan Arah! (Sedan/Jip/Pick-up #430),Sedan/Jip/Pick-up #430 melaju melawan arah arus lalu lintas underpass.
ALT-0027,1789807894.7,2026-09-19 15:51:34.700,312,Underpass Unila Arah Rajabasa,KENDARAAN_BERHENTI,WARNING,426,Golongan I,0.0,Underpass Unila Arah Rajabasa,Kendaraan Berhenti di Underpass (Sedan/Jip/Pick-up #426),Sedan/Jip/Pick-up #426 terhenti di jalur underpass selama 5.3 detik.
ALT-0028,1789807895.942,2026-09-19 15:51:35.941,312,Underpass Unila Arah Rajabasa,LAWAN_ARAH,CRITICAL,440,Golongan I,8.9,Underpass Unila Arah Rajabasa,BAHAYA: Kendaraan Lawan Arah! (Sedan/Jip/Pick-up #440),Sedan/Jip/Pick-up #440 melaju melawan arah arus lalu lintas underpass.
ALT-0029,1789807897.835,2026-09-19 15:51:37.834,312,Underpass Unila Arah Rajabasa,KENDARAAN_BERHENTI,WARNING,424,Golongan I,1.9,Underpass Unila Arah Rajabasa,Kendaraan Berhenti di Underpass (Bus #424),Bus #424 terhenti di jalur underpass selama 3.1 detik.
ALT-0030,1789807900.651,2026-09-19 15:51:40.651,312,Underpass Unila Arah Rajabasa,LAWAN_ARAH,CRITICAL,461,Golongan I,8.3,Underpass Unila Arah Rajabasa,BAHAYA: Kendaraan Lawan Arah! (Sedan/Jip/Pick-up #461),Sedan/Jip/Pick-up #461 melaju melawan arah arus lalu lintas underpass.
ALT-0031,1789807901.639,2026-09-19 15:51:41.638,312,Underpass Unila Arah Rajabasa,KENDARAAN_BERHENTI,WARNING,463,Golongan V,2.3,Underpass Unila Arah Rajabasa,Kendaraan Berhenti di Underpass (Truk 5+ Gandar #463),Truk 5+ Gandar #463 terhenti di jalur underpass selama 3.1 detik.
ALT-0032,1789807901.639,2026-09-19 15:51:41.638,312,Underpass Unila Arah Rajabasa,KENDARAAN_BERHENTI,WARNING,462,Golongan I,1.8,Underpass Unila Arah Rajabasa,Kendaraan Berhenti di Underpass (Sedan/Jip/Pick-up #462),Sedan/Jip/Pick-up #462 terhenti di jalur underpass selama 3.1 detik.
ALT-0033,1789807902.301,2026-09-19 15:51:42.301,312,Underpass Unila Arah Rajabasa,KENDARAAN_BERHENTI,WARNING,466,Golongan I,0.0,Underpass Unila Arah Rajabasa,Kendaraan Berhenti di Underpass (Bus #466),Bus #466 terhenti di jalur underpass selama 3.0 detik.
ALT-0034,1789807907.372,2026-09-19 15:51:47.371,312,Underpass Unila Arah Rajabasa,KENDARAAN_BERHENTI,WARNING,469,Golongan I,0.0,Underpass Unila Arah Rajabasa,Kendaraan Berhenti di Underpass (Sedan/Jip/Pick-up #469),Sedan/Jip/Pick-up #469 terhenti di jalur underpass selama 6.3 detik.
ALT-0035,1789807908.364,2026-09-19 15:51:48.363,312,Underpass Unila Arah Rajabasa,LAWAN_ARAH,CRITICAL,500,Golongan I,4.4,Underpass Unila Arah Rajabasa,BAHAYA: Kendaraan Lawan Arah! (Sedan/Jip/Pick-up #500),Sedan/Jip/Pick-up #500 melaju melawan arah arus lalu lintas underpass.
ALT-0036,1789807910.665,2026-09-19 15:51:50.665,312,Underpass Unila Arah Rajabasa,KENDARAAN_BERHENTI,WARNING,482,Golongan VI-A,0.0,Underpass Unila Arah Rajabasa,Kendaraan Berhenti di Underpass (Sepeda Motor (Taat Helm) #482),Sepeda Motor (Taat Helm) #482 terhenti di jalur underpass selama 6.4 detik.
ALT-0037,1789807910.665,2026-09-19 15:51:50.665,312,Underpass Unila Arah Rajabasa,KENDARAAN_BERHENTI,WARNING,489,Golongan I,0.0,Underpass Unila Arah Rajabasa,Kendaraan Berhenti di Underpass (Sedan/Jip/Pick-up #489),Sedan/Jip/Pick-up #489 terhenti di jalur underpass selama 5.4 detik.
ALT-0038,1789807910.96,2026-09-19 15:51:50.959,312,Underpass Unila Arah Rajabasa,KENDARAAN_BERHENTI,WARNING,492,Golongan I,0.0,Underpass Unila Arah Rajabasa,Kendaraan Berhenti di Underpass (Sedan/Jip/Pick-up #492),Sedan/Jip/Pick-up #492 terhenti di jalur underpass selama 5.1 detik.
ALT-0039,1789807912.442,2026-09-19 15:51:52.441,312,Underpass Unila Arah Rajabasa,PELANGGARAN_HELM,WARNING,518,Golongan VI-B,0.0,Underpass Unila Arah Rajabasa,ETLE: Pengendara Motor Tanpa Helm (#518),Sepeda motor #518 terdeteksi melanggar aturan lalu lintas (tidak mengenakan helm keselamatan SNI).
ALT-0040,1789807913.337,2026-09-19 15:51:53.337,312,Underpass Unila Arah Rajabasa,LAWAN_ARAH,CRITICAL,517,Golongan I,2.2,Underpass Unila Arah Rajabasa,BAHAYA: Kendaraan Lawan Arah! (Sedan/Jip/Pick-up #517),Sedan/Jip/Pick-up #517 melaju melawan arah arus lalu lintas underpass.
ALT-0041,1789807915.211,2026-09-19 15:51:55.210,312,Underpass Unila Arah Rajabasa,KENDARAAN_BERHENTI,WARNING,499,Golongan I,0.0,Underpass Unila Arah Rajabasa,Kendaraan Berhenti di Underpass (Sedan/Jip/Pick-up #499),Sedan/Jip/Pick-up #499 terhenti di jalur underpass selama 7.8 detik.
ALT-0042,1789807916.46,2026-09-19 15:51:56.460,312,Underpass Unila Arah Rajabasa,LAWAN_ARAH,CRITICAL,523,Golongan I,2.4,Underpass Unila Arah Rajabasa,BAHAYA: Kendaraan Lawan Arah! (Sedan/Jip/Pick-up #523),Sedan/Jip/Pick-up #523 melaju melawan arah arus lalu lintas underpass.
ALT-0043,1789807916.683,2026-09-19 15:51:56.683,312,Underpass Unila Arah Rajabasa,LAWAN_ARAH,CRITICAL,524,Golongan I,0.0,Underpass Unila Arah Rajabasa,BAHAYA: Kendaraan Lawan Arah! (Sedan/Jip/Pick-up #524),Sedan/Jip/Pick-up #524 melaju melawan arah arus lalu lintas underpass.
ALT-0044,1789807923.393,2026-09-19 15:52:03.392,312,Underpass Unila Arah Rajabasa,KENDARAAN_BERHENTI,WARNING,532,Golongan I,0.0,Underpass Unila Arah Rajabasa,Kendaraan Berhenti di Underpass (Sedan/Jip/Pick-up #532),Sedan/Jip/Pick-up #532 terhenti di jalur underpass selama 4.2 detik.
ALT-0045,1789807924.113,2026-09-19 15:52:04.112,312,Underpass Unila Arah Rajabasa,KENDARAAN_BERHENTI,WARNING,534,Golongan I,0.0,Underpass Unila Arah Rajabasa,Kendaraan Berhenti di Underpass (Sedan/Jip/Pick-up #534),Sedan/Jip/Pick-up #534 terhenti di jalur underpass selama 3.4 detik.
ALT-0046,1789807925.677,2026-09-19 15:52:05.677,312,Underpass Unila Arah Rajabasa,LAWAN_ARAH,CRITICAL,534,Golongan I,9.5,Underpass Unila Arah Rajabasa,BAHAYA: Kendaraan Lawan Arah! (Sedan/Jip/Pick-up #534),Sedan/Jip/Pick-up #534 melaju melawan arah arus lalu lintas underpass.
ALT-0047,1789807925.677,2026-09-19 15:52:05.677,312,Underpass Unila Arah Rajabasa,LAWAN_ARAH,CRITICAL,539,Golongan I,0.0,Underpass Unila Arah Rajabasa,BAHAYA: Kendaraan Lawan Arah! (Sedan/Jip/Pick-up #539),Sedan/Jip/Pick-up #539 melaju melawan arah arus lalu lintas underpass.
ALT-0048,1789807926.511,2026-09-19 15:52:06.510,312,Underpass Unila Arah Rajabasa,KENDARAAN_BERHENTI,WARNING,540,Golongan I,0.0,Underpass Unila Arah Rajabasa,Kendaraan Berhenti di Underpass (Sedan/Jip/Pick-up #540),Sedan/Jip/Pick-up #540 terhenti di jalur underpass selama 3.8 detik.
ALT-0049,1789807927.169,2026-09-19 15:52:07.168,312,Underpass Unila Arah Rajabasa,LAWAN_ARAH,CRITICAL,540,Golongan I,5.3,Underpass Unila Arah Rajabasa,BAHAYA: Kendaraan Lawan Arah! (Sedan/Jip/Pick-up #540),Sedan/Jip/Pick-up #540 melaju melawan arah arus lalu lintas underpass.
ALT-0050,1789807929.728,2026-09-19 15:52:09.728,312,Underpass Unila Arah Rajabasa,KENDARAAN_BERHENTI,WARNING,552,Golongan I,2.2,Underpass Unila Arah Rajabasa,Kendaraan Berhenti di Underpass (Sedan/Jip/Pick-up #552),Sedan/Jip/Pick-up #552 terhenti di jalur underpass selama 3.0 detik.
ALT-0051,1789807930.863,2026-09-19 15:52:10.862,312,Underpass Unila Arah Rajabasa,KENDARAAN_BERHENTI,WARNING,545,Golongan I,0.0,Underpass Unila Arah Rajabasa,Kendaraan Berhenti di Underpass (Sedan/Jip/Pick-up #545),Sedan/Jip/Pick-up #545 terhenti di jalur underpass selama 6.9 detik.
ALT-0001,1789808265.607,2026-09-19 15:57:45.606,282,Perempatan Jl. Jendral Sudirman,KENDARAAN_BERHENTI,WARNING,563,Golongan I,0.0,Perempatan Jl. Jendral Sudirman,Kendaraan Berhenti di Underpass (Sedan/Jip/Pick-up #563),Sedan/Jip/Pick-up #563 terhenti di jalur underpass selama 3.1 detik.
ALT-0002,1789808265.607,2026-09-19 15:57:45.606,282,Perempatan Jl. Jendral Sudirman,KENDARAAN_BERHENTI,WARNING,565,Golongan I,2.0,Perempatan Jl. Jendral Sudirman,Kendaraan Berhenti di Underpass (Sedan/Jip/Pick-up #565),Sedan/Jip/Pick-up #565 terhenti di jalur underpass selama 3.1 detik.
ALT-0003,1789808265.607,2026-09-19 15:57:45.606,282,Perempatan Jl. Jendral Sudirman,KENDARAAN_BERHENTI,WARNING,566,Golongan VI-A,0.1,Perempatan Jl. Jendral Sudirman,Kendaraan Berhenti di Underpass (Sepeda Motor (Taat Helm) #566),Sepeda Motor (Taat Helm) #566 terhenti di jalur underpass selama 3.1 detik.
ALT-0004,1789808266.1,2026-09-19 15:57:46.100,282,Perempatan Jl. Jendral Sudirman,KENDARAAN_BERHENTI,WARNING,574,Golongan VI-A,0.2,Perempatan Jl. Jendral Sudirman,Kendaraan Berhenti di Underpass (Sepeda Motor (Taat Helm) #574),Sepeda Motor (Taat Helm) #574 terhenti di jalur underpass selama 3.1 detik.
ALT-0005,1789808266.1,2026-09-19 15:57:46.100,282,Perempatan Jl. Jendral Sudirman,KENDARAAN_BERHENTI,WARNING,575,Golongan VI-A,0.1,Perempatan Jl. Jendral Sudirman,Kendaraan Berhenti di Underpass (Sepeda Motor (Taat Helm) #575),Sepeda Motor (Taat Helm) #575 terhenti di jalur underpass selama 3.1 detik.
ALT-0006,1789808266.1,2026-09-19 15:57:46.100,282,Perempatan Jl. Jendral Sudirman,LAWAN_ARAH,CRITICAL,562,Golongan I,0.0,Perempatan Jl. Jendral Sudirman,BAHAYA: Kendaraan Lawan Arah! (Sedan/Jip/Pick-up #562),Sedan/Jip/Pick-up #562 melaju melawan arah arus lalu lintas underpass.
ALT-0007,1789808266.6,2026-09-19 15:57:46.599,282,Perempatan Jl. Jendral Sudirman,PELANGGARAN_HELM,WARNING,601,Golongan VI-B,0.0,Perempatan Jl. Jendral Sudirman,ETLE: Pengendara Motor Tanpa Helm (#601),Sepeda motor #601 terdeteksi melanggar aturan lalu lintas (tidak mengenakan helm keselamatan SNI).
ALT-0008,1789808267.398,2026-09-19 15:57:47.398,282,Perempatan Jl. Jendral Sudirman,KENDARAAN_BERHENTI,WARNING,559,Golongan I,0.0,Perempatan Jl. Jendral Sudirman,Kendaraan Berhenti di Underpass (Sedan/Jip/Pick-up #559),Sedan/Jip/Pick-up #559 terhenti di jalur underpass selama 4.2 detik.
ALT-0009,1789808267.85,2026-09-19 15:57:47.850,282,Perempatan Jl. Jendral Sudirman,PELANGGARAN_HELM,WARNING,599,Golongan VI-B,0.0,Perempatan Jl. Jendral Sudirman,ETLE: Pengendara Motor Tanpa Helm (#599),Sepeda motor #599 terdeteksi melanggar aturan lalu lintas (tidak mengenakan helm keselamatan SNI).
ALT-0010,1789808268.542,2026-09-19 15:57:48.542,282,Perempatan Jl. Jendral Sudirman,KENDARAAN_BERHENTI,WARNING,583,Golongan I,0.0,Perempatan Jl. Jendral Sudirman,Kendaraan Berhenti di Underpass (Sedan/Jip/Pick-up #583),Sedan/Jip/Pick-up #583 terhenti di jalur underpass selama 3.5 detik.
ALT-0011,1789808268.821,2026-09-19 15:57:48.820,282,Perempatan Jl. Jendral Sudirman,KENDARAAN_BERHENTI,WARNING,557,Golongan VI-A,0.0,Perempatan Jl. Jendral Sudirman,Kendaraan Berhenti di Underpass (Sepeda Motor (Taat Helm) #557),Sepeda Motor (Taat Helm) #557 terhenti di jalur underpass selama 4.6 detik.
ALT-0012,1789808269.869,2026-09-19 15:57:49.868,282,Perempatan Jl. Jendral Sudirman,KENDARAAN_BERHENTI,WARNING,599,Golongan VI-B,0.4,Perempatan Jl. Jendral Sudirman,Kendaraan Berhenti di Underpass (Sepeda Motor (Tanpa Helm) #599),Sepeda Motor (Tanpa Helm) #599 terhenti di jalur underpass selama 3.3 detik.
ALT-0013,1789808269.869,2026-09-19 15:57:49.868,282,Perempatan Jl. Jendral Sudirman,KENDARAAN_BERHENTI,WARNING,601,Golongan VI-B,0.7,Perempatan Jl. Jendral Sudirman,Kendaraan Berhenti di Underpass (Sepeda Motor (Tanpa Helm) #601),Sepeda Motor (Tanpa Helm) #601 terhenti di jalur underpass selama 3.3 detik.
ALT-0014,1789808270.583,2026-09-19 15:57:50.582,282,Perempatan Jl. Jendral Sudirman,KENDARAAN_BERHENTI,WARNING,572,Golongan VI-A,0.5,Perempatan Jl. Jendral Sudirman,Kendaraan Berhenti di Underpass (Sepeda Motor (Taat Helm) #572),Sepeda Motor (Taat Helm) #572 terhenti di jalur underpass selama 3.2 detik.
ALT-0015,1789808271.676,2026-09-19 15:57:51.676,282,Perempatan Jl. Jendral Sudirman,PELANGGARAN_HELM,WARNING,575,Golongan VI-B,0.4,Perempatan Jl. Jendral Sudirman,ETLE: Pengendara Motor Tanpa Helm (#575),Sepeda motor #575 terdeteksi melanggar aturan lalu lintas (tidak mengenakan helm keselamatan SNI).
ALT-0016,1789808272.883,2026-09-19 15:57:52.882,282,Perempatan Jl. Jendral Sudirman,PELANGGARAN_HELM,WARNING,666,Golongan VI-B,0.0,Perempatan Jl. Jendral Sudirman,ETLE: Pengendara Motor Tanpa Helm (#666),Sepeda motor #666 terdeteksi melanggar aturan lalu lintas (tidak mengenakan helm keselamatan SNI).
ALT-0017,1789808272.883,2026-09-19 15:57:52.882,282,Perempatan Jl. Jendral Sudirman,PELANGGARAN_HELM,WARNING,667,Golongan VI-B,0.0,Perempatan Jl. Jendral Sudirman,ETLE: Pengendara Motor Tanpa Helm (#667),Sepeda motor #667 terdeteksi melanggar aturan lalu lintas (tidak mengenakan helm keselamatan SNI).
ALT-0018,1789808273.295,2026-09-19 15:57:53.294,282,Perempatan Jl. Jendral Sudirman,PELANGGARAN_HELM,WARNING,654,Golongan VI-B,0.0,Perempatan Jl. Jendral Sudirman,ETLE: Pengendara Motor Tanpa Helm (#654),Sepeda motor #654 terdeteksi melanggar aturan lalu lintas (tidak mengenakan helm keselamatan SNI).
ALT-0019,1789808273.5,2026-09-19 15:57:53.500,282,Perempatan Jl. Jendral Sudirman,KENDARAAN_BERHENTI,WARNING,628,Golongan I,0.0,Perempatan Jl. Jendral Sudirman,Kendaraan Berhenti di Underpass (Sedan/Jip/Pick-up #628),Sedan/Jip/Pick-up #628 terhenti di jalur underpass selama 3.4 detik.
ALT-0020,1789808275.691,2026-09-19 15:57:55.691,282,Perempatan Jl. Jendral Sudirman,PELANGGARAN_HELM,WARNING,680,Golongan VI-B,0.0,Perempatan Jl. Jendral Sudirman,ETLE: Pengendara Motor Tanpa Helm (#680),Sepeda motor #680 terdeteksi melanggar aturan lalu lintas (tidak mengenakan helm keselamatan SNI).
ALT-0021,1789808280.53,2026-09-19 15:58:00.529,282,Perempatan Jl. Jendral Sudirman,KENDARAAN_BERHENTI,WARNING,686,Golongan I,2.2,Perempatan Jl. Jendral Sudirman,Kendaraan Berhenti di Underpass (Sedan/Jip/Pick-up #686),Sedan/Jip/Pick-up #686 terhenti di jalur underpass selama 3.1 detik.
ALT-0022,1789808280.53,2026-09-19 15:58:00.529,282,Perempatan Jl. Jendral Sudirman,KENDARAAN_BERHENTI,WARNING,688,Golongan VI-A,0.1,Perempatan Jl. Jendral Sudirman,Kendaraan Berhenti di Underpass (Sepeda Motor (Taat Helm) #688),Sepeda Motor (Taat Helm) #688 terhenti di jalur underpass selama 3.1 detik.
ALT-0023,1789808280.53,2026-09-19 15:58:00.529,282,Perempatan Jl. Jendral Sudirman,KENDARAAN_BERHENTI,WARNING,690,Golongan III,0.1,Perempatan Jl. Jendral Sudirman,Kendaraan Berhenti di Underpass (Truk 3 Gandar #690),Truk 3 Gandar #690 terhenti di jalur underpass selama 3.1 detik.
ALT-0024,1789808280.53,2026-09-19 15:58:00.529,282,Perempatan Jl. Jendral Sudirman,KENDARAAN_BERHENTI,WARNING,691,Golongan I,0.1,Perempatan Jl. Jendral Sudirman,Kendaraan Berhenti di Underpass (Sedan/Jip/Pick-up #691),Sedan/Jip/Pick-up #691 terhenti di jalur underpass selama 3.1 detik.
ALT-0025,1789808280.53,2026-09-19 15:58:00.529,282,Perempatan Jl. Jendral Sudirman,KENDARAAN_BERHENTI,WARNING,692,Golongan VI-A,0.1,Perempatan Jl. Jendral Sudirman,Kendaraan Berhenti di Underpass (Sepeda Motor (Taat Helm) #692),Sepeda Motor (Taat Helm) #692 terhenti di jalur underpass selama 3.1 detik.
ALT-0026,1789808280.96,2026-09-19 15:58:00.960,282,Perempatan Jl. Jendral Sudirman,LAWAN_ARAH,CRITICAL,572,Golongan VI-A,2.6,Perempatan Jl. Jendral Sudirman,BAHAYA: Kendaraan Lawan Arah! (Sepeda Motor (Taat Helm) #572),Sepeda Motor (Taat Helm) #572 melaju melawan arah arus lalu lintas underpass.
ALT-0027,1789808282.923,2026-09-19 15:58:02.922,282,Perempatan Jl. Jendral Sudirman,LAWAN_ARAH,CRITICAL,708,Golongan VI-A,10.4,Perempatan Jl. Jendral Sudirman,BAHAYA: Kendaraan Lawan Arah! (Sepeda Motor (Taat Helm) #708),Sepeda Motor (Taat Helm) #708 melaju melawan arah arus lalu lintas underpass.
ALT-0028,1789808283.17,2026-09-19 15:58:03.169,282,Perempatan Jl. Jendral Sudirman,LAWAN_ARAH,CRITICAL,718,Golongan VI-A,9.8,Perempatan Jl. Jendral Sudirman,BAHAYA: Kendaraan Lawan Arah! (Sepeda Motor (Taat Helm) #718),Sepeda Motor (Taat Helm) #718 melaju melawan arah arus lalu lintas underpass.
ALT-0029,1789808283.793,2026-09-19 15:58:03.793,282,Perempatan Jl. Jendral Sudirman,LAWAN_ARAH,CRITICAL,690,Golongan III,1.9,Perempatan Jl. Jendral Sudirman,BAHAYA: Kendaraan Lawan Arah! (Truk 3 Gandar #690),Truk 3 Gandar #690 melaju melawan arah arus lalu lintas underpass.
ALT-0030,1789808284.595,2026-09-19 15:58:04.595,282,Perempatan Jl. Jendral Sudirman,LAWAN_ARAH,CRITICAL,563,Golongan I,1.6,Perempatan Jl. Jendral Sudirman,BAHAYA: Kendaraan Lawan Arah! (Sedan/Jip/Pick-up #563),Sedan/Jip/Pick-up #563 melaju melawan arah arus lalu lintas underpass.
ALT-0031,1789808285.159,2026-09-19 15:58:05.159,282,Perempatan Jl. Jendral Sudirman,PELANGGARAN_HELM,WARNING,750,Golongan VI-B,0.0,Perempatan Jl. Jendral Sudirman,ETLE: Pengendara Motor Tanpa Helm (#750),Sepeda motor #750 terdeteksi melanggar aturan lalu lintas (tidak mengenakan helm keselamatan SNI).
ALT-0032,1789808285.159,2026-09-19 15:58:05.159,282,Perempatan Jl. Jendral Sudirman,PELANGGARAN_HELM,WARNING,751,Golongan VI-B,0.0,Perempatan Jl. Jendral Sudirman,ETLE: Pengendara Motor Tanpa Helm (#751),Sepeda motor #751 terdeteksi melanggar aturan lalu lintas (tidak mengenakan helm keselamatan SNI).
ALT-0033,1789808285.351,2026-09-19 15:58:05.350,282,Perempatan Jl. Jendral Sudirman,PELANGGARAN_HELM,WARNING,718,Golongan VI-B,10.7,Perempatan Jl. Jendral Sudirman,ETLE: Pengendara Motor Tanpa Helm (#718),Sepeda motor #718 terdeteksi melanggar aturan lalu lintas (tidak mengenakan helm keselamatan SNI).
ALT-0034,1789808286.18,2026-09-19 15:58:06.180,282,Perempatan Jl. Jendral Sudirman,LAWAN_ARAH,CRITICAL,747,Golongan I,8.4,Perempatan Jl. Jendral Sudirman,BAHAYA: Kendaraan Lawan Arah! (Sedan/Jip/Pick-up #747),Sedan/Jip/Pick-up #747 melaju melawan arah arus lalu lintas underpass.
ALT-0035,1789808286.18,2026-09-19 15:58:06.180,282,Perempatan Jl. Jendral Sudirman,LAWAN_ARAH,CRITICAL,749,Golongan VI-A,8.5,Perempatan Jl. Jendral Sudirman,BAHAYA: Kendaraan Lawan Arah! (Sepeda Motor (Taat Helm) #749),Sepeda Motor (Taat Helm) #749 melaju melawan arah arus lalu lintas underpass.
ALT-0036,1789808286.18,2026-09-19 15:58:06.180,282,Perempatan Jl. Jendral Sudirman,LAWAN_ARAH,CRITICAL,750,Golongan VI-A,9.1,Perempatan Jl. Jendral Sudirman,BAHAYA: Kendaraan Lawan Arah! (Sepeda Motor (Taat Helm) #750),Sepeda Motor (Taat Helm) #750 melaju melawan arah arus lalu lintas underpass.
ALT-0037,1789808287.192,2026-09-19 15:58:07.191,282,Perempatan Jl. Jendral Sudirman,LAWAN_ARAH,CRITICAL,758,Golongan I,5.1,Perempatan Jl. Jendral Sudirman,BAHAYA: Kendaraan Lawan Arah! (Sedan/Jip/Pick-up #758),Sedan/Jip/Pick-up #758 melaju melawan arah arus lalu lintas underpass.
ALT-0038,1789808287.785,2026-09-19 15:58:07.784,282,Perempatan Jl. Jendral Sudirman,LAWAN_ARAH,CRITICAL,760,Golongan VI-A,8.2,Perempatan Jl. Jendral Sudirman,BAHAYA: Kendaraan Lawan Arah! (Sepeda Motor (Taat Helm) #760),Sepeda Motor (Taat Helm) #760 melaju melawan arah arus lalu lintas underpass.
ALT-0039,1789808287.785,2026-09-19 15:58:07.784,282,Perempatan Jl. Jendral Sudirman,PELANGGARAN_HELM,WARNING,749,Golongan VI-B,7.8,Perempatan Jl. Jendral Sudirman,ETLE: Pengendara Motor Tanpa Helm (#749),Sepeda motor #749 terdeteksi melanggar aturan lalu lintas (tidak mengenakan helm keselamatan SNI).
ALT-0040,1789808288.66,2026-09-19 15:58:08.660,282,Perempatan Jl. Jendral Sudirman,PELANGGARAN_HELM,WARNING,825,Golongan VI-B,0.0,Perempatan Jl. Jendral Sudirman,ETLE: Pengendara Motor Tanpa Helm (#825),Sepeda motor #825 terdeteksi melanggar aturan lalu lintas (tidak mengenakan helm keselamatan SNI).
ALT-0041,1789808290.893,2026-09-19 15:58:10.892,282,Perempatan Jl. Jendral Sudirman,LAWAN_ARAH,CRITICAL,563,Golongan I,11.3,Perempatan Jl. Jendral Sudirman,BAHAYA: Kendaraan Lawan Arah! (Sedan/Jip/Pick-up #563),Sedan/Jip/Pick-up #563 melaju melawan arah arus lalu lintas underpass.
ALT-0042,1789808291.305,2026-09-19 15:58:11.304,282,Perempatan Jl. Jendral Sudirman,LAWAN_ARAH,CRITICAL,848,Golongan VI-A,12.7,Perempatan Jl. Jendral Sudirman,BAHAYA: Kendaraan Lawan Arah! (Sepeda Motor (Taat Helm) #848),Sepeda Motor (Taat Helm) #848 melaju melawan arah arus lalu lintas underpass.
ALT-0043,1789808296.646,2026-09-19 15:58:16.645,282,Perempatan Jl. Jendral Sudirman,LAWAN_ARAH,CRITICAL,886,Golongan VI-A,6.2,Perempatan Jl. Jendral Sudirman,BAHAYA: Kendaraan Lawan Arah! (Sepeda Motor (Taat Helm) #886),Sepeda Motor (Taat Helm) #886 melaju melawan arah arus lalu lintas underpass.
ALT-0044,1789808298.197,2026-09-19 15:58:18.197,282,Perempatan Jl. Jendral Sudirman,PELANGGARAN_HELM,WARNING,890,Golongan VI-B,14.0,Perempatan Jl. Jendral Sudirman,ETLE: Pengendara Motor Tanpa Helm (#890),Sepeda motor #890 terdeteksi melanggar aturan lalu lintas (tidak mengenakan helm keselamatan SNI).
ALT-0045,1789808313.287,2026-09-19 15:58:33.287,282,Perempatan Jl. Jendral Sudirman,KENDARAAN_BERHENTI,WARNING,922,Golongan VI-A,0.9,Perempatan Jl. Jendral Sudirman,Kendaraan Berhenti di Underpass (Sepeda Motor (Taat Helm) #922),Sepeda Motor (Taat Helm) #922 terhenti di jalur underpass selama 3.1 detik.
ALT-0046,1789808313.287,2026-09-19 15:58:33.287,282,Perempatan Jl. Jendral Sudirman,KENDARAAN_BERHENTI,WARNING,923,Golongan VI-A,0.9,Perempatan Jl. Jendral Sudirman,Kendaraan Berhenti di Underpass (Sepeda Motor (Taat Helm) #923),Sepeda Motor (Taat Helm) #923 terhenti di jalur underpass selama 3.1 detik.
ALT-0047,1789808313.287,2026-09-19 15:58:33.287,282,Perempatan Jl. Jendral Sudirman,KENDARAAN_BERHENTI,WARNING,924,Golongan I,0.0,Perempatan Jl. Jendral Sudirman,Kendaraan Berhenti di Underpass (Sedan/Jip/Pick-up #924),Sedan/Jip/Pick-up #924 terhenti di jalur underpass selama 3.1 detik.
ALT-0048,1789808314.22,2026-09-19 15:58:34.220,282,Perempatan Jl. Jendral Sudirman,PELANGGARAN_HELM,WARNING,937,Golongan VI-B,0.0,Perempatan Jl. Jendral Sudirman,ETLE: Pengendara Motor Tanpa Helm (#937),Sepeda motor #937 terdeteksi melanggar aturan lalu lintas (tidak mengenakan helm keselamatan SNI).
ALT-0049,1789808314.929,2026-09-19 15:58:34.928,282,Perempatan Jl. Jendral Sudirman,LAWAN_ARAH,CRITICAL,923,Golongan VI-A,0.9,Perempatan Jl. Jendral Sudirman,BAHAYA: Kendaraan Lawan Arah! (Sepeda Motor (Taat Helm) #923),Sepeda Motor (Taat Helm) #923 melaju melawan arah arus lalu lintas underpass.
ALT-0050,1789808315.872,2026-09-19 15:58:35.872,282,Perempatan Jl. Jendral Sudirman,LAWAN_ARAH,CRITICAL,945,Golongan VI-A,5.7,Perempatan Jl. Jendral Sudirman,BAHAYA: Kendaraan Lawan Arah! (Sepeda Motor (Taat Helm) #945),Sepeda Motor (Taat Helm) #945 melaju melawan arah arus lalu lintas underpass.
ALT-0051,1789808315.872,2026-09-19 15:58:35.872,282,Perempatan Jl. Jendral Sudirman,LAWAN_ARAH,CRITICAL,942,Golongan VI-A,5.7,Perempatan Jl. Jendral Sudirman,BAHAYA: Kendaraan Lawan Arah! (Sepeda Motor (Taat Helm) #942),Sepeda Motor (Taat Helm) #942 melaju melawan arah arus lalu lintas underpass.
ALT-0052,1789808317.317,2026-09-19 15:58:37.317,282,Perempatan Jl. Jendral Sudirman,KENDARAAN_BERHENTI,WARNING,934,Golongan VI-A,0.0,Perempatan Jl. Jendral Sudirman,Kendaraan Berhenti di Underpass (Sepeda Motor (Taat Helm) #934),Sepeda Motor (Taat Helm) #934 terhenti di jalur underpass selama 3.1 detik.
ALT-0053,1789808317.856,2026-09-19 15:58:37.855,282,Perempatan Jl. Jendral Sudirman,PELANGGARAN_HELM,WARNING,998,Golongan VI-B,0.0,Perempatan Jl. Jendral Sudirman,ETLE: Pengendara Motor Tanpa Helm (#998),Sepeda motor #998 terdeteksi melanggar aturan lalu lintas (tidak mengenakan helm keselamatan SNI).
ALT-0054,1789808318.294,2026-09-19 15:58:38.294,282,Perempatan Jl. Jendral Sudirman,KENDARAAN_BERHENTI,WARNING,949,Golongan VI-A,0.2,Perempatan Jl. Jendral Sudirman,Kendaraan Berhenti di Underpass (Sepeda Motor (Taat Helm) #949),Sepeda Motor (Taat Helm) #949 terhenti di jalur underpass selama 3.2 detik.
ALT-0055,1789808318.963,2026-09-19 15:58:38.962,282,Perempatan Jl. Jendral Sudirman,LAWAN_ARAH,CRITICAL,994,Golongan VI-A,5.8,Perempatan Jl. Jendral Sudirman,BAHAYA: Kendaraan Lawan Arah! (Sepeda Motor (Taat Helm) #994),Sepeda Motor (Taat Helm) #994 melaju melawan arah arus lalu lintas underpass.
ALT-0056,1789808318.963,2026-09-19 15:58:38.962,282,Perempatan Jl. Jendral Sudirman,LAWAN_ARAH,CRITICAL,995,Golongan VI-A,6.6,Perempatan Jl. Jendral Sudirman,BAHAYA: Kendaraan Lawan Arah! (Sepeda Motor (Taat Helm) #995),Sepeda Motor (Taat Helm) #995 melaju melawan arah arus lalu lintas underpass.
ALT-0057,1789808319.795,2026-09-19 15:58:39.795,282,Perempatan Jl. Jendral Sudirman,PELANGGARAN_HELM,WARNING,996,Golongan VI-B,0.4,Perempatan Jl. Jendral Sudirman,ETLE: Pengendara Motor Tanpa Helm (#996),Sepeda motor #996 terdeteksi melanggar aturan lalu lintas (tidak mengenakan helm keselamatan SNI).
ALT-0058,1789808321.071,2026-09-19 15:58:41.071,282,Perempatan Jl. Jendral Sudirman,KENDARAAN_BERHENTI,WARNING,996,Golongan VI-B,0.1,Perempatan Jl. Jendral Sudirman,Kendaraan Berhenti di Underpass (Sepeda Motor (Tanpa Helm) #996),Sepeda Motor (Tanpa Helm) #996 terhenti di jalur underpass selama 3.2 detik.
ALT-0059,1789808321.071,2026-09-19 15:58:41.071,282,Perempatan Jl. Jendral Sudirman,KENDARAAN_BERHENTI,WARNING,998,Golongan VI-B,0.6,Perempatan Jl. Jendral Sudirman,Kendaraan Berhenti di Underpass (Sepeda Motor (Tanpa Helm) #998),Sepeda Motor (Tanpa Helm) #998 terhenti di jalur underpass selama 3.2 detik.
ALT-0060,1789808322.4,2026-09-19 15:58:42.399,282,Perempatan Jl. Jendral Sudirman,PELANGGARAN_HELM,WARNING,1053,Golongan VI-B,0.0,Perempatan Jl. Jendral Sudirman,ETLE: Pengendara Motor Tanpa Helm (#1053),Sepeda motor #1053 terdeteksi melanggar aturan lalu lintas (tidak mengenakan helm keselamatan SNI).
ALT-0061,1789808326.106,2026-09-19 15:58:46.106,282,Perempatan Jl. Jendral Sudirman,KENDARAAN_BERHENTI,WARNING,1053,Golongan VI-A,0.0,Perempatan Jl. Jendral Sudirman,Kendaraan Berhenti di Underpass (Sepeda Motor (Taat Helm) #1053),Sepeda Motor (Taat Helm) #1053 terhenti di jalur underpass selama 3.7 detik.
ALT-0001,1789808533.874,2026-09-19 16:02:13.873,312,Underpass Unila Arah Rajabasa,LAWAN_ARAH,CRITICAL,1072,Golongan I,3.1,Underpass Unila Arah Rajabasa,BAHAYA: Kendaraan Lawan Arah! (Sedan/Jip/Pick-up #1072),Sedan/Jip/Pick-up #1072 melaju melawan arah arus lalu lintas underpass.
ALT-0002,1789808533.874,2026-09-19 16:02:13.873,312,Underpass Unila Arah Rajabasa,LAWAN_ARAH,CRITICAL,1075,Golongan I,9.6,Underpass Unila Arah Rajabasa,BAHAYA: Kendaraan Lawan Arah! (Sedan/Jip/Pick-up #1075),Sedan/Jip/Pick-up #1075 melaju melawan arah arus lalu lintas underpass.
ALT-0003,1789808535.553,2026-09-19 16:02:15.552,312,Underpass Unila Arah Rajabasa,KENDARAAN_BERHENTI,WARNING,1055,Golongan I,1.2,Underpass Unila Arah Rajabasa,Kendaraan Berhenti di Underpass (Sedan/Jip/Pick-up #1055),Sedan/Jip/Pick-up #1055 terhenti di jalur underpass selama 3.1 detik.
ALT-0004,1789808535.973,2026-09-19 16:02:15.973,312,Underpass Unila Arah Rajabasa,KENDARAAN_BERHENTI,WARNING,1074,Golongan I,2.4,Underpass Unila Arah Rajabasa,Kendaraan Berhenti di Underpass (Sedan/Jip/Pick-up #1074),Sedan/Jip/Pick-up #1074 terhenti di jalur underpass selama 3.2 detik.
ALT-0005,1789808536.222,2026-09-19 16:02:16.221,312,Underpass Unila Arah Rajabasa,KENDARAAN_BERHENTI,WARNING,1078,Golongan I,0.0,Underpass Unila Arah Rajabasa,Kendaraan Berhenti di Underpass (Sedan/Jip/Pick-up #1078),Sedan/Jip/Pick-up #1078 terhenti di jalur underpass selama 3.4 detik.
ALT-0006,1789808541.809,2026-09-19 16:02:21.808,312,Underpass Unila Arah Rajabasa,KENDARAAN_BERHENTI,WARNING,1108,Golongan I,0.8,Underpass Unila Arah Rajabasa,Kendaraan Berhenti di Underpass (Sedan/Jip/Pick-up #1108),Sedan/Jip/Pick-up #1108 terhenti di jalur underpass selama 3.1 detik.
ALT-0007,1789808542.794,2026-09-19 16:02:22.793,312,Underpass Unila Arah Rajabasa,KENDARAAN_BERHENTI,WARNING,1073,Golongan III,1.1,Underpass Unila Arah Rajabasa,Kendaraan Berhenti di Underpass (Truk 3 Gandar #1073),Truk 3 Gandar #1073 terhenti di jalur underpass selama 3.0 detik.
ALT-0008,1789808543.849,2026-09-19 16:02:23.848,312,Underpass Unila Arah Rajabasa,LAWAN_ARAH,CRITICAL,1131,Golongan I,9.9,Underpass Unila Arah Rajabasa,BAHAYA: Kendaraan Lawan Arah! (Sedan/Jip/Pick-up #1131),Sedan/Jip/Pick-up #1131 melaju melawan arah arus lalu lintas underpass.
ALT-0009,1789808544.313,2026-09-19 16:02:24.313,312,Underpass Unila Arah Rajabasa,LAWAN_ARAH,CRITICAL,1073,Golongan I,2.1,Underpass Unila Arah Rajabasa,BAHAYA: Kendaraan Lawan Arah! (Sedan/Jip/Pick-up #1073),Sedan/Jip/Pick-up #1073 melaju melawan arah arus lalu lintas underpass.
ALT-0010,1789808544.8,2026-09-19 16:02:24.800,312,Underpass Unila Arah Rajabasa,LAWAN_ARAH,CRITICAL,1130,Golongan I,6.5,Underpass Unila Arah Rajabasa,BAHAYA: Kendaraan Lawan Arah! (Sedan/Jip/Pick-up #1130),Sedan/Jip/Pick-up #1130 melaju melawan arah arus lalu lintas underpass.
ALT-0011,1789808546.066,2026-09-19 16:02:26.066,312,Underpass Unila Arah Rajabasa,KENDARAAN_BERHENTI,WARNING,1133,Golongan I,2.0,Underpass Unila Arah Rajabasa,Kendaraan Berhenti di Underpass (Sedan/Jip/Pick-up #1133),Sedan/Jip/Pick-up #1133 terhenti di jalur underpass selama 3.1 detik.
ALT-0012,1789808548.215,2026-09-19 16:02:28.214,312,Underpass Unila Arah Rajabasa,LAWAN_ARAH,CRITICAL,1142,Golongan I,9.3,Underpass Unila Arah Rajabasa,BAHAYA: Kendaraan Lawan Arah! (Sedan/Jip/Pick-up #1142),Sedan/Jip/Pick-up #1142 melaju melawan arah arus lalu lintas underpass.
ALT-0013,1789808548.416,2026-09-19 16:02:28.416,312,Underpass Unila Arah Rajabasa,LAWAN_ARAH,CRITICAL,1148,Golongan I,3.4,Underpass Unila Arah Rajabasa,BAHAYA: Kendaraan Lawan Arah! (Sedan/Jip/Pick-up #1148),Sedan/Jip/Pick-up #1148 melaju melawan arah arus lalu lintas underpass.
ALT-0014,1789808550.426,2026-09-19 16:02:30.426,312,Underpass Unila Arah Rajabasa,KENDARAAN_BERHENTI,WARNING,1140,Golongan I,0.1,Underpass Unila Arah Rajabasa,Kendaraan Berhenti di Underpass (Sedan/Jip/Pick-up #1140),Sedan/Jip/Pick-up #1140 terhenti di jalur underpass selama 3.2 detik.
ALT-0015,1789808550.426,2026-09-19 16:02:30.426,312,Underpass Unila Arah Rajabasa,KENDARAAN_BERHENTI,WARNING,1144,Golongan I,1.3,Underpass Unila Arah Rajabasa,Kendaraan Berhenti di Underpass (Sedan/Jip/Pick-up #1144),Sedan/Jip/Pick-up #1144 terhenti di jalur underpass selama 3.2 detik.
ALT-0016,1789808550.426,2026-09-19 16:02:30.426,312,Underpass Unila Arah Rajabasa,KENDARAAN_BERHENTI,WARNING,1146,Golongan I,0.0,Underpass Unila Arah Rajabasa,Kendaraan Berhenti di Underpass (Sedan/Jip/Pick-up #1146),Sedan/Jip/Pick-up #1146 terhenti di jalur underpass selama 3.2 detik.
ALT-0017,1789808550.632,2026-09-19 16:02:30.632,312,Underpass Unila Arah Rajabasa,KENDARAAN_BERHENTI,WARNING,1143,Golongan I,0.0,Underpass Unila Arah Rajabasa,Kendaraan Berhenti di Underpass (Sedan/Jip/Pick-up #1143),Sedan/Jip/Pick-up #1143 terhenti di jalur underpass selama 3.4 detik.
ALT-0018,1789808557.031,2026-09-19 16:02:37.031,312,Underpass Unila Arah Rajabasa,KENDARAAN_BERHENTI,WARNING,1175,Golongan I,0.0,Underpass Unila Arah Rajabasa,Kendaraan Berhenti di Underpass (Sedan/Jip/Pick-up #1175),Sedan/Jip/Pick-up #1175 terhenti di jalur underpass selama 4.1 detik.
ALT-0019,1789808557.031,2026-09-19 16:02:37.031,312,Underpass Unila Arah Rajabasa,LAWAN_ARAH,CRITICAL,1199,Golongan I,11.1,Underpass Unila Arah Rajabasa,BAHAYA: Kendaraan Lawan Arah! (Sedan/Jip/Pick-up #1199),Sedan/Jip/Pick-up #1199 melaju melawan arah arus lalu lintas underpass.
ALT-0020,1789808557.654,2026-09-19 16:02:37.654,312,Underpass Unila Arah Rajabasa,KENDARAAN_BERHENTI,WARNING,1145,Golongan I,1.6,Underpass Unila Arah Rajabasa,Kendaraan Berhenti di Underpass (Sedan/Jip/Pick-up #1145),Sedan/Jip/Pick-up #1145 terhenti di jalur underpass selama 3.2 detik.
ALT-0021,1789808557.857,2026-09-19 16:02:37.856,312,Underpass Unila Arah Rajabasa,KENDARAAN_BERHENTI,WARNING,1193,Golongan I,2.5,Underpass Unila Arah Rajabasa,Kendaraan Berhenti di Underpass (Sedan/Jip/Pick-up #1193),Sedan/Jip/Pick-up #1193 terhenti di jalur underpass selama 3.2 detik.
ALT-0022,1789808558.671,2026-09-19 16:02:38.671,312,Underpass Unila Arah Rajabasa,KENDARAAN_BERHENTI,WARNING,1127,Golongan I,0.0,Underpass Unila Arah Rajabasa,Kendaraan Berhenti di Underpass (Sedan/Jip/Pick-up #1127),Sedan/Jip/Pick-up #1127 terhenti di jalur underpass selama 5.6 detik.
ALT-0023,1789808558.671,2026-09-19 16:02:38.671,312,Underpass Unila Arah Rajabasa,KENDARAAN_BERHENTI,WARNING,1165,Golongan I,0.0,Underpass Unila Arah Rajabasa,Kendaraan Berhenti di Underpass (Sedan/Jip/Pick-up #1165),Sedan/Jip/Pick-up #1165 terhenti di jalur underpass selama 7.1 detik.
ALT-0024,1789808561.85,2026-09-19 16:02:41.850,312,Underpass Unila Arah Rajabasa,KENDARAAN_BERHENTI,WARNING,1214,Golongan I,2.2,Underpass Unila Arah Rajabasa,Kendaraan Berhenti di Underpass (Sedan/Jip/Pick-up #1214),Sedan/Jip/Pick-up #1214 terhenti di jalur underpass selama 3.0 detik.
ALT-0025,1789808562.617,2026-09-19 16:02:42.617,312,Underpass Unila Arah Rajabasa,KENDARAAN_BERHENTI,WARNING,1223,Golongan I,3.2,Underpass Unila Arah Rajabasa,Kendaraan Berhenti di Underpass (Sedan/Jip/Pick-up #1223),Sedan/Jip/Pick-up #1223 terhenti di jalur underpass selama 3.0 detik.
ALT-0026,1789808566.509,2026-09-19 16:02:46.508,312,Underpass Unila Arah Rajabasa,KENDARAAN_BERHENTI,WARNING,1246,Golongan I,0.0,Underpass Unila Arah Rajabasa,Kendaraan Berhenti di Underpass (Sedan/Jip/Pick-up #1246),Sedan/Jip/Pick-up #1246 terhenti di jalur underpass selama 3.1 detik.
ALT-0027,1789808566.958,2026-09-19 16:02:46.958,312,Underpass Unila Arah Rajabasa,KENDARAAN_BERHENTI,WARNING,1249,Golongan I,2.0,Underpass Unila Arah Rajabasa,Kendaraan Berhenti di Underpass (Sedan/Jip/Pick-up #1249),Sedan/Jip/Pick-up #1249 terhenti di jalur underpass selama 3.2 detik.
ALT-0028,1789808567.494,2026-09-19 16:02:47.494,312,Underpass Unila Arah Rajabasa,KENDARAAN_BERHENTI,WARNING,1242,Golongan I,0.0,Underpass Unila Arah Rajabasa,Kendaraan Berhenti di Underpass (Sedan/Jip/Pick-up #1242),Sedan/Jip/Pick-up #1242 terhenti di jalur underpass selama 5.5 detik.
ALT-0029,1789808569.415,2026-09-19 16:02:49.414,312,Underpass Unila Arah Rajabasa,LAWAN_ARAH,CRITICAL,1254,Golongan I,9.0,Underpass Unila Arah Rajabasa,BAHAYA: Kendaraan Lawan Arah! (Sedan/Jip/Pick-up #1254),Sedan/Jip/Pick-up #1254 melaju melawan arah arus lalu lintas underpass.
ALT-0030,1789808573.215,2026-09-19 16:02:53.214,312,Underpass Unila Arah Rajabasa,LAWAN_ARAH,CRITICAL,1262,Golongan I,7.0,Underpass Unila Arah Rajabasa,BAHAYA: Kendaraan Lawan Arah! (Sedan/Jip/Pick-up #1262),Sedan/Jip/Pick-up #1262 melaju melawan arah arus lalu lintas underpass.
ALT-0031,1789808574.294,2026-09-19 16:02:54.293,312,Underpass Unila Arah Rajabasa,KENDARAAN_BERHENTI,WARNING,1260,Golongan I,1.4,Underpass Unila Arah Rajabasa,Kendaraan Berhenti di Underpass (Sedan/Jip/Pick-up #1260),Sedan/Jip/Pick-up #1260 terhenti di jalur underpass selama 3.1 detik.
ALT-0032,1789808574.869,2026-09-19 16:02:54.868,312,Underpass Unila Arah Rajabasa,KENDARAAN_BERHENTI,WARNING,1264,Golongan I,0.0,Underpass Unila Arah Rajabasa,Kendaraan Berhenti di Underpass (Sedan/Jip/Pick-up #1264),Sedan/Jip/Pick-up #1264 terhenti di jalur underpass selama 3.7 detik.
ALT-0033,1789808575.178,2026-09-19 16:02:55.178,312,Underpass Unila Arah Rajabasa,LAWAN_ARAH,CRITICAL,1261,Golongan I,0.0,Underpass Unila Arah Rajabasa,BAHAYA: Kendaraan Lawan Arah! (Sedan/Jip/Pick-up #1261),Sedan/Jip/Pick-up #1261 melaju melawan arah arus lalu lintas underpass.
ALT-0034,1789808578.126,2026-09-19 16:02:58.126,312,Underpass Unila Arah Rajabasa,LAWAN_ARAH,CRITICAL,1287,Golongan I,6.9,Underpass Unila Arah Rajabasa,BAHAYA: Kendaraan Lawan Arah! (Sedan/Jip/Pick-up #1287),Sedan/Jip/Pick-up #1287 melaju melawan arah arus lalu lintas underpass.
ALT-0035,1789808579.125,2026-09-19 16:02:59.124,312,Underpass Unila Arah Rajabasa,KENDARAAN_BERHENTI,WARNING,1285,Golongan I,1.8,Underpass Unila Arah Rajabasa,Kendaraan Berhenti di Underpass (Sedan/Jip/Pick-up #1285),Sedan/Jip/Pick-up #1285 terhenti di jalur underpass selama 3.2 detik.
ALT-0036,1789808579.125,2026-09-19 16:02:59.124,312,Underpass Unila Arah Rajabasa,KENDARAAN_BERHENTI,WARNING,1255,Golongan I,0.0,Underpass Unila Arah Rajabasa,Kendaraan Berhenti di Underpass (Sedan/Jip/Pick-up #1255),Sedan/Jip/Pick-up #1255 terhenti di jalur underpass selama 3.5 detik.
ALT-0037,1789808586.47,2026-09-19 16:03:06.469,312,Underpass Unila Arah Rajabasa,KENDARAAN_BERHENTI,WARNING,1298,Golongan I,0.3,Underpass Unila Arah Rajabasa,Kendaraan Berhenti di Underpass (Sedan/Jip/Pick-up #1298),Sedan/Jip/Pick-up #1298 terhenti di jalur underpass selama 3.1 detik.
ALT-0038,1789808586.47,2026-09-19 16:03:06.469,312,Underpass Unila Arah Rajabasa,KENDARAAN_BERHENTI,WARNING,1299,Golongan I,0.8,Underpass Unila Arah Rajabasa,Kendaraan Berhenti di Underpass (Sedan/Jip/Pick-up #1299),Sedan/Jip/Pick-up #1299 terhenti di jalur underpass selama 3.1 detik.
ALT-0039,1789808586.47,2026-09-19 16:03:06.469,312,Underpass Unila Arah Rajabasa,LAWAN_ARAH,CRITICAL,1300,Golongan I,4.7,Underpass Unila Arah Rajabasa,BAHAYA: Kendaraan Lawan Arah! (Sedan/Jip/Pick-up #1300),Sedan/Jip/Pick-up #1300 melaju melawan arah arus lalu lintas underpass.
ALT-0040,1789808587.405,2026-09-19 16:03:07.404,312,Underpass Unila Arah Rajabasa,KENDARAAN_BERHENTI,WARNING,1302,Golongan I,1.2,Underpass Unila Arah Rajabasa,Kendaraan Berhenti di Underpass (Sedan/Jip/Pick-up #1302),Sedan/Jip/Pick-up #1302 terhenti di jalur underpass selama 3.2 detik.
ALT-0041,1789808592.924,2026-09-19 16:03:12.923,312,Underpass Unila Arah Rajabasa,KENDARAAN_BERHENTI,WARNING,1306,Golongan I,0.7,Underpass Unila Arah Rajabasa,Kendaraan Berhenti di Underpass (Sedan/Jip/Pick-up #1306),Sedan/Jip/Pick-up #1306 terhenti di jalur underpass selama 3.1 detik.
ALT-0042,1789808609.724,2026-09-19 16:03:29.724,312,Underpass Unila Arah Rajabasa,KENDARAAN_BERHENTI,WARNING,1318,Golongan I,0.8,Underpass Unila Arah Rajabasa,Kendaraan Berhenti di Underpass (Sedan/Jip/Pick-up #1318),Sedan/Jip/Pick-up #1318 terhenti di jalur underpass selama 3.3 detik.
ALT-0043,1789808614.644,2026-09-19 16:03:34.644,312,Underpass Unila Arah Rajabasa,KENDARAAN_BERHENTI,WARNING,1322,Golongan I,0.0,Underpass Unila Arah Rajabasa,Kendaraan Berhenti di Underpass (Sedan/Jip/Pick-up #1322),Sedan/Jip/Pick-up #1322 terhenti di jalur underpass selama 5.9 detik.
ALT-0044,1789808618.477,2026-09-19 16:03:38.476,312,Underpass Unila Arah Rajabasa,KENDARAAN_BERHENTI,WARNING,1317,Golongan I,0.0,Underpass Unila Arah Rajabasa,Kendaraan Berhenti di Underpass (Sedan/Jip/Pick-up #1317),Sedan/Jip/Pick-up #1317 terhenti di jalur underpass selama 3.0 detik.
ALT-0045,1789808618.477,2026-09-19 16:03:38.476,312,Underpass Unila Arah Rajabasa,LAWAN_ARAH,CRITICAL,1317,Golongan I,0.0,Underpass Unila Arah Rajabasa,BAHAYA: Kendaraan Lawan Arah! (Sedan/Jip/Pick-up #1317),Sedan/Jip/Pick-up #1317 melaju melawan arah arus lalu lintas underpass.
ALT-0046,1789808619.578,2026-09-19 16:03:39.578,312,Underpass Unila Arah Rajabasa,KENDARAAN_BERHENTI,WARNING,1335,Golongan I,1.8,Underpass Unila Arah Rajabasa,Kendaraan Berhenti di Underpass (Sedan/Jip/Pick-up #1335),Sedan/Jip/Pick-up #1335 terhenti di jalur underpass selama 3.4 detik.
ALT-0047,1789808620.42,2026-09-19 16:03:40.419,312,Underpass Unila Arah Rajabasa,KENDARAAN_BERHENTI,WARNING,1330,Golongan I,0.0,Underpass Unila Arah Rajabasa,Kendaraan Berhenti di Underpass (Sedan/Jip/Pick-up #1330),Sedan/Jip/Pick-up #1330 terhenti di jalur underpass selama 6.7 detik.
ALT-0048,1789808631.168,2026-09-19 16:03:51.168,312,Underpass Unila Arah Rajabasa,KENDARAAN_BERHENTI,WARNING,1373,Golongan I,2.3,Underpass Unila Arah Rajabasa,Kendaraan Berhenti di Underpass (Sedan/Jip/Pick-up #1373),Sedan/Jip/Pick-up #1373 terhenti di jalur underpass selama 3.3 detik.
ALT-0049,1789808631.168,2026-09-19 16:03:51.168,312,Underpass Unila Arah Rajabasa,KENDARAAN_BERHENTI,WARNING,1374,Golongan I,0.9,Underpass Unila Arah Rajabasa,Kendaraan Berhenti di Underpass (Bus #1374),Bus #1374 terhenti di jalur underpass selama 3.3 detik.
ALT-0050,1789808634.351,2026-09-19 16:03:54.350,312,Underpass Unila Arah Rajabasa,KENDARAAN_BERHENTI,WARNING,1345,Golongan I,1.8,Underpass Unila Arah Rajabasa,Kendaraan Berhenti di Underpass (Sedan/Jip/Pick-up #1345),Sedan/Jip/Pick-up #1345 terhenti di jalur underpass selama 3.2 detik.
ALT-0051,1789808637.081,2026-09-19 16:03:57.081,312,Underpass Unila Arah Rajabasa,LAWAN_ARAH,CRITICAL,1390,Golongan I,11.5,Underpass Unila Arah Rajabasa,BAHAYA: Kendaraan Lawan Arah! (Sedan/Jip/Pick-up #1390),Sedan/Jip/Pick-up #1390 melaju melawan arah arus lalu lintas underpass.
ALT-0052,1789808639.663,2026-09-19 16:03:59.663,312,Underpass Unila Arah Rajabasa,KENDARAAN_BERHENTI,WARNING,1292,Golongan I,0.0,Underpass Unila Arah Rajabasa,Kendaraan Berhenti di Underpass (Sedan/Jip/Pick-up #1292),Sedan/Jip/Pick-up #1292 terhenti di jalur underpass selama 4.0 detik.
ALT-0053,1789808640.246,2026-09-19 16:04:00.246,312,Underpass Unila Arah Rajabasa,KENDARAAN_BERHENTI,WARNING,1396,Golongan I,2.2,Underpass Unila Arah Rajabasa,Kendaraan Berhenti di Underpass (Sedan/Jip/Pick-up #1396),Sedan/Jip/Pick-up #1396 terhenti di jalur underpass selama 3.2 detik.
ALT-0054,1789808641.146,2026-09-19 16:04:01.146,312,Underpass Unila Arah Rajabasa,LAWAN_ARAH,CRITICAL,1402,Golongan I,6.4,Underpass Unila Arah Rajabasa,BAHAYA: Kendaraan Lawan Arah! (Sedan/Jip/Pick-up #1402),Sedan/Jip/Pick-up #1402 melaju melawan arah arus lalu lintas underpass.
ALT-0001,1789810506.041,2026-09-19 16:35:06.040,282,Perempatan Jl. Jendral Sudirman,PELANGGARAN_HELM,WARNING,5000,Golongan VI-B;Golongan VI-A;Golongan VI-B,0.0,Perempatan Jl. Jendral Sudirman,ETLE: Pengendara Motor Tanpa Helm (#5000),Sepeda motor #5000 terdeteksi melanggar aturan lalu lintas (tidak mengenakan helm keselamatan SNI).
ALT-0002,1789810506.041,2026-09-19 16:35:06.040,282,Perempatan Jl. Jendral Sudirman,PELANGGARAN_HELM,WARNING,5001,Golongan VI-B;Golongan VI-A,0.0,Perempatan Jl. Jendral Sudirman,ETLE: Pengendara Motor Tanpa Helm (#5001),Sepeda motor #5001 terdeteksi melanggar aturan lalu lintas (tidak mengenakan helm keselamatan SNI).
ALT-0001,1789813143.901,2026-09-19 17:19:03.900,312,Underpass Unila Arah Rajabasa,LAWAN_ARAH,CRITICAL,42,Golongan I,6.6,Underpass Unila Arah Rajabasa,BAHAYA: Kendaraan Lawan Arah! (Sedan/Jip/Pick-up #42),Sedan/Jip/Pick-up #42 melaju ke atas melawan arus lajur masuk underpass.
ALT-0002,1789813145.363,2026-09-19 17:19:05.363,312,Underpass Unila Arah Rajabasa,KENDARAAN_BERHENTI,WARNING,3,Golongan I,0.3,Underpass Unila Arah Rajabasa,Kendaraan Berhenti di Underpass (Sedan/Jip/Pick-up #3),Sedan/Jip/Pick-up #3 terhenti di jalur underpass selama 3.1 detik.
ALT-0003,1789813145.363,2026-09-19 17:19:05.363,312,Underpass Unila Arah Rajabasa,KENDARAAN_BERHENTI,WARNING,7,Golongan I,0.1,Underpass Unila Arah Rajabasa,Kendaraan Berhenti di Underpass (Sedan/Jip/Pick-up #7),Sedan/Jip/Pick-up #7 terhenti di jalur underpass selama 3.1 detik.
ALT-0004,1789813145.781,2026-09-19 17:19:05.780,312,Underpass Unila Arah Rajabasa,KENDARAAN_BERHENTI,WARNING,41,Golongan III,0.1,Underpass Unila Arah Rajabasa,Kendaraan Berhenti di Underpass (Truk 3 Gandar #41),Truk 3 Gandar #41 terhenti di jalur underpass selama 3.1 detik.
ALT-0005,1789813148.692,2026-09-19 17:19:08.692,312,Underpass Unila Arah Rajabasa,KENDARAAN_BERHENTI,WARNING,72,Golongan I,0.4,Underpass Unila Arah Rajabasa,Kendaraan Berhenti di Underpass (Sedan/Jip/Pick-up #72),Sedan/Jip/Pick-up #72 terhenti di jalur underpass selama 3.1 detik.
ALT-0006,1789813150.331,2026-09-19 17:19:10.331,312,Underpass Unila Arah Rajabasa,LAWAN_ARAH,CRITICAL,58,Golongan I,10.9,Underpass Unila Arah Rajabasa,BAHAYA: Kendaraan Lawan Arah! (Sedan/Jip/Pick-up #58),Sedan/Jip/Pick-up #58 melaju ke atas melawan arus lajur masuk underpass.
ALT-0007,1789813151.579,2026-09-19 17:19:11.579,312,Underpass Unila Arah Rajabasa,KENDARAAN_BERHENTI,WARNING,96,Golongan III,0.0,Underpass Unila Arah Rajabasa,Kendaraan Berhenti di Underpass (Truk 3 Gandar #96),Truk 3 Gandar #96 terhenti di jalur underpass selama 3.4 detik.
ALT-0008,1789813152.714,2026-09-19 17:19:12.714,312,Underpass Unila Arah Rajabasa,KENDARAAN_BERHENTI,WARNING,122,Golongan I,0.0,Underpass Unila Arah Rajabasa,Kendaraan Berhenti di Underpass (Sedan/Jip/Pick-up #122),Sedan/Jip/Pick-up #122 terhenti di jalur underpass selama 3.1 detik.
ALT-0009,1789813153.69,2026-09-19 17:19:13.690,312,Underpass Unila Arah Rajabasa,KENDARAAN_BERHENTI,WARNING,118,Golongan III,0.1,Underpass Unila Arah Rajabasa,Kendaraan Berhenti di Underpass (Truk 3 Gandar #118),Truk 3 Gandar #118 terhenti di jalur underpass selama 3.0 detik.
ALT-0010,1789813155.25,2026-09-19 17:19:15.249,312,Underpass Unila Arah Rajabasa,LAWAN_ARAH,CRITICAL,162,Golongan I,11.1,Underpass Unila Arah Rajabasa,BAHAYA: Kendaraan Lawan Arah! (Sedan/Jip/Pick-up #162),Sedan/Jip/Pick-up #162 melaju ke atas melawan arus lajur masuk underpass.
ALT-0011,1789813155.785,2026-09-19 17:19:15.784,312,Underpass Unila Arah Rajabasa,LAWAN_ARAH,CRITICAL,170,Golongan I,9.2,Underpass Unila Arah Rajabasa,BAHAYA: Kendaraan Lawan Arah! (Sedan/Jip/Pick-up #170),Sedan/Jip/Pick-up #170 melaju ke atas melawan arus lajur masuk underpass.
ALT-0012,1789813157.468,2026-09-19 17:19:17.467,312,Underpass Unila Arah Rajabasa,KENDARAAN_BERHENTI,WARNING,134,Golongan III,0.0,Underpass Unila Arah Rajabasa,Kendaraan Berhenti di Underpass (Truk 3 Gandar #134),Truk 3 Gandar #134 terhenti di jalur underpass selama 6.4 detik.
ALT-0013,1789813158.541,2026-09-19 17:19:18.540,312,Underpass Unila Arah Rajabasa,LAWAN_ARAH,CRITICAL,198,Golongan I,12.1,Underpass Unila Arah Rajabasa,BAHAYA: Kendaraan Lawan Arah! (Sedan/Jip/Pick-up #198),Sedan/Jip/Pick-up #198 melaju ke atas melawan arus lajur masuk underpass.
ALT-0014,1789813159.23,2026-09-19 17:19:19.229,312,Underpass Unila Arah Rajabasa,KENDARAAN_BERHENTI,WARNING,120,Golongan I,0.0,Underpass Unila Arah Rajabasa,Kendaraan Berhenti di Underpass (Bus #120),Bus #120 terhenti di jalur underpass selama 4.9 detik.
ALT-0015,1789813160.686,2026-09-19 17:19:20.685,312,Underpass Unila Arah Rajabasa,KENDARAAN_BERHENTI,WARNING,199,Golongan I,0.0,Underpass Unila Arah Rajabasa,Kendaraan Berhenti di Underpass (Sedan/Jip/Pick-up #199),Sedan/Jip/Pick-up #199 terhenti di jalur underpass selama 3.0 detik.
ALT-0016,1789813160.686,2026-09-19 17:19:20.685,312,Underpass Unila Arah Rajabasa,KENDARAAN_BERHENTI,WARNING,201,Golongan I,0.1,Underpass Unila Arah Rajabasa,Kendaraan Berhenti di Underpass (Sedan/Jip/Pick-up #201),Sedan/Jip/Pick-up #201 terhenti di jalur underpass selama 3.0 detik.
ALT-0017,1789813161.078,2026-09-19 17:19:21.077,312,Underpass Unila Arah Rajabasa,KENDARAAN_BERHENTI,WARNING,194,Golongan III,0.0,Underpass Unila Arah Rajabasa,Kendaraan Berhenti di Underpass (Truk 3 Gandar #194),Truk 3 Gandar #194 terhenti di jalur underpass selama 3.9 detik.
ALT-0018,1789813162.965,2026-09-19 17:19:22.965,312,Underpass Unila Arah Rajabasa,LAWAN_ARAH,CRITICAL,253,Golongan I,3.1,Underpass Unila Arah Rajabasa,BAHAYA: Kendaraan Lawan Arah! (Sedan/Jip/Pick-up #253),Sedan/Jip/Pick-up #253 melaju ke atas melawan arus lajur masuk underpass.
ALT-0019,1789813162.965,2026-09-19 17:19:22.965,312,Underpass Unila Arah Rajabasa,LAWAN_ARAH,CRITICAL,201,Golongan III,0.0,Underpass Unila Arah Rajabasa,BAHAYA: Kendaraan Lawan Arah! (Truk 3 Gandar #201),Truk 3 Gandar #201 melaju ke atas melawan arus lajur masuk underpass.
ALT-0020,1789813164.284,2026-09-19 17:19:24.283,312,Underpass Unila Arah Rajabasa,LAWAN_ARAH,CRITICAL,281,Golongan I,10.1,Underpass Unila Arah Rajabasa,BAHAYA: Kendaraan Lawan Arah! (Truk Kecil #281),Truk Kecil #281 melaju ke atas melawan arus lajur masuk underpass.
ALT-0021,1789813165.026,2026-09-19 17:19:25.026,312,Underpass Unila Arah Rajabasa,LAWAN_ARAH,CRITICAL,289,Golongan I,14.8,Underpass Unila Arah Rajabasa,BAHAYA: Kendaraan Lawan Arah! (Sedan/Jip/Pick-up #289),Sedan/Jip/Pick-up #289 melaju ke atas melawan arus lajur masuk underpass.
ALT-0022,1789813167.26,2026-09-19 17:19:27.259,312,Underpass Unila Arah Rajabasa,LAWAN_ARAH,CRITICAL,318,Golongan I,5.6,Underpass Unila Arah Rajabasa,BAHAYA: Kendaraan Lawan Arah! (Sedan/Jip/Pick-up #318),Sedan/Jip/Pick-up #318 melaju ke atas melawan arus lajur masuk underpass.
ALT-0023,1789813169.621,2026-09-19 17:19:29.620,312,Underpass Unila Arah Rajabasa,LAWAN_ARAH,CRITICAL,337,Golongan I,9.7,Underpass Unila Arah Rajabasa,BAHAYA: Kendaraan Lawan Arah! (Sedan/Jip/Pick-up #337),Sedan/Jip/Pick-up #337 melaju ke atas melawan arus lajur masuk underpass.
ALT-0024,1789813170.454,2026-09-19 17:19:30.454,312,Underpass Unila Arah Rajabasa,LAWAN_ARAH,CRITICAL,338,Golongan I,8.8,Underpass Unila Arah Rajabasa,BAHAYA: Kendaraan Lawan Arah! (Sedan/Jip/Pick-up #338),Sedan/Jip/Pick-up #338 melaju ke atas melawan arus lajur masuk underpass.
ALT-0025,1789813171.825,2026-09-19 17:19:31.824,312,Underpass Unila Arah Rajabasa,KENDARAAN_BERHENTI,WARNING,339,Golongan I,0.0,Underpass Unila Arah Rajabasa,Kendaraan Berhenti di Underpass (Sedan/Jip/Pick-up #339),Sedan/Jip/Pick-up #339 terhenti di jalur underpass selama 3.1 detik.
ALT-0026,1789813173.555,2026-09-19 17:19:33.554,312,Underpass Unila Arah Rajabasa,LAWAN_ARAH,CRITICAL,364,Golongan I,6.5,Underpass Unila Arah Rajabasa,BAHAYA: Kendaraan Lawan Arah! (Sedan/Jip/Pick-up #364),Sedan/Jip/Pick-up #364 melaju ke atas melawan arus lajur masuk underpass.
ALT-0027,1789813174.385,2026-09-19 17:19:34.385,312,Underpass Unila Arah Rajabasa,PELANGGARAN_HELM,WARNING,346,Golongan VI-B,0.0,Underpass Unila Arah Rajabasa,ETLE: Pengendara Motor Tanpa Helm (#346),Sepeda motor #346 terdeteksi melanggar aturan lalu lintas (tidak mengenakan helm keselamatan SNI).
ALT-0028,1789813175.244,2026-09-19 17:19:35.243,312,Underpass Unila Arah Rajabasa,KENDARAAN_BERHENTI,WARNING,334,Golongan I,0.0,Underpass Unila Arah Rajabasa,Kendaraan Berhenti di Underpass (Sedan/Jip/Pick-up #334),Sedan/Jip/Pick-up #334 terhenti di jalur underpass selama 7.0 detik.
ALT-0029,1789813176.417,2026-09-19 17:19:36.416,312,Underpass Unila Arah Rajabasa,LAWAN_ARAH,CRITICAL,385,Golongan I,8.9,Underpass Unila Arah Rajabasa,BAHAYA: Kendaraan Lawan Arah! (Sedan/Jip/Pick-up #385),Sedan/Jip/Pick-up #385 melaju ke atas melawan arus lajur masuk underpass.
ALT-0030,1789813178.043,2026-09-19 17:19:38.042,312,Underpass Unila Arah Rajabasa,LAWAN_ARAH,CRITICAL,425,Golongan I,11.6,Underpass Unila Arah Rajabasa,BAHAYA: Kendaraan Lawan Arah! (Sedan/Jip/Pick-up #425),Sedan/Jip/Pick-up #425 melaju ke atas melawan arus lajur masuk underpass.
ALT-0031,1789813178.571,2026-09-19 17:19:38.570,312,Underpass Unila Arah Rajabasa,LAWAN_ARAH,CRITICAL,426,Golongan I,7.2,Underpass Unila Arah Rajabasa,BAHAYA: Kendaraan Lawan Arah! (Bus #426),Bus #426 melaju ke atas melawan arus lajur masuk underpass.
ALT-0032,1789813180.521,2026-09-19 17:19:40.521,312,Underpass Unila Arah Rajabasa,KENDARAAN_BERHENTI,WARNING,428,Golongan I,0.0,Underpass Unila Arah Rajabasa,Kendaraan Berhenti di Underpass (Sedan/Jip/Pick-up #428),Sedan/Jip/Pick-up #428 terhenti di jalur underpass selama 3.5 detik.
ALT-0033,1789813183.906,2026-09-19 17:19:43.906,312,Underpass Unila Arah Rajabasa,LAWAN_ARAH,CRITICAL,467,Golongan I,11.3,Underpass Unila Arah Rajabasa,BAHAYA: Kendaraan Lawan Arah! (Sedan/Jip/Pick-up #467),Sedan/Jip/Pick-up #467 melaju ke atas melawan arus lajur masuk underpass.
ALT-0034,1789813185.299,2026-09-19 17:19:45.299,312,Underpass Unila Arah Rajabasa,KENDARAAN_BERHENTI,WARNING,442,Golongan I,0.0,Underpass Unila Arah Rajabasa,Kendaraan Berhenti di Underpass (Sedan/Jip/Pick-up #442),Sedan/Jip/Pick-up #442 terhenti di jalur underpass selama 5.7 detik.
ALT-0035,1789813186.302,2026-09-19 17:19:46.302,312,Underpass Unila Arah Rajabasa,LAWAN_ARAH,CRITICAL,483,Golongan I,12.3,Underpass Unila Arah Rajabasa,BAHAYA: Kendaraan Lawan Arah! (Sedan/Jip/Pick-up #483),Sedan/Jip/Pick-up #483 melaju ke atas melawan arus lajur masuk underpass.
ALT-0036,1789813187.054,2026-09-19 17:19:47.053,312,Underpass Unila Arah Rajabasa,LAWAN_ARAH,CRITICAL,484,Golongan I,0.0,Underpass Unila Arah Rajabasa,BAHAYA: Kendaraan Lawan Arah! (Sedan/Jip/Pick-up #484),Sedan/Jip/Pick-up #484 melaju ke atas melawan arus lajur masuk underpass.
ALT-0037,1789813194.04,2026-09-19 17:19:54.040,312,Underpass Unila Arah Rajabasa,LAWAN_ARAH,CRITICAL,542,Golongan I,10.2,Underpass Unila Arah Rajabasa,BAHAYA: Kendaraan Lawan Arah! (Sedan/Jip/Pick-up #542),Sedan/Jip/Pick-up #542 melaju ke atas melawan arus lajur masuk underpass.
ALT-0038,1789813196.231,2026-09-19 17:19:56.230,312,Underpass Unila Arah Rajabasa,KENDARAAN_BERHENTI,WARNING,556,Golongan I,0.0,Underpass Unila Arah Rajabasa,Kendaraan Berhenti di Underpass (Sedan/Jip/Pick-up #556),Sedan/Jip/Pick-up #556 terhenti di jalur underpass selama 3.1 detik.
ALT-0039,1789813196.995,2026-09-19 17:19:56.995,312,Underpass Unila Arah Rajabasa,KENDARAAN_BERHENTI,WARNING,538,Golongan I,0.0,Underpass Unila Arah Rajabasa,Kendaraan Berhenti di Underpass (Sedan/Jip/Pick-up #538),Sedan/Jip/Pick-up #538 terhenti di jalur underpass selama 4.6 detik.
ALT-0040,1789813197.699,2026-09-19 17:19:57.699,312,Underpass Unila Arah Rajabasa,LAWAN_ARAH,CRITICAL,538,Golongan I,8.8,Underpass Unila Arah Rajabasa,BAHAYA: Kendaraan Lawan Arah! (Sedan/Jip/Pick-up #538),Sedan/Jip/Pick-up #538 melaju ke atas melawan arus lajur masuk underpass.
ALT-0001,1789813257.067,2026-09-19 17:20:57.066,282,Perempatan Jl. Jendral Sudirman,PELANGGARAN_HELM,WARNING,5009,Golongan VI-B,0.0,Perempatan Jl. Jendral Sudirman,ETLE: Pengendara Motor Tanpa Helm (#5009),Sepeda motor #5009 terdeteksi melanggar aturan lalu lintas (tidak mengenakan helm keselamatan SNI).
ALT-0002,1789813259.539,2026-09-19 17:20:59.539,282,Perempatan Jl. Jendral Sudirman,PELANGGARAN_HELM,WARNING,722,Golongan VI-B,0.0,Perempatan Jl. Jendral Sudirman,ETLE: Pengendara Motor Tanpa Helm (#722),Sepeda motor #722 terdeteksi melanggar aturan lalu lintas (tidak mengenakan helm keselamatan SNI).
ALT-0003,1789813260.442,2026-09-19 17:21:00.442,282,Perempatan Jl. Jendral Sudirman,KENDARAAN_BERHENTI,WARNING,647,Golongan VI-A,2.3,Perempatan Jl. Jendral Sudirman,Kendaraan Berhenti di Underpass (Sepeda Motor (Taat Helm) #647),Sepeda Motor (Taat Helm) #647 terhenti di jalur underpass selama 3.1 detik.
ALT-0004,1789813260.89,2026-09-19 17:21:00.889,282,Perempatan Jl. Jendral Sudirman,KENDARAAN_BERHENTI,WARNING,646,Golongan I,0.0,Perempatan Jl. Jendral Sudirman,Kendaraan Berhenti di Underpass (Sedan/Jip/Pick-up #646),Sedan/Jip/Pick-up #646 terhenti di jalur underpass selama 3.5 detik.
ALT-0005,1789813262.374,2026-09-19 17:21:02.374,282,Perempatan Jl. Jendral Sudirman,PELANGGARAN_HELM,WARNING,851,Golongan VI-B,0.0,Perempatan Jl. Jendral Sudirman,ETLE: Pengendara Motor Tanpa Helm (#851),Sepeda motor #851 terdeteksi melanggar aturan lalu lintas (tidak mengenakan helm keselamatan SNI).
ALT-0006,1789813266.773,2026-09-19 17:21:06.773,282,Perempatan Jl. Jendral Sudirman,KENDARAAN_BERHENTI,WARNING,918,Golongan VI-A,0.1,Perempatan Jl. Jendral Sudirman,Kendaraan Berhenti di Underpass (Sepeda Motor (Taat Helm) #918),Sepeda Motor (Taat Helm) #918 terhenti di jalur underpass selama 3.0 detik.
ALT-0007,1789813266.773,2026-09-19 17:21:06.773,282,Perempatan Jl. Jendral Sudirman,KENDARAAN_BERHENTI,WARNING,920,Golongan VI-A,0.3,Perempatan Jl. Jendral Sudirman,Kendaraan Berhenti di Underpass (Sepeda Motor (Taat Helm) #920),Sepeda Motor (Taat Helm) #920 terhenti di jalur underpass selama 3.0 detik.
ALT-0008,1789813267.149,2026-09-19 17:21:07.149,282,Perempatan Jl. Jendral Sudirman,PELANGGARAN_HELM,WARNING,1020,Golongan VI-B,0.0,Perempatan Jl. Jendral Sudirman,ETLE: Pengendara Motor Tanpa Helm (#1020),Sepeda motor #1020 terdeteksi melanggar aturan lalu lintas (tidak mengenakan helm keselamatan SNI).
ALT-0009,1789813267.646,2026-09-19 17:21:07.646,282,Perempatan Jl. Jendral Sudirman,KENDARAAN_BERHENTI,WARNING,939,Golongan VI-A,0.0,Perempatan Jl. Jendral Sudirman,Kendaraan Berhenti di Underpass (Sepeda Motor (Taat Helm) #939),Sepeda Motor (Taat Helm) #939 terhenti di jalur underpass selama 3.3 detik.
ALT-0010,1789813271.104,2026-09-19 17:21:11.104,282,Perempatan Jl. Jendral Sudirman,PELANGGARAN_HELM,WARNING,1062,Golongan VI-B,0.0,Perempatan Jl. Jendral Sudirman,ETLE: Pengendara Motor Tanpa Helm (#1062),Sepeda motor #1062 terdeteksi melanggar aturan lalu lintas (tidak mengenakan helm keselamatan SNI).
ALT-0011,1789813271.469,2026-09-19 17:21:11.469,282,Perempatan Jl. Jendral Sudirman,KENDARAAN_BERHENTI,WARNING,1046,Golongan VI-A,0.3,Perempatan Jl. Jendral Sudirman,Kendaraan Berhenti di Underpass (Sepeda Motor (Taat Helm) #1046),Sepeda Motor (Taat Helm) #1046 terhenti di jalur underpass selama 3.4 detik.
ALT-0012,1789813271.469,2026-09-19 17:21:11.469,282,Perempatan Jl. Jendral Sudirman,KENDARAAN_BERHENTI,WARNING,1047,Golongan VI-A,0.4,Perempatan Jl. Jendral Sudirman,Kendaraan Berhenti di Underpass (Sepeda Motor (Taat Helm) #1047),Sepeda Motor (Taat Helm) #1047 terhenti di jalur underpass selama 3.4 detik.
ALT-0013,1789813271.469,2026-09-19 17:21:11.469,282,Perempatan Jl. Jendral Sudirman,KENDARAAN_BERHENTI,WARNING,1045,Golongan VI-A,2.5,Perempatan Jl. Jendral Sudirman,Kendaraan Berhenti di Underpass (Sepeda Motor (Taat Helm) #1045),Sepeda Motor (Taat Helm) #1045 terhenti di jalur underpass selama 3.4 detik.
ALT-0014,1789813272.362,2026-09-19 17:21:12.361,282,Perempatan Jl. Jendral Sudirman,PELANGGARAN_HELM,WARNING,1133,Golongan VI-B,0.0,Perempatan Jl. Jendral Sudirman,ETLE: Pengendara Motor Tanpa Helm (#1133),Sepeda motor #1133 terdeteksi melanggar aturan lalu lintas (tidak mengenakan helm keselamatan SNI).
ALT-0015,1789813272.362,2026-09-19 17:21:12.361,282,Perempatan Jl. Jendral Sudirman,PELANGGARAN_HELM,WARNING,1138,Golongan VI-B,0.0,Perempatan Jl. Jendral Sudirman,ETLE: Pengendara Motor Tanpa Helm (#1138),Sepeda motor #1138 terdeteksi melanggar aturan lalu lintas (tidak mengenakan helm keselamatan SNI).
ALT-0016,1789813275.413,2026-09-19 17:21:15.413,282,Perempatan Jl. Jendral Sudirman,KENDARAAN_BERHENTI,WARNING,1133,Golongan VI-A,0.3,Perempatan Jl. Jendral Sudirman,Kendaraan Berhenti di Underpass (Sepeda Motor (Taat Helm) #1133),Sepeda Motor (Taat Helm) #1133 terhenti di jalur underpass selama 3.1 detik.
ALT-0017,1789813276.099,2026-09-19 17:21:16.098,282,Perempatan Jl. Jendral Sudirman,KENDARAAN_BERHENTI,WARNING,1098,Golongan I,0.0,Perempatan Jl. Jendral Sudirman,Kendaraan Berhenti di Underpass (Sedan/Jip/Pick-up #1098),Sedan/Jip/Pick-up #1098 terhenti di jalur underpass selama 5.2 detik.
ALT-0018,1789813276.599,2026-09-19 17:21:16.598,282,Perempatan Jl. Jendral Sudirman,PELANGGARAN_HELM,WARNING,1269,Golongan VI-B,0.0,Perempatan Jl. Jendral Sudirman,ETLE: Pengendara Motor Tanpa Helm (#1269),Sepeda motor #1269 terdeteksi melanggar aturan lalu lintas (tidak mengenakan helm keselamatan SNI).
ALT-0019,1789813277.887,2026-09-19 17:21:17.886,282,Perempatan Jl. Jendral Sudirman,PELANGGARAN_HELM,WARNING,1277,Golongan VI-B,3.9,Perempatan Jl. Jendral Sudirman,ETLE: Pengendara Motor Tanpa Helm (#1277),Sepeda motor #1277 terdeteksi melanggar aturan lalu lintas (tidak mengenakan helm keselamatan SNI).
ALT-0020,1789813278.217,2026-09-19 17:21:18.217,282,Perempatan Jl. Jendral Sudirman,PELANGGARAN_HELM,WARNING,1290,Golongan VI-B,0.0,Perempatan Jl. Jendral Sudirman,ETLE: Pengendara Motor Tanpa Helm (#1290),Sepeda motor #1290 terdeteksi melanggar aturan lalu lintas (tidak mengenakan helm keselamatan SNI).
ALT-0021,1789813280.758,2026-09-19 17:21:20.757,282,Perempatan Jl. Jendral Sudirman,KENDARAAN_BERHENTI,WARNING,1269,Golongan VI-B,0.1,Perempatan Jl. Jendral Sudirman,Kendaraan Berhenti di Underpass (Sepeda Motor (Tanpa Helm) #1269),Sepeda Motor (Tanpa Helm) #1269 terhenti di jalur underpass selama 4.2 detik.
ALT-0022,1789813280.925,2026-09-19 17:21:20.925,282,Perempatan Jl. Jendral Sudirman,KENDARAAN_BERHENTI,WARNING,1277,Golongan VI-A,2.4,Perempatan Jl. Jendral Sudirman,Kendaraan Berhenti di Underpass (Sepeda Motor (Taat Helm) #1277),Sepeda Motor (Taat Helm) #1277 terhenti di jalur underpass selama 3.0 detik.
ALT-0023,1789813281.827,2026-09-19 17:21:21.826,282,Perempatan Jl. Jendral Sudirman,KENDARAAN_BERHENTI,WARNING,1290,Golongan VI-A,0.0,Perempatan Jl. Jendral Sudirman,Kendaraan Berhenti di Underpass (Sepeda Motor (Taat Helm) #1290),Sepeda Motor (Taat Helm) #1290 terhenti di jalur underpass selama 3.6 detik.
ALT-0024,1789813281.827,2026-09-19 17:21:21.826,282,Perempatan Jl. Jendral Sudirman,PELANGGARAN_HELM,WARNING,1304,Golongan VI-B,0.0,Perempatan Jl. Jendral Sudirman,ETLE: Pengendara Motor Tanpa Helm (#1304),Sepeda motor #1304 terdeteksi melanggar aturan lalu lintas (tidak mengenakan helm keselamatan SNI).
ALT-0025,1789813282.253,2026-09-19 17:21:22.252,282,Perempatan Jl. Jendral Sudirman,PELANGGARAN_HELM,WARNING,1313,Golongan VI-B,0.0,Perempatan Jl. Jendral Sudirman,ETLE: Pengendara Motor Tanpa Helm (#1313),Sepeda motor #1313 terdeteksi melanggar aturan lalu lintas (tidak mengenakan helm keselamatan SNI).
ALT-0026,1789813284.869,2026-09-19 17:21:24.869,282,Perempatan Jl. Jendral Sudirman,KENDARAAN_BERHENTI,WARNING,1304,Golongan VI-B,0.0,Perempatan Jl. Jendral Sudirman,Kendaraan Berhenti di Underpass (Sepeda Motor (Tanpa Helm) #1304),Sepeda Motor (Tanpa Helm) #1304 terhenti di jalur underpass selama 3.0 detik.
ALT-0027,1789813285.355,2026-09-19 17:21:25.355,282,Perempatan Jl. Jendral Sudirman,KENDARAAN_BERHENTI,WARNING,1313,Golongan VI-B,0.0,Perempatan Jl. Jendral Sudirman,Kendaraan Berhenti di Underpass (Sepeda Motor (Tanpa Helm) #1313),Sepeda Motor (Tanpa Helm) #1313 terhenti di jalur underpass selama 3.1 detik.
ALT-0028,1789813286.53,2026-09-19 17:21:26.530,282,Perempatan Jl. Jendral Sudirman,PELANGGARAN_HELM,WARNING,1435,Golongan VI-B,0.0,Perempatan Jl. Jendral Sudirman,ETLE: Pengendara Motor Tanpa Helm (#1435),Sepeda motor #1435 terdeteksi melanggar aturan lalu lintas (tidak mengenakan helm keselamatan SNI).
ALT-0029,1789813287.612,2026-09-19 17:21:27.612,282,Perempatan Jl. Jendral Sudirman,PELANGGARAN_HELM,WARNING,1465,Golongan VI-B,0.0,Perempatan Jl. Jendral Sudirman,ETLE: Pengendara Motor Tanpa Helm (#1465),Sepeda motor #1465 terdeteksi melanggar aturan lalu lintas (tidak mengenakan helm keselamatan SNI).
ALT-0030,1789813287.937,2026-09-19 17:21:27.937,282,Perempatan Jl. Jendral Sudirman,PELANGGARAN_HELM,WARNING,1478,Golongan VI-B,0.0,Perempatan Jl. Jendral Sudirman,ETLE: Pengendara Motor Tanpa Helm (#1478),Sepeda motor #1478 terdeteksi melanggar aturan lalu lintas (tidak mengenakan helm keselamatan SNI).
ALT-0031,1789813290.982,2026-09-19 17:21:30.982,282,Perempatan Jl. Jendral Sudirman,KENDARAAN_BERHENTI,WARNING,1478,Golongan VI-A,0.0,Perempatan Jl. Jendral Sudirman,Kendaraan Berhenti di Underpass (Sepeda Motor (Taat Helm) #1478),Sepeda Motor (Taat Helm) #1478 terhenti di jalur underpass selama 3.0 detik.
ALT-0032,1789813293.123,2026-09-19 17:21:33.123,282,Perempatan Jl. Jendral Sudirman,PELANGGARAN_HELM,WARNING,1586,Golongan VI-B,0.0,Perempatan Jl. Jendral Sudirman,ETLE: Pengendara Motor Tanpa Helm (#1586),Sepeda motor #1586 terdeteksi melanggar aturan lalu lintas (tidak mengenakan helm keselamatan SNI).
ALT-0033,1789813297.491,2026-09-19 17:21:37.491,282,Perempatan Jl. Jendral Sudirman,PELANGGARAN_HELM,WARNING,1710,Golongan VI-B,0.0,Perempatan Jl. Jendral Sudirman,ETLE: Pengendara Motor Tanpa Helm (#1710),Sepeda motor #1710 terdeteksi melanggar aturan lalu lintas (tidak mengenakan helm keselamatan SNI).
ALT-0034,1789813298.873,2026-09-19 17:21:38.872,282,Perempatan Jl. Jendral Sudirman,KENDARAAN_BERHENTI,WARNING,1554,Golongan VI-A,0.3,Perempatan Jl. Jendral Sudirman,Kendaraan Berhenti di Underpass (Sepeda Motor (Taat Helm) #1554),Sepeda Motor (Taat Helm) #1554 terhenti di jalur underpass selama 3.1 detik.
ALT-0035,1789813299.761,2026-09-19 17:21:39.760,282,Perempatan Jl. Jendral Sudirman,KENDARAAN_BERHENTI,WARNING,1612,Golongan VI-A,0.2,Perempatan Jl. Jendral Sudirman,Kendaraan Berhenti di Underpass (Sepeda Motor (Taat Helm) #1612),Sepeda Motor (Taat Helm) #1612 terhenti di jalur underpass selama 3.1 detik.
ALT-0036,1789813300.893,2026-09-19 17:21:40.893,282,Perempatan Jl. Jendral Sudirman,KENDARAAN_BERHENTI,WARNING,1676,Golongan VI-A,0.0,Perempatan Jl. Jendral Sudirman,Kendaraan Berhenti di Underpass (Sepeda Motor (Taat Helm) #1676),Sepeda Motor (Taat Helm) #1676 terhenti di jalur underpass selama 3.2 detik.
ALT-0037,1789813302.122,2026-09-19 17:21:42.122,282,Perempatan Jl. Jendral Sudirman,PELANGGARAN_HELM,WARNING,1823,Golongan VI-B,0.0,Perempatan Jl. Jendral Sudirman,ETLE: Pengendara Motor Tanpa Helm (#1823),Sepeda motor #1823 terdeteksi melanggar aturan lalu lintas (tidak mengenakan helm keselamatan SNI).
ALT-0038,1789813302.458,2026-09-19 17:21:42.458,282,Perempatan Jl. Jendral Sudirman,PELANGGARAN_HELM,WARNING,1868,Golongan VI-B,0.0,Perempatan Jl. Jendral Sudirman,ETLE: Pengendara Motor Tanpa Helm (#1868),Sepeda motor #1868 terdeteksi melanggar aturan lalu lintas (tidak mengenakan helm keselamatan SNI).
ALT-0039,1789813302.624,2026-09-19 17:21:42.624,282,Perempatan Jl. Jendral Sudirman,PELANGGARAN_HELM,WARNING,1876,Golongan VI-B,0.0,Perempatan Jl. Jendral Sudirman,ETLE: Pengendara Motor Tanpa Helm (#1876),Sepeda motor #1876 terdeteksi melanggar aturan lalu lintas (tidak mengenakan helm keselamatan SNI).
ALT-0040,1789813304.052,2026-09-19 17:21:44.052,282,Perempatan Jl. Jendral Sudirman,KENDARAAN_BERHENTI,WARNING,1800,Golongan VI-A,0.0,Perempatan Jl. Jendral Sudirman,Kendaraan Berhenti di Underpass (Sepeda Motor (Taat Helm) #1800),Sepeda Motor (Taat Helm) #1800 terhenti di jalur underpass selama 3.3 detik.
ALT-0041,1789813305.343,2026-09-19 17:21:45.342,282,Perempatan Jl. Jendral Sudirman,KENDARAAN_BERHENTI,WARNING,1802,Golongan VI-A,0.0,Perempatan Jl. Jendral Sudirman,Kendaraan Berhenti di Underpass (Sepeda Motor (Taat Helm) #1802),Sepeda Motor (Taat Helm) #1802 terhenti di jalur underpass selama 4.6 detik.
ALT-0042,1789813305.674,2026-09-19 17:21:45.674,282,Perempatan Jl. Jendral Sudirman,KENDARAAN_BERHENTI,WARNING,1876,Golongan VI-B,0.0,Perempatan Jl. Jendral Sudirman,Kendaraan Berhenti di Underpass (Sepeda Motor (Tanpa Helm) #1876),Sepeda Motor (Tanpa Helm) #1876 terhenti di jalur underpass selama 3.0 detik.
ALT-0043,1789813307.446,2026-09-19 17:21:47.446,282,Perempatan Jl. Jendral Sudirman,PELANGGARAN_HELM,WARNING,2006,Golongan VI-B,0.0,Perempatan Jl. Jendral Sudirman,ETLE: Pengendara Motor Tanpa Helm (#2006),Sepeda motor #2006 terdeteksi melanggar aturan lalu lintas (tidak mengenakan helm keselamatan SNI).
ALT-0044,1789813308.501,2026-09-19 17:21:48.500,282,Perempatan Jl. Jendral Sudirman,KENDARAAN_BERHENTI,WARNING,1948,Golongan I,0.0,Perempatan Jl. Jendral Sudirman,Kendaraan Berhenti di Underpass (Sedan/Jip/Pick-up #1948),Sedan/Jip/Pick-up #1948 terhenti di jalur underpass selama 4.1 detik.
ALT-0045,1789813309.057,2026-09-19 17:21:49.057,282,Perempatan Jl. Jendral Sudirman,PELANGGARAN_HELM,WARNING,2040,Golongan VI-B,0.0,Perempatan Jl. Jendral Sudirman,ETLE: Pengendara Motor Tanpa Helm (#2040),Sepeda motor #2040 terdeteksi melanggar aturan lalu lintas (tidak mengenakan helm keselamatan SNI).
ALT-0046,1789813309.808,2026-09-19 17:21:49.808,282,Perempatan Jl. Jendral Sudirman,PELANGGARAN_HELM,WARNING,2056,Golongan VI-B,0.0,Perempatan Jl. Jendral Sudirman,ETLE: Pengendara Motor Tanpa Helm (#2056),Sepeda motor #2056 terdeteksi melanggar aturan lalu lintas (tidak mengenakan helm keselamatan SNI).
ALT-0047,1789813312.051,2026-09-19 17:21:52.050,282,Perempatan Jl. Jendral Sudirman,KENDARAAN_BERHENTI,WARNING,2006,Golongan VI-B,0.0,Perempatan Jl. Jendral Sudirman,Kendaraan Berhenti di Underpass (Sepeda Motor (Tanpa Helm) #2006),Sepeda Motor (Tanpa Helm) #2006 terhenti di jalur underpass selama 4.6 detik.
ALT-0048,1789813312.252,2026-09-19 17:21:52.251,282,Perempatan Jl. Jendral Sudirman,KENDARAAN_BERHENTI,WARNING,2040,Golongan VI-B,0.1,Perempatan Jl. Jendral Sudirman,Kendaraan Berhenti di Underpass (Sepeda Motor (Tanpa Helm) #2040),Sepeda Motor (Tanpa Helm) #2040 terhenti di jalur underpass selama 3.2 detik.
ALT-0049,1789813312.252,2026-09-19 17:21:52.251,282,Perempatan Jl. Jendral Sudirman,KENDARAAN_BERHENTI,WARNING,1978,Golongan VI-A,0.0,Perempatan Jl. Jendral Sudirman,Kendaraan Berhenti di Underpass (Sepeda Motor (Taat Helm) #1978),Sepeda Motor (Taat Helm) #1978 terhenti di jalur underpass selama 5.2 detik.
ALT-0050,1789813312.949,2026-09-19 17:21:52.949,282,Perempatan Jl. Jendral Sudirman,KENDARAAN_BERHENTI,WARNING,2056,Golongan VI-B,0.1,Perempatan Jl. Jendral Sudirman,Kendaraan Berhenti di Underpass (Sepeda Motor (Tanpa Helm) #2056),Sepeda Motor (Tanpa Helm) #2056 terhenti di jalur underpass selama 3.1 detik.
ALT-0051,1789813313.559,2026-09-19 17:21:53.559,282,Perempatan Jl. Jendral Sudirman,PELANGGARAN_HELM,WARNING,2119,Golongan VI-B,0.0,Perempatan Jl. Jendral Sudirman,ETLE: Pengendara Motor Tanpa Helm (#2119),Sepeda motor #2119 terdeteksi melanggar aturan lalu lintas (tidak mengenakan helm keselamatan SNI).
ALT-0052,1789813315.954,2026-09-19 17:21:55.953,282,Perempatan Jl. Jendral Sudirman,KENDARAAN_BERHENTI,WARNING,2099,Golongan I,0.0,Perempatan Jl. Jendral Sudirman,Kendaraan Berhenti di Underpass (Sedan/Jip/Pick-up #2099),Sedan/Jip/Pick-up #2099 terhenti di jalur underpass selama 3.2 detik.
ALT-0053,1789813315.954,2026-09-19 17:21:55.953,282,Perempatan Jl. Jendral Sudirman,PELANGGARAN_HELM,WARNING,2129,Golongan VI-B,0.0,Perempatan Jl. Jendral Sudirman,ETLE: Pengendara Motor Tanpa Helm (#2129),Sepeda motor #2129 terdeteksi melanggar aturan lalu lintas (tidak mengenakan helm keselamatan SNI).
ALT-0054,1789813316.148,2026-09-19 17:21:56.148,282,Perempatan Jl. Jendral Sudirman,PELANGGARAN_HELM,WARNING,2133,Golongan VI-B,0.0,Perempatan Jl. Jendral Sudirman,ETLE: Pengendara Motor Tanpa Helm (#2133),Sepeda motor #2133 terdeteksi melanggar aturan lalu lintas (tidak mengenakan helm keselamatan SNI).
ALT-0001,1789813633.719,2026-09-19 17:27:13.719,312,Underpass Unila Arah Rajabasa,PELANGGARAN_HELM,WARNING,5004,Golongan VI-B,0.0,Underpass Unila Arah Rajabasa,ETLE: Pengendara Motor Tanpa Helm (#5004),Sepeda motor #5004 terdeteksi melanggar aturan lalu lintas (tidak mengenakan helm keselamatan SNI).
ALT-0002,1789813638.119,2026-09-19 17:27:18.118,312,Underpass Unila Arah Rajabasa,KENDARAAN_BERHENTI,WARNING,2138,Golongan I,0.0,Underpass Unila Arah Rajabasa,Kendaraan Berhenti di Underpass (Sedan/Jip/Pick-up #2138),Sedan/Jip/Pick-up #2138 terhenti di jalur underpass selama 4.1 detik.
ALT-0003,1789813640.574,2026-09-19 17:27:20.573,312,Underpass Unila Arah Rajabasa,KENDARAAN_BERHENTI,WARNING,2143,Golongan I,0.0,Underpass Unila Arah Rajabasa,Kendaraan Berhenti di Underpass (Sedan/Jip/Pick-up #2143),Sedan/Jip/Pick-up #2143 terhenti di jalur underpass selama 6.3 detik.
ALT-0004,1789813640.574,2026-09-19 17:27:20.573,312,Underpass Unila Arah Rajabasa,KENDARAAN_BERHENTI,WARNING,2149,Golongan I,0.0,Underpass Unila Arah Rajabasa,Kendaraan Berhenti di Underpass (Sedan/Jip/Pick-up #2149),Sedan/Jip/Pick-up #2149 terhenti di jalur underpass selama 6.0 detik.
ALT-0005,1789813640.574,2026-09-19 17:27:20.573,312,Underpass Unila Arah Rajabasa,KENDARAAN_BERHENTI,WARNING,2148,Golongan III,0.0,Underpass Unila Arah Rajabasa,Kendaraan Berhenti di Underpass (Truk 3 Gandar #2148),Truk 3 Gandar #2148 terhenti di jalur underpass selama 6.3 detik.
ALT-0006,1789813640.823,2026-09-19 17:27:20.823,312,Underpass Unila Arah Rajabasa,KENDARAAN_BERHENTI,WARNING,2182,Golongan I,0.0,Underpass Unila Arah Rajabasa,Kendaraan Berhenti di Underpass (Sedan/Jip/Pick-up #2182),Sedan/Jip/Pick-up #2182 terhenti di jalur underpass selama 3.2 detik.
ALT-0007,1789813641.216,2026-09-19 17:27:21.216,312,Underpass Unila Arah Rajabasa,KENDARAAN_BERHENTI,WARNING,2135,Golongan I,2.6,Underpass Unila Arah Rajabasa,Kendaraan Berhenti di Underpass (Sedan/Jip/Pick-up #2135),Sedan/Jip/Pick-up #2135 terhenti di jalur underpass selama 3.1 detik.
ALT-0008,1789813641.399,2026-09-19 17:27:21.399,312,Underpass Unila Arah Rajabasa,LAWAN_ARAH,CRITICAL,2224,Golongan I,4.1,Underpass Unila Arah Rajabasa,BAHAYA: Kendaraan Lawan Arah! (Sedan/Jip/Pick-up #2224),Sedan/Jip/Pick-up #2224 melaju ke atas melawan arus lajur masuk underpass.
ALT-0009,1789813645.512,2026-09-19 17:27:25.512,312,Underpass Unila Arah Rajabasa,KENDARAAN_BERHENTI,WARNING,2254,Golongan I,0.0,Underpass Unila Arah Rajabasa,Kendaraan Berhenti di Underpass (Sedan/Jip/Pick-up #2254),Sedan/Jip/Pick-up #2254 terhenti di jalur underpass selama 3.8 detik.
ALT-0010,1789813645.695,2026-09-19 17:27:25.694,312,Underpass Unila Arah Rajabasa,KENDARAAN_BERHENTI,WARNING,2261,Golongan I,1.3,Underpass Unila Arah Rajabasa,Kendaraan Berhenti di Underpass (Bus #2261),Bus #2261 terhenti di jalur underpass selama 3.1 detik.
ALT-0011,1789813646.62,2026-09-19 17:27:26.619,312,Underpass Unila Arah Rajabasa,PELANGGARAN_HELM,WARNING,2321,Golongan VI-B,0.0,Underpass Unila Arah Rajabasa,ETLE: Pengendara Motor Tanpa Helm (#2321),Sepeda motor #2321 terdeteksi melanggar aturan lalu lintas (tidak mengenakan helm keselamatan SNI).
ALT-0012,1789813647.297,2026-09-19 17:27:27.297,312,Underpass Unila Arah Rajabasa,KENDARAAN_BERHENTI,WARNING,2269,Golongan I,0.0,Underpass Unila Arah Rajabasa,Kendaraan Berhenti di Underpass (Sedan/Jip/Pick-up #2269),Sedan/Jip/Pick-up #2269 terhenti di jalur underpass selama 4.5 detik.
ALT-0013,1789813647.636,2026-09-19 17:27:27.635,312,Underpass Unila Arah Rajabasa,LAWAN_ARAH,CRITICAL,2301,Golongan I,0.0,Underpass Unila Arah Rajabasa,BAHAYA: Kendaraan Lawan Arah! (Sedan/Jip/Pick-up #2301),Sedan/Jip/Pick-up #2301 melaju ke atas melawan arus lajur masuk underpass.
ALT-0014,1789813648.198,2026-09-19 17:27:28.198,312,Underpass Unila Arah Rajabasa,LAWAN_ARAH,CRITICAL,2328,Golongan I,8.4,Underpass Unila Arah Rajabasa,BAHAYA: Kendaraan Lawan Arah! (Sedan/Jip/Pick-up #2328),Sedan/Jip/Pick-up #2328 melaju ke atas melawan arus lajur masuk underpass.
ALT-0015,1789813648.93,2026-09-19 17:27:28.930,312,Underpass Unila Arah Rajabasa,KENDARAAN_BERHENTI,WARNING,2260,Golongan I,0.0,Underpass Unila Arah Rajabasa,Kendaraan Berhenti di Underpass (Sedan/Jip/Pick-up #2260),Sedan/Jip/Pick-up #2260 terhenti di jalur underpass selama 6.4 detik.
ALT-0016,1789813652.333,2026-09-19 17:27:32.332,312,Underpass Unila Arah Rajabasa,LAWAN_ARAH,CRITICAL,2405,Golongan I,9.0,Underpass Unila Arah Rajabasa,BAHAYA: Kendaraan Lawan Arah! (Sedan/Jip/Pick-up #2405),Sedan/Jip/Pick-up #2405 melaju ke atas melawan arus lajur masuk underpass.
ALT-0017,1789813654.181,2026-09-19 17:27:34.180,312,Underpass Unila Arah Rajabasa,LAWAN_ARAH,CRITICAL,2420,Golongan I,12.0,Underpass Unila Arah Rajabasa,BAHAYA: Kendaraan Lawan Arah! (Sedan/Jip/Pick-up #2420),Sedan/Jip/Pick-up #2420 melaju ke atas melawan arus lajur masuk underpass.
ALT-0018,1789813654.855,2026-09-19 17:27:34.855,312,Underpass Unila Arah Rajabasa,LAWAN_ARAH,CRITICAL,2430,Golongan I,7.5,Underpass Unila Arah Rajabasa,BAHAYA: Kendaraan Lawan Arah! (Sedan/Jip/Pick-up #2430),Sedan/Jip/Pick-up #2430 melaju ke atas melawan arus lajur masuk underpass.
ALT-0019,1789813656.344,2026-09-19 17:27:36.344,312,Underpass Unila Arah Rajabasa,KENDARAAN_BERHENTI,WARNING,2426,Golongan I,3.9,Underpass Unila Arah Rajabasa,Kendaraan Berhenti di Underpass (Sedan/Jip/Pick-up #2426),Sedan/Jip/Pick-up #2426 terhenti di jalur underpass selama 3.1 detik.
ALT-0020,1789813657.179,2026-09-19 17:27:37.178,312,Underpass Unila Arah Rajabasa,KENDARAAN_BERHENTI,WARNING,2403,Golongan I,0.0,Underpass Unila Arah Rajabasa,Kendaraan Berhenti di Underpass (Sedan/Jip/Pick-up #2403),Sedan/Jip/Pick-up #2403 terhenti di jalur underpass selama 6.3 detik.
ALT-0021,1789813657.179,2026-09-19 17:27:37.178,312,Underpass Unila Arah Rajabasa,KENDARAAN_BERHENTI,WARNING,2417,Golongan I,0.0,Underpass Unila Arah Rajabasa,Kendaraan Berhenti di Underpass (Sedan/Jip/Pick-up #2417),Sedan/Jip/Pick-up #2417 terhenti di jalur underpass selama 4.5 detik.
ALT-0022,1789813657.867,2026-09-19 17:27:37.867,312,Underpass Unila Arah Rajabasa,LAWAN_ARAH,CRITICAL,2417,Golongan I,3.6,Underpass Unila Arah Rajabasa,BAHAYA: Kendaraan Lawan Arah! (Sedan/Jip/Pick-up #2417),Sedan/Jip/Pick-up #2417 melaju ke atas melawan arus lajur masuk underpass.
ALT-0023,1789813661.445,2026-09-19 17:27:41.444,312,Underpass Unila Arah Rajabasa,PELANGGARAN_HELM,WARNING,5015,Golongan VI-B,0.0,Underpass Unila Arah Rajabasa,ETLE: Pengendara Motor Tanpa Helm (#5015),Sepeda motor #5015 terdeteksi melanggar aturan lalu lintas (tidak mengenakan helm keselamatan SNI).
ALT-0024,1789813661.616,2026-09-19 17:27:41.616,312,Underpass Unila Arah Rajabasa,KENDARAAN_BERHENTI,WARNING,2425,Golongan I,0.0,Underpass Unila Arah Rajabasa,Kendaraan Berhenti di Underpass (Sedan/Jip/Pick-up #2425),Sedan/Jip/Pick-up #2425 terhenti di jalur underpass selama 7.1 detik.
ALT-0025,1789813662.87,2026-09-19 17:27:42.869,312,Underpass Unila Arah Rajabasa,LAWAN_ARAH,CRITICAL,2517,Golongan I,11.7,Underpass Unila Arah Rajabasa,BAHAYA: Kendaraan Lawan Arah! (Sedan/Jip/Pick-up #2517),Sedan/Jip/Pick-up #2517 melaju ke atas melawan arus lajur masuk underpass.
ALT-0026,1789813663.982,2026-09-19 17:27:43.982,312,Underpass Unila Arah Rajabasa,LAWAN_ARAH,CRITICAL,2518,Golongan I,0.0,Underpass Unila Arah Rajabasa,BAHAYA: Kendaraan Lawan Arah! (Sedan/Jip/Pick-up #2518),Sedan/Jip/Pick-up #2518 melaju ke atas melawan arus lajur masuk underpass.
ALT-0027,1789813664.63,2026-09-19 17:27:44.629,312,Underpass Unila Arah Rajabasa,KENDARAAN_BERHENTI,WARNING,2505,Golongan I,3.8,Underpass Unila Arah Rajabasa,Kendaraan Berhenti di Underpass (Sedan/Jip/Pick-up #2505),Sedan/Jip/Pick-up #2505 terhenti di jalur underpass selama 3.0 detik.
ALT-0028,1789813664.63,2026-09-19 17:27:44.629,312,Underpass Unila Arah Rajabasa,KENDARAAN_BERHENTI,WARNING,2508,Golongan I,3.6,Underpass Unila Arah Rajabasa,Kendaraan Berhenti di Underpass (Sedan/Jip/Pick-up #2508),Sedan/Jip/Pick-up #2508 terhenti di jalur underpass selama 3.0 detik.
ALT-0029,1789813667.05,2026-09-19 17:27:47.050,312,Underpass Unila Arah Rajabasa,LAWAN_ARAH,CRITICAL,2556,Golongan II,9.2,Underpass Unila Arah Rajabasa,BAHAYA: Kendaraan Lawan Arah! (Truk 2 Gandar #2556),Truk 2 Gandar #2556 melaju ke atas melawan arus lajur masuk underpass.
ALT-0030,1789813668.448,2026-09-19 17:27:48.447,312,Underpass Unila Arah Rajabasa,LAWAN_ARAH,CRITICAL,2568,Golongan I,8.4,Underpass Unila Arah Rajabasa,BAHAYA: Kendaraan Lawan Arah! (Sedan/Jip/Pick-up #2568),Sedan/Jip/Pick-up #2568 melaju ke atas melawan arus lajur masuk underpass.
ALT-0031,1789813670.235,2026-09-19 17:27:50.234,312,Underpass Unila Arah Rajabasa,LAWAN_ARAH,CRITICAL,2588,Golongan I,10.6,Underpass Unila Arah Rajabasa,BAHAYA: Kendaraan Lawan Arah! (Sedan/Jip/Pick-up #2588),Sedan/Jip/Pick-up #2588 melaju ke atas melawan arus lajur masuk underpass.
ALT-0032,1789813670.999,2026-09-19 17:27:50.999,312,Underpass Unila Arah Rajabasa,LAWAN_ARAH,CRITICAL,2605,Golongan I,9.5,Underpass Unila Arah Rajabasa,BAHAYA: Kendaraan Lawan Arah! (Sedan/Jip/Pick-up #2605),Sedan/Jip/Pick-up #2605 melaju ke atas melawan arus lajur masuk underpass.
ALT-0033,1789813673.624,2026-09-19 17:27:53.624,312,Underpass Unila Arah Rajabasa,LAWAN_ARAH,CRITICAL,2626,Golongan I,0.0,Underpass Unila Arah Rajabasa,BAHAYA: Kendaraan Lawan Arah! (Bus #2626),Bus #2626 melaju ke atas melawan arus lajur masuk underpass.
ALT-0034,1789813675.342,2026-09-19 17:27:55.341,312,Underpass Unila Arah Rajabasa,LAWAN_ARAH,CRITICAL,2655,Golongan I,5.1,Underpass Unila Arah Rajabasa,BAHAYA: Kendaraan Lawan Arah! (Sedan/Jip/Pick-up #2655),Sedan/Jip/Pick-up #2655 melaju ke atas melawan arus lajur masuk underpass.
ALT-0035,1789813675.342,2026-09-19 17:27:55.341,312,Underpass Unila Arah Rajabasa,LAWAN_ARAH,CRITICAL,2656,Golongan I,8.9,Underpass Unila Arah Rajabasa,BAHAYA: Kendaraan Lawan Arah! (Sedan/Jip/Pick-up #2656),Sedan/Jip/Pick-up #2656 melaju ke atas melawan arus lajur masuk underpass.
ALT-0036,1789813679.611,2026-09-19 17:27:59.611,312,Underpass Unila Arah Rajabasa,LAWAN_ARAH,CRITICAL,2673,Golongan I,0.0,Underpass Unila Arah Rajabasa,BAHAYA: Kendaraan Lawan Arah! (Sedan/Jip/Pick-up #2673),Sedan/Jip/Pick-up #2673 melaju ke atas melawan arus lajur masuk underpass.
ALT-0037,1789813680.813,2026-09-19 17:28:00.812,312,Underpass Unila Arah Rajabasa,LAWAN_ARAH,CRITICAL,2679,Golongan I,3.1,Underpass Unila Arah Rajabasa,BAHAYA: Kendaraan Lawan Arah! (Sedan/Jip/Pick-up #2679),Sedan/Jip/Pick-up #2679 melaju ke atas melawan arus lajur masuk underpass.
ALT-0038,1789813680.999,2026-09-19 17:28:00.999,312,Underpass Unila Arah Rajabasa,KENDARAAN_BERHENTI,WARNING,2667,Golongan I,3.9,Underpass Unila Arah Rajabasa,Kendaraan Berhenti di Underpass (Sedan/Jip/Pick-up #2667),Sedan/Jip/Pick-up #2667 terhenti di jalur underpass selama 3.1 detik.
ALT-0039,1789813680.999,2026-09-19 17:28:00.999,312,Underpass Unila Arah Rajabasa,KENDARAAN_BERHENTI,WARNING,2670,Golongan I,3.7,Underpass Unila Arah Rajabasa,Kendaraan Berhenti di Underpass (Sedan/Jip/Pick-up #2670),Sedan/Jip/Pick-up #2670 terhenti di jalur underpass selama 3.1 detik.
ALT-0040,1789813680.999,2026-09-19 17:28:00.999,312,Underpass Unila Arah Rajabasa,KENDARAAN_BERHENTI,WARNING,2648,Golongan I,3.8,Underpass Unila Arah Rajabasa,Kendaraan Berhenti di Underpass (Sedan/Jip/Pick-up #2648),Sedan/Jip/Pick-up #2648 terhenti di jalur underpass selama 3.1 detik.
ALT-0041,1789813681.457,2026-09-19 17:28:01.456,312,Underpass Unila Arah Rajabasa,KENDARAAN_BERHENTI,WARNING,2661,Golongan I,0.0,Underpass Unila Arah Rajabasa,Kendaraan Berhenti di Underpass (Sedan/Jip/Pick-up #2661),Sedan/Jip/Pick-up #2661 terhenti di jalur underpass selama 6.5 detik.
ALT-0042,1789813682.591,2026-09-19 17:28:02.591,312,Underpass Unila Arah Rajabasa,LAWAN_ARAH,CRITICAL,2686,Golongan I,8.4,Underpass Unila Arah Rajabasa,BAHAYA: Kendaraan Lawan Arah! (Sedan/Jip/Pick-up #2686),Sedan/Jip/Pick-up #2686 melaju ke atas melawan arus lajur masuk underpass.
ALT-0043,1789813686.058,2026-09-19 17:28:06.057,312,Underpass Unila Arah Rajabasa,LAWAN_ARAH,CRITICAL,2717,Golongan I,8.2,Underpass Unila Arah Rajabasa,BAHAYA: Kendaraan Lawan Arah! (Sedan/Jip/Pick-up #2717),Sedan/Jip/Pick-up #2717 melaju ke atas melawan arus lajur masuk underpass.
ALT-0044,1789813686.058,2026-09-19 17:28:06.057,312,Underpass Unila Arah Rajabasa,LAWAN_ARAH,CRITICAL,2718,Golongan I,7.3,Underpass Unila Arah Rajabasa,BAHAYA: Kendaraan Lawan Arah! (Sedan/Jip/Pick-up #2718),Sedan/Jip/Pick-up #2718 melaju ke atas melawan arus lajur masuk underpass.
ALT-0045,1789813686.665,2026-09-19 17:28:06.664,312,Underpass Unila Arah Rajabasa,LAWAN_ARAH,CRITICAL,2720,Golongan I,7.0,Underpass Unila Arah Rajabasa,BAHAYA: Kendaraan Lawan Arah! (Sedan/Jip/Pick-up #2720),Sedan/Jip/Pick-up #2720 melaju ke atas melawan arus lajur masuk underpass.
ALT-0046,1789813688.132,2026-09-19 17:28:08.132,312,Underpass Unila Arah Rajabasa,KENDARAAN_BERHENTI,WARNING,2719,Golongan I,1.5,Underpass Unila Arah Rajabasa,Kendaraan Berhenti di Underpass (Sedan/Jip/Pick-up #2719),Sedan/Jip/Pick-up #2719 terhenti di jalur underpass selama 3.2 detik.
ALT-0047,1789813688.994,2026-09-19 17:28:08.993,312,Underpass Unila Arah Rajabasa,KENDARAAN_BERHENTI,WARNING,2709,Golongan I,0.0,Underpass Unila Arah Rajabasa,Kendaraan Berhenti di Underpass (Sedan/Jip/Pick-up #2709),Sedan/Jip/Pick-up #2709 terhenti di jalur underpass selama 5.8 detik.
ALT-0048,1789813690.079,2026-09-19 17:28:10.078,312,Underpass Unila Arah Rajabasa,KENDARAAN_BERHENTI,WARNING,2669,Golongan I,1.0,Underpass Unila Arah Rajabasa,Kendaraan Berhenti di Underpass (Sedan/Jip/Pick-up #2669),Sedan/Jip/Pick-up #2669 terhenti di jalur underpass selama 3.0 detik.
ALT-0049,1789813690.936,2026-09-19 17:28:10.935,312,Underpass Unila Arah Rajabasa,LAWAN_ARAH,CRITICAL,2766,Golongan I,0.0,Underpass Unila Arah Rajabasa,BAHAYA: Kendaraan Lawan Arah! (Sedan/Jip/Pick-up #2766),Sedan/Jip/Pick-up #2766 melaju ke atas melawan arus lajur masuk underpass.
ALT-0050,1789813692.224,2026-09-19 17:28:12.224,312,Underpass Unila Arah Rajabasa,KENDARAAN_BERHENTI,WARNING,2765,Golongan I,1.6,Underpass Unila Arah Rajabasa,Kendaraan Berhenti di Underpass (Sedan/Jip/Pick-up #2765),Sedan/Jip/Pick-up #2765 terhenti di jalur underpass selama 3.1 detik.
ALT-0051,1789813692.224,2026-09-19 17:28:12.224,312,Underpass Unila Arah Rajabasa,KENDARAAN_BERHENTI,WARNING,2771,Golongan I,2.3,Underpass Unila Arah Rajabasa,Kendaraan Berhenti di Underpass (Bus #2771),Bus #2771 terhenti di jalur underpass selama 3.1 detik.
ALT-0052,1789813692.394,2026-09-19 17:28:12.394,312,Underpass Unila Arah Rajabasa,KENDARAAN_BERHENTI,WARNING,2774,Golongan I,0.0,Underpass Unila Arah Rajabasa,Kendaraan Berhenti di Underpass (Sedan/Jip/Pick-up #2774),Sedan/Jip/Pick-up #2774 terhenti di jalur underpass selama 3.2 detik.
