timestamp_epoch,datetime_iso,location_id,location_name,frame_id,track_id,golongan,vehicle_subclass,confidence,bbox_x1,bbox_y1,bbox_x2,bbox_y2,pixel_center_x,pixel_center_y,ground_x_meter,ground_y_meter,length_meter,width_meter,speed_kmh,aspect_ratio,helmet_status,compliance_status,status
1789814928.228,2026-09-19 17:48:48.228,312,Underpass Unila Arah Rajabasa,1,2765,Golongan I,Sedan/Jip/Pick-up,0.782,649,544,844,720,746.7,632.4,7.2,35.16,5.5,3.5,0.0,1.11,N/A,NORMAL,NORMAL
1789814928.228,2026-09-19 17:48:48.228,312,Underpass Unila Arah Rajabasa,1,2771,Golongan I,Sedan/Jip/Pick-up,0.599,435,321,553,458,494.9,390.0,5.17,29.4,7.89,3.5,0.0,0.86,N/A,NORMAL,NORMAL
1789814928.49,2026-09-19 17:48:48.489,312,Underpass Unila Arah Rajabasa,2,2765,Golongan I,Sedan/Jip/Pick-up,0.828,643,537,847,720,745.3,628.7,7.17,35.16,5.83,3.5,0.0,1.12,N/A,NORMAL,NORMAL
1789814928.49,2026-09-19 17:48:48.489,312,Underpass Unila Arah Rajabasa,2,2771,Golongan I,Sedan/Jip/Pick-up,0.627,432,322,543,451,488.0,386.9,5.09,29.19,7.39,3.5,0.0,0.87,N/A,NORMAL,NORMAL
1789814928.49,2026-09-19 17:48:48.489,312,Underpass Unila Arah Rajabasa,2,2835,Golongan I,Sedan/Jip/Pick-up,0.405,283,105,324,150,303.8,128.0,3.66,8.47,10.97,3.5,0.0,0.9,N/A,NORMAL,NORMAL
1789814928.49,2026-09-19 17:48:48.489,312,Underpass Unila Arah Rajabasa,2,2836,Golongan I,Sedan/Jip/Pick-up,0.423,332,164,395,241,363.8,203.3,4.51,18.24,11.39,3.5,0.0,0.81,N/A,NORMAL,NORMAL
1789814928.737,2026-09-19 17:48:48.736,312,Underpass Unila Arah Rajabasa,3,2765,Golongan I,Sedan/Jip/Pick-up,0.816,645,537,850,720,748.2,628.7,7.22,35.16,5.87,3.5,0.2,1.12,N/A,NORMAL,NORMAL
1789814928.737,2026-09-19 17:48:48.736,312,Underpass Unila Arah Rajabasa,3,2771,Golongan I,Sedan/Jip/Pick-up,0.636,432,325,543,452,487.8,388.8,5.07,29.24,7.18,3.5,1.3,0.88,N/A,NORMAL,NORMAL
1789814928.737,2026-09-19 17:48:48.736,312,Underpass Unila Arah Rajabasa,3,2835,Golongan I,Sedan/Jip/Pick-up,0.43,284,107,323,151,304.1,129.3,3.67,8.53,10.52,3.5,0.0,0.9,N/A,NORMAL,NORMAL
1789814928.737,2026-09-19 17:48:48.736,312,Underpass Unila Arah Rajabasa,3,2836,Golongan I,Sedan/Jip/Pick-up,0.268,336,172,393,242,365.2,207.8,4.54,18.34,9.88,3.5,0.0,0.82,N/A,NORMAL,NORMAL
1789814928.923,2026-09-19 17:48:48.922,312,Underpass Unila Arah Rajabasa,4,2765,Golongan I,Sedan/Jip/Pick-up,0.69,652,541,854,720,753.2,630.8,7.32,35.16,5.75,3.5,0.4,1.13,N/A,NORMAL,NORMAL
1789814928.923,2026-09-19 17:48:48.922,312,Underpass Unila Arah Rajabasa,4,2771,Golongan I,Sedan/Jip/Pick-up,0.633,433,328,546,456,490.2,392.4,5.07,29.37,7.13,3.5,1.0,0.88,N/A,NORMAL,NORMAL
1789814928.923,2026-09-19 17:48:48.922,312,Underpass Unila Arah Rajabasa,4,2835,Golongan I,Sedan/Jip/Pick-up,0.372,284,108,324,152,304.5,130.6,3.67,8.72,10.43,3.5,2.0,0.9,N/A,NORMAL,NORMAL
1789814928.923,2026-09-19 17:48:48.922,312,Underpass Unila Arah Rajabasa,4,2836,Golongan I,Sedan/Jip/Pick-up,0.291,337,174,394,244,366.0,209.8,4.53,18.51,9.74,3.5,2.2,0.82,N/A,NORMAL,NORMAL
1789814928.923,2026-09-19 17:48:48.922,312,Underpass Unila Arah Rajabasa,4,2850,Golongan VI-B,Sepeda Motor (Tanpa Helm),0.425,599,404,646,471,623.1,438.1,8.44,29.06,3.86,1.76,0.0,0.71,TANPA_HELM,MELANGGAR,PELANGGARAN_HELM
1789814929.115,2026-09-19 17:48:49.114,312,Underpass Unila Arah Rajabasa,5,2765,Golongan I,Sedan/Jip/Pick-up,0.599,659,547,856,720,757.8,633.7,7.41,35.17,5.51,3.5,0.6,1.14,N/A,NORMAL,NORMAL
1789814929.115,2026-09-19 17:48:49.114,312,Underpass Unila Arah Rajabasa,5,2771,Golongan I,Sedan/Jip/Pick-up,0.626,436,332,550,462,493.5,397.4,5.08,29.56,7.1,3.5,0.9,0.88,N/A,NORMAL,NORMAL
1789814929.115,2026-09-19 17:48:49.114,312,Underpass Unila Arah Rajabasa,5,2835,Golongan I,Sedan/Jip/Pick-up,0.504,286,110,324,152,305.2,131.4,3.7,8.71,9.87,3.5,1.8,0.9,N/A,NORMAL,NORMAL
1789814929.115,2026-09-19 17:48:49.114,312,Underpass Unila Arah Rajabasa,5,2836,Golongan I,Sedan/Jip/Pick-up,0.425,338,176,396,247,367.6,212.3,4.54,18.75,9.72,3.5,2.5,0.82,N/A,NORMAL,NORMAL
1789814929.115,2026-09-19 17:48:49.114,312,Underpass Unila Arah Rajabasa,5,2853,Golongan I,Sedan/Jip/Pick-up,0.503,219,139,266,189,243.3,164.9,0.93,16.58,6.62,2.61,0.0,0.94,N/A,NORMAL,NORMAL
1789814929.344,2026-09-19 17:48:49.344,312,Underpass Unila Arah Rajabasa,6,2765,Golongan I,Sedan/Jip/Pick-up,0.701,665,554,856,720,761.3,637.4,7.48,35.17,5.21,3.5,0.7,1.16,N/A,NORMAL,NORMAL
1789814929.344,2026-09-19 17:48:49.344,312,Underpass Unila Arah Rajabasa,6,2771,Golongan I,Sedan/Jip/Pick-up,0.743,439,336,556,468,498.0,402.3,5.12,29.73,7.09,3.5,1.0,0.89,N/A,NORMAL,NORMAL
1789814929.344,2026-09-19 17:48:49.344,312,Underpass Unila Arah Rajabasa,6,2835,Golongan I,Sedan/Jip/Pick-up,0.587,286,110,325,154,306.0,132.5,3.7,8.94,10.26,3.5,1.8,0.9,N/A,NORMAL,NORMAL
1789814929.344,2026-09-19 17:48:49.344,312,Underpass Unila Arah Rajabasa,6,2836,Golongan I,Sedan/Jip/Pick-up,0.443,339,176,399,249,369.3,213.4,4.57,18.9,10.0,3.5,2.6,0.82,N/A,NORMAL,NORMAL
1789814929.344,2026-09-19 17:48:49.344,312,Underpass Unila Arah Rajabasa,6,2853,Golongan I,Sedan/Jip/Pick-up,0.58,218,137,263,185,241.1,161.6,0.88,16.21,6.47,2.54,0.0,0.94,N/A,NORMAL,NORMAL
1789814929.706,2026-09-19 17:48:49.705,312,Underpass Unila Arah Rajabasa,7,2765,Golongan I,Sedan/Jip/Pick-up,0.69,673,562,859,720,766.4,641.3,7.59,35.17,4.91,3.5,0.8,1.18,N/A,NORMAL,NORMAL
1789814929.706,2026-09-19 17:48:49.705,312,Underpass Unila Arah Rajabasa,7,2771,Golongan I,Sedan/Jip/Pick-up,0.697,441,341,560,474,501.4,408.0,5.11,29.94,6.98,3.5,1.1,0.89,N/A,NORMAL,NORMAL
1789814929.706,2026-09-19 17:48:49.705,312,Underpass Unila Arah Rajabasa,7,2835,Golongan I,Sedan/Jip/Pick-up,0.539,286,111,327,156,307.0,133.7,3.71,9.26,10.37,3.5,2.0,0.9,N/A,NORMAL,NORMAL
1789814929.706,2026-09-19 17:48:49.705,312,Underpass Unila Arah Rajabasa,7,2836,Golongan I,Sedan/Jip/Pick-up,0.403,341,179,401,251,371.7,215.4,4.62,19.01,9.71,3.5,2.5,0.83,N/A,NORMAL,NORMAL
1789814929.706,2026-09-19 17:48:49.705,312,Underpass Unila Arah Rajabasa,7,2853,Golongan I,Sedan/Jip/Pick-up,0.38,216,134,260,180,238.9,157.5,0.83,15.75,6.36,2.53,5.1,0.94,N/A,NORMAL,NORMAL
1789814929.867,2026-09-19 17:48:49.866,312,Underpass Unila Arah Rajabasa,8,2765,Golongan I,Sedan/Jip/Pick-up,0.555,678,567,860,720,769.9,643.9,7.65,35.17,4.72,3.5,0.9,1.2,N/A,NORMAL,NORMAL
1789814929.867,2026-09-19 17:48:49.866,312,Underpass Unila Arah Rajabasa,8,2771,Golongan I,Sedan/Jip/Pick-up,0.654,445,345,566,480,505.8,413.1,5.14,30.12,6.98,3.5,1.3,0.89,N/A,NORMAL,NORMAL
1789814929.867,2026-09-19 17:48:49.866,312,Underpass Unila Arah Rajabasa,8,2835,Golongan I,Sedan/Jip/Pick-up,0.319,286,110,329,158,307.5,134.8,3.69,9.67,11.09,3.5,2.5,0.89,N/A,NORMAL,NORMAL
1789814929.867,2026-09-19 17:48:49.866,312,Underpass Unila Arah Rajabasa,8,2836,Golongan I,Sedan/Jip/Pick-up,0.443,343,181,404,255,373.7,218.6,4.63,19.32,9.82,3.5,2.6,0.83,N/A,NORMAL,NORMAL
1789814929.867,2026-09-19 17:48:49.866,312,Underpass Unila Arah Rajabasa,8,2853,Golongan I,Sedan/Jip/Pick-up,0.538,216,129,259,173,237.9,151.5,0.82,14.99,6.39,2.59,6.1,0.94,N/A,NORMAL,NORMAL
1789814930.048,2026-09-19 17:48:50.047,312,Underpass Unila Arah Rajabasa,9,2765,Golongan I,Sedan/Jip/Pick-up,0.519,686,575,863,720,774.8,647.6,7.75,35.17,4.43,3.5,1.0,1.22,N/A,NORMAL,NORMAL
1789814930.048,2026-09-19 17:48:50.047,312,Underpass Unila Arah Rajabasa,9,2771,Golongan I,Sedan/Jip/Pick-up,0.492,449,349,571,486,510.6,418.2,5.19,30.27,6.97,3.5,1.5,0.9,N/A,NORMAL,NORMAL
1789814930.048,2026-09-19 17:48:50.047,312,Underpass Unila Arah Rajabasa,9,2836,Golongan I,Sedan/Jip/Pick-up,0.447,342,183,406,259,374.5,221.6,4.58,19.68,9.86,3.5,2.9,0.83,N/A,NORMAL,NORMAL
1789814930.048,2026-09-19 17:48:50.047,312,Underpass Unila Arah Rajabasa,9,2853,Golongan I,Sedan/Jip/Pick-up,0.482,215,126,258,171,236.8,148.8,0.79,14.73,6.67,2.64,6.5,0.94,N/A,NORMAL,NORMAL
1789814930.243,2026-09-19 17:48:50.243,312,Underpass Unila Arah Rajabasa,10,2765,Golongan I,Sedan/Jip/Pick-up,0.528,693,581,865,719,779.3,650.4,7.85,35.16,4.19,3.5,1.1,1.24,N/A,NORMAL,NORMAL
1789814930.243,2026-09-19 17:48:50.243,312,Underpass Unila Arah Rajabasa,10,2771,Golongan I,Bus,0.529,452,354,577,493,514.8,423.8,5.2,30.47,6.92,3.5,1.6,0.9,N/A,NORMAL,NORMAL
1789814930.243,2026-09-19 17:48:50.243,312,Underpass Unila Arah Rajabasa,10,2836,Golongan I,Sedan/Jip/Pick-up,0.469,344,185,408,261,376.4,223.6,4.62,19.82,9.75,3.5,3.0,0.84,N/A,NORMAL,NORMAL
1789814930.243,2026-09-19 17:48:50.243,312,Underpass Unila Arah Rajabasa,10,2853,Golongan I,Sedan/Jip/Pick-up,0.523,214,122,255,166,235.2,144.5,0.76,14.2,6.74,2.6,7.0,0.94,N/A,NORMAL,NORMAL
1789814930.426,2026-09-19 17:48:50.426,312,Underpass Unila Arah Rajabasa,11,2765,Golongan I,Sedan/Jip/Pick-up,0.574,700,586,867,718,784.0,652.7,7.96,35.15,4.0,3.5,1.2,1.27,N/A,NORMAL,NORMAL
1789814930.426,2026-09-19 17:48:50.426,312,Underpass Unila Arah Rajabasa,11,2771,Golongan I,Sedan/Jip/Pick-up,0.502,455,358,582,499,519.2,428.8,5.23,30.63,6.9,3.5,2.1,0.9,N/A,NORMAL,NORMAL
1789814930.426,2026-09-19 17:48:50.426,312,Underpass Unila Arah Rajabasa,11,2836,Golongan I,Sedan/Jip/Pick-up,0.472,346,187,410,263,378.8,225.5,4.67,19.91,9.65,3.5,3.1,0.85,N/A,NORMAL,NORMAL
1789814930.426,2026-09-19 17:48:50.426,312,Underpass Unila Arah Rajabasa,11,2853,Golongan I,Sedan/Jip/Pick-up,0.295,215,119,252,159,234.0,139.1,0.75,13.29,6.38,2.43,7.8,0.94,N/A,NORMAL,LAWAN_ARAH
1789814930.426,2026-09-19 17:48:50.426,312,Underpass Unila Arah Rajabasa,11,2835,Golongan I,Sedan/Jip/Pick-up,0.338,287,111,332,162,309.9,137.1,3.73,10.16,11.59,3.5,0.0,0.89,N/A,NORMAL,NORMAL
1789814930.666,2026-09-19 17:48:50.665,312,Underpass Unila Arah Rajabasa,12,2765,Golongan I,Sedan/Jip/Pick-up,0.528,706,594,869,719,787.7,656.9,8.02,35.16,3.74,3.5,1.3,1.3,N/A,NORMAL,NORMAL
1789814930.666,2026-09-19 17:48:50.665,312,Underpass Unila Arah Rajabasa,12,2771,Golongan I,Sedan/Jip/Pick-up,0.521,459,362,587,504,523.5,433.7,5.26,30.78,6.86,3.5,2.4,0.9,N/A,NORMAL,NORMAL
1789814930.666,2026-09-19 17:48:50.665,312,Underpass Unila Arah Rajabasa,12,2836,Golongan I,Sedan/Jip/Pick-up,0.585,347,189,413,266,380.5,228.3,4.67,20.17,9.65,3.5,3.2,0.85,N/A,NORMAL,NORMAL
1789814930.666,2026-09-19 17:48:50.665,312,Underpass Unila Arah Rajabasa,12,2853,Golongan I,Sedan/Jip/Pick-up,0.412,215,118,249,154,232.5,136.1,0.71,12.69,5.86,2.27,8.3,0.95,N/A,NORMAL,LAWAN_ARAH
1789814930.666,2026-09-19 17:48:50.665,312,Underpass Unila Arah Rajabasa,12,2835,Golongan I,Sedan/Jip/Pick-up,0.341,287,114,333,166,310.9,140.1,3.71,10.68,11.4,3.5,0.0,0.89,N/A,NORMAL,NORMAL
1789814930.932,2026-09-19 17:48:50.932,312,Underpass Unila Arah Rajabasa,13,2765,Golongan I,Sedan/Jip/Pick-up,0.439,712,601,869,719,790.6,660.8,8.08,35.17,3.49,3.5,1.3,1.33,N/A,NORMAL,NORMAL
1789814930.932,2026-09-19 17:48:50.932,312,Underpass Unila Arah Rajabasa,13,2771,Golongan I,Sedan/Jip/Pick-up,0.525,461,366,593,512,527.5,439.3,5.26,30.98,6.91,3.5,2.6,0.9,N/A,NORMAL,NORMAL
1789814930.932,2026-09-19 17:48:50.932,312,Underpass Unila Arah Rajabasa,13,2836,Golongan I,Sedan/Jip/Pick-up,0.533,349,191,415,269,382.5,230.8,4.69,20.38,9.64,3.5,3.3,0.85,N/A,NORMAL,NORMAL
1789814930.932,2026-09-19 17:48:50.932,312,Underpass Unila Arah Rajabasa,13,2853,Golongan I,Sedan/Jip/Pick-up,0.521,214,115,248,151,231.7,133.5,0.7,12.34,6.01,2.32,8.4,0.96,N/A,NORMAL,LAWAN_ARAH
1789814930.932,2026-09-19 17:48:50.932,312,Underpass Unila Arah Rajabasa,13,2835,Golongan I,Sedan/Jip/Pick-up,0.274,289,115,334,166,311.9,141.0,3.75,10.68,11.18,3.5,3.7,0.89,N/A,NORMAL,NORMAL
1789814931.149,2026-09-19 17:48:51.149,312,Underpass Unila Arah Rajabasa,14,2774,Golongan I,Sedan/Jip/Pick-up,0.255,203,79,230,105,217.1,92.5,0.27,5.43,6.25,2.61,0.0,1.04,N/A,NORMAL,NORMAL
1789814931.305,2026-09-19 17:48:51.305,312,Underpass Unila Arah Rajabasa,15,2883,Golongan I,Sedan/Jip/Pick-up,0.499,308,346,421,466,364.7,406.6,2.37,30.35,4.73,2.64,0.0,0.93,N/A,NORMAL,NORMAL
1789814931.305,2026-09-19 17:48:51.305,312,Underpass Unila Arah Rajabasa,15,2884,Golongan I,Sedan/Jip/Pick-up,0.485,271,94,312,134,292.4,114.6,3.41,6.09,10.79,3.5,0.0,1.02,N/A,NORMAL,NORMAL
1789814931.305,2026-09-19 17:48:51.305,312,Underpass Unila Arah Rajabasa,15,2885,Golongan I,Sedan/Jip/Pick-up,0.526,302,136,357,198,329.7,167.4,3.94,14.49,11.18,3.5,0.0,0.89,N/A,NORMAL,NORMAL
1789814931.305,2026-09-19 17:48:51.305,312,Underpass Unila Arah Rajabasa,15,2889,Golongan I,Sedan/Jip/Pick-up,0.586,528,452,694,630,611.4,541.3,5.65,33.62,6.2,3.5,0.0,0.94,N/A,NORMAL,NORMAL
1789814931.459,2026-09-19 17:48:51.458,312,Underpass Unila Arah Rajabasa,16,2883,Golongan I,Sedan/Jip/Pick-up,0.602,303,336,410,451,356.8,393.7,2.3,29.92,4.74,2.55,0.0,0.93,N/A,NORMAL,NORMAL
1789814931.459,2026-09-19 17:48:51.458,312,Underpass Unila Arah Rajabasa,16,2884,Golongan I,Sedan/Jip/Pick-up,0.628,272,95,313,135,292.7,115.2,3.42,6.19,10.71,3.5,0.0,1.02,N/A,NORMAL,NORMAL
1789814931.459,2026-09-19 17:48:51.458,312,Underpass Unila Arah Rajabasa,16,2885,Golongan I,Sedan/Jip/Pick-up,0.636,302,135,360,200,331.4,168.4,3.96,14.75,11.78,3.5,0.0,0.89,N/A,NORMAL,NORMAL
1789814931.459,2026-09-19 17:48:51.458,312,Underpass Unila Arah Rajabasa,16,2889,Golongan I,Sedan/Jip/Pick-up,0.708,533,455,700,635,617.1,545.5,5.71,33.71,6.24,3.5,0.0,0.94,N/A,NORMAL,NORMAL
1789814931.459,2026-09-19 17:48:51.458,312,Underpass Unila Arah Rajabasa,16,2892,Golongan I,Sedan/Jip/Pick-up,0.371,383,242,475,337,429.4,290.2,5.11,24.4,8.66,3.5,0.0,0.97,N/A,NORMAL,NORMAL
1789814931.459,2026-09-19 17:48:51.458,312,Underpass Unila Arah Rajabasa,16,2893,Golongan III,Truk 3 Gandar,0.415,383,242,475,338,429.7,290.5,5.11,24.43,8.72,3.5,0.0,0.96,N/A,NORMAL,NORMAL
1789814931.459,2026-09-19 17:48:51.458,312,Underpass Unila Arah Rajabasa,16,2709,Golongan I,Sedan/Jip/Pick-up,0.384,249,62,284,96,267.1,79.5,2.78,-1.07,12.69,3.5,0.0,1.05,N/A,NORMAL,NORMAL
1789814931.612,2026-09-19 17:48:51.611,312,Underpass Unila Arah Rajabasa,17,2883,Golongan I,Sedan/Jip/Pick-up,0.589,296,322,399,432,348.0,377.5,2.23,29.39,4.83,2.55,11.4,0.93,N/A,NORMAL,NORMAL
1789814931.612,2026-09-19 17:48:51.611,312,Underpass Unila Arah Rajabasa,17,2884,Golongan I,Sedan/Jip/Pick-up,0.545,271,95,314,137,292.9,116.8,3.38,6.66,11.13,3.5,6.7,1.02,N/A,NORMAL,NORMAL
1789814931.612,2026-09-19 17:48:51.611,312,Underpass Unila Arah Rajabasa,17,2885,Golongan I,Sedan/Jip/Pick-up,0.653,303,136,360,201,331.7,169.2,3.96,14.8,11.68,3.5,3.7,0.89,N/A,NORMAL,NORMAL
1789814931.612,2026-09-19 17:48:51.611,312,Underpass Unila Arah Rajabasa,17,2889,Golongan I,Sedan/Jip/Pick-up,0.669,535,459,705,642,620.5,551.1,5.7,33.85,6.24,3.5,2.7,0.94,N/A,NORMAL,NORMAL
1789814931.612,2026-09-19 17:48:51.611,312,Underpass Unila Arah Rajabasa,17,2892,Golongan I,Sedan/Jip/Pick-up,0.359,383,240,480,340,431.9,290.8,5.14,24.55,9.2,3.5,0.0,0.97,N/A,NORMAL,NORMAL
1789814931.612,2026-09-19 17:48:51.611,312,Underpass Unila Arah Rajabasa,17,2893,Golongan III,Truk 3 Gandar,0.396,384,241,479,340,432.2,291.5,5.14,24.57,9.06,3.5,0.0,0.96,N/A,NORMAL,NORMAL
1789814931.612,2026-09-19 17:48:51.611,312,Underpass Unila Arah Rajabasa,17,2709,Golongan I,Sedan/Jip/Pick-up,0.401,249,63,284,97,267.4,80.3,2.79,-0.98,12.51,3.5,0.0,1.05,N/A,NORMAL,NORMAL
1789814931.76,2026-09-19 17:48:51.760,312,Underpass Unila Arah Rajabasa,18,2883,Golongan I,Sedan/Jip/Pick-up,0.6,290,309,389,416,340.0,363.1,2.16,28.88,4.98,2.54,11.5,0.93,N/A,NORMAL,NORMAL
1789814931.76,2026-09-19 17:48:51.760,312,Underpass Unila Arah Rajabasa,18,2884,Golongan I,Sedan/Jip/Pick-up,0.55,271,96,315,139,293.2,117.7,3.37,6.93,11.23,3.5,6.7,1.02,N/A,NORMAL,NORMAL
1789814931.76,2026-09-19 17:48:51.760,312,Underpass Unila Arah Rajabasa,18,2885,Golongan I,Sedan/Jip/Pick-up,0.542,304,138,360,201,332.5,170.3,3.99,14.84,11.21,3.5,3.4,0.89,N/A,NORMAL,NORMAL
1789814931.76,2026-09-19 17:48:51.760,312,Underpass Unila Arah Rajabasa,18,2889,Golongan I,Sedan/Jip/Pick-up,0.617,540,465,711,648,626.2,557.2,5.74,33.96,6.14,3.5,2.7,0.94,N/A,NORMAL,NORMAL
1789814931.76,2026-09-19 17:48:51.760,312,Underpass Unila Arah Rajabasa,18,2892,Golongan III,Truk 3 Gandar,0.253,385,241,484,344,434.8,293.1,5.16,24.74,9.41,3.5,4.1,0.96,N/A,NORMAL,NORMAL
1789814931.76,2026-09-19 17:48:51.760,312,Underpass Unila Arah Rajabasa,18,2893,Golongan I,Sedan/Jip/Pick-up,0.511,385,242,484,345,435.1,294.2,5.15,24.82,9.34,3.5,4.7,0.96,N/A,NORMAL,NORMAL
1789814931.76,2026-09-19 17:48:51.760,312,Underpass Unila Arah Rajabasa,18,2709,Golongan I,Sedan/Jip/Pick-up,0.445,250,64,284,97,267.4,80.7,2.79,-0.95,12.07,3.5,1.4,1.06,N/A,NORMAL,NORMAL
1789814931.919,2026-09-19 17:48:51.919,312,Underpass Unila Arah Rajabasa,19,2883,Golongan I,Sedan/Jip/Pick-up,0.507,286,299,381,401,334.2,350.6,2.13,28.39,5.0,2.51,11.5,0.93,N/A,NORMAL,NORMAL
1789814931.919,2026-09-19 17:48:51.919,312,Underpass Unila Arah Rajabasa,19,2884,Golongan I,Sedan/Jip/Pick-up,0.49,272,96,317,140,294.8,118.6,3.42,7.1,11.52,3.5,6.4,1.01,N/A,NORMAL,NORMAL
1789814931.919,2026-09-19 17:48:51.919,312,Underpass Unila Arah Rajabasa,19,2885,Golongan I,Sedan/Jip/Pick-up,0.469,305,139,361,202,333.5,171.3,4.01,14.89,11.14,3.5,3.0,0.89,N/A,NORMAL,NORMAL
1789814931.919,2026-09-19 17:48:51.919,312,Underpass Unila Arah Rajabasa,19,2889,Golongan I,Sedan/Jip/Pick-up,0.546,544,471,716,655,630.3,563.2,5.74,34.08,6.06,3.5,2.7,0.94,N/A,NORMAL,NORMAL
1789814931.919,2026-09-19 17:48:51.919,312,Underpass Unila Arah Rajabasa,19,2892,Golongan III,Truk 3 Gandar,0.344,386,244,487,350,437.0,297.3,5.14,25.03,9.45,3.5,4.4,0.96,N/A,NORMAL,NORMAL
1789814931.919,2026-09-19 17:48:51.919,312,Underpass Unila Arah Rajabasa,19,2893,Golongan I,Sedan/Jip/Pick-up,0.419,387,244,489,350,438.4,297.4,5.17,25.04,9.5,3.5,4.7,0.96,N/A,NORMAL,NORMAL
1789814931.919,2026-09-19 17:48:51.919,312,Underpass Unila Arah Rajabasa,19,2709,Golongan I,Sedan/Jip/Pick-up,0.403,250,64,284,97,267.5,81.0,2.79,-0.91,12.07,3.5,1.4,1.06,N/A,NORMAL,NORMAL
1789814932.086,2026-09-19 17:48:52.085,312,Underpass Unila Arah Rajabasa,20,2884,Golongan I,Sedan/Jip/Pick-up,0.419,276,102,323,148,299.6,125.6,3.5,8.38,11.37,3.5,8.0,1.01,N/A,NORMAL,NORMAL
1789814932.086,2026-09-19 17:48:52.085,312,Underpass Unila Arah Rajabasa,20,2889,Golongan I,Sedan/Jip/Pick-up,0.684,576,508,756,699,666.8,603.9,5.94,34.84,5.69,3.5,3.9,0.94,N/A,NORMAL,NORMAL
1789814932.086,2026-09-19 17:48:52.085,312,Underpass Unila Arah Rajabasa,20,2709,Golongan I,Sedan/Jip/Pick-up,0.467,253,69,287,101,270.5,85.2,2.89,-0.12,11.17,3.5,3.0,1.07,N/A,NORMAL,NORMAL
1789814932.086,2026-09-19 17:48:52.085,312,Underpass Unila Arah Rajabasa,20,2669,Golongan I,Bus,0.321,412,280,524,397,468.7,338.8,5.33,27.12,8.6,3.5,0.0,0.96,N/A,NORMAL,NORMAL
1789814932.293,2026-09-19 17:48:52.293,312,Underpass Unila Arah Rajabasa,21,2884,Golongan I,Sedan/Jip/Pick-up,0.538,272,97,316,140,294.3,119.0,3.39,7.2,11.15,3.5,6.4,1.0,N/A,NORMAL,NORMAL
1789814932.293,2026-09-19 17:48:52.293,312,Underpass Unila Arah Rajabasa,21,2853,Golongan I,Sedan/Jip/Pick-up,0.417,211,89,241,120,226.8,105.0,0.62,7.68,6.77,2.66,0.0,0.96,N/A,NORMAL,LAWAN_ARAH
1789814932.293,2026-09-19 17:48:52.293,312,Underpass Unila Arah Rajabasa,21,2885,Golongan I,Sedan/Jip/Pick-up,0.529,309,147,366,211,338.4,179.3,4.06,15.76,10.59,3.5,0.0,0.89,N/A,NORMAL,NORMAL
1789814932.293,2026-09-19 17:48:52.293,312,Underpass Unila Arah Rajabasa,21,2892,Golongan I,Sedan/Jip/Pick-up,0.516,368,227,470,334,419.7,281.2,4.86,24.36,10.25,3.5,0.0,0.96,N/A,NORMAL,NORMAL
1789814932.487,2026-09-19 17:48:52.486,312,Underpass Unila Arah Rajabasa,22,2884,Golongan I,Sedan/Jip/Pick-up,0.364,270,95,314,139,292.6,117.4,3.34,7.0,11.51,3.5,5.0,1.0,N/A,NORMAL,NORMAL
1789814932.487,2026-09-19 17:48:52.486,312,Underpass Unila Arah Rajabasa,22,2905,Golongan I,Sedan/Jip/Pick-up,0.839,289,330,385,425,337.7,378.1,2.07,29.21,4.06,2.29,0.0,1.01,N/A,NORMAL,NORMAL
1789814932.487,2026-09-19 17:48:52.486,312,Underpass Unila Arah Rajabasa,22,2906,Golongan I,Sedan/Jip/Pick-up,0.488,543,433,716,620,630.2,526.7,6.14,33.4,7.36,3.5,0.0,0.92,N/A,NORMAL,NORMAL
1789814932.487,2026-09-19 17:48:52.486,312,Underpass Unila Arah Rajabasa,22,2853,Golongan I,Sedan/Jip/Pick-up,0.544,212,88,240,117,226.2,103.3,0.61,7.2,6.47,2.53,0.0,0.97,N/A,NORMAL,LAWAN_ARAH
1789814932.487,2026-09-19 17:48:52.486,312,Underpass Unila Arah Rajabasa,22,2885,Golongan I,Sedan/Jip/Pick-up,0.273,312,150,369,213,340.9,182.1,4.11,15.99,10.28,3.5,0.0,0.89,N/A,NORMAL,NORMAL
1789814932.487,2026-09-19 17:48:52.486,312,Underpass Unila Arah Rajabasa,22,2892,Golongan I,Sedan/Jip/Pick-up,0.503,365,226,469,334,417.9,280.5,4.8,24.41,10.34,3.5,0.0,0.95,N/A,NORMAL,NORMAL
1789814932.664,2026-09-19 17:48:52.664,312,Underpass Unila Arah Rajabasa,23,2884,Golongan I,Sedan/Jip/Pick-up,0.554,270,96,313,139,292.3,117.7,3.33,6.98,11.14,3.5,3.9,1.0,N/A,NORMAL,NORMAL
1789814932.664,2026-09-19 17:48:52.664,312,Underpass Unila Arah Rajabasa,23,2905,Golongan I,Sedan/Jip/Pick-up,0.814,284,320,375,410,329.6,365.1,1.99,28.74,4.03,2.23,0.0,1.01,N/A,NORMAL,NORMAL
1789814932.664,2026-09-19 17:48:52.664,312,Underpass Unila Arah Rajabasa,23,2906,Golongan I,Sedan/Jip/Pick-up,0.516,549,439,723,628,636.3,533.6,6.17,33.55,7.3,3.5,0.0,0.92,N/A,NORMAL,NORMAL
1789814932.664,2026-09-19 17:48:52.664,312,Underpass Unila Arah Rajabasa,23,2853,Golongan I,Sedan/Jip/Pick-up,0.611,212,85,240,114,226.7,100.0,0.64,6.6,6.69,2.62,10.5,0.96,N/A,NORMAL,LAWAN_ARAH
1789814932.664,2026-09-19 17:48:52.664,312,Underpass Unila Arah Rajabasa,23,2885,Golongan I,Sedan/Jip/Pick-up,0.418,313,152,370,216,341.7,184.5,4.1,16.24,10.24,3.5,4.7,0.9,N/A,NORMAL,NORMAL
1789814932.664,2026-09-19 17:48:52.664,312,Underpass Unila Arah Rajabasa,23,2892,Golongan I,Sedan/Jip/Pick-up,0.528,366,227,472,339,419.4,283.5,4.78,24.65,10.59,3.5,2.9,0.95,N/A,NORMAL,NORMAL
1789814932.664,2026-09-19 17:48:52.664,312,Underpass Unila Arah Rajabasa,23,2907,Golongan I,Sedan/Jip/Pick-up,0.422,232,172,279,225,255.6,198.9,1.15,19.62,5.53,2.12,0.0,0.88,N/A,NORMAL,NORMAL
1789814932.85,2026-09-19 17:48:52.849,312,Underpass Unila Arah Rajabasa,24,2884,Golongan I,Sedan/Jip/Pick-up,0.634,271,98,313,139,292.6,119.0,3.33,7.09,10.5,3.5,3.3,0.99,N/A,NORMAL,NORMAL
1789814932.85,2026-09-19 17:48:52.849,312,Underpass Unila Arah Rajabasa,24,2905,Golongan I,Sedan/Jip/Pick-up,0.737,279,307,367,394,323.7,351.0,1.95,28.21,4.14,2.24,10.0,1.01,N/A,NORMAL,NORMAL
1789814932.85,2026-09-19 17:48:52.849,312,Underpass Unila Arah Rajabasa,24,2906,Golongan I,Sedan/Jip/Pick-up,0.588,555,447,729,636,642.8,541.7,6.2,33.71,7.11,3.5,3.1,0.92,N/A,NORMAL,NORMAL
1789814932.85,2026-09-19 17:48:52.849,312,Underpass Unila Arah Rajabasa,24,2853,Golongan I,Sedan/Jip/Pick-up,0.637,210,81,240,113,225.5,97.5,0.6,6.34,7.58,2.89,9.7,0.95,N/A,NORMAL,LAWAN_ARAH
1789814932.85,2026-09-19 17:48:52.849,312,Underpass Unila Arah Rajabasa,24,2885,Golongan I,Sedan/Jip/Pick-up,0.499,314,153,372,218,343.1,186.3,4.12,16.46,10.32,3.5,4.6,0.9,N/A,NORMAL,NORMAL
1789814932.85,2026-09-19 17:48:52.849,312,Underpass Unila Arah Rajabasa,24,2892,Golongan I,Sedan/Jip/Pick-up,0.619,368,229,475,342,422.0,286.1,4.81,24.8,10.57,3.5,2.9,0.95,N/A,NORMAL,NORMAL
1789814932.85,2026-09-19 17:48:52.849,312,Underpass Unila Arah Rajabasa,24,2907,Golongan I,Sedan/Jip/Pick-up,0.318,230,168,276,219,253.6,194.1,1.11,19.19,5.48,2.12,0.0,0.88,N/A,NORMAL,NORMAL
1789814933.037,2026-09-19 17:48:53.036,312,Underpass Unila Arah Rajabasa,25,2884,Golongan I,Sedan/Jip/Pick-up,0.618,272,99,313,140,293.2,119.8,3.34,7.19,10.39,3.5,2.9,0.99,N/A,NORMAL,NORMAL
1789814933.037,2026-09-19 17:48:53.036,312,Underpass Unila Arah Rajabasa,25,2905,Golongan I,Sedan/Jip/Pick-up,0.833,274,295,358,379,316.5,337.2,1.88,27.67,4.23,2.21,10.1,1.01,N/A,NORMAL,NORMAL
1789814933.037,2026-09-19 17:48:53.036,312,Underpass Unila Arah Rajabasa,25,2906,Golongan I,Sedan/Jip/Pick-up,0.651,559,450,738,645,649.0,547.7,6.22,33.87,7.27,3.5,3.1,0.92,N/A,NORMAL,NORMAL
1789814933.037,2026-09-19 17:48:53.036,312,Underpass Unila Arah Rajabasa,25,2853,Golongan I,Sedan/Jip/Pick-up,0.581,210,79,239,110,224.9,95.4,0.58,5.94,7.53,2.86,9.2,0.95,N/A,NORMAL,LAWAN_ARAH
1789814933.037,2026-09-19 17:48:53.036,312,Underpass Unila Arah Rajabasa,25,2885,Golongan I,Sedan/Jip/Pick-up,0.644,315,156,374,221,344.6,188.7,4.13,16.7,10.09,3.5,4.6,0.9,N/A,NORMAL,NORMAL
1789814933.037,2026-09-19 17:48:53.036,312,Underpass Unila Arah Rajabasa,25,2892,Golongan I,Sedan/Jip/Pick-up,0.56,372,232,479,345,426.0,289.2,4.88,24.93,10.46,3.5,2.8,0.95,N/A,NORMAL,NORMAL
1789814933.037,2026-09-19 17:48:53.036,312,Underpass Unila Arah Rajabasa,25,2907,Golongan I,Sedan/Jip/Pick-up,0.685,228,162,271,210,249.8,186.4,1.04,18.45,5.4,2.06,11.3,0.88,N/A,NORMAL,NORMAL
1789814933.219,2026-09-19 17:48:53.218,312,Underpass Unila Arah Rajabasa,26,2884,Golongan I,Sedan/Jip/Pick-up,0.499,273,99,314,140,294.1,120.0,3.39,7.16,10.45,3.5,2.2,0.99,N/A,NORMAL,NORMAL
1789814933.219,2026-09-19 17:48:53.218,312,Underpass Unila Arah Rajabasa,26,2905,Golongan I,Sedan/Jip/Pick-up,0.795,270,283,351,363,311.3,323.8,1.84,27.09,4.3,2.23,10.2,1.01,N/A,NORMAL,NORMAL
1789814933.219,2026-09-19 17:48:53.218,312,Underpass Unila Arah Rajabasa,26,2906,Golongan I,Sedan/Jip/Pick-up,0.745,563,454,746,652,654.9,553.6,6.24,34.02,7.31,3.5,3.1,0.92,N/A,NORMAL,NORMAL
1789814933.219,2026-09-19 17:48:53.218,312,Underpass Unila Arah Rajabasa,26,2853,Golongan I,Sedan/Jip/Pick-up,0.468,210,78,238,107,224.3,93.2,0.57,5.38,7.18,2.81,9.1,0.95,N/A,NORMAL,LAWAN_ARAH
1789814933.219,2026-09-19 17:48:53.218,312,Underpass Unila Arah Rajabasa,26,2885,Golongan I,Sedan/Jip/Pick-up,0.558,316,156,377,224,346.8,190.4,4.17,16.93,10.52,3.5,4.6,0.91,N/A,NORMAL,NORMAL
1789814933.219,2026-09-19 17:48:53.218,312,Underpass Unila Arah Rajabasa,26,2892,Golongan I,Sedan/Jip/Pick-up,0.655,374,236,483,351,429.2,294.4,4.88,25.24,10.37,3.5,3.1,0.94,N/A,NORMAL,NORMAL
1789814933.219,2026-09-19 17:48:53.218,312,Underpass Unila Arah Rajabasa,26,2907,Golongan I,Sedan/Jip/Pick-up,0.688,226,157,269,206,248.3,181.9,1.02,18.09,5.69,2.12,10.8,0.88,N/A,NORMAL,NORMAL
1789814933.407,2026-09-19 17:48:53.406,312,Underpass Unila Arah Rajabasa,27,2884,Golongan I,Sedan/Jip/Pick-up,0.515,274,101,314,141,294.7,121.5,3.39,7.38,10.02,3.5,1.7,0.99,N/A,NORMAL,NORMAL
1789814933.407,2026-09-19 17:48:53.406,312,Underpass Unila Arah Rajabasa,27,2905,Golongan I,Sedan/Jip/Pick-up,0.761,267,273,345,351,306.3,312.6,1.8,26.59,4.42,2.22,10.3,1.01,N/A,NORMAL,LAWAN_ARAH
1789814933.407,2026-09-19 17:48:53.406,312,Underpass Unila Arah Rajabasa,27,2906,Golongan I,Sedan/Jip/Pick-up,0.747,569,462,752,659,661.0,561.2,6.28,34.15,7.1,3.5,3.1,0.92,N/A,NORMAL,NORMAL
1789814933.407,2026-09-19 17:48:53.406,312,Underpass Unila Arah Rajabasa,27,2853,Golongan I,Sedan/Jip/Pick-up,0.336,209,76,237,105,223.3,91.0,0.53,5.02,7.32,2.86,8.9,0.96,N/A,NORMAL,LAWAN_ARAH
1789814933.407,2026-09-19 17:48:53.406,312,Underpass Unila Arah Rajabasa,27,2885,Golongan I,Sedan/Jip/Pick-up,0.491,317,157,380,225,349.0,191.5,4.23,17.03,10.51,3.5,4.4,0.91,N/A,NORMAL,NORMAL
1789814933.407,2026-09-19 17:48:53.406,312,Underpass Unila Arah Rajabasa,27,2892,Golongan I,Sedan/Jip/Pick-up,0.616,377,239,488,357,432.7,298.6,4.9,25.51,10.45,3.5,3.3,0.94,N/A,NORMAL,NORMAL
1789814933.407,2026-09-19 17:48:53.406,312,Underpass Unila Arah Rajabasa,27,2907,Golongan I,Sedan/Jip/Pick-up,0.59,225,153,269,203,247.1,178.4,0.99,17.83,5.96,2.23,9.9,0.88,N/A,NORMAL,NORMAL
1789814933.407,2026-09-19 17:48:53.406,312,Underpass Unila Arah Rajabasa,27,2910,Golongan I,Sedan/Jip/Pick-up,0.787,416,643,627,719,522.1,681.6,3.5,35.13,1.3,3.2,0.0,2.78,N/A,NORMAL,NORMAL
1789814933.407,2026-09-19 17:48:53.406,312,Underpass Unila Arah Rajabasa,27,2709,Golongan I,Sedan/Jip/Pick-up,0.393,256,68,287,98,272.2,83.6,3.05,-1.12,10.84,3.5,0.0,1.07,N/A,NORMAL,NORMAL
1789814933.57,2026-09-19 17:48:53.569,312,Underpass Unila Arah Rajabasa,28,2884,Golongan I,Sedan/Jip/Pick-up,0.498,275,101,316,143,295.7,122.4,3.42,7.52,10.49,3.5,1.4,0.99,N/A,NORMAL,NORMAL
1789814933.57,2026-09-19 17:48:53.569,312,Underpass Unila Arah Rajabasa,28,2905,Golongan I,Sedan/Jip/Pick-up,0.809,262,264,337,339,300.3,302.0,1.73,26.09,4.44,2.2,10.3,1.01,N/A,NORMAL,LAWAN_ARAH
1789814933.57,2026-09-19 17:48:53.569,312,Underpass Unila Arah Rajabasa,28,2906,Golongan I,Sedan/Jip/Pick-up,0.65,575,468,759,668,667.6,568.5,6.3,34.3,7.07,3.5,3.1,0.92,N/A,NORMAL,NORMAL
1789814933.57,2026-09-19 17:48:53.569,312,Underpass Unila Arah Rajabasa,28,2885,Golongan I,Sedan/Jip/Pick-up,0.642,318,159,381,227,350.2,193.5,4.24,17.21,10.35,3.5,4.3,0.91,N/A,NORMAL,NORMAL
1789814933.57,2026-09-19 17:48:53.569,312,Underpass Unila Arah Rajabasa,28,2892,Golongan I,Sedan/Jip/Pick-up,0.664,380,243,492,363,436.5,303.1,4.93,25.76,10.37,3.5,3.6,0.94,N/A,NORMAL,NORMAL
1789814933.57,2026-09-19 17:48:53.569,312,Underpass Unila Arah Rajabasa,28,2907,Golongan I,Sedan/Jip/Pick-up,0.644,224,150,267,197,245.9,174.0,0.98,17.33,5.78,2.23,9.6,0.88,N/A,NORMAL,NORMAL
1789814933.57,2026-09-19 17:48:53.569,312,Underpass Unila Arah Rajabasa,28,2910,Golongan I,Sedan/Jip/Pick-up,0.798,376,619,652,719,514.5,669.5,3.4,35.13,1.8,3.5,0.0,2.76,N/A,NORMAL,NORMAL
1789814933.57,2026-09-19 17:48:53.569,312,Underpass Unila Arah Rajabasa,28,2709,Golongan I,Sedan/Jip/Pick-up,0.42,257,68,288,97,272.8,82.6,3.1,-1.49,10.61,3.5,0.0,1.06,N/A,NORMAL,NORMAL
1789814933.753,2026-09-19 17:48:53.753,312,Underpass Unila Arah Rajabasa,29,2884,Golongan I,Sedan/Jip/Pick-up,0.492,275,102,317,144,296.6,123.5,3.44,7.75,10.4,3.5,1.4,0.99,N/A,NORMAL,NORMAL
1789814933.753,2026-09-19 17:48:53.753,312,Underpass Unila Arah Rajabasa,29,2905,Golongan I,Sedan/Jip/Pick-up,0.764,260,256,332,327,296.4,292.1,1.69,25.57,4.42,2.18,10.4,1.01,N/A,NORMAL,LAWAN_ARAH
1789814933.753,2026-09-19 17:48:53.753,312,Underpass Unila Arah Rajabasa,29,2906,Golongan I,Sedan/Jip/Pick-up,0.651,580,473,768,677,674.4,575.5,6.33,34.45,7.12,3.5,3.1,0.92,N/A,NORMAL,NORMAL
1789814933.753,2026-09-19 17:48:53.753,312,Underpass Unila Arah Rajabasa,29,2885,Golongan I,Sedan/Jip/Pick-up,0.645,320,161,383,230,351.9,195.9,4.25,17.45,10.34,3.5,4.3,0.92,N/A,NORMAL,NORMAL
1789814933.753,2026-09-19 17:48:53.753,312,Underpass Unila Arah Rajabasa,29,2892,Golongan I,Sedan/Jip/Pick-up,0.634,383,247,497,368,440.4,307.6,4.97,25.98,10.25,3.5,3.7,0.93,N/A,NORMAL,NORMAL
1789814933.753,2026-09-19 17:48:53.753,312,Underpass Unila Arah Rajabasa,29,2907,Golongan I,Sedan/Jip/Pick-up,0.731,222,146,264,193,243.3,170.1,0.92,16.98,5.93,2.23,9.3,0.88,N/A,NORMAL,LAWAN_ARAH
1789814933.753,2026-09-19 17:48:53.753,312,Underpass Unila Arah Rajabasa,29,2910,Golongan I,Sedan/Jip/Pick-up,0.819,331,591,679,719,505.8,655.8,3.27,35.13,2.45,3.5,2.3,2.72,N/A,NORMAL,NORMAL
1789814933.753,2026-09-19 17:48:53.753,312,Underpass Unila Arah Rajabasa,29,2709,Golongan I,Sedan/Jip/Pick-up,0.524,257,68,288,97,273.2,83.1,3.12,-1.42,10.61,3.5,3.2,1.06,N/A,NORMAL,NORMAL
1789814933.917,2026-09-19 17:48:53.916,312,Underpass Unila Arah Rajabasa,30,2884,Golongan I,Sedan/Jip/Pick-up,0.443,276,102,318,145,297.7,123.6,3.48,7.77,10.64,3.5,1.3,0.99,N/A,NORMAL,NORMAL
1789814933.917,2026-09-19 17:48:53.916,312,Underpass Unila Arah Rajabasa,30,2905,Golongan I,Sedan/Jip/Pick-up,0.75,254,248,325,317,290.2,283.1,1.6,25.14,4.47,2.21,10.3,1.02,N/A,NORMAL,LAWAN_ARAH
1789814933.917,2026-09-19 17:48:53.916,312,Underpass Unila Arah Rajabasa,30,2906,Golongan I,Sedan/Jip/Pick-up,0.676,585,479,775,685,680.4,582.3,6.35,34.59,7.06,3.5,3.1,0.93,N/A,NORMAL,NORMAL
1789814933.917,2026-09-19 17:48:53.916,312,Underpass Unila Arah Rajabasa,30,2885,Golongan I,Sedan/Jip/Pick-up,0.645,320,162,385,232,353.2,197.8,4.26,17.69,10.4,3.5,4.3,0.92,N/A,NORMAL,NORMAL
1789814933.917,2026-09-19 17:48:53.916,312,Underpass Unila Arah Rajabasa,30,2892,Golongan I,Sedan/Jip/Pick-up,0.543,387,251,502,374,444.7,312.8,5.0,26.25,10.21,3.5,3.9,0.93,N/A,NORMAL,NORMAL
1789814933.917,2026-09-19 17:48:53.916,312,Underpass Unila Arah Rajabasa,30,2907,Golongan I,Sedan/Jip/Pick-up,0.631,220,141,262,189,241.6,165.5,0.88,16.57,6.25,2.3,9.1,0.88,N/A,NORMAL,LAWAN_ARAH
1789814933.917,2026-09-19 17:48:53.916,312,Underpass Unila Arah Rajabasa,30,2910,Golongan I,Sedan/Jip/Pick-up,0.677,283,562,701,719,492.5,641.4,3.09,35.14,3.23,3.5,2.6,2.66,N/A,NORMAL,NORMAL
1789814933.917,2026-09-19 17:48:53.916,312,Underpass Unila Arah Rajabasa,30,2709,Golongan I,Sedan/Jip/Pick-up,0.54,258,69,289,98,274.2,84.1,3.15,-1.18,10.52,3.5,2.3,1.06,N/A,NORMAL,NORMAL
1789814933.917,2026-09-19 17:48:53.916,312,Underpass Unila Arah Rajabasa,30,2853,Golongan I,Sedan/Jip/Pick-up,0.303,202,62,238,99,220.5,81.0,0.43,3.92,10.47,3.5,0.0,0.94,N/A,NORMAL,LAWAN_ARAH
1789814934.108,2026-09-19 17:48:54.107,312,Underpass Unila Arah Rajabasa,31,2884,Golongan I,Sedan/Jip/Pick-up,0.487,278,103,320,146,299.1,124.8,3.53,7.87,10.62,3.5,1.6,0.98,N/A,NORMAL,NORMAL
1789814934.108,2026-09-19 17:48:54.107,312,Underpass Unila Arah Rajabasa,31,2905,Golongan I,Sedan/Jip/Pick-up,0.769,252,240,320,306,286.5,273.5,1.57,24.6,4.49,2.19,10.3,1.02,N/A,NORMAL,LAWAN_ARAH
1789814934.108,2026-09-19 17:48:54.107,312,Underpass Unila Arah Rajabasa,31,2906,Golongan I,Sedan/Jip/Pick-up,0.696,589,484,782,693,686.2,588.7,6.37,34.73,7.05,3.5,3.0,0.93,N/A,NORMAL,NORMAL
1789814934.108,2026-09-19 17:48:54.107,312,Underpass Unila Arah Rajabasa,31,2885,Golongan I,Sedan/Jip/Pick-up,0.601,321,163,386,234,354.2,199.1,4.27,17.79,10.45,3.5,4.2,0.92,N/A,NORMAL,NORMAL
1789814934.108,2026-09-19 17:48:54.107,312,Underpass Unila Arah Rajabasa,31,2892,Golongan I,Sedan/Jip/Pick-up,0.505,390,255,506,380,448.8,317.8,5.02,26.5,10.13,3.5,4.2,0.93,N/A,NORMAL,NORMAL
1789814934.108,2026-09-19 17:48:54.107,312,Underpass Unila Arah Rajabasa,31,2907,Golongan I,Sedan/Jip/Pick-up,0.659,219,138,261,186,240.1,162.4,0.85,16.29,6.39,2.34,8.8,0.88,N/A,NORMAL,LAWAN_ARAH
1789814934.108,2026-09-19 17:48:54.107,312,Underpass Unila Arah Rajabasa,31,2910,Golongan I,Sedan/Jip/Pick-up,0.748,241,537,713,719,477.5,628.3,2.9,35.13,3.96,3.5,2.8,2.58,N/A,NORMAL,NORMAL
1789814934.108,2026-09-19 17:48:54.107,312,Underpass Unila Arah Rajabasa,31,2709,Golongan I,Sedan/Jip/Pick-up,0.495,259,70,290,99,275.0,85.2,3.18,-0.94,10.43,3.5,1.8,1.05,N/A,NORMAL,NORMAL
1789814934.108,2026-09-19 17:48:54.107,312,Underpass Unila Arah Rajabasa,31,2853,Golongan I,Sedan/Jip/Pick-up,0.348,201,60,236,97,219.3,79.2,0.39,3.59,10.65,3.5,0.0,0.92,N/A,NORMAL,LAWAN_ARAH
1789814934.355,2026-09-19 17:48:54.355,312,Underpass Unila Arah Rajabasa,32,2906,Golongan I,Sedan/Jip/Pick-up,0.669,640,511,830,713,735.7,612.3,7.07,35.06,6.81,3.5,3.3,0.94,N/A,NORMAL,NORMAL
1789814934.355,2026-09-19 17:48:54.355,312,Underpass Unila Arah Rajabasa,32,2768,Golongan I,Sedan/Jip/Pick-up,0.55,333,193,400,265,366.8,229.1,4.22,20.34,8.47,3.5,0.0,0.94,N/A,NORMAL,NORMAL
1789814934.355,2026-09-19 17:48:54.355,312,Underpass Unila Arah Rajabasa,32,2802,Golongan I,Sedan/Jip/Pick-up,0.526,299,119,344,167,321.8,143.3,4.18,10.34,10.69,3.5,0.0,0.92,N/A,NORMAL,NORMAL
1789814934.355,2026-09-19 17:48:54.355,312,Underpass Unila Arah Rajabasa,32,2669,Golongan I,Sedan/Jip/Pick-up,0.749,428,292,559,430,494.4,361.5,5.53,28.36,9.58,3.5,0.0,0.94,N/A,NORMAL,NORMAL
1789814934.577,2026-09-19 17:48:54.577,312,Underpass Unila Arah Rajabasa,33,2919,Golongan I,Sedan/Jip/Pick-up,0.403,271,92,311,132,291.2,112.6,3.4,5.65,11.03,3.5,0.0,1.03,N/A,NORMAL,NORMAL
1789814934.577,2026-09-19 17:48:54.577,312,Underpass Unila Arah Rajabasa,33,2771,Golongan I,Sedan/Jip/Pick-up,0.471,528,408,699,598,613.8,503.2,6.07,32.94,8.14,3.5,0.0,0.9,N/A,NORMAL,KENDARAAN_BERHENTI
1789814934.577,2026-09-19 17:48:54.577,312,Underpass Unila Arah Rajabasa,33,2836,Golongan I,Sedan/Jip/Pick-up,0.687,375,247,457,341,416.4,294.4,4.66,24.81,7.93,3.5,0.0,0.87,N/A,NORMAL,KENDARAAN_BERHENTI
1789814934.746,2026-09-19 17:48:54.746,312,Underpass Unila Arah Rajabasa,34,2919,Golongan I,Sedan/Jip/Pick-up,0.407,271,93,312,133,292.1,113.3,3.43,5.77,10.92,3.5,0.0,1.03,N/A,NORMAL,NORMAL
1789814934.746,2026-09-19 17:48:54.746,312,Underpass Unila Arah Rajabasa,34,2920,Golongan I,Sedan/Jip/Pick-up,0.622,265,290,358,391,312.3,341.0,1.74,28.19,4.99,2.42,0.0,0.92,N/A,NORMAL,NORMAL
1789814934.746,2026-09-19 17:48:54.746,312,Underpass Unila Arah Rajabasa,34,2922,Golongan I,Sedan/Jip/Pick-up,0.417,316,143,365,200,341.1,171.8,4.38,14.27,10.22,3.5,0.0,0.86,N/A,NORMAL,NORMAL
1789814934.746,2026-09-19 17:48:54.746,312,Underpass Unila Arah Rajabasa,34,2771,Golongan I,Sedan/Jip/Pick-up,0.514,533,413,706,605,619.9,509.1,6.11,33.08,8.11,3.5,0.0,0.9,N/A,NORMAL,KENDARAAN_BERHENTI
1789814934.746,2026-09-19 17:48:54.746,312,Underpass Unila Arah Rajabasa,34,2836,Golongan I,Sedan/Jip/Pick-up,0.738,376,250,460,345,418.6,297.7,4.67,25.01,7.87,3.5,0.0,0.88,N/A,NORMAL,KENDARAAN_BERHENTI
1789814934.91,2026-09-19 17:48:54.910,312,Underpass Unila Arah Rajabasa,35,2919,Golongan I,Sedan/Jip/Pick-up,0.381,271,93,312,133,292.0,113.7,3.41,5.93,10.92,3.5,3.0,1.02,N/A,NORMAL,NORMAL
1789814934.91,2026-09-19 17:48:54.910,312,Underpass Unila Arah Rajabasa,35,2920,Golongan I,Sedan/Jip/Pick-up,0.674,263,279,353,377,308.4,328.7,1.72,27.68,5.14,2.44,0.0,0.92,N/A,NORMAL,NORMAL
1789814934.91,2026-09-19 17:48:54.910,312,Underpass Unila Arah Rajabasa,35,2922,Golongan I,Sedan/Jip/Pick-up,0.466,316,144,365,200,341.4,172.5,4.37,14.35,9.98,3.5,0.0,0.86,N/A,NORMAL,NORMAL
1789814934.91,2026-09-19 17:48:54.910,312,Underpass Unila Arah Rajabasa,35,2771,Golongan I,Sedan/Jip/Pick-up,0.49,536,417,713,614,625.0,516.1,6.11,33.27,8.17,3.5,3.6,0.9,N/A,NORMAL,KENDARAAN_BERHENTI
1789814934.91,2026-09-19 17:48:54.910,312,Underpass Unila Arah Rajabasa,35,2836,Golongan I,Sedan/Jip/Pick-up,0.787,377,253,463,350,420.9,301.7,4.66,25.25,7.87,3.5,4.8,0.89,N/A,NORMAL,KENDARAAN_BERHENTI
1789814935.089,2026-09-19 17:48:55.089,312,Underpass Unila Arah Rajabasa,36,2919,Golongan I,Sedan/Jip/Pick-up,0.44,270,93,312,134,291.7,113.8,3.38,6.08,11.11,3.5,3.0,1.02,N/A,NORMAL,NORMAL
1789814935.089,2026-09-19 17:48:55.089,312,Underpass Unila Arah Rajabasa,36,2920,Golongan I,Sedan/Jip/Pick-up,0.595,262,268,347,361,305.0,315.3,1.72,27.05,5.21,2.41,12.0,0.92,N/A,NORMAL,NORMAL
1789814935.089,2026-09-19 17:48:55.089,312,Underpass Unila Arah Rajabasa,36,2922,Golongan I,Sedan/Jip/Pick-up,0.563,317,145,366,203,342.2,174.4,4.36,14.62,10.18,3.5,3.7,0.86,N/A,NORMAL,NORMAL
1789814935.089,2026-09-19 17:48:55.089,312,Underpass Unila Arah Rajabasa,36,2771,Golongan I,Sedan/Jip/Pick-up,0.434,540,423,721,624,630.9,523.6,6.11,33.47,8.15,3.5,3.7,0.9,N/A,NORMAL,KENDARAAN_BERHENTI
1789814935.089,2026-09-19 17:48:55.089,312,Underpass Unila Arah Rajabasa,36,2836,Golongan I,Sedan/Jip/Pick-up,0.679,378,256,467,355,423.0,306.0,4.65,25.52,7.88,3.5,4.9,0.89,N/A,NORMAL,KENDARAAN_BERHENTI
1789814935.089,2026-09-19 17:48:55.089,312,Underpass Unila Arah Rajabasa,36,2929,Golongan I,Bus,0.406,376,256,471,356,423.8,306.4,4.66,25.56,7.98,3.5,0.0,0.94,N/A,NORMAL,NORMAL
1789814935.281,2026-09-19 17:48:55.280,312,Underpass Unila Arah Rajabasa,37,2919,Golongan I,Sedan/Jip/Pick-up,0.458,270,92,313,135,291.8,113.8,3.38,6.18,11.71,3.5,2.9,1.02,N/A,NORMAL,NORMAL
1789814935.281,2026-09-19 17:48:55.280,312,Underpass Unila Arah Rajabasa,37,2920,Golongan I,Sedan/Jip/Pick-up,0.517,260,260,337,344,299.0,302.2,1.67,26.34,4.97,2.26,12.2,0.92,N/A,NORMAL,NORMAL
1789814935.281,2026-09-19 17:48:55.280,312,Underpass Unila Arah Rajabasa,37,2922,Golongan I,Sedan/Jip/Pick-up,0.428,320,149,368,204,344.5,177.1,4.43,14.74,9.49,3.5,3.5,0.86,N/A,NORMAL,NORMAL
1789814935.281,2026-09-19 17:48:55.280,312,Underpass Unila Arah Rajabasa,37,2771,Golongan I,Sedan/Jip/Pick-up,0.38,546,430,727,631,637.0,531.1,6.14,33.62,7.97,3.5,3.6,0.9,N/A,NORMAL,KENDARAAN_BERHENTI
1789814935.281,2026-09-19 17:48:55.280,312,Underpass Unila Arah Rajabasa,37,2836,Golongan I,Sedan/Jip/Pick-up,0.557,381,259,471,359,426.5,309.4,4.69,25.69,7.85,3.5,4.7,0.9,N/A,NORMAL,KENDARAAN_BERHENTI
1789814935.281,2026-09-19 17:48:55.280,312,Underpass Unila Arah Rajabasa,37,2929,Golongan I,Bus,0.559,381,259,475,358,428.1,309.0,4.75,25.64,7.85,3.5,0.0,0.94,N/A,NORMAL,NORMAL
1789814935.446,2026-09-19 17:48:55.445,312,Underpass Unila Arah Rajabasa,38,2919,Golongan I,Sedan/Jip/Pick-up,0.402,271,93,313,135,292.3,114.3,3.4,6.16,11.38,3.5,2.6,1.01,N/A,NORMAL,NORMAL
1789814935.446,2026-09-19 17:48:55.445,312,Underpass Unila Arah Rajabasa,38,2920,Golongan I,Sedan/Jip/Pick-up,0.492,253,249,332,335,292.8,292.6,1.58,25.99,5.33,2.4,11.9,0.92,N/A,NORMAL,NORMAL
1789814935.446,2026-09-19 17:48:55.445,312,Underpass Unila Arah Rajabasa,38,2922,Golongan I,Sedan/Jip/Pick-up,0.502,321,149,369,205,345.2,177.8,4.44,14.82,9.66,3.5,3.2,0.86,N/A,NORMAL,NORMAL
1789814935.446,2026-09-19 17:48:55.445,312,Underpass Unila Arah Rajabasa,38,2771,Golongan I,Sedan/Jip/Pick-up,0.611,552,436,736,640,644.1,538.8,6.17,33.8,7.95,3.5,3.6,0.9,N/A,NORMAL,KENDARAAN_BERHENTI
1789814935.446,2026-09-19 17:48:55.445,312,Underpass Unila Arah Rajabasa,38,2836,Golongan I,Bus,0.569,384,263,475,364,430.4,313.7,4.74,25.9,7.77,3.5,4.7,0.9,N/A,NORMAL,KENDARAAN_BERHENTI
1789814935.638,2026-09-19 17:48:55.638,312,Underpass Unila Arah Rajabasa,39,2919,Golongan I,Sedan/Jip/Pick-up,0.427,271,94,313,135,292.7,114.8,3.42,6.23,11.03,3.5,2.3,1.01,N/A,NORMAL,NORMAL
1789814935.638,2026-09-19 17:48:55.638,312,Underpass Unila Arah Rajabasa,39,2920,Golongan I,Sedan/Jip/Pick-up,0.509,251,242,327,325,289.8,283.7,1.56,25.53,5.37,2.38,11.4,0.92,N/A,NORMAL,LAWAN_ARAH
1789814935.638,2026-09-19 17:48:55.638,312,Underpass Unila Arah Rajabasa,39,2922,Golongan I,Sedan/Jip/Pick-up,0.333,319,150,370,209,344.9,179.9,4.36,15.26,9.94,3.5,3.5,0.87,N/A,NORMAL,NORMAL
1789814935.638,2026-09-19 17:48:55.638,312,Underpass Unila Arah Rajabasa,39,2771,Golongan I,Sedan/Jip/Pick-up,0.726,557,442,743,648,650.1,545.7,6.19,33.95,7.88,3.5,3.5,0.9,N/A,NORMAL,KENDARAAN_BERHENTI
1789814935.638,2026-09-19 17:48:55.638,312,Underpass Unila Arah Rajabasa,39,2836,Golongan I,Sedan/Jip/Pick-up,0.484,387,266,478,368,432.9,317.3,4.76,26.07,7.73,3.5,4.5,0.9,N/A,NORMAL,KENDARAAN_BERHENTI
1789814935.883,2026-09-19 17:48:55.882,312,Underpass Unila Arah Rajabasa,40,2920,Golongan I,Sedan/Jip/Pick-up,0.493,258,237,344,331,301.3,284.4,1.79,25.7,6.27,2.81,10.0,0.91,N/A,NORMAL,LAWAN_ARAH
1789814935.883,2026-09-19 17:48:55.882,312,Underpass Unila Arah Rajabasa,40,2835,Golongan I,Sedan/Jip/Pick-up,0.303,300,143,348,198,324.5,170.8,3.73,14.69,9.29,3.5,0.0,0.89,N/A,NORMAL,KENDARAAN_BERHENTI
1789814936.064,2026-09-19 17:48:56.064,312,Underpass Unila Arah Rajabasa,41,2920,Golongan I,Sedan/Jip/Pick-up,0.464,261,233,345,325,303.3,279.4,1.86,25.39,6.36,2.83,9.1,0.91,N/A,NORMAL,LAWAN_ARAH
1789814936.064,2026-09-19 17:48:56.064,312,Underpass Unila Arah Rajabasa,41,2941,Golongan I,Sedan/Jip/Pick-up,0.664,364,215,451,308,408.2,262.2,4.91,22.85,9.81,3.5,0.0,0.94,N/A,NORMAL,NORMAL
1789814936.064,2026-09-19 17:48:56.064,312,Underpass Unila Arah Rajabasa,41,2945,Golongan III,Truk 3 Gandar,0.415,483,340,632,513,558.0,427.2,5.94,30.9,9.75,3.5,0.0,0.86,N/A,NORMAL,NORMAL
1789814936.064,2026-09-19 17:48:56.064,312,Underpass Unila Arah Rajabasa,41,2835,Golongan I,Sedan/Jip/Pick-up,0.382,300,143,350,199,325.1,171.9,3.72,14.88,9.46,3.5,0.0,0.89,N/A,NORMAL,KENDARAAN_BERHENTI
1789814936.064,2026-09-19 17:48:56.064,312,Underpass Unila Arah Rajabasa,41,2905,Golongan I,Sedan/Jip/Pick-up,0.735,231,145,275,189,253.2,167.3,1.25,16.19,5.86,2.47,0.0,1.02,N/A,NORMAL,LAWAN_ARAH
1789814936.269,2026-09-19 17:48:56.269,312,Underpass Unila Arah Rajabasa,42,2920,Golongan I,Sedan/Jip/Pick-up,0.466,260,228,340,316,300.5,272.6,1.84,24.96,6.3,2.76,8.5,0.9,N/A,NORMAL,LAWAN_ARAH
1789814936.269,2026-09-19 17:48:56.269,312,Underpass Unila Arah Rajabasa,42,2941,Golongan I,Sedan/Jip/Pick-up,0.586,367,216,456,311,412.1,264.1,4.98,23.0,10.02,3.5,0.0,0.94,N/A,NORMAL,NORMAL
1789814936.269,2026-09-19 17:48:56.269,312,Underpass Unila Arah Rajabasa,42,2945,Golongan I,Sedan/Jip/Pick-up,0.482,488,345,637,518,563.2,432.0,5.99,31.02,9.58,3.5,0.0,0.86,N/A,NORMAL,NORMAL
1789814936.269,2026-09-19 17:48:56.269,312,Underpass Unila Arah Rajabasa,42,2835,Golongan I,Sedan/Jip/Pick-up,0.472,301,145,350,200,325.8,172.9,3.74,14.92,9.16,3.5,2.1,0.89,N/A,NORMAL,KENDARAAN_BERHENTI
1789814936.269,2026-09-19 17:48:56.269,312,Underpass Unila Arah Rajabasa,42,2905,Golongan I,Sedan/Jip/Pick-up,0.541,229,140,272,183,251.1,162.0,1.21,15.6,5.95,2.5,0.0,1.0,N/A,NORMAL,LAWAN_ARAH
1789814936.464,2026-09-19 17:48:56.464,312,Underpass Unila Arah Rajabasa,43,2920,Golongan I,Sedan/Jip/Pick-up,0.479,257,223,333,307,295.6,265.7,1.78,24.53,6.2,2.67,8.2,0.9,N/A,NORMAL,LAWAN_ARAH
1789814936.464,2026-09-19 17:48:56.464,312,Underpass Unila Arah Rajabasa,43,2941,Golongan I,Sedan/Jip/Pick-up,0.689,370,219,460,315,415.5,267.3,5.03,23.19,9.97,3.5,3.2,0.94,N/A,NORMAL,NORMAL
1789814936.464,2026-09-19 17:48:56.464,312,Underpass Unila Arah Rajabasa,43,2945,Golongan I,Sedan/Jip/Pick-up,0.411,492,349,644,525,568.6,437.7,6.02,31.22,9.6,3.5,3.0,0.86,N/A,NORMAL,NORMAL
1789814936.464,2026-09-19 17:48:56.464,312,Underpass Unila Arah Rajabasa,43,2835,Golongan I,Sedan/Jip/Pick-up,0.436,302,146,351,201,327.0,174.0,3.78,14.94,9.11,3.5,1.9,0.91,N/A,NORMAL,KENDARAAN_BERHENTI
1789814936.464,2026-09-19 17:48:56.464,312,Underpass Unila Arah Rajabasa,43,2905,Golongan I,Sedan/Jip/Pick-up,0.544,228,135,270,178,249.7,157.2,1.19,15.09,6.19,2.53,9.9,0.99,N/A,NORMAL,LAWAN_ARAH
1789814936.678,2026-09-19 17:48:56.677,312,Underpass Unila Arah Rajabasa,44,2941,Golongan I,Sedan/Jip/Pick-up,0.605,370,221,463,320,416.9,270.8,5.0,23.48,10.08,3.5,3.4,0.94,N/A,NORMAL,NORMAL
1789814936.678,2026-09-19 17:48:56.677,312,Underpass Unila Arah Rajabasa,44,2945,Golongan III,Truk 3 Gandar,0.306,496,354,650,533,573.6,444.0,6.02,31.43,9.55,3.5,3.1,0.86,N/A,NORMAL,NORMAL
1789814936.678,2026-09-19 17:48:56.677,312,Underpass Unila Arah Rajabasa,44,2835,Golongan I,Sedan/Jip/Pick-up,0.315,303,148,352,202,328.0,175.3,3.8,15.05,8.84,3.5,1.8,0.91,N/A,NORMAL,KENDARAAN_BERHENTI
1789814936.678,2026-09-19 17:48:56.677,312,Underpass Unila Arah Rajabasa,44,2905,Golongan I,Sedan/Jip/Pick-up,0.521,228,133,268,174,248.2,153.6,1.16,14.62,6.03,2.46,9.6,0.99,N/A,NORMAL,LAWAN_ARAH
1789814936.875,2026-09-19 17:48:56.874,312,Underpass Unila Arah Rajabasa,45,2941,Golongan I,Sedan/Jip/Pick-up,0.608,371,223,466,324,419.1,274.0,4.99,23.75,10.13,3.5,3.6,0.93,N/A,NORMAL,NORMAL
1789814936.875,2026-09-19 17:48:56.874,312,Underpass Unila Arah Rajabasa,45,2945,Golongan III,Truk 3 Gandar,0.324,501,360,657,541,579.3,451.2,6.05,31.63,9.43,3.5,3.1,0.86,N/A,NORMAL,NORMAL
1789814936.875,2026-09-19 17:48:56.874,312,Underpass Unila Arah Rajabasa,45,2835,Golongan I,Sedan/Jip/Pick-up,0.462,303,149,353,204,328.8,177.0,3.8,15.26,8.9,3.5,1.9,0.92,N/A,NORMAL,KENDARAAN_BERHENTI
1789814936.875,2026-09-19 17:48:56.874,312,Underpass Unila Arah Rajabasa,45,2905,Golongan I,Sedan/Jip/Pick-up,0.72,227,128,267,169,247.3,149.1,1.16,14.1,6.3,2.56,9.5,0.98,N/A,NORMAL,LAWAN_ARAH
1789814937.12,2026-09-19 17:48:57.119,312,Underpass Unila Arah Rajabasa,46,2774,Golongan I,Sedan/Jip/Pick-up,0.368,202,86,232,114,217.5,100.3,0.27,7.1,6.17,2.66,0.0,1.07,N/A,NORMAL,NORMAL
1789814937.12,2026-09-19 17:48:57.119,312,Underpass Unila Arah Rajabasa,46,2919,Golongan I,Sedan/Jip/Pick-up,0.55,278,99,316,137,297.2,118.3,3.61,6.3,10.0,3.5,0.0,1.01,N/A,NORMAL,NORMAL
1789814937.12,2026-09-19 17:48:57.119,312,Underpass Unila Arah Rajabasa,46,2836,Golongan I,Sedan/Jip/Pick-up,0.657,398,262,503,378,451.0,320.3,5.11,26.39,9.2,3.5,0.0,0.9,N/A,NORMAL,KENDARAAN_BERHENTI
1789814937.3,2026-09-19 17:48:57.300,312,Underpass Unila Arah Rajabasa,47,2959,Golongan I,Sedan/Jip/Pick-up,0.519,221,137,266,185,243.9,161.7,0.97,16.12,6.53,2.57,0.0,0.95,N/A,NORMAL,NORMAL
1789814937.3,2026-09-19 17:48:57.300,312,Underpass Unila Arah Rajabasa,47,2961,Golongan I,Sedan/Jip/Pick-up,0.573,532,422,721,629,626.9,525.8,5.97,33.59,8.29,3.5,0.0,0.91,N/A,NORMAL,NORMAL
1789814937.3,2026-09-19 17:48:57.300,312,Underpass Unila Arah Rajabasa,47,2963,Golongan I,Sedan/Jip/Pick-up,0.4,81,24,129,69,105.2,46.8,-3.97,5.8,11.12,3.5,0.0,1.07,N/A,NORMAL,NORMAL
1789814937.3,2026-09-19 17:48:57.300,312,Underpass Unila Arah Rajabasa,47,2774,Golongan I,Sedan/Jip/Pick-up,0.423,202,85,232,112,217.4,99.2,0.27,6.81,6.05,2.7,0.0,1.1,N/A,NORMAL,NORMAL
1789814937.3,2026-09-19 17:48:57.300,312,Underpass Unila Arah Rajabasa,47,2919,Golongan I,Sedan/Jip/Pick-up,0.52,279,100,316,138,298.0,119.5,3.63,6.38,9.9,3.5,0.0,1.01,N/A,NORMAL,NORMAL
1789814937.3,2026-09-19 17:48:57.300,312,Underpass Unila Arah Rajabasa,47,2836,Golongan I,Sedan/Jip/Pick-up,0.702,400,263,506,382,453.8,322.9,5.14,26.54,9.36,3.5,0.0,0.9,N/A,NORMAL,KENDARAAN_BERHENTI
1789814937.487,2026-09-19 17:48:57.487,312,Underpass Unila Arah Rajabasa,48,2959,Golongan I,Sedan/Jip/Pick-up,0.577,221,136,264,181,242.6,158.8,0.94,15.7,6.23,2.49,0.0,0.95,N/A,NORMAL,NORMAL
1789814937.487,2026-09-19 17:48:57.487,312,Underpass Unila Arah Rajabasa,48,2961,Golongan I,Sedan/Jip/Pick-up,0.627,535,426,726,636,631.1,531.3,5.97,33.72,8.28,3.5,0.0,0.91,N/A,NORMAL,NORMAL
1789814937.487,2026-09-19 17:48:57.487,312,Underpass Unila Arah Rajabasa,48,2963,Golongan I,Sedan/Jip/Pick-up,0.375,84,27,127,68,105.9,47.7,-3.98,5.53,10.0,3.5,0.0,1.07,N/A,NORMAL,NORMAL
1789814937.487,2026-09-19 17:48:57.487,312,Underpass Unila Arah Rajabasa,48,2774,Golongan I,Sedan/Jip/Pick-up,0.335,201,83,231,110,216.8,97.3,0.25,6.48,6.16,2.75,6.0,1.11,N/A,NORMAL,NORMAL
1789814937.487,2026-09-19 17:48:57.487,312,Underpass Unila Arah Rajabasa,48,2919,Golongan I,Sedan/Jip/Pick-up,0.532,279,101,317,138,298.4,120.0,3.64,6.47,9.6,3.5,1.7,1.01,N/A,NORMAL,NORMAL
1789814937.487,2026-09-19 17:48:57.487,312,Underpass Unila Arah Rajabasa,48,2836,Golongan I,Sedan/Jip/Pick-up,0.691,402,265,511,387,456.8,326.2,5.15,26.75,9.49,3.5,3.6,0.89,N/A,NORMAL,KENDARAAN_BERHENTI
1789814937.487,2026-09-19 17:48:57.487,312,Underpass Unila Arah Rajabasa,48,2966,Golongan I,Sedan/Jip/Pick-up,0.535,332,456,474,626,403.2,541.8,2.27,33.77,4.07,2.47,0.0,0.84,N/A,NORMAL,NORMAL
1789814937.487,2026-09-19 17:48:57.487,312,Underpass Unila Arah Rajabasa,48,2835,Golongan I,Sedan/Jip/Pick-up,0.527,309,148,365,209,337.4,179.1,4.05,15.57,10.1,3.5,0.0,0.91,N/A,NORMAL,KENDARAAN_BERHENTI
1789814937.742,2026-09-19 17:48:57.741,312,Underpass Unila Arah Rajabasa,49,2959,Golongan I,Sedan/Jip/Pick-up,0.451,219,131,262,176,241.0,154.0,0.91,15.22,6.46,2.57,7.3,0.95,N/A,NORMAL,NORMAL
1789814937.742,2026-09-19 17:48:57.741,312,Underpass Unila Arah Rajabasa,49,2961,Golongan I,Sedan/Jip/Pick-up,0.675,541,431,733,641,637.4,536.7,6.03,33.81,8.2,3.5,1.9,0.92,N/A,NORMAL,NORMAL
1789814937.742,2026-09-19 17:48:57.741,312,Underpass Unila Arah Rajabasa,49,2963,Golongan I,Sedan/Jip/Pick-up,0.277,85,25,128,65,106.8,45.6,-3.99,5.07,10.07,3.5,6.0,1.07,N/A,NORMAL,NORMAL
1789814937.742,2026-09-19 17:48:57.741,312,Underpass Unila Arah Rajabasa,49,2774,Golongan I,Sedan/Jip/Pick-up,0.312,201,82,231,109,216.4,95.9,0.24,6.15,6.23,2.78,5.8,1.13,N/A,NORMAL,NORMAL
1789814937.742,2026-09-19 17:48:57.741,312,Underpass Unila Arah Rajabasa,49,2919,Golongan I,Sedan/Jip/Pick-up,0.557,279,101,318,139,298.9,120.1,3.66,6.51,9.84,3.5,1.5,1.01,N/A,NORMAL,KENDARAAN_BERHENTI
1789814937.742,2026-09-19 17:48:57.741,312,Underpass Unila Arah Rajabasa,49,2836,Golongan I,Sedan/Jip/Pick-up,0.679,404,268,514,391,459.3,329.6,5.16,26.91,9.41,3.5,3.4,0.89,N/A,NORMAL,KENDARAAN_BERHENTI
1789814937.742,2026-09-19 17:48:57.741,312,Underpass Unila Arah Rajabasa,49,2966,Golongan I,Sedan/Jip/Pick-up,0.58,323,437,458,598,390.7,518.2,2.2,33.3,4.13,2.43,0.0,0.84,N/A,NORMAL,NORMAL
1789814937.742,2026-09-19 17:48:57.741,312,Underpass Unila Arah Rajabasa,49,2835,Golongan I,Sedan/Jip/Pick-up,0.636,310,149,367,211,339.1,180.5,4.08,15.79,10.18,3.5,0.0,0.91,N/A,NORMAL,KENDARAAN_BERHENTI
1789814937.937,2026-09-19 17:48:57.937,312,Underpass Unila Arah Rajabasa,50,2959,Golongan I,Sedan/Jip/Pick-up,0.376,218,127,260,172,239.5,149.8,0.88,14.73,6.67,2.59,7.5,0.94,N/A,NORMAL,NORMAL
1789814937.937,2026-09-19 17:48:57.937,312,Underpass Unila Arah Rajabasa,50,2961,Golongan I,Sedan/Jip/Pick-up,0.743,544,435,740,649,642.8,542.4,6.05,33.96,8.23,3.5,2.0,0.92,N/A,NORMAL,NORMAL
1789814937.937,2026-09-19 17:48:57.937,312,Underpass Unila Arah Rajabasa,50,2919,Golongan I,Sedan/Jip/Pick-up,0.55,279,100,318,138,298.9,119.6,3.66,6.47,9.96,3.5,1.2,1.0,N/A,NORMAL,KENDARAAN_BERHENTI
1789814937.937,2026-09-19 17:48:57.937,312,Underpass Unila Arah Rajabasa,50,2836,Golongan I,Sedan/Jip/Pick-up,0.715,407,271,517,394,462.2,332.8,5.19,27.05,9.3,3.5,3.2,0.89,N/A,NORMAL,KENDARAAN_BERHENTI
1789814937.937,2026-09-19 17:48:57.937,312,Underpass Unila Arah Rajabasa,50,2966,Golongan I,Truk Kecil,0.596,312,416,440,569,376.9,493.1,2.11,32.76,4.24,2.39,8.2,0.84,N/A,NORMAL,NORMAL
1789814937.937,2026-09-19 17:48:57.937,312,Underpass Unila Arah Rajabasa,50,2835,Golongan I,Sedan/Jip/Pick-up,0.687,312,150,369,213,340.7,182.1,4.11,15.94,10.28,3.5,3.0,0.91,N/A,NORMAL,KENDARAAN_BERHENTI
1789814938.142,2026-09-19 17:48:58.142,312,Underpass Unila Arah Rajabasa,51,2884,Golongan I,Sedan/Jip/Pick-up,0.685,283,107,326,151,304.9,129.8,3.69,8.6,10.59,3.5,0.0,0.97,N/A,NORMAL,KENDARAAN_BERHENTI
1789814938.142,2026-09-19 17:48:58.142,312,Underpass Unila Arah Rajabasa,51,2892,Golongan I,Sedan/Jip/Pick-up,0.688,429,305,557,444,493.6,375.0,5.31,28.91,8.81,3.5,0.0,0.92,N/A,NORMAL,NORMAL
1789814938.142,2026-09-19 17:48:58.142,312,Underpass Unila Arah Rajabasa,51,2709,Golongan I,Sedan/Jip/Pick-up,0.367,262,74,295,104,279.1,89.5,3.31,0.08,10.38,3.5,0.0,1.05,N/A,NORMAL,KENDARAAN_BERHENTI
1789814938.142,2026-09-19 17:48:58.142,312,Underpass Unila Arah Rajabasa,51,2922,Golongan I,Sedan/Jip/Pick-up,0.669,330,171,395,245,362.8,208.5,4.4,18.67,10.34,3.5,0.0,0.87,N/A,NORMAL,KENDARAAN_BERHENTI
1789814938.142,2026-09-19 17:48:58.142,312,Underpass Unila Arah Rajabasa,51,2771,Golongan I,Sedan/Jip/Pick-up,0.736,598,492,803,716,701.2,604.2,6.38,35.1,7.38,3.5,0.0,0.91,N/A,NORMAL,KENDARAAN_BERHENTI
1789814938.142,2026-09-19 17:48:58.142,312,Underpass Unila Arah Rajabasa,51,2905,Golongan I,Sedan/Jip/Pick-up,0.639,207,93,242,130,225.1,112.0,0.53,9.42,7.48,2.88,0.0,0.97,N/A,NORMAL,LAWAN_ARAH
1789814938.442,2026-09-19 17:48:58.441,312,Underpass Unila Arah Rajabasa,52,2905,Golongan I,Sedan/Jip/Pick-up,0.519,203,83,237,117,220.5,100.7,0.38,7.56,7.62,3.09,0.0,0.96,N/A,NORMAL,LAWAN_ARAH
1789814938.442,2026-09-19 17:48:58.441,312,Underpass Unila Arah Rajabasa,52,2885,Golongan I,Sedan/Jip/Pick-up,0.49,350,190,439,289,395.0,239.8,4.79,21.68,12.1,3.5,0.0,0.89,N/A,NORMAL,NORMAL
1789814938.442,2026-09-19 17:48:58.441,312,Underpass Unila Arah Rajabasa,52,2945,Golongan I,Sedan/Jip/Pick-up,0.453,532,416,693,601,613.1,508.8,6.02,33.02,7.63,3.5,0.0,0.87,N/A,NORMAL,NORMAL
1789814938.442,2026-09-19 17:48:58.441,312,Underpass Unila Arah Rajabasa,52,2835,Golongan I,Sedan/Jip/Pick-up,0.542,316,156,377,223,346.9,189.9,4.18,16.88,10.41,3.5,0.0,0.9,N/A,NORMAL,KENDARAAN_BERHENTI
1789814938.614,2026-09-19 17:48:58.613,312,Underpass Unila Arah Rajabasa,53,2905,Golongan I,Sedan/Jip/Pick-up,0.535,202,78,234,111,218.6,95.1,0.32,6.46,7.79,3.06,22.7,0.96,N/A,NORMAL,LAWAN_ARAH
1789814938.614,2026-09-19 17:48:58.613,312,Underpass Unila Arah Rajabasa,53,2974,Golongan I,Bus,0.403,295,131,334,185,315.3,158.3,3.56,13.34,9.92,3.16,0.0,0.72,N/A,NORMAL,NORMAL
1789814938.614,2026-09-19 17:48:58.613,312,Underpass Unila Arah Rajabasa,53,2976,Golongan I,Bus,0.349,356,191,436,290,396.5,240.6,4.83,21.72,12.01,3.5,0.0,0.81,N/A,NORMAL,NORMAL
1789814938.614,2026-09-19 17:48:58.613,312,Underpass Unila Arah Rajabasa,53,2885,Golongan I,Sedan/Jip/Pick-up,0.553,353,191,439,290,396.8,241.3,4.83,21.76,12.04,3.5,0.0,0.87,N/A,NORMAL,NORMAL
1789814938.614,2026-09-19 17:48:58.613,312,Underpass Unila Arah Rajabasa,53,2945,Golongan I,Sedan/Jip/Pick-up,0.543,536,422,699,607,618.0,515.3,6.04,33.15,7.49,3.5,0.0,0.88,N/A,NORMAL,NORMAL
1789814938.614,2026-09-19 17:48:58.613,312,Underpass Unila Arah Rajabasa,53,2835,Golongan I,Sedan/Jip/Pick-up,0.546,317,157,379,225,348.3,191.8,4.2,17.08,10.48,3.5,0.0,0.9,N/A,NORMAL,KENDARAAN_BERHENTI
1789814938.804,2026-09-19 17:48:58.804,312,Underpass Unila Arah Rajabasa,54,2905,Golongan I,Sedan/Jip/Pick-up,0.554,202,76,231,107,217.3,92.1,0.28,5.73,7.51,2.84,21.7,0.96,N/A,NORMAL,LAWAN_ARAH
1789814938.804,2026-09-19 17:48:58.804,312,Underpass Unila Arah Rajabasa,54,2974,Golongan I,Bus,0.375,295,131,334,185,315.2,158.4,3.56,13.36,9.92,3.16,0.0,0.72,N/A,NORMAL,NORMAL
1789814938.804,2026-09-19 17:48:58.804,312,Underpass Unila Arah Rajabasa,54,2945,Golongan I,Sedan/Jip/Pick-up,0.635,537,425,705,614,621.7,520.1,6.04,33.28,7.55,3.5,2.6,0.89,N/A,NORMAL,NORMAL
1789814938.804,2026-09-19 17:48:58.804,312,Underpass Unila Arah Rajabasa,54,2835,Golongan I,Sedan/Jip/Pick-up,0.547,318,158,379,226,349.0,192.6,4.2,17.18,10.4,3.5,3.0,0.9,N/A,NORMAL,KENDARAAN_BERHENTI
1789814939.018,2026-09-19 17:48:59.017,312,Underpass Unila Arah Rajabasa,55,2905,Golongan I,Sedan/Jip/Pick-up,0.525,202,75,231,105,216.9,90.1,0.27,5.33,7.39,2.89,19.7,0.96,N/A,NORMAL,LAWAN_ARAH
1789814939.018,2026-09-19 17:48:59.017,312,Underpass Unila Arah Rajabasa,55,2974,Golongan I,Bus,0.382,296,131,334,185,315.3,158.5,3.57,13.34,9.94,3.08,0.0,0.72,N/A,NORMAL,NORMAL
1789814939.018,2026-09-19 17:48:59.017,312,Underpass Unila Arah Rajabasa,55,2945,Golongan I,Sedan/Jip/Pick-up,0.602,539,430,710,620,625.4,525.1,6.04,33.4,7.45,3.5,2.5,0.9,N/A,NORMAL,NORMAL
1789814939.018,2026-09-19 17:48:59.017,312,Underpass Unila Arah Rajabasa,55,2835,Golongan I,Sedan/Jip/Pick-up,0.475,318,158,379,227,349.1,193.1,4.2,17.22,10.51,3.5,2.7,0.9,N/A,NORMAL,KENDARAAN_BERHENTI
1789814939.018,2026-09-19 17:48:59.017,312,Underpass Unila Arah Rajabasa,55,2885,Golongan I,Sedan/Jip/Pick-up,0.457,356,194,442,294,399.6,244.4,4.86,21.96,11.93,3.5,0.0,0.86,N/A,NORMAL,NORMAL
1789814939.202,2026-09-19 17:48:59.201,312,Underpass Unila Arah Rajabasa,56,2905,Golongan I,Sedan/Jip/Pick-up,0.481,201,71,231,102,216.6,87.0,0.26,4.86,7.95,3.11,18.1,0.96,N/A,NORMAL,LAWAN_ARAH
1789814939.202,2026-09-19 17:48:59.201,312,Underpass Unila Arah Rajabasa,56,2974,Golongan I,Bus,0.418,295,131,334,185,315.3,158.2,3.56,13.34,9.92,3.16,0.0,0.72,N/A,NORMAL,NORMAL
1789814939.202,2026-09-19 17:48:59.201,312,Underpass Unila Arah Rajabasa,56,2945,Golongan I,Sedan/Jip/Pick-up,0.563,542,433,716,626,629.6,530.1,6.05,33.52,7.5,3.5,2.5,0.91,N/A,NORMAL,KENDARAAN_BERHENTI
1789814939.202,2026-09-19 17:48:59.201,312,Underpass Unila Arah Rajabasa,56,2835,Golongan I,Sedan/Jip/Pick-up,0.309,317,158,379,227,348.7,193.1,4.18,17.27,10.49,3.5,2.3,0.9,N/A,NORMAL,KENDARAAN_BERHENTI
1789814939.202,2026-09-19 17:48:59.201,312,Underpass Unila Arah Rajabasa,56,2885,Golongan I,Sedan/Jip/Pick-up,0.552,358,196,443,295,401.4,245.8,4.91,22.0,11.71,3.5,0.0,0.86,N/A,NORMAL,NORMAL
1789814939.395,2026-09-19 17:48:59.395,312,Underpass Unila Arah Rajabasa,57,2905,Golongan I,Sedan/Jip/Pick-up,0.501,201,68,231,100,216.3,84.6,0.25,4.41,8.46,3.21,16.6,0.95,N/A,NORMAL,LAWAN_ARAH
1789814939.395,2026-09-19 17:48:59.395,312,Underpass Unila Arah Rajabasa,57,2974,Golongan I,Bus,0.419,295,131,334,185,315.3,158.2,3.56,13.35,9.92,3.16,0.0,0.72,N/A,NORMAL,NORMAL
1789814939.395,2026-09-19 17:48:59.395,312,Underpass Unila Arah Rajabasa,57,2945,Golongan I,Sedan/Jip/Pick-up,0.573,545,438,721,631,633.4,534.9,6.07,33.62,7.39,3.5,2.4,0.92,N/A,NORMAL,KENDARAAN_BERHENTI
1789814939.395,2026-09-19 17:48:59.395,312,Underpass Unila Arah Rajabasa,57,2835,Golongan I,Sedan/Jip/Pick-up,0.392,317,157,379,227,348.6,192.5,4.18,17.23,10.71,3.5,1.9,0.89,N/A,NORMAL,KENDARAAN_BERHENTI
1789814939.395,2026-09-19 17:48:59.395,312,Underpass Unila Arah Rajabasa,57,2885,Golongan I,Sedan/Jip/Pick-up,0.666,361,198,445,296,403.7,247.8,4.96,22.06,11.53,3.5,1.3,0.86,N/A,NORMAL,NORMAL
1789814939.58,2026-09-19 17:48:59.580,312,Underpass Unila Arah Rajabasa,58,2905,Golongan I,Sedan/Jip/Pick-up,0.528,200,66,231,100,215.9,83.1,0.24,4.32,9.09,3.37,15.1,0.94,N/A,NORMAL,LAWAN_ARAH
1789814939.58,2026-09-19 17:48:59.580,312,Underpass Unila Arah Rajabasa,58,2974,Golongan I,Bus,0.372,295,131,334,185,315.4,158.1,3.57,13.33,9.92,3.16,0.0,0.72,N/A,NORMAL,NORMAL
1789814939.58,2026-09-19 17:48:59.580,312,Underpass Unila Arah Rajabasa,58,2945,Golongan I,Sedan/Jip/Pick-up,0.617,548,441,728,636,638.1,539.2,6.1,33.72,7.42,3.5,2.3,0.92,N/A,NORMAL,KENDARAAN_BERHENTI
1789814939.58,2026-09-19 17:48:59.580,312,Underpass Unila Arah Rajabasa,58,2835,Golongan I,Sedan/Jip/Pick-up,0.442,317,157,379,227,348.4,192.5,4.17,17.24,10.71,3.5,1.6,0.89,N/A,NORMAL,KENDARAAN_BERHENTI
1789814939.58,2026-09-19 17:48:59.580,312,Underpass Unila Arah Rajabasa,58,2885,Golongan I,Sedan/Jip/Pick-up,0.701,362,201,448,300,405.5,250.5,4.96,22.28,11.4,3.5,1.6,0.86,N/A,NORMAL,NORMAL
1789814939.775,2026-09-19 17:48:59.774,312,Underpass Unila Arah Rajabasa,59,2905,Golongan I,Sedan/Jip/Pick-up,0.452,199,64,230,98,215.0,81.7,0.2,4.06,9.27,3.43,13.8,0.93,N/A,NORMAL,LAWAN_ARAH
1789814939.775,2026-09-19 17:48:59.774,312,Underpass Unila Arah Rajabasa,59,2974,Golongan I,Bus,0.328,295,131,334,185,315.5,158.3,3.57,13.35,9.92,3.16,0.0,0.72,N/A,NORMAL,NORMAL
1789814939.775,2026-09-19 17:48:59.774,312,Underpass Unila Arah Rajabasa,59,2945,Golongan I,Sedan/Jip/Pick-up,0.48,552,445,733,641,643.2,543.7,6.14,33.81,7.38,3.5,2.3,0.93,N/A,NORMAL,KENDARAAN_BERHENTI
1789814939.775,2026-09-19 17:48:59.774,312,Underpass Unila Arah Rajabasa,59,2835,Golongan I,Sedan/Jip/Pick-up,0.556,317,157,378,227,348.0,192.6,4.16,17.24,10.68,3.5,1.4,0.89,N/A,NORMAL,KENDARAAN_BERHENTI
1789814939.775,2026-09-19 17:48:59.774,312,Underpass Unila Arah Rajabasa,59,2885,Golongan I,Sedan/Jip/Pick-up,0.651,363,202,450,303,407.1,252.8,4.96,22.49,11.52,3.5,2.0,0.86,N/A,NORMAL,NORMAL
1789814939.989,2026-09-19 17:48:59.989,312,Underpass Unila Arah Rajabasa,60,2905,Golongan I,Sedan/Jip/Pick-up,0.321,199,65,228,96,213.9,81.1,0.15,3.64,8.44,3.19,12.8,0.94,N/A,NORMAL,LAWAN_ARAH
1789814939.989,2026-09-19 17:48:59.989,312,Underpass Unila Arah Rajabasa,60,2974,Golongan I,Bus,0.298,296,131,335,185,315.6,158.6,3.57,13.37,9.96,3.17,0.1,0.72,N/A,NORMAL,NORMAL
1789814939.989,2026-09-19 17:48:59.989,312,Underpass Unila Arah Rajabasa,60,2945,Golongan I,Bus,0.412,555,449,740,647,647.6,548.7,6.15,33.93,7.38,3.5,2.2,0.93,N/A,NORMAL,KENDARAAN_BERHENTI
1789814939.989,2026-09-19 17:48:59.989,312,Underpass Unila Arah Rajabasa,60,2835,Golongan I,Sedan/Jip/Pick-up,0.474,317,158,378,227,348.0,192.7,4.16,17.24,10.47,3.5,1.2,0.89,N/A,NORMAL,KENDARAAN_BERHENTI
1789814939.989,2026-09-19 17:48:59.989,312,Underpass Unila Arah Rajabasa,60,2885,Golongan I,Sedan/Jip/Pick-up,0.574,364,203,452,305,408.4,254.6,4.96,22.64,11.56,3.5,2.2,0.86,N/A,NORMAL,NORMAL
1789814940.17,2026-09-19 17:49:00.170,312,Underpass Unila Arah Rajabasa,61,2905,Golongan I,Sedan/Jip/Pick-up,0.454,200,66,226,94,213.6,80.6,0.15,3.25,7.63,2.86,11.3,0.94,N/A,NORMAL,LAWAN_ARAH
1789814940.17,2026-09-19 17:49:00.170,312,Underpass Unila Arah Rajabasa,61,2974,Golongan I,Bus,0.335,296,131,335,185,315.8,158.7,3.58,13.38,9.96,3.17,0.1,0.72,N/A,NORMAL,NORMAL
1789814940.17,2026-09-19 17:49:00.170,312,Underpass Unila Arah Rajabasa,61,2945,Golongan I,Sedan/Jip/Pick-up,0.492,558,454,745,653,651.7,554.1,6.17,34.04,7.29,3.5,2.2,0.94,N/A,NORMAL,KENDARAAN_BERHENTI
1789814940.17,2026-09-19 17:49:00.170,312,Underpass Unila Arah Rajabasa,61,2835,Golongan I,Sedan/Jip/Pick-up,0.566,319,160,378,226,349.1,193.5,4.22,17.11,9.98,3.5,0.9,0.89,N/A,NORMAL,KENDARAAN_BERHENTI
1789814940.17,2026-09-19 17:49:00.170,312,Underpass Unila Arah Rajabasa,61,2885,Golongan I,Sedan/Jip/Pick-up,0.65,366,205,454,308,410.4,256.7,4.99,22.78,11.52,3.5,2.4,0.85,N/A,NORMAL,NORMAL
1789814940.377,2026-09-19 17:49:00.376,312,Underpass Unila Arah Rajabasa,62,2905,Golongan I,Sedan/Jip/Pick-up,0.377,198,62,226,92,212.7,77.5,0.11,2.87,8.46,3.19,9.7,0.93,N/A,NORMAL,LAWAN_ARAH
1789814940.377,2026-09-19 17:49:00.376,312,Underpass Unila Arah Rajabasa,62,2974,Golongan I,Bus,0.324,296,132,335,185,315.9,158.9,3.58,13.38,9.72,3.15,0.1,0.73,N/A,NORMAL,NORMAL
1789814940.377,2026-09-19 17:49:00.376,312,Underpass Unila Arah Rajabasa,62,2945,Golongan I,Sedan/Jip/Pick-up,0.542,560,457,750,659,655.2,558.3,6.17,34.14,7.32,3.5,2.1,0.94,N/A,NORMAL,KENDARAAN_BERHENTI
1789814940.377,2026-09-19 17:49:00.376,312,Underpass Unila Arah Rajabasa,62,2835,Golongan I,Sedan/Jip/Pick-up,0.544,321,162,378,226,350.0,194.6,4.25,17.07,9.6,3.5,0.6,0.9,N/A,NORMAL,KENDARAAN_BERHENTI
1789814940.377,2026-09-19 17:49:00.376,312,Underpass Unila Arah Rajabasa,62,2885,Golongan I,Sedan/Jip/Pick-up,0.663,368,206,457,310,412.8,258.7,5.02,22.93,11.6,3.5,2.5,0.85,N/A,NORMAL,NORMAL
1789814940.377,2026-09-19 17:49:00.376,312,Underpass Unila Arah Rajabasa,62,2989,Golongan I,Sedan/Jip/Pick-up,0.546,421,605,639,720,530.7,662.9,3.62,35.14,2.13,3.5,0.0,1.91,N/A,NORMAL,NORMAL
1789814940.554,2026-09-19 17:49:00.554,312,Underpass Unila Arah Rajabasa,63,2974,Golongan I,Bus,0.356,296,132,335,185,316.0,159.0,3.59,13.34,9.72,3.15,0.1,0.73,N/A,NORMAL,NORMAL
1789814940.554,2026-09-19 17:49:00.554,312,Underpass Unila Arah Rajabasa,63,2945,Golongan I,Sedan/Jip/Pick-up,0.643,563,461,754,664,659.0,563.3,6.18,34.24,7.26,3.5,2.1,0.95,N/A,NORMAL,KENDARAAN_BERHENTI
1789814940.554,2026-09-19 17:49:00.554,312,Underpass Unila Arah Rajabasa,63,2835,Golongan I,Sedan/Jip/Pick-up,0.546,323,164,379,227,351.3,196.0,4.28,17.16,9.36,3.5,0.4,0.9,N/A,NORMAL,KENDARAAN_BERHENTI
1789814940.554,2026-09-19 17:49:00.554,312,Underpass Unila Arah Rajabasa,63,2885,Golongan I,Sedan/Jip/Pick-up,0.672,370,208,459,315,414.9,262.2,5.01,23.2,11.71,3.5,2.6,0.84,N/A,NORMAL,NORMAL
1789814940.554,2026-09-19 17:49:00.554,312,Underpass Unila Arah Rajabasa,63,2989,Golongan I,Sedan/Jip/Pick-up,0.674,386,583,645,720,515.7,651.6,3.41,35.14,2.62,3.5,0.0,1.89,N/A,NORMAL,NORMAL
1789814940.741,2026-09-19 17:49:00.740,312,Underpass Unila Arah Rajabasa,64,2974,Golongan I,Bus,0.365,296,132,335,185,316.2,159.2,3.59,13.36,9.72,3.15,0.1,0.73,N/A,NORMAL,NORMAL
1789814940.741,2026-09-19 17:49:00.740,312,Underpass Unila Arah Rajabasa,64,2945,Golongan I,Sedan/Jip/Pick-up,0.699,566,465,761,670,663.8,567.9,6.21,34.33,7.26,3.5,2.0,0.95,N/A,NORMAL,KENDARAAN_BERHENTI
1789814940.741,2026-09-19 17:49:00.740,312,Underpass Unila Arah Rajabasa,64,2835,Golongan I,Sedan/Jip/Pick-up,0.507,323,164,381,229,352.2,196.8,4.29,17.31,9.62,3.5,0.4,0.9,N/A,NORMAL,KENDARAAN_BERHENTI
1789814940.741,2026-09-19 17:49:00.740,312,Underpass Unila Arah Rajabasa,64,2885,Golongan I,Sedan/Jip/Pick-up,0.544,370,210,462,320,416.9,265.5,5.0,23.49,11.8,3.5,2.9,0.84,N/A,NORMAL,NORMAL
1789814940.741,2026-09-19 17:49:00.740,312,Underpass Unila Arah Rajabasa,64,2989,Golongan I,Sedan/Jip/Pick-up,0.666,352,555,641,709,497.0,632.7,3.2,35.0,3.11,3.5,4.3,1.87,N/A,NORMAL,NORMAL
1789814940.941,2026-09-19 17:49:00.940,312,Underpass Unila Arah Rajabasa,65,2974,Golongan I,Bus,0.371,296,132,335,185,316.4,159.2,3.6,13.35,9.72,3.15,0.1,0.74,N/A,NORMAL,NORMAL
1789814940.941,2026-09-19 17:49:00.940,312,Underpass Unila Arah Rajabasa,65,2945,Golongan I,Sedan/Jip/Pick-up,0.624,569,470,765,675,667.5,573.0,6.21,34.43,7.15,3.5,2.0,0.95,N/A,NORMAL,KENDARAAN_BERHENTI
1789814940.941,2026-09-19 17:49:00.940,312,Underpass Unila Arah Rajabasa,65,2835,Golongan I,Sedan/Jip/Pick-up,0.475,322,163,382,230,352.9,196.9,4.29,17.43,9.94,3.5,0.4,0.89,N/A,NORMAL,KENDARAAN_BERHENTI
1789814940.941,2026-09-19 17:49:00.940,312,Underpass Unila Arah Rajabasa,65,2885,Golongan IV,Truk 4 Gandar,0.47,373,214,465,324,419.8,269.4,5.02,23.7,11.53,3.5,3.1,0.84,N/A,NORMAL,NORMAL
1789814940.941,2026-09-19 17:49:00.940,312,Underpass Unila Arah Rajabasa,65,2989,Golongan I,Sedan/Jip/Pick-up,0.633,336,529,620,684,478.5,606.8,3.07,34.64,3.34,3.5,4.5,1.83,N/A,NORMAL,NORMAL
1789814941.129,2026-09-19 17:49:01.129,312,Underpass Unila Arah Rajabasa,66,2974,Golongan I,Bus,0.346,296,132,336,185,316.5,159.2,3.61,13.35,9.74,3.24,0.1,0.74,N/A,NORMAL,NORMAL
1789814941.129,2026-09-19 17:49:01.129,312,Underpass Unila Arah Rajabasa,66,2945,Golongan I,Sedan/Jip/Pick-up,0.656,571,473,772,682,672.1,577.9,6.23,34.54,7.22,3.5,2.0,0.96,N/A,NORMAL,KENDARAAN_BERHENTI
1789814941.129,2026-09-19 17:49:01.129,312,Underpass Unila Arah Rajabasa,66,2835,Golongan I,Sedan/Jip/Pick-up,0.39,323,162,384,231,353.9,197.2,4.31,17.51,10.32,3.5,0.5,0.89,N/A,NORMAL,KENDARAAN_BERHENTI
1789814941.129,2026-09-19 17:49:01.129,312,Underpass Unila Arah Rajabasa,66,2885,Golongan III,Truk 3 Gandar,0.503,375,217,468,327,422.0,272.2,5.04,23.86,11.35,3.5,3.4,0.84,N/A,NORMAL,NORMAL
1789814941.129,2026-09-19 17:49:01.129,312,Underpass Unila Arah Rajabasa,66,2989,Golongan I,Sedan/Jip/Pick-up,0.586,325,503,596,654,461.4,579.2,2.98,34.19,3.5,3.5,4.9,1.8,N/A,NORMAL,NORMAL
1789814941.404,2026-09-19 17:49:01.404,312,Underpass Unila Arah Rajabasa,67,2974,Golongan I,Bus,0.341,296,132,336,185,316.6,159.0,3.61,13.31,9.74,3.24,0.1,0.75,N/A,NORMAL,NORMAL
1789814941.404,2026-09-19 17:49:01.404,312,Underpass Unila Arah Rajabasa,67,2945,Golongan I,Sedan/Jip/Pick-up,0.648,574,476,778,689,676.4,583.0,6.23,34.66,7.29,3.5,1.9,0.96,N/A,NORMAL,KENDARAAN_BERHENTI
1789814941.404,2026-09-19 17:49:01.404,312,Underpass Unila Arah Rajabasa,67,2835,Golongan I,Sedan/Jip/Pick-up,0.35,323,162,384,231,354.2,197.1,4.32,17.51,10.32,3.5,0.5,0.89,N/A,NORMAL,KENDARAAN_BERHENTI
1789814941.404,2026-09-19 17:49:01.404,312,Underpass Unila Arah Rajabasa,67,2885,Golongan I,Sedan/Jip/Pick-up,0.44,378,220,470,329,424.2,275.1,5.07,24.01,11.1,3.5,3.4,0.84,N/A,NORMAL,NORMAL
1789814941.404,2026-09-19 17:49:01.404,312,Underpass Unila Arah Rajabasa,67,2989,Golongan I,Sedan/Jip/Pick-up,0.57,320,480,571,623,446.1,551.8,2.91,33.67,3.56,3.5,5.2,1.75,N/A,NORMAL,LAWAN_ARAH
1789814941.692,2026-09-19 17:49:01.691,312,Underpass Unila Arah Rajabasa,68,2974,Golongan I,Bus,0.266,295,132,334,185,314.7,158.9,3.54,13.39,9.68,3.13,0.1,0.74,N/A,NORMAL,KENDARAAN_BERHENTI
1789814941.692,2026-09-19 17:49:01.691,312,Underpass Unila Arah Rajabasa,68,2945,Golongan I,Sedan/Jip/Pick-up,0.665,584,483,789,698,686.9,590.9,6.33,34.81,7.27,3.5,1.9,0.96,N/A,NORMAL,KENDARAAN_BERHENTI
1789814941.692,2026-09-19 17:49:01.691,312,Underpass Unila Arah Rajabasa,68,2835,Golongan I,Sedan/Jip/Pick-up,0.469,317,158,378,226,348.2,192.2,4.18,17.14,10.36,3.5,0.4,0.89,N/A,NORMAL,KENDARAAN_BERHENTI
1789814941.692,2026-09-19 17:49:01.691,312,Underpass Unila Arah Rajabasa,68,2836,Golongan III,Truk 3 Gandar,0.372,434,303,552,432,493.5,368.1,5.48,28.42,8.47,3.5,0.0,0.92,N/A,NORMAL,KENDARAAN_BERHENTI
1789814941.692,2026-09-19 17:49:01.691,312,Underpass Unila Arah Rajabasa,68,2922,Golongan I,Sedan/Jip/Pick-up,0.519,350,186,429,278,390.4,232.5,4.81,20.95,11.67,3.5,0.0,0.85,N/A,NORMAL,KENDARAAN_BERHENTI
1789814941.903,2026-09-19 17:49:01.903,312,Underpass Unila Arah Rajabasa,69,2974,Golongan I,Bus,0.336,294,132,333,184,314.1,158.3,3.53,13.28,9.5,3.13,0.1,0.73,N/A,NORMAL,KENDARAAN_BERHENTI
1789814941.903,2026-09-19 17:49:01.903,312,Underpass Unila Arah Rajabasa,69,2945,Golongan I,Sedan/Jip/Pick-up,0.692,591,489,797,705,694.4,597.2,6.38,34.92,7.21,3.5,1.9,0.96,N/A,NORMAL,KENDARAAN_BERHENTI
1789814941.903,2026-09-19 17:49:01.903,312,Underpass Unila Arah Rajabasa,69,2835,Golongan I,Sedan/Jip/Pick-up,0.478,315,156,376,224,345.9,190.4,4.12,17.02,10.48,3.5,0.4,0.88,N/A,NORMAL,KENDARAAN_BERHENTI
1789814941.903,2026-09-19 17:49:01.903,312,Underpass Unila Arah Rajabasa,69,3005,Golongan I,Sedan/Jip/Pick-up,0.722,291,343,398,468,344.9,406.2,2.01,30.48,4.77,2.4,0.0,0.86,N/A,NORMAL,NORMAL
1789814941.903,2026-09-19 17:49:01.903,312,Underpass Unila Arah Rajabasa,69,3006,Golongan I,Sedan/Jip/Pick-up,0.546,235,159,285,210,260.5,184.8,1.36,18.16,6.02,2.53,0.0,0.97,N/A,NORMAL,NORMAL
1789814941.903,2026-09-19 17:49:01.903,312,Underpass Unila Arah Rajabasa,69,3007,Golongan I,Sedan/Jip/Pick-up,0.534,215,109,251,146,233.7,127.9,0.78,11.59,6.57,2.62,0.0,0.96,N/A,NORMAL,NORMAL
1789814941.903,2026-09-19 17:49:01.903,312,Underpass Unila Arah Rajabasa,69,2836,Golongan I,Sedan/Jip/Pick-up,0.401,434,303,555,433,494.8,368.8,5.5,28.47,8.56,3.5,0.0,0.93,N/A,NORMAL,KENDARAAN_BERHENTI
1789814941.903,2026-09-19 17:49:01.903,312,Underpass Unila Arah Rajabasa,69,2922,Golongan I,Sedan/Jip/Pick-up,0.581,351,186,430,279,390.9,232.7,4.82,20.98,11.8,3.5,0.0,0.84,N/A,NORMAL,KENDARAAN_BERHENTI
1789814942.092,2026-09-19 17:49:02.091,312,Underpass Unila Arah Rajabasa,70,2974,Golongan I,Bus,0.321,294,132,332,184,314.0,158.3,3.52,13.29,9.48,3.04,0.2,0.73,N/A,NORMAL,KENDARAAN_BERHENTI
1789814942.092,2026-09-19 17:49:02.091,312,Underpass Unila Arah Rajabasa,70,2945,Golongan I,Sedan/Jip/Pick-up,0.712,596,492,804,711,700.5,601.9,6.43,35.02,7.28,3.5,1.9,0.95,N/A,NORMAL,KENDARAAN_BERHENTI
1789814942.092,2026-09-19 17:49:02.091,312,Underpass Unila Arah Rajabasa,70,2835,Golongan I,Sedan/Jip/Pick-up,0.482,314,155,375,224,345.1,189.8,4.1,17.01,10.65,3.5,0.4,0.88,N/A,NORMAL,KENDARAAN_BERHENTI
1789814942.092,2026-09-19 17:49:02.091,312,Underpass Unila Arah Rajabasa,70,3005,Golongan I,Sedan/Jip/Pick-up,0.721,284,330,389,452,337.4,391.4,1.95,30.04,4.92,2.43,0.0,0.86,N/A,NORMAL,NORMAL
1789814942.092,2026-09-19 17:49:02.091,312,Underpass Unila Arah Rajabasa,70,3006,Golongan I,Sedan/Jip/Pick-up,0.611,233,154,284,206,259.0,180.6,1.34,17.82,6.35,2.66,0.0,0.97,N/A,NORMAL,NORMAL
1789814942.092,2026-09-19 17:49:02.091,312,Underpass Unila Arah Rajabasa,70,3007,Golongan I,Sedan/Jip/Pick-up,0.625,214,106,251,144,232.9,125.2,0.76,11.27,6.91,2.76,0.0,0.96,N/A,NORMAL,NORMAL
1789814942.092,2026-09-19 17:49:02.091,312,Underpass Unila Arah Rajabasa,70,2836,Golongan I,Sedan/Jip/Pick-up,0.54,434,304,557,435,496.1,370.5,5.5,28.55,8.58,3.5,1.2,0.94,N/A,NORMAL,KENDARAAN_BERHENTI
1789814942.092,2026-09-19 17:49:02.091,312,Underpass Unila Arah Rajabasa,70,2922,Golongan I,Sedan/Jip/Pick-up,0.604,352,186,430,279,391.2,232.7,4.83,20.97,11.81,3.5,0.3,0.84,N/A,NORMAL,KENDARAAN_BERHENTI
1789814942.282,2026-09-19 17:49:02.281,312,Underpass Unila Arah Rajabasa,71,2974,Golongan I,Bus,0.309,295,132,332,184,313.9,158.3,3.52,13.3,9.49,2.97,0.2,0.72,N/A,NORMAL,KENDARAAN_BERHENTI
1789814942.282,2026-09-19 17:49:02.281,312,Underpass Unila Arah Rajabasa,71,2945,Golongan I,Sedan/Jip/Pick-up,0.657,600,494,810,716,705.5,605.4,6.47,35.1,7.36,3.5,1.9,0.95,N/A,NORMAL,KENDARAAN_BERHENTI
1789814942.282,2026-09-19 17:49:02.281,312,Underpass Unila Arah Rajabasa,71,2835,Golongan I,Sedan/Jip/Pick-up,0.508,314,155,375,223,344.9,189.5,4.1,16.97,10.54,3.5,0.4,0.88,N/A,NORMAL,KENDARAAN_BERHENTI
1789814942.282,2026-09-19 17:49:02.281,312,Underpass Unila Arah Rajabasa,71,3005,Golongan I,Sedan/Jip/Pick-up,0.683,279,318,377,430,328.7,374.5,1.88,29.43,4.82,2.35,10.0,0.87,N/A,NORMAL,NORMAL
1789814942.282,2026-09-19 17:49:02.281,312,Underpass Unila Arah Rajabasa,71,3006,Golongan I,Sedan/Jip/Pick-up,0.472,234,151,279,197,257.3,174.2,1.34,16.91,5.84,2.43,11.8,0.97,N/A,NORMAL,NORMAL
1789814942.282,2026-09-19 17:49:02.281,312,Underpass Unila Arah Rajabasa,71,3007,Golongan I,Sedan/Jip/Pick-up,0.672,214,104,249,141,231.8,122.7,0.74,10.83,6.87,2.66,7.3,0.95,N/A,NORMAL,NORMAL
1789814942.282,2026-09-19 17:49:02.281,312,Underpass Unila Arah Rajabasa,71,2836,Golongan I,Sedan/Jip/Pick-up,0.451,434,307,558,437,496.9,372.4,5.5,28.61,8.38,3.5,1.2,0.95,N/A,NORMAL,KENDARAAN_BERHENTI
1789814942.282,2026-09-19 17:49:02.281,312,Underpass Unila Arah Rajabasa,71,2922,Golongan I,Sedan/Jip/Pick-up,0.612,352,186,430,279,391.3,232.6,4.84,20.94,11.81,3.5,0.2,0.83,N/A,NORMAL,KENDARAAN_BERHENTI
1789814942.508,2026-09-19 17:49:02.507,312,Underpass Unila Arah Rajabasa,72,2974,Golongan I,Bus,0.319,294,131,332,184,313.8,158.2,3.51,13.3,9.72,3.06,0.2,0.72,N/A,NORMAL,KENDARAAN_BERHENTI
1789814942.508,2026-09-19 17:49:02.507,312,Underpass Unila Arah Rajabasa,72,2945,Golongan I,Sedan/Jip/Pick-up,0.744,606,501,813,718,709.8,610.4,6.51,35.14,7.09,3.5,1.9,0.95,N/A,NORMAL,KENDARAAN_BERHENTI
1789814942.508,2026-09-19 17:49:02.507,312,Underpass Unila Arah Rajabasa,72,2835,Golongan I,Sedan/Jip/Pick-up,0.508,315,155,375,223,345.0,189.2,4.11,16.91,10.55,3.5,0.4,0.88,N/A,NORMAL,KENDARAAN_BERHENTI
1789814942.508,2026-09-19 17:49:02.507,312,Underpass Unila Arah Rajabasa,72,3005,Golongan I,Sedan/Jip/Pick-up,0.65,273,304,368,413,320.8,359.1,1.8,28.92,5.0,2.36,9.8,0.87,N/A,NORMAL,NORMAL
1789814942.508,2026-09-19 17:49:02.507,312,Underpass Unila Arah Rajabasa,72,3006,Golongan I,Sedan/Jip/Pick-up,0.579,232,145,277,192,255.3,169.1,1.3,16.45,6.22,2.52,11.1,0.97,N/A,NORMAL,NORMAL
1789814942.508,2026-09-19 17:49:02.507,312,Underpass Unila Arah Rajabasa,72,3007,Golongan I,Sedan/Jip/Pick-up,0.74,213,102,246,137,230.2,120.0,0.69,10.31,6.64,2.55,7.4,0.95,N/A,NORMAL,NORMAL
1789814942.508,2026-09-19 17:49:02.507,312,Underpass Unila Arah Rajabasa,72,2836,Golongan I,Sedan/Jip/Pick-up,0.518,435,309,560,439,498.0,374.6,5.49,28.69,8.31,3.5,1.2,0.96,N/A,NORMAL,KENDARAAN_BERHENTI
1789814942.508,2026-09-19 17:49:02.507,312,Underpass Unila Arah Rajabasa,72,2922,Golongan I,Sedan/Jip/Pick-up,0.554,352,186,429,279,391.0,232.7,4.83,20.97,11.78,3.5,0.2,0.83,N/A,NORMAL,KENDARAAN_BERHENTI
1789814942.748,2026-09-19 17:49:02.747,312,Underpass Unila Arah Rajabasa,73,2974,Golongan I,Bus,0.384,295,131,332,184,313.8,158.2,3.51,13.31,9.73,2.99,0.2,0.71,N/A,NORMAL,KENDARAAN_BERHENTI
1789814942.748,2026-09-19 17:49:02.747,312,Underpass Unila Arah Rajabasa,73,2945,Golongan I,Sedan/Jip/Pick-up,0.788,612,509,814,719,713.8,614.5,6.58,35.16,6.73,3.5,1.8,0.96,N/A,NORMAL,KENDARAAN_BERHENTI
1789814942.748,2026-09-19 17:49:02.747,312,Underpass Unila Arah Rajabasa,73,2835,Golongan I,Sedan/Jip/Pick-up,0.519,315,154,375,223,345.2,189.1,4.12,16.9,10.77,3.5,0.6,0.87,N/A,NORMAL,KENDARAAN_BERHENTI
1789814942.748,2026-09-19 17:49:02.747,312,Underpass Unila Arah Rajabasa,73,3005,Golongan I,Sedan/Jip/Pick-up,0.808,271,294,360,397,315.9,345.7,1.78,28.36,4.99,2.29,9.5,0.87,N/A,NORMAL,NORMAL
1789814942.748,2026-09-19 17:49:02.747,312,Underpass Unila Arah Rajabasa,73,3006,Golongan I,Sedan/Jip/Pick-up,0.633,231,142,275,188,253.5,165.6,1.26,16.13,6.24,2.52,10.1,0.97,N/A,NORMAL,NORMAL
1789814942.748,2026-09-19 17:49:02.747,312,Underpass Unila Arah Rajabasa,73,3007,Golongan I,Sedan/Jip/Pick-up,0.8,213,101,245,134,229.4,118.1,0.67,9.98,6.37,2.51,7.2,0.95,N/A,NORMAL,NORMAL
1789814942.748,2026-09-19 17:49:02.747,312,Underpass Unila Arah Rajabasa,73,2836,Golongan I,Sedan/Jip/Pick-up,0.504,436,312,561,441,499.2,377.0,5.5,28.76,8.13,3.5,1.2,0.97,N/A,NORMAL,KENDARAAN_BERHENTI
1789814942.748,2026-09-19 17:49:02.747,312,Underpass Unila Arah Rajabasa,73,2922,Golongan I,Sedan/Jip/Pick-up,0.662,352,186,429,279,390.8,232.6,4.82,20.96,11.78,3.5,0.1,0.83,N/A,NORMAL,KENDARAAN_BERHENTI
1789814942.748,2026-09-19 17:49:02.747,312,Underpass Unila Arah Rajabasa,73,3011,Golongan III,Truk 3 Gandar,0.387,433,311,563,441,498.5,376.3,5.48,28.75,8.23,3.5,0.0,0.99,N/A,NORMAL,NORMAL
1789814942.938,2026-09-19 17:49:02.937,312,Underpass Unila Arah Rajabasa,74,2974,Golongan I,Bus,0.356,295,131,332,184,313.9,158.2,3.51,13.34,9.73,2.99,0.2,0.71,N/A,NORMAL,KENDARAAN_BERHENTI
1789814942.938,2026-09-19 17:49:02.937,312,Underpass Unila Arah Rajabasa,74,2945,Golongan I,Sedan/Jip/Pick-up,0.772,618,513,818,720,718.7,616.9,6.66,35.16,6.62,3.5,1.7,0.97,N/A,NORMAL,KENDARAAN_BERHENTI
1789814942.938,2026-09-19 17:49:02.937,312,Underpass Unila Arah Rajabasa,74,2835,Golongan I,Sedan/Jip/Pick-up,0.597,316,154,376,223,346.2,189.4,4.15,16.93,10.81,3.5,0.7,0.88,N/A,NORMAL,KENDARAAN_BERHENTI
1789814942.938,2026-09-19 17:49:02.937,312,Underpass Unila Arah Rajabasa,74,3005,Golongan I,Sedan/Jip/Pick-up,0.763,266,282,352,382,309.3,332.7,1.72,27.86,5.14,2.3,9.4,0.87,N/A,NORMAL,LAWAN_ARAH
1789814942.938,2026-09-19 17:49:02.937,312,Underpass Unila Arah Rajabasa,74,3006,Golongan I,Sedan/Jip/Pick-up,0.685,228,139,274,186,251.6,162.9,1.21,15.97,6.48,2.67,9.1,0.97,N/A,NORMAL,NORMAL
1789814942.938,2026-09-19 17:49:02.937,312,Underpass Unila Arah Rajabasa,74,3007,Golongan I,Sedan/Jip/Pick-up,0.688,213,99,244,132,228.9,116.1,0.66,9.57,6.49,2.48,7.1,0.95,N/A,NORMAL,NORMAL
1789814942.938,2026-09-19 17:49:02.937,312,Underpass Unila Arah Rajabasa,74,2836,Golongan I,Sedan/Jip/Pick-up,0.335,437,313,564,443,501.0,378.5,5.51,28.82,8.17,3.5,1.2,0.97,N/A,NORMAL,KENDARAAN_BERHENTI
1789814942.938,2026-09-19 17:49:02.937,312,Underpass Unila Arah Rajabasa,74,2922,Golongan I,Sedan/Jip/Pick-up,0.678,352,186,429,278,390.7,232.5,4.82,20.95,11.7,3.5,0.1,0.83,N/A,NORMAL,KENDARAAN_BERHENTI
1789814942.938,2026-09-19 17:49:02.937,312,Underpass Unila Arah Rajabasa,74,3011,Golongan III,Truk 3 Gandar,0.473,435,312,565,442,500.6,377.5,5.51,28.8,8.23,3.5,0.0,0.99,N/A,NORMAL,NORMAL
1789814943.142,2026-09-19 17:49:03.141,312,Underpass Unila Arah Rajabasa,75,2974,Golongan I,Bus,0.34,294,131,333,185,314.1,158.2,3.51,13.42,9.88,3.14,0.2,0.7,N/A,NORMAL,KENDARAAN_BERHENTI
1789814943.142,2026-09-19 17:49:03.141,312,Underpass Unila Arah Rajabasa,75,2945,Golongan I,Sedan/Jip/Pick-up,0.84,625,518,822,720,723.9,619.3,6.76,35.16,6.44,3.5,1.6,0.98,N/A,NORMAL,KENDARAAN_BERHENTI
1789814943.142,2026-09-19 17:49:03.141,312,Underpass Unila Arah Rajabasa,75,2835,Golongan I,Sedan/Jip/Pick-up,0.593,315,155,376,224,346.2,189.8,4.14,16.99,10.69,3.5,0.8,0.88,N/A,NORMAL,KENDARAAN_BERHENTI
1789814943.142,2026-09-19 17:49:03.141,312,Underpass Unila Arah Rajabasa,75,3005,Golongan I,Sedan/Jip/Pick-up,0.845,262,272,345,367,304.2,320.0,1.68,27.29,5.16,2.3,9.3,0.87,N/A,NORMAL,LAWAN_ARAH
1789814943.142,2026-09-19 17:49:03.141,312,Underpass Unila Arah Rajabasa,75,3006,Golongan I,Sedan/Jip/Pick-up,0.631,227,135,271,181,249.6,158.1,1.17,15.4,6.54,2.63,8.7,0.97,N/A,NORMAL,LAWAN_ARAH
1789814943.142,2026-09-19 17:49:03.141,312,Underpass Unila Arah Rajabasa,75,3007,Golongan I,Sedan/Jip/Pick-up,0.491,213,98,243,129,228.2,113.7,0.65,9.13,6.2,2.44,7.2,0.95,N/A,NORMAL,NORMAL
1789814943.142,2026-09-19 17:49:03.141,312,Underpass Unila Arah Rajabasa,75,2836,Golongan I,Sedan/Jip/Pick-up,0.279,438,313,567,445,503.0,379.6,5.54,28.88,8.31,3.5,1.1,0.98,N/A,NORMAL,KENDARAAN_BERHENTI
1789814943.142,2026-09-19 17:49:03.141,312,Underpass Unila Arah Rajabasa,75,2922,Golongan I,Sedan/Jip/Pick-up,0.664,351,186,428,278,390.2,232.3,4.81,20.93,11.66,3.5,0.1,0.83,N/A,NORMAL,KENDARAAN_BERHENTI
1789814943.142,2026-09-19 17:49:03.141,312,Underpass Unila Arah Rajabasa,75,3011,Golongan III,Truk 3 Gandar,0.497,436,313,567,445,502.4,379.2,5.53,28.87,8.29,3.5,1.1,0.99,N/A,NORMAL,NORMAL
1789814943.334,2026-09-19 17:49:03.334,312,Underpass Unila Arah Rajabasa,76,2974,Golongan I,Bus,0.392,294,130,333,185,314.1,158.1,3.5,13.5,10.12,3.16,0.3,0.7,N/A,NORMAL,KENDARAAN_BERHENTI
1789814943.334,2026-09-19 17:49:03.334,312,Underpass Unila Arah Rajabasa,76,2945,Golongan I,Sedan/Jip/Pick-up,0.854,631,523,827,720,729.6,621.7,6.87,35.16,6.27,3.5,1.6,0.99,N/A,NORMAL,KENDARAAN_BERHENTI
1789814943.334,2026-09-19 17:49:03.334,312,Underpass Unila Arah Rajabasa,76,2835,Golongan I,Sedan/Jip/Pick-up,0.499,315,155,375,224,345.7,189.7,4.13,16.97,10.67,3.5,0.9,0.88,N/A,NORMAL,KENDARAAN_BERHENTI
1789814943.334,2026-09-19 17:49:03.334,312,Underpass Unila Arah Rajabasa,76,3005,Golongan I,Sedan/Jip/Pick-up,0.83,259,264,338,354,299.1,309.5,1.63,26.8,5.12,2.26,9.3,0.88,N/A,NORMAL,LAWAN_ARAH
1789814943.334,2026-09-19 17:49:03.334,312,Underpass Unila Arah Rajabasa,76,3006,Golongan I,Sedan/Jip/Pick-up,0.58,225,131,270,177,248.0,154.3,1.14,15.03,6.75,2.76,8.4,0.97,N/A,NORMAL,LAWAN_ARAH
1789814943.334,2026-09-19 17:49:03.334,312,Underpass Unila Arah Rajabasa,76,3007,Golongan I,Sedan/Jip/Pick-up,0.388,212,94,243,127,227.7,111.0,0.63,8.82,6.81,2.6,7.1,0.95,N/A,NORMAL,NORMAL
1789814943.334,2026-09-19 17:49:03.334,312,Underpass Unila Arah Rajabasa,76,2836,Golongan III,Truk 3 Gandar,0.29,438,314,569,447,504.3,380.8,5.54,28.95,8.33,3.5,1.2,0.98,N/A,NORMAL,KENDARAAN_BERHENTI
1789814943.334,2026-09-19 17:49:03.334,312,Underpass Unila Arah Rajabasa,76,2922,Golongan I,Sedan/Jip/Pick-up,0.665,351,186,428,278,390.2,232.5,4.81,20.93,11.66,3.5,0.1,0.83,N/A,NORMAL,KENDARAAN_BERHENTI
1789814943.334,2026-09-19 17:49:03.334,312,Underpass Unila Arah Rajabasa,76,3011,Golongan I,Sedan/Jip/Pick-up,0.48,438,313,570,446,504.2,380.3,5.55,28.92,8.4,3.5,1.1,0.99,N/A,NORMAL,NORMAL
1789814943.525,2026-09-19 17:49:03.524,312,Underpass Unila Arah Rajabasa,77,2974,Golongan I,Bus,0.359,294,129,333,186,314.1,157.8,3.5,13.53,10.5,3.18,0.3,0.69,N/A,NORMAL,KENDARAAN_BERHENTI
1789814943.525,2026-09-19 17:49:03.524,312,Underpass Unila Arah Rajabasa,77,2945,Golongan I,Sedan/Jip/Pick-up,0.794,637,526,831,720,734.4,623.4,6.96,35.16,6.19,3.5,1.5,1.01,N/A,NORMAL,KENDARAAN_BERHENTI
1789814943.525,2026-09-19 17:49:03.524,312,Underpass Unila Arah Rajabasa,77,2835,Golongan I,Sedan/Jip/Pick-up,0.462,315,154,375,224,345.6,189.6,4.12,17.0,10.88,3.5,0.7,0.87,N/A,NORMAL,KENDARAAN_BERHENTI
1789814943.525,2026-09-19 17:49:03.524,312,Underpass Unila Arah Rajabasa,77,3005,Golongan I,Sedan/Jip/Pick-up,0.698,257,256,331,340,294.6,298.8,1.59,26.21,5.03,2.19,9.4,0.88,N/A,NORMAL,LAWAN_ARAH
1789814943.525,2026-09-19 17:49:03.524,312,Underpass Unila Arah Rajabasa,77,3006,Golongan I,Sedan/Jip/Pick-up,0.568,225,127,268,172,247.0,149.7,1.13,14.46,6.85,2.73,8.3,0.96,N/A,NORMAL,LAWAN_ARAH
1789814943.525,2026-09-19 17:49:03.524,312,Underpass Unila Arah Rajabasa,77,3007,Golongan I,Sedan/Jip/Pick-up,0.34,210,91,242,125,226.5,108.7,0.59,8.56,7.17,2.74,6.9,0.94,N/A,NORMAL,NORMAL
1789814943.525,2026-09-19 17:49:03.524,312,Underpass Unila Arah Rajabasa,77,2922,Golongan I,Sedan/Jip/Pick-up,0.636,351,186,428,278,390.0,232.6,4.8,20.95,11.66,3.5,0.0,0.83,N/A,NORMAL,KENDARAAN_BERHENTI
1789814943.703,2026-09-19 17:49:03.702,312,Underpass Unila Arah Rajabasa,78,2974,Golongan I,Bus,0.367,294,128,334,186,314.2,157.5,3.5,13.54,10.78,3.29,0.4,0.69,N/A,NORMAL,KENDARAAN_BERHENTI
1789814943.703,2026-09-19 17:49:03.702,312,Underpass Unila Arah Rajabasa,78,2945,Golongan I,Sedan/Jip/Pick-up,0.754,644,532,835,720,740.1,626.5,7.07,35.16,5.97,3.5,1.5,1.02,N/A,NORMAL,KENDARAAN_BERHENTI
1789814943.703,2026-09-19 17:49:03.702,312,Underpass Unila Arah Rajabasa,78,2835,Golongan I,Sedan/Jip/Pick-up,0.429,315,154,376,224,346.1,189.5,4.13,16.99,10.91,3.5,0.4,0.87,N/A,NORMAL,KENDARAAN_BERHENTI
1789814943.703,2026-09-19 17:49:03.702,312,Underpass Unila Arah Rajabasa,78,3005,Golongan I,Sedan/Jip/Pick-up,0.783,253,248,324,328,288.8,288.3,1.52,25.68,5.02,2.16,9.5,0.89,N/A,NORMAL,LAWAN_ARAH
1789814943.703,2026-09-19 17:49:03.702,312,Underpass Unila Arah Rajabasa,78,3006,Golongan I,Sedan/Jip/Pick-up,0.604,225,124,266,167,246.0,145.7,1.12,13.85,6.76,2.68,8.4,0.96,N/A,NORMAL,LAWAN_ARAH
1789814943.703,2026-09-19 17:49:03.702,312,Underpass Unila Arah Rajabasa,78,3007,Golongan I,Sedan/Jip/Pick-up,0.375,210,87,241,121,225.6,104.5,0.58,7.84,7.47,2.77,7.2,0.94,N/A,NORMAL,NORMAL
1789814943.703,2026-09-19 17:49:03.702,312,Underpass Unila Arah Rajabasa,78,2922,Golongan I,Sedan/Jip/Pick-up,0.55,351,186,428,278,390.1,232.7,4.81,20.95,11.66,3.5,0.1,0.83,N/A,NORMAL,KENDARAAN_BERHENTI
1789814943.703,2026-09-19 17:49:03.702,312,Underpass Unila Arah Rajabasa,78,2836,Golongan I,Sedan/Jip/Pick-up,0.408,441,316,574,451,507.8,384.1,5.58,29.07,8.4,3.5,0.0,0.99,N/A,NORMAL,KENDARAAN_BERHENTI
1789814943.896,2026-09-19 17:49:03.896,312,Underpass Unila Arah Rajabasa,79,2974,Golongan I,Bus,0.336,294,128,334,186,314.1,157.3,3.5,13.57,10.78,3.29,0.4,0.68,N/A,NORMAL,KENDARAAN_BERHENTI
1789814943.896,2026-09-19 17:49:03.896,312,Underpass Unila Arah Rajabasa,79,2945,Golongan I,Sedan/Jip/Pick-up,0.756,650,537,840,720,745.6,628.5,7.17,35.16,5.8,3.5,1.5,1.04,N/A,NORMAL,KENDARAAN_BERHENTI
1789814943.896,2026-09-19 17:49:03.896,312,Underpass Unila Arah Rajabasa,79,2835,Golongan I,Sedan/Jip/Pick-up,0.461,315,154,375,224,345.6,189.5,4.12,17.0,10.88,3.5,0.3,0.87,N/A,NORMAL,KENDARAAN_BERHENTI
1789814943.896,2026-09-19 17:49:03.896,312,Underpass Unila Arah Rajabasa,79,3005,Golongan I,Sedan/Jip/Pick-up,0.637,249,239,319,317,284.8,278.4,1.48,25.18,5.14,2.21,9.6,0.9,N/A,NORMAL,LAWAN_ARAH
1789814943.896,2026-09-19 17:49:03.896,312,Underpass Unila Arah Rajabasa,79,3006,Golongan I,Sedan/Jip/Pick-up,0.713,222,120,263,162,243.2,141.4,1.05,13.36,6.81,2.76,8.6,0.96,N/A,NORMAL,LAWAN_ARAH
1789814943.896,2026-09-19 17:49:03.896,312,Underpass Unila Arah Rajabasa,79,3007,Golongan I,Sedan/Jip/Pick-up,0.279,209,86,238,117,223.9,102.1,0.52,7.32,6.92,2.63,7.5,0.94,N/A,NORMAL,LAWAN_ARAH
1789814943.896,2026-09-19 17:49:03.896,312,Underpass Unila Arah Rajabasa,79,2922,Golongan I,Sedan/Jip/Pick-up,0.556,351,186,428,278,390.0,232.8,4.8,20.95,11.66,3.5,0.1,0.83,N/A,NORMAL,KENDARAAN_BERHENTI
1789814943.896,2026-09-19 17:49:03.896,312,Underpass Unila Arah Rajabasa,79,2836,Golongan III,Truk 3 Gandar,0.361,442,318,576,453,509.3,385.9,5.59,29.14,8.33,3.5,0.0,0.99,N/A,NORMAL,KENDARAAN_BERHENTI
1789814944.103,2026-09-19 17:49:04.103,312,Underpass Unila Arah Rajabasa,80,2974,Golongan I,Bus,0.322,294,127,334,186,314.2,157.2,3.5,13.56,11.03,3.32,0.5,0.68,N/A,NORMAL,KENDARAAN_BERHENTI
1789814944.103,2026-09-19 17:49:04.103,312,Underpass Unila Arah Rajabasa,80,2945,Golongan I,Sedan/Jip/Pick-up,0.759,656,541,844,720,750.5,630.6,7.27,35.16,5.67,3.5,1.5,1.05,N/A,NORMAL,KENDARAAN_BERHENTI
1789814944.103,2026-09-19 17:49:04.103,312,Underpass Unila Arah Rajabasa,80,2835,Golongan I,Sedan/Jip/Pick-up,0.413,315,154,375,224,345.1,189.4,4.1,17.0,10.88,3.5,0.2,0.86,N/A,NORMAL,KENDARAAN_BERHENTI
1789814944.103,2026-09-19 17:49:04.103,312,Underpass Unila Arah Rajabasa,80,3005,Golongan I,Sedan/Jip/Pick-up,0.688,249,231,316,306,282.8,268.7,1.48,24.61,5.22,2.2,9.6,0.9,N/A,NORMAL,LAWAN_ARAH
1789814944.103,2026-09-19 17:49:04.103,312,Underpass Unila Arah Rajabasa,80,3006,Golongan I,Sedan/Jip/Pick-up,0.62,221,116,261,158,241.4,137.7,1.01,12.91,7.04,2.77,8.4,0.95,N/A,NORMAL,LAWAN_ARAH
1789814944.103,2026-09-19 17:49:04.103,312,Underpass Unila Arah Rajabasa,80,3007,Golongan I,Sedan/Jip/Pick-up,0.282,208,85,237,115,222.9,100.6,0.48,7.03,6.78,2.65,7.5,0.93,N/A,NORMAL,LAWAN_ARAH
1789814944.103,2026-09-19 17:49:04.103,312,Underpass Unila Arah Rajabasa,80,2922,Golongan I,Sedan/Jip/Pick-up,0.517,351,187,428,278,390.1,233.0,4.8,20.96,11.47,3.5,0.1,0.84,N/A,NORMAL,KENDARAAN_BERHENTI
1789814944.103,2026-09-19 17:49:04.103,312,Underpass Unila Arah Rajabasa,80,2836,Golongan III,Truk 3 Gandar,0.382,443,319,578,455,511.2,387.5,5.61,29.2,8.36,3.5,1.2,0.99,N/A,NORMAL,KENDARAAN_BERHENTI
1789814944.299,2026-09-19 17:49:04.299,312,Underpass Unila Arah Rajabasa,81,2974,Golongan I,Bus,0.322,294,127,334,186,314.2,157.1,3.49,13.59,11.03,3.32,0.5,0.68,N/A,NORMAL,KENDARAAN_BERHENTI
1789814944.299,2026-09-19 17:49:04.299,312,Underpass Unila Arah Rajabasa,81,2945,Golongan I,Sedan/Jip/Pick-up,0.65,662,547,847,720,755.0,633.8,7.36,35.17,5.44,3.5,1.6,1.07,N/A,NORMAL,KENDARAAN_BERHENTI
1789814944.299,2026-09-19 17:49:04.299,312,Underpass Unila Arah Rajabasa,81,2835,Golongan I,Sedan/Jip/Pick-up,0.462,316,156,375,224,346.1,190.6,4.13,17.05,10.47,3.5,0.2,0.86,N/A,NORMAL,KENDARAAN_BERHENTI
1789814944.299,2026-09-19 17:49:04.299,312,Underpass Unila Arah Rajabasa,81,3005,Golongan I,Sedan/Jip/Pick-up,0.607,246,221,313,296,279.8,259.1,1.46,24.11,5.53,2.3,9.6,0.89,N/A,NORMAL,LAWAN_ARAH
1789814944.299,2026-09-19 17:49:04.299,312,Underpass Unila Arah Rajabasa,81,3006,Golongan I,Sedan/Jip/Pick-up,0.352,219,112,260,156,239.8,134.5,0.96,12.66,7.55,2.92,8.1,0.95,N/A,NORMAL,LAWAN_ARAH
1789814944.299,2026-09-19 17:49:04.299,312,Underpass Unila Arah Rajabasa,81,2922,Golongan I,Sedan/Jip/Pick-up,0.495,351,187,428,278,390.2,233.1,4.81,20.96,11.47,3.5,0.1,0.84,N/A,NORMAL,KENDARAAN_BERHENTI
1789814944.299,2026-09-19 17:49:04.299,312,Underpass Unila Arah Rajabasa,81,2836,Golongan I,Sedan/Jip/Pick-up,0.413,444,321,580,458,512.3,389.7,5.6,29.29,8.33,3.5,1.3,1.0,N/A,NORMAL,KENDARAAN_BERHENTI
1789814944.515,2026-09-19 17:49:04.515,312,Underpass Unila Arah Rajabasa,82,2974,Golongan I,Bus,0.326,294,127,333,186,314.2,157.3,3.49,13.59,11.0,3.23,0.5,0.67,N/A,NORMAL,KENDARAAN_BERHENTI
1789814944.515,2026-09-19 17:49:04.515,312,Underpass Unila Arah Rajabasa,82,2945,Golongan I,Sedan/Jip/Pick-up,0.548,667,552,850,720,759.2,636.3,7.44,35.17,5.26,3.5,1.7,1.09,N/A,NORMAL,KENDARAAN_BERHENTI
1789814944.515,2026-09-19 17:49:04.515,312,Underpass Unila Arah Rajabasa,82,2835,Golongan I,Sedan/Jip/Pick-up,0.473,317,156,375,225,346.4,190.9,4.14,17.06,10.6,3.5,0.3,0.86,N/A,NORMAL,KENDARAAN_BERHENTI
1789814944.515,2026-09-19 17:49:04.515,312,Underpass Unila Arah Rajabasa,82,3005,Golongan I,Sedan/Jip/Pick-up,0.404,244,214,311,290,277.7,252.4,1.44,23.77,5.82,2.38,9.5,0.89,N/A,NORMAL,LAWAN_ARAH
1789814944.515,2026-09-19 17:49:04.515,312,Underpass Unila Arah Rajabasa,82,3006,Golongan I,Sedan/Jip/Pick-up,0.663,219,111,258,152,239.1,132.1,0.95,12.24,7.17,2.82,8.0,0.95,N/A,NORMAL,LAWAN_ARAH
1789814944.515,2026-09-19 17:49:04.515,312,Underpass Unila Arah Rajabasa,82,2922,Golongan I,Sedan/Jip/Pick-up,0.521,352,187,428,278,390.2,233.2,4.81,20.95,11.49,3.5,0.1,0.84,N/A,NORMAL,KENDARAAN_BERHENTI
1789814944.515,2026-09-19 17:49:04.515,312,Underpass Unila Arah Rajabasa,82,2836,Golongan III,Truk 3 Gandar,0.337,444,322,582,460,513.7,391.3,5.6,29.36,8.35,3.5,1.3,1.0,N/A,NORMAL,KENDARAAN_BERHENTI
1789814944.706,2026-09-19 17:49:04.705,312,Underpass Unila Arah Rajabasa,83,2974,Golongan I,Bus,0.351,294,127,333,186,314.2,157.0,3.5,13.57,11.0,3.23,0.5,0.67,N/A,NORMAL,KENDARAAN_BERHENTI
1789814944.706,2026-09-19 17:49:04.705,312,Underpass Unila Arah Rajabasa,83,2945,Golongan I,Sedan/Jip/Pick-up,0.624,669,557,849,720,759.4,638.6,7.44,35.17,5.04,3.5,1.6,1.11,N/A,NORMAL,KENDARAAN_BERHENTI
1789814944.706,2026-09-19 17:49:04.705,312,Underpass Unila Arah Rajabasa,83,2835,Golongan I,Sedan/Jip/Pick-up,0.412,316,156,375,225,345.9,191.1,4.11,17.09,10.58,3.5,0.3,0.86,N/A,NORMAL,KENDARAAN_BERHENTI
1789814944.706,2026-09-19 17:49:04.705,312,Underpass Unila Arah Rajabasa,83,3005,Golongan I,Sedan/Jip/Pick-up,0.38,242,208,307,283,275.2,246.5,1.4,23.44,5.95,2.37,9.3,0.87,N/A,NORMAL,LAWAN_ARAH
1789814944.706,2026-09-19 17:49:04.705,312,Underpass Unila Arah Rajabasa,83,3006,Golongan I,Sedan/Jip/Pick-up,0.701,218,108,257,149,237.7,128.8,0.92,11.76,7.36,2.89,8.2,0.95,N/A,NORMAL,LAWAN_ARAH
1789814944.706,2026-09-19 17:49:04.705,312,Underpass Unila Arah Rajabasa,83,2922,Golongan I,Sedan/Jip/Pick-up,0.443,351,187,428,278,390.1,233.1,4.8,20.94,11.47,3.5,0.0,0.84,N/A,NORMAL,KENDARAAN_BERHENTI
1789814944.706,2026-09-19 17:49:04.705,312,Underpass Unila Arah Rajabasa,83,2836,Golongan III,Truk 3 Gandar,0.359,445,323,584,462,515.1,393.1,5.61,29.43,8.37,3.5,1.3,1.0,N/A,NORMAL,KENDARAAN_BERHENTI
1789814944.906,2026-09-19 17:49:04.905,312,Underpass Unila Arah Rajabasa,84,2974,Golongan I,Bus,0.352,294,127,333,186,314.3,157.0,3.51,13.5,11.0,3.23,0.4,0.67,N/A,NORMAL,KENDARAAN_BERHENTI
1789814944.906,2026-09-19 17:49:04.905,312,Underpass Unila Arah Rajabasa,84,2945,Golongan I,Sedan/Jip/Pick-up,0.618,676,564,852,720,764.3,642.1,7.54,35.17,4.78,3.5,1.6,1.13,N/A,NORMAL,KENDARAAN_BERHENTI
1789814944.906,2026-09-19 17:49:04.905,312,Underpass Unila Arah Rajabasa,84,2835,Golongan I,Sedan/Jip/Pick-up,0.419,317,157,375,225,346.6,191.3,4.14,17.08,10.39,3.5,0.3,0.86,N/A,NORMAL,KENDARAAN_BERHENTI
1789814944.906,2026-09-19 17:49:04.905,312,Underpass Unila Arah Rajabasa,84,3005,Golongan I,Bus,0.412,240,202,304,276,272.6,239.7,1.37,23.02,6.09,2.4,9.1,0.86,N/A,NORMAL,LAWAN_ARAH
1789814944.906,2026-09-19 17:49:04.905,312,Underpass Unila Arah Rajabasa,84,3006,Golongan I,Sedan/Jip/Pick-up,0.549,218,106,255,145,236.9,126.1,0.9,11.29,7.18,2.8,8.3,0.95,N/A,NORMAL,LAWAN_ARAH
1789814944.906,2026-09-19 17:49:04.905,312,Underpass Unila Arah Rajabasa,84,2922,Golongan I,Sedan/Jip/Pick-up,0.406,351,187,428,278,390.1,232.9,4.81,20.93,11.47,3.5,0.0,0.84,N/A,NORMAL,KENDARAAN_BERHENTI
1789814944.906,2026-09-19 17:49:04.905,312,Underpass Unila Arah Rajabasa,84,2836,Golongan III,Truk 3 Gandar,0.342,447,326,585,465,516.4,395.8,5.6,29.52,8.24,3.5,1.3,1.0,N/A,NORMAL,KENDARAAN_BERHENTI
1789814945.099,2026-09-19 17:49:05.099,312,Underpass Unila Arah Rajabasa,85,2974,Golongan I,Bus,0.313,295,129,333,185,314.5,157.2,3.53,13.38,10.39,3.11,0.3,0.67,N/A,NORMAL,KENDARAAN_BERHENTI
1789814945.099,2026-09-19 17:49:05.099,312,Underpass Unila Arah Rajabasa,85,2945,Golongan I,Sedan/Jip/Pick-up,0.665,684,572,855,720,769.8,646.0,7.65,35.17,4.49,3.5,1.6,1.16,N/A,NORMAL,KENDARAAN_BERHENTI
1789814945.099,2026-09-19 17:49:05.099,312,Underpass Unila Arah Rajabasa,85,2835,Golongan I,Sedan/Jip/Pick-up,0.451,317,157,375,225,346.6,191.4,4.14,17.08,10.39,3.5,0.2,0.86,N/A,NORMAL,KENDARAAN_BERHENTI
1789814945.099,2026-09-19 17:49:05.099,312,Underpass Unila Arah Rajabasa,85,3005,Golongan I,Sedan/Jip/Pick-up,0.533,241,197,297,263,269.7,230.6,1.35,22.21,5.71,2.18,9.2,0.86,N/A,NORMAL,LAWAN_ARAH
1789814945.099,2026-09-19 17:49:05.099,312,Underpass Unila Arah Rajabasa,85,3006,Golongan I,Sedan/Jip/Pick-up,0.511,218,104,253,142,236.0,123.6,0.89,10.84,7.14,2.7,8.4,0.95,N/A,NORMAL,LAWAN_ARAH
1789814945.099,2026-09-19 17:49:05.099,312,Underpass Unila Arah Rajabasa,85,2922,Golongan I,Sedan/Jip/Pick-up,0.52,351,186,428,278,390.2,232.8,4.81,20.93,11.66,3.5,0.0,0.84,N/A,NORMAL,KENDARAAN_BERHENTI
1789814945.099,2026-09-19 17:49:05.099,312,Underpass Unila Arah Rajabasa,85,2836,Golongan III,Truk 3 Gandar,0.404,448,327,587,467,518.1,397.5,5.61,29.58,8.27,3.5,1.3,1.0,N/A,NORMAL,KENDARAAN_BERHENTI
1789814945.291,2026-09-19 17:49:05.290,312,Underpass Unila Arah Rajabasa,86,2974,Golongan I,Bus,0.31,296,129,332,184,314.5,157.2,3.54,13.29,10.24,2.96,0.4,0.67,N/A,NORMAL,KENDARAAN_BERHENTI
1789814945.291,2026-09-19 17:49:05.290,312,Underpass Unila Arah Rajabasa,86,2945,Golongan I,Sedan/Jip/Pick-up,0.55,689,577,858,720,774.2,648.9,7.74,35.17,4.32,3.5,1.6,1.19,N/A,NORMAL,KENDARAAN_BERHENTI
1789814945.291,2026-09-19 17:49:05.290,312,Underpass Unila Arah Rajabasa,86,2835,Golongan I,Sedan/Jip/Pick-up,0.399,317,157,376,225,346.9,191.4,4.15,17.07,10.41,3.5,0.2,0.86,N/A,NORMAL,KENDARAAN_BERHENTI
1789814945.291,2026-09-19 17:49:05.290,312,Underpass Unila Arah Rajabasa,86,3005,Golongan I,Sedan/Jip/Pick-up,0.329,239,192,293,254,266.6,223.3,1.32,21.64,5.58,2.17,9.3,0.86,N/A,NORMAL,LAWAN_ARAH
1789814945.291,2026-09-19 17:49:05.290,312,Underpass Unila Arah Rajabasa,86,3006,Golongan I,Sedan/Jip/Pick-up,0.512,216,101,251,139,234.3,120.4,0.84,10.38,7.3,2.76,8.4,0.95,N/A,NORMAL,LAWAN_ARAH
1789814945.291,2026-09-19 17:49:05.290,312,Underpass Unila Arah Rajabasa,86,2922,Golongan I,Sedan/Jip/Pick-up,0.447,351,186,428,278,390.1,232.6,4.81,20.92,11.66,3.5,0.0,0.84,N/A,NORMAL,KENDARAAN_BERHENTI
1789814945.291,2026-09-19 17:49:05.290,312,Underpass Unila Arah Rajabasa,86,2836,Golongan III,Truk 3 Gandar,0.47,449,329,590,469,520.2,399.5,5.63,29.66,8.22,3.5,1.3,1.0,N/A,NORMAL,KENDARAAN_BERHENTI
1789814945.479,2026-09-19 17:49:05.478,312,Underpass Unila Arah Rajabasa,87,2974,Golongan I,Bus,0.372,296,130,332,184,314.4,157.5,3.53,13.31,9.99,2.94,0.4,0.67,N/A,NORMAL,KENDARAAN_BERHENTI
1789814945.479,2026-09-19 17:49:05.478,312,Underpass Unila Arah Rajabasa,87,2945,Golongan I,Sedan/Jip/Pick-up,0.548,696,583,862,720,779.1,651.7,7.84,35.17,4.13,3.5,1.6,1.22,N/A,NORMAL,KENDARAAN_BERHENTI
1789814945.479,2026-09-19 17:49:05.478,312,Underpass Unila Arah Rajabasa,87,2835,Golongan I,Sedan/Jip/Pick-up,0.292,318,157,376,225,347.6,191.2,4.18,17.03,10.43,3.5,0.2,0.86,N/A,NORMAL,KENDARAAN_BERHENTI
1789814945.479,2026-09-19 17:49:05.478,312,Underpass Unila Arah Rajabasa,87,3005,Golongan I,Sedan/Jip/Pick-up,0.361,237,185,289,246,263.5,215.7,1.27,21.09,5.74,2.16,9.3,0.86,N/A,NORMAL,LAWAN_ARAH
1789814945.479,2026-09-19 17:49:05.478,312,Underpass Unila Arah Rajabasa,87,3006,Golongan I,Sedan/Jip/Pick-up,0.58,216,100,250,136,233.4,118.1,0.82,9.96,7.04,2.72,8.2,0.95,N/A,NORMAL,LAWAN_ARAH
1789814945.479,2026-09-19 17:49:05.478,312,Underpass Unila Arah Rajabasa,87,2922,Golongan I,Sedan/Jip/Pick-up,0.389,351,186,428,278,389.9,232.6,4.81,20.92,11.66,3.5,0.0,0.84,N/A,NORMAL,KENDARAAN_BERHENTI
1789814945.479,2026-09-19 17:49:05.478,312,Underpass Unila Arah Rajabasa,87,2836,Golongan III,Truk 3 Gandar,0.399,451,330,593,472,522.4,401.7,5.64,29.76,8.3,3.5,1.4,1.0,N/A,NORMAL,KENDARAAN_BERHENTI
1789814945.672,2026-09-19 17:49:05.672,312,Underpass Unila Arah Rajabasa,88,2836,Golongan III,Truk 3 Gandar,0.435,438,321,580,466,509.4,393.9,5.42,29.59,8.6,3.5,1.2,0.98,N/A,NORMAL,KENDARAAN_BERHENTI
1789814945.862,2026-09-19 17:49:05.861,312,Underpass Unila Arah Rajabasa,89,2836,Golongan III,Truk 3 Gandar,0.467,435,319,576,465,506.1,392.6,5.34,29.59,8.66,3.5,1.1,0.97,N/A,NORMAL,KENDARAAN_BERHENTI
1789814945.862,2026-09-19 17:49:05.861,312,Underpass Unila Arah Rajabasa,89,3047,Golongan I,Sedan/Jip/Pick-up,0.701,287,110,326,154,306.9,132.9,3.74,9.0,10.31,3.5,0.0,0.88,N/A,NORMAL,NORMAL
1789814945.862,2026-09-19 17:49:05.861,312,Underpass Unila Arah Rajabasa,89,3048,Golongan I,Sedan/Jip/Pick-up,0.438,264,81,299,110,281.9,96.0,3.35,1.21,9.33,3.5,0.0,1.23,N/A,NORMAL,NORMAL
1789814945.862,2026-09-19 17:49:05.861,312,Underpass Unila Arah Rajabasa,89,3049,Golongan I,Sedan/Jip/Pick-up,0.46,441,318,566,463,503.5,390.8,5.31,29.54,8.57,3.5,0.0,0.86,N/A,NORMAL,NORMAL
1789814945.862,2026-09-19 17:49:05.861,312,Underpass Unila Arah Rajabasa,89,3051,Golongan I,Sedan/Jip/Pick-up,0.54,204,84,237,118,221.3,101.3,0.41,7.62,7.55,2.97,0.0,0.96,N/A,NORMAL,NORMAL
1789814945.862,2026-09-19 17:49:05.861,312,Underpass Unila Arah Rajabasa,89,3052,Golongan I,Sedan/Jip/Pick-up,0.531,614,515,839,720,726.6,617.9,6.81,35.16,6.72,3.5,0.0,1.1,N/A,NORMAL,NORMAL
1789814945.862,2026-09-19 17:49:05.861,312,Underpass Unila Arah Rajabasa,89,2922,Golongan I,Sedan/Jip/Pick-up,0.508,341,181,411,264,376.2,223.0,4.57,20.04,10.78,3.5,0.0,0.84,N/A,NORMAL,KENDARAAN_BERHENTI
1789814946.049,2026-09-19 17:49:06.049,312,Underpass Unila Arah Rajabasa,90,2836,Golongan III,Truk 3 Gandar,0.433,436,320,577,467,507.1,394.0,5.35,29.65,8.67,3.5,1.0,0.96,N/A,NORMAL,KENDARAAN_BERHENTI
1789814946.049,2026-09-19 17:49:06.049,312,Underpass Unila Arah Rajabasa,90,3047,Golongan I,Sedan/Jip/Pick-up,0.665,288,112,326,155,307.3,134.2,3.74,9.12,9.91,3.5,0.0,0.88,N/A,NORMAL,NORMAL
1789814946.049,2026-09-19 17:49:06.049,312,Underpass Unila Arah Rajabasa,90,3048,Golongan I,Sedan/Jip/Pick-up,0.403,264,81,300,110,282.6,95.7,3.39,1.17,9.36,3.5,0.0,1.23,N/A,NORMAL,NORMAL
1789814946.049,2026-09-19 17:49:06.049,312,Underpass Unila Arah Rajabasa,90,3049,Golongan I,Sedan/Jip/Pick-up,0.422,443,320,570,467,506.9,393.8,5.34,29.65,8.62,3.5,0.0,0.86,N/A,NORMAL,NORMAL
1789814946.049,2026-09-19 17:49:06.049,312,Underpass Unila Arah Rajabasa,90,3051,Golongan I,Sedan/Jip/Pick-up,0.593,204,82,237,116,221.0,99.6,0.41,7.26,7.72,3.04,0.0,0.96,N/A,NORMAL,NORMAL
1789814946.049,2026-09-19 17:49:06.049,312,Underpass Unila Arah Rajabasa,90,3052,Golongan I,Sedan/Jip/Pick-up,0.364,620,520,840,719,730.1,620.0,6.88,35.16,6.48,3.5,0.0,1.1,N/A,NORMAL,NORMAL
1789814946.049,2026-09-19 17:49:06.049,312,Underpass Unila Arah Rajabasa,90,2922,Golongan I,Sedan/Jip/Pick-up,0.646,341,182,409,262,375.6,222.7,4.58,19.89,10.37,3.5,0.0,0.86,N/A,NORMAL,KENDARAAN_BERHENTI
1789814946.251,2026-09-19 17:49:06.251,312,Underpass Unila Arah Rajabasa,91,2836,Golongan I,Sedan/Jip/Pick-up,0.359,438,322,579,470,509.1,396.4,5.35,29.75,8.64,3.5,1.0,0.95,N/A,NORMAL,KENDARAAN_BERHENTI
1789814946.251,2026-09-19 17:49:06.251,312,Underpass Unila Arah Rajabasa,91,3047,Golongan I,Sedan/Jip/Pick-up,0.592,288,111,327,156,307.9,133.9,3.76,9.18,10.42,3.5,1.6,0.89,N/A,NORMAL,NORMAL
1789814946.251,2026-09-19 17:49:06.251,312,Underpass Unila Arah Rajabasa,91,3048,Golongan I,Sedan/Jip/Pick-up,0.376,262,78,302,111,282.7,94.9,3.38,1.41,10.85,3.5,1.9,1.22,N/A,NORMAL,NORMAL
1789814946.251,2026-09-19 17:49:06.251,312,Underpass Unila Arah Rajabasa,91,3049,Golongan III,Truk 3 Gandar,0.495,445,323,573,471,509.7,397.5,5.35,29.79,8.55,3.5,2.3,0.86,N/A,NORMAL,NORMAL
1789814946.251,2026-09-19 17:49:06.251,312,Underpass Unila Arah Rajabasa,91,3051,Golongan I,Sedan/Jip/Pick-up,0.408,204,80,236,114,220.6,97.1,0.39,6.85,7.88,3.01,7.1,0.96,N/A,NORMAL,NORMAL
1789814946.251,2026-09-19 17:49:06.251,312,Underpass Unila Arah Rajabasa,91,3052,Golongan I,Sedan/Jip/Pick-up,0.356,624,527,837,719,731.3,623.6,6.9,35.16,6.12,3.5,0.8,1.1,N/A,NORMAL,NORMAL
1789814946.251,2026-09-19 17:49:06.251,312,Underpass Unila Arah Rajabasa,91,2922,Golongan I,Sedan/Jip/Pick-up,0.704,342,184,409,262,376.2,223.5,4.6,19.87,10.02,3.5,1.6,0.87,N/A,NORMAL,KENDARAAN_BERHENTI
1789814946.457,2026-09-19 17:49:06.457,312,Underpass Unila Arah Rajabasa,92,2836,Golongan III,Truk 3 Gandar,0.418,441,325,581,473,511.6,399.3,5.37,29.84,8.53,3.5,1.0,0.95,N/A,NORMAL,KENDARAAN_BERHENTI
1789814946.457,2026-09-19 17:49:06.457,312,Underpass Unila Arah Rajabasa,92,3047,Golongan I,Sedan/Jip/Pick-up,0.645,288,111,329,158,308.7,134.9,3.76,9.47,10.83,3.5,2.1,0.89,N/A,NORMAL,NORMAL
1789814946.457,2026-09-19 17:49:06.457,312,Underpass Unila Arah Rajabasa,92,3048,Golongan I,Sedan/Jip/Pick-up,0.38,262,77,304,112,283.2,94.6,3.39,1.58,11.61,3.5,2.0,1.21,N/A,NORMAL,NORMAL
1789814946.457,2026-09-19 17:49:06.457,312,Underpass Unila Arah Rajabasa,92,3049,Golongan I,Sedan/Jip/Pick-up,0.489,447,325,576,474,512.2,399.8,5.37,29.87,8.55,3.5,2.2,0.86,N/A,NORMAL,NORMAL
1789814946.457,2026-09-19 17:49:06.457,312,Underpass Unila Arah Rajabasa,92,3051,Golongan I,Sedan/Jip/Pick-up,0.388,204,78,234,110,219.5,94.6,0.36,6.18,7.63,2.9,7.7,0.96,N/A,NORMAL,NORMAL
1789814946.457,2026-09-19 17:49:06.457,312,Underpass Unila Arah Rajabasa,92,3052,Golongan I,Sedan/Jip/Pick-up,0.496,636,533,842,719,739.6,626.5,7.07,35.15,5.93,3.5,1.1,1.11,N/A,NORMAL,NORMAL
1789814946.457,2026-09-19 17:49:06.457,312,Underpass Unila Arah Rajabasa,92,2922,Golongan I,Sedan/Jip/Pick-up,0.509,342,185,412,265,377.6,225.6,4.59,20.12,10.18,3.5,1.2,0.87,N/A,NORMAL,KENDARAAN_BERHENTI
1789814946.679,2026-09-19 17:49:06.679,312,Underpass Unila Arah Rajabasa,93,3047,Golongan I,Sedan/Jip/Pick-up,0.603,288,111,331,159,309.8,135.8,3.77,9.71,11.07,3.5,2.5,0.89,N/A,NORMAL,NORMAL
1789814946.679,2026-09-19 17:49:06.679,312,Underpass Unila Arah Rajabasa,93,3048,Golongan I,Sedan/Jip/Pick-up,0.432,261,76,305,113,283.4,95.0,3.36,1.97,12.31,3.5,2.6,1.2,N/A,NORMAL,NORMAL
1789814946.679,2026-09-19 17:49:06.679,312,Underpass Unila Arah Rajabasa,93,3051,Golongan I,Sedan/Jip/Pick-up,0.283,203,76,233,107,218.1,92.2,0.31,5.79,7.57,2.96,7.9,0.96,N/A,NORMAL,NORMAL
1789814946.679,2026-09-19 17:49:06.679,312,Underpass Unila Arah Rajabasa,93,3052,Golongan I,Sedan/Jip/Pick-up,0.579,644,538,846,719,745.2,628.8,7.18,35.15,5.76,3.5,1.3,1.12,N/A,NORMAL,NORMAL
1789814946.679,2026-09-19 17:49:06.679,312,Underpass Unila Arah Rajabasa,93,2922,Golongan I,Sedan/Jip/Pick-up,0.436,342,186,414,269,378.6,227.9,4.56,20.43,10.4,3.5,1.4,0.87,N/A,NORMAL,KENDARAAN_BERHENTI
1789814946.911,2026-09-19 17:49:06.910,312,Underpass Unila Arah Rajabasa,94,3047,Golongan I,Sedan/Jip/Pick-up,0.489,289,114,331,162,310.4,138.3,3.76,10.08,10.71,3.5,3.0,0.89,N/A,NORMAL,NORMAL
1789814946.911,2026-09-19 17:49:06.910,312,Underpass Unila Arah Rajabasa,94,3052,Golongan I,Sedan/Jip/Pick-up,0.539,650,540,850,718,750.6,629.7,7.29,35.14,5.71,3.5,1.4,1.12,N/A,NORMAL,NORMAL
1789814946.911,2026-09-19 17:49:06.910,312,Underpass Unila Arah Rajabasa,94,2922,Golongan I,Sedan/Jip/Pick-up,0.69,343,188,416,271,379.7,230.0,4.57,20.59,10.28,3.5,1.6,0.87,N/A,NORMAL,KENDARAAN_BERHENTI
1789814946.911,2026-09-19 17:49:06.910,312,Underpass Unila Arah Rajabasa,94,2836,Golongan I,Sedan/Jip/Pick-up,0.58,443,328,586,481,514.8,405.2,5.34,30.09,8.65,3.5,0.0,0.94,N/A,NORMAL,KENDARAAN_BERHENTI
1789814947.137,2026-09-19 17:49:07.136,312,Underpass Unila Arah Rajabasa,95,3047,Golongan I,Sedan/Jip/Pick-up,0.591,289,117,331,163,310.8,140.4,3.75,10.32,10.02,3.5,3.3,0.9,N/A,NORMAL,NORMAL
1789814947.137,2026-09-19 17:49:07.136,312,Underpass Unila Arah Rajabasa,95,3052,Golongan I,Sedan/Jip/Pick-up,0.512,659,548,852,718,755.8,633.7,7.39,35.15,5.39,3.5,1.5,1.14,N/A,NORMAL,NORMAL
1789814947.137,2026-09-19 17:49:07.136,312,Underpass Unila Arah Rajabasa,95,2922,Golongan I,Sedan/Jip/Pick-up,0.66,344,190,418,274,381.6,232.6,4.58,20.79,10.24,3.5,1.8,0.88,N/A,NORMAL,KENDARAAN_BERHENTI
1789814947.137,2026-09-19 17:49:07.136,312,Underpass Unila Arah Rajabasa,95,2836,Golongan I,Sedan/Jip/Pick-up,0.567,447,332,589,484,518.2,408.8,5.38,30.18,8.48,3.5,0.0,0.93,N/A,NORMAL,KENDARAAN_BERHENTI
1789814947.319,2026-09-19 17:49:07.318,312,Underpass Unila Arah Rajabasa,96,3047,Golongan I,Sedan/Jip/Pick-up,0.558,290,118,332,165,311.4,142.2,3.74,10.58,10.12,3.5,3.5,0.9,N/A,NORMAL,NORMAL
1789814947.319,2026-09-19 17:49:07.318,312,Underpass Unila Arah Rajabasa,96,3052,Golongan I,Sedan/Jip/Pick-up,0.368,665,556,851,719,758.3,637.9,7.43,35.15,5.06,3.5,1.5,1.15,N/A,NORMAL,NORMAL
1789814947.319,2026-09-19 17:49:07.318,312,Underpass Unila Arah Rajabasa,96,2922,Golongan I,Sedan/Jip/Pick-up,0.654,347,192,420,276,384.2,234.8,4.63,20.92,10.15,3.5,1.9,0.88,N/A,NORMAL,KENDARAAN_BERHENTI
1789814947.319,2026-09-19 17:49:07.318,312,Underpass Unila Arah Rajabasa,96,2836,Golongan I,Sedan/Jip/Pick-up,0.535,449,334,591,488,520.8,411.3,5.4,30.27,8.49,3.5,1.7,0.92,N/A,NORMAL,KENDARAAN_BERHENTI
1789814947.577,2026-09-19 17:49:07.576,312,Underpass Unila Arah Rajabasa,97,5000,Golongan I,Sedan/Jip/Pick-up,0.751,324,385,455,521,389.7,453.4,2.53,31.69,4.54,2.79,0.0,0.96,N/A,NORMAL,NORMAL
1789814947.577,2026-09-19 17:49:07.576,312,Underpass Unila Arah Rajabasa,97,5001,Golongan I,Sedan/Jip/Pick-up,0.689,512,416,682,609,597.5,512.7,5.61,33.21,7.58,3.5,0.0,0.88,N/A,NORMAL,NORMAL
1789814947.577,2026-09-19 17:49:07.576,312,Underpass Unila Arah Rajabasa,97,2922,Golongan I,Sedan/Jip/Pick-up,0.625,378,233,475,338,427.4,285.9,5.03,24.48,9.88,3.5,4.9,0.93,N/A,NORMAL,KENDARAAN_BERHENTI
1789814947.577,2026-09-19 17:49:07.576,312,Underpass Unila Arah Rajabasa,97,3048,Golongan I,Sedan/Jip/Pick-up,0.482,279,93,316,134,298.0,113.8,3.71,5.58,11.47,3.5,0.0,0.89,N/A,NORMAL,NORMAL
1789814947.577,2026-09-19 17:49:07.576,312,Underpass Unila Arah Rajabasa,97,3047,Golongan I,Sedan/Jip/Pick-up,0.429,308,146,360,204,334.5,175.4,4.02,15.11,9.78,3.5,7.2,0.89,N/A,NORMAL,NORMAL
1789814947.577,2026-09-19 17:49:07.576,312,Underpass Unila Arah Rajabasa,97,3051,Golongan I,Sedan/Jip/Pick-up,0.415,208,99,239,137,224.2,118.2,0.47,10.58,7.15,2.38,0.0,0.83,N/A,NORMAL,LAWAN_ARAH
1789814947.577,2026-09-19 17:49:07.576,312,Underpass Unila Arah Rajabasa,97,3051,Golongan I,Sedan/Jip/Pick-up,0.313,240,43,268,70,254.6,56.7,2.52,-8.27,13.06,3.5,0.0,1.05,N/A,NORMAL,LAWAN_ARAH
1789814947.753,2026-09-19 17:49:07.753,312,Underpass Unila Arah Rajabasa,98,3063,Golongan I,Sedan/Jip/Pick-up,0.491,318,371,443,502,380.8,437.2,2.47,31.25,4.63,2.74,0.0,0.96,N/A,NORMAL,NORMAL
1789814947.753,2026-09-19 17:49:07.753,312,Underpass Unila Arah Rajabasa,98,3064,Golongan I,Sedan/Jip/Pick-up,0.682,515,420,686,614,601.1,517.5,5.63,33.31,7.51,3.5,0.0,0.88,N/A,NORMAL,NORMAL
1789814947.753,2026-09-19 17:49:07.753,312,Underpass Unila Arah Rajabasa,98,3065,Golongan I,Sedan/Jip/Pick-up,0.571,381,234,479,340,430.3,287.8,5.08,24.58,9.98,3.5,0.0,0.92,N/A,NORMAL,NORMAL
1789814947.753,2026-09-19 17:49:07.753,312,Underpass Unila Arah Rajabasa,98,3066,Golongan I,Sedan/Jip/Pick-up,0.42,279,93,316,135,298.3,114.3,3.71,5.74,11.69,3.5,0.0,0.89,N/A,NORMAL,NORMAL
1789814947.753,2026-09-19 17:49:07.753,312,Underpass Unila Arah Rajabasa,98,3067,Golongan I,Sedan/Jip/Pick-up,0.398,309,147,361,205,335.3,176.4,4.04,15.19,9.73,3.5,0.0,0.89,N/A,NORMAL,NORMAL
1789814947.753,2026-09-19 17:49:07.753,312,Underpass Unila Arah Rajabasa,98,3068,Golongan I,Sedan/Jip/Pick-up,0.429,207,96,239,134,223.5,115.8,0.45,10.3,7.36,2.53,0.0,0.83,N/A,NORMAL,NORMAL
1789814947.926,2026-09-19 17:49:07.926,312,Underpass Unila Arah Rajabasa,99,3063,Golongan I,Sedan/Jip/Pick-up,0.649,310,355,429,479,369.8,417.8,2.39,30.69,4.69,2.71,0.0,0.96,N/A,NORMAL,NORMAL
1789814947.926,2026-09-19 17:49:07.926,312,Underpass Unila Arah Rajabasa,99,3064,Golongan I,Sedan/Jip/Pick-up,0.643,519,423,690,617,604.7,520.5,5.67,33.36,7.47,3.5,0.0,0.88,N/A,NORMAL,NORMAL
1789814947.926,2026-09-19 17:49:07.926,312,Underpass Unila Arah Rajabasa,99,3065,Golongan I,Sedan/Jip/Pick-up,0.675,383,236,481,342,432.1,289.9,5.1,24.68,9.89,3.5,0.0,0.92,N/A,NORMAL,NORMAL
1789814947.926,2026-09-19 17:49:07.926,312,Underpass Unila Arah Rajabasa,99,3066,Golongan I,Sedan/Jip/Pick-up,0.548,280,93,316,134,298.6,114.0,3.75,5.49,11.5,3.5,0.0,0.89,N/A,NORMAL,NORMAL
1789814947.926,2026-09-19 17:49:07.926,312,Underpass Unila Arah Rajabasa,99,3067,Golongan I,Sedan/Jip/Pick-up,0.479,310,149,362,207,336.6,178.7,4.05,15.4,9.57,3.5,0.0,0.89,N/A,NORMAL,NORMAL
1789814947.926,2026-09-19 17:49:07.926,312,Underpass Unila Arah Rajabasa,99,3068,Golongan I,Sedan/Jip/Pick-up,0.372,207,95,237,131,222.7,113.1,0.43,9.73,7.08,2.4,0.0,0.83,N/A,NORMAL,NORMAL
1789814948.109,2026-09-19 17:49:08.108,312,Underpass Unila Arah Rajabasa,100,3063,Golongan I,Sedan/Jip/Pick-up,0.681,303,338,415,455,359.8,397.3,2.34,30.05,4.78,2.66,12.2,0.96,N/A,NORMAL,NORMAL
1789814948.109,2026-09-19 17:49:08.108,312,Underpass Unila Arah Rajabasa,100,3064,Golongan I,Sedan/Jip/Pick-up,0.619,522,428,695,625,608.9,527.2,5.66,33.53,7.43,3.5,2.3,0.88,N/A,NORMAL,NORMAL
1789814948.109,2026-09-19 17:49:08.108,312,Underpass Unila Arah Rajabasa,100,3065,Golongan I,Sedan/Jip/Pick-up,0.717,384,239,483,346,434.0,293.0,5.1,24.89,9.77,3.5,3.1,0.92,N/A,NORMAL,NORMAL
1789814948.109,2026-09-19 17:49:08.108,312,Underpass Unila Arah Rajabasa,100,3066,Golongan I,Sedan/Jip/Pick-up,0.543,281,94,317,134,299.2,114.4,3.76,5.56,11.2,3.5,2.0,0.89,N/A,NORMAL,NORMAL
1789814948.109,2026-09-19 17:49:08.108,312,Underpass Unila Arah Rajabasa,100,3067,Golongan I,Sedan/Jip/Pick-up,0.566,311,152,363,211,337.3,182.0,4.02,15.8,9.45,3.5,6.2,0.89,N/A,NORMAL,NORMAL
1789814948.109,2026-09-19 17:49:08.108,312,Underpass Unila Arah Rajabasa,100,3068,Golongan I,Sedan/Jip/Pick-up,0.391,207,93,236,128,222.0,110.9,0.41,9.3,7.04,2.37,10.2,0.83,N/A,NORMAL,NORMAL
1789814948.281,2026-09-19 17:49:08.281,312,Underpass Unila Arah Rajabasa,101,3063,Golongan I,Sedan/Jip/Pick-up,0.634,298,324,401,431,350.2,377.9,2.28,29.34,4.7,2.55,12.6,0.96,N/A,NORMAL,NORMAL
1789814948.281,2026-09-19 17:49:08.281,312,Underpass Unila Arah Rajabasa,101,3064,Golongan I,Sedan/Jip/Pick-up,0.692,526,433,702,632,614.3,532.7,5.69,33.65,7.39,3.5,2.3,0.88,N/A,NORMAL,NORMAL
1789814948.281,2026-09-19 17:49:08.281,312,Underpass Unila Arah Rajabasa,101,3065,Golongan I,Sedan/Jip/Pick-up,0.596,386,242,486,351,436.7,297.0,5.11,25.11,9.75,3.5,3.3,0.92,N/A,NORMAL,NORMAL
1789814948.281,2026-09-19 17:49:08.281,312,Underpass Unila Arah Rajabasa,101,3066,Golongan I,Sedan/Jip/Pick-up,0.595,281,94,318,134,300.1,114.7,3.8,5.58,11.23,3.5,1.7,0.89,N/A,NORMAL,NORMAL
1789814948.281,2026-09-19 17:49:08.281,312,Underpass Unila Arah Rajabasa,101,3067,Golongan I,Sedan/Jip/Pick-up,0.573,312,154,364,212,338.3,183.9,4.03,15.95,9.19,3.5,5.8,0.9,N/A,NORMAL,NORMAL
1789814948.281,2026-09-19 17:49:08.281,312,Underpass Unila Arah Rajabasa,101,3068,Golongan I,Sedan/Jip/Pick-up,0.282,207,90,235,124,221.2,107.4,0.39,8.66,7.08,2.37,10.6,0.84,N/A,NORMAL,NORMAL
1789814948.498,2026-09-19 17:49:08.497,312,Underpass Unila Arah Rajabasa,102,3063,Golongan I,Sedan/Jip/Pick-up,0.721,292,308,390,411,341.4,360.2,2.22,28.71,4.88,2.54,12.5,0.96,N/A,NORMAL,NORMAL
1789814948.498,2026-09-19 17:49:08.497,312,Underpass Unila Arah Rajabasa,102,3064,Golongan I,Sedan/Jip/Pick-up,0.679,530,438,706,637,618.5,537.8,5.71,33.76,7.27,3.5,2.3,0.88,N/A,NORMAL,NORMAL
1789814948.498,2026-09-19 17:49:08.497,312,Underpass Unila Arah Rajabasa,102,3065,Golongan I,Sedan/Jip/Pick-up,0.593,389,246,490,354,440.2,300.5,5.16,25.27,9.51,3.5,3.3,0.92,N/A,NORMAL,NORMAL
1789814948.498,2026-09-19 17:49:08.497,312,Underpass Unila Arah Rajabasa,102,3066,Golongan I,Sedan/Jip/Pick-up,0.552,283,94,318,134,301.0,114.8,3.86,5.46,11.28,3.5,1.6,0.89,N/A,NORMAL,NORMAL
1789814948.498,2026-09-19 17:49:08.497,312,Underpass Unila Arah Rajabasa,102,3067,Golongan I,Sedan/Jip/Pick-up,0.42,313,155,366,214,339.6,185.0,4.05,16.1,9.28,3.5,5.2,0.9,N/A,NORMAL,NORMAL
1789814948.498,2026-09-19 17:49:08.497,312,Underpass Unila Arah Rajabasa,102,3068,Golongan I,Sedan/Jip/Pick-up,0.366,206,88,234,121,220.3,104.8,0.37,8.18,7.03,2.42,10.4,0.84,N/A,NORMAL,NORMAL
1789814948.674,2026-09-19 17:49:08.673,312,Underpass Unila Arah Rajabasa,103,3063,Golongan I,Sedan/Jip/Pick-up,0.667,287,296,379,391,333.4,343.7,2.16,28.01,4.81,2.48,12.6,0.96,N/A,NORMAL,LAWAN_ARAH
1789814948.674,2026-09-19 17:49:08.673,312,Underpass Unila Arah Rajabasa,103,3064,Golongan I,Sedan/Jip/Pick-up,0.644,534,443,712,644,623.6,543.8,5.73,33.88,7.23,3.5,2.3,0.88,N/A,NORMAL,NORMAL
1789814948.674,2026-09-19 17:49:08.673,312,Underpass Unila Arah Rajabasa,103,3065,Golongan I,Sedan/Jip/Pick-up,0.53,391,246,494,358,443.1,302.6,5.19,25.41,9.85,3.5,3.3,0.92,N/A,NORMAL,NORMAL
1789814948.674,2026-09-19 17:49:08.673,312,Underpass Unila Arah Rajabasa,103,3066,Golongan I,Sedan/Jip/Pick-up,0.536,283,95,319,135,301.7,115.8,3.87,5.67,11.17,3.5,1.2,0.89,N/A,NORMAL,NORMAL
1789814948.674,2026-09-19 17:49:08.673,312,Underpass Unila Arah Rajabasa,103,3067,Golongan I,Sedan/Jip/Pick-up,0.657,314,156,369,217,341.8,186.9,4.08,16.37,9.5,3.5,5.0,0.9,N/A,NORMAL,NORMAL
1789814948.674,2026-09-19 17:49:08.673,312,Underpass Unila Arah Rajabasa,103,3068,Golongan I,Sedan/Jip/Pick-up,0.444,205,85,234,119,220.0,102.8,0.36,7.92,7.43,2.57,10.0,0.84,N/A,NORMAL,NORMAL
1789814948.674,2026-09-19 17:49:08.673,312,Underpass Unila Arah Rajabasa,103,3075,Golongan I,Sedan/Jip/Pick-up,0.397,239,45,270,73,255.2,59.6,2.5,-7.16,13.07,3.5,0.0,1.12,N/A,NORMAL,NORMAL
1789814948.843,2026-09-19 17:49:08.843,312,Underpass Unila Arah Rajabasa,104,3063,Golongan I,Sedan/Jip/Pick-up,0.659,283,284,369,373,326.4,329.0,2.11,27.36,4.81,2.42,12.7,0.97,N/A,NORMAL,LAWAN_ARAH
1789814948.843,2026-09-19 17:49:08.843,312,Underpass Unila Arah Rajabasa,104,3064,Golongan I,Sedan/Jip/Pick-up,0.703,538,447,716,649,627.5,548.5,5.75,33.98,7.18,3.5,2.3,0.89,N/A,NORMAL,NORMAL
1789814948.843,2026-09-19 17:49:08.843,312,Underpass Unila Arah Rajabasa,104,3065,Golongan I,Sedan/Jip/Pick-up,0.481,393,250,496,362,445.3,306.0,5.2,25.6,9.62,3.5,3.3,0.92,N/A,NORMAL,NORMAL
1789814948.843,2026-09-19 17:49:08.843,312,Underpass Unila Arah Rajabasa,104,3066,Golongan I,Sedan/Jip/Pick-up,0.454,285,96,320,136,302.9,116.4,3.92,5.66,11.11,3.5,1.1,0.9,N/A,NORMAL,NORMAL
1789814948.843,2026-09-19 17:49:08.843,312,Underpass Unila Arah Rajabasa,104,3067,Golongan I,Sedan/Jip/Pick-up,0.683,315,158,371,221,343.8,189.9,4.1,16.7,9.61,3.5,5.0,0.9,N/A,NORMAL,NORMAL
1789814948.843,2026-09-19 17:49:08.843,312,Underpass Unila Arah Rajabasa,104,3068,Golongan I,Sedan/Jip/Pick-up,0.495,204,83,233,118,218.7,101.1,0.31,7.79,7.75,2.6,9.3,0.84,N/A,NORMAL,NORMAL
1789814948.843,2026-09-19 17:49:08.843,312,Underpass Unila Arah Rajabasa,104,3075,Golongan I,Sedan/Jip/Pick-up,0.319,239,45,271,73,255.4,59.4,2.51,-7.17,13.13,3.5,0.0,1.11,N/A,NORMAL,NORMAL
1789814949.019,2026-09-19 17:49:09.019,312,Underpass Unila Arah Rajabasa,105,3063,Golongan I,Sedan/Jip/Pick-up,0.609,277,272,361,358,319.5,315.8,2.05,26.8,4.94,2.46,12.7,0.97,N/A,NORMAL,LAWAN_ARAH
1789814949.019,2026-09-19 17:49:09.019,312,Underpass Unila Arah Rajabasa,105,3064,Golongan I,Sedan/Jip/Pick-up,0.692,540,451,722,657,631.4,554.8,5.74,34.13,7.2,3.5,2.3,0.89,N/A,NORMAL,NORMAL
1789814949.019,2026-09-19 17:49:09.019,312,Underpass Unila Arah Rajabasa,105,3065,Golongan I,Sedan/Jip/Pick-up,0.584,395,253,500,367,447.8,310.2,5.19,25.84,9.61,3.5,3.4,0.92,N/A,NORMAL,NORMAL
1789814949.019,2026-09-19 17:49:09.019,312,Underpass Unila Arah Rajabasa,105,3066,Golongan I,Sedan/Jip/Pick-up,0.487,285,96,322,138,303.6,117.6,3.91,6.03,11.61,3.5,1.0,0.89,N/A,NORMAL,NORMAL
1789814949.019,2026-09-19 17:49:09.019,312,Underpass Unila Arah Rajabasa,105,3067,Golongan I,Sedan/Jip/Pick-up,0.709,317,160,374,223,346.0,192.0,4.15,16.87,9.52,3.5,4.9,0.91,N/A,NORMAL,NORMAL
1789814949.019,2026-09-19 17:49:09.019,312,Underpass Unila Arah Rajabasa,105,3068,Golongan I,Sedan/Jip/Pick-up,0.43,203,82,232,117,218.1,99.9,0.29,7.64,7.8,2.62,8.6,0.84,N/A,NORMAL,NORMAL
1789814949.019,2026-09-19 17:49:09.019,312,Underpass Unila Arah Rajabasa,105,3075,Golongan I,Sedan/Jip/Pick-up,0.259,239,45,271,73,255.6,59.5,2.52,-7.07,13.13,3.5,1.0,1.11,N/A,NORMAL,NORMAL
1789814949.019,2026-09-19 17:49:09.019,312,Underpass Unila Arah Rajabasa,105,3079,Golongan I,Sedan/Jip/Pick-up,0.334,260,76,290,106,275.3,91.4,3.06,0.86,9.88,3.5,0.0,1.0,N/A,NORMAL,NORMAL
1789814949.203,2026-09-19 17:49:09.203,312,Underpass Unila Arah Rajabasa,106,3063,Golongan I,Sedan/Jip/Pick-up,0.624,274,262,353,343,313.9,303.1,2.01,26.16,4.93,2.4,12.7,0.97,N/A,NORMAL,LAWAN_ARAH
1789814949.203,2026-09-19 17:49:09.203,312,Underpass Unila Arah Rajabasa,106,3064,Golongan I,Sedan/Jip/Pick-up,0.718,544,456,729,664,637.0,560.2,5.77,34.24,7.17,3.5,2.3,0.89,N/A,NORMAL,NORMAL
1789814949.203,2026-09-19 17:49:09.203,312,Underpass Unila Arah Rajabasa,106,3065,Golongan I,Sedan/Jip/Pick-up,0.534,397,256,503,372,450.5,314.6,5.19,26.08,9.59,3.5,3.6,0.92,N/A,NORMAL,NORMAL
1789814949.203,2026-09-19 17:49:09.203,312,Underpass Unila Arah Rajabasa,106,3066,Golongan I,Sedan/Jip/Pick-up,0.439,284,97,323,140,304.1,118.7,3.9,6.39,11.68,3.5,1.3,0.89,N/A,NORMAL,NORMAL
1789814949.203,2026-09-19 17:49:09.203,312,Underpass Unila Arah Rajabasa,106,3068,Golongan I,Sedan/Jip/Pick-up,0.391,203,81,231,114,217.4,98.2,0.27,7.21,7.49,2.57,8.3,0.84,N/A,NORMAL,NORMAL
1789814949.203,2026-09-19 17:49:09.203,312,Underpass Unila Arah Rajabasa,106,3079,Golongan I,Sedan/Jip/Pick-up,0.305,261,77,289,105,275.6,91.4,3.1,0.56,9.2,3.5,0.0,1.01,N/A,NORMAL,NORMAL
1789814949.375,2026-09-19 17:49:09.374,312,Underpass Unila Arah Rajabasa,107,3063,Golongan I,Sedan/Jip/Pick-up,0.569,271,253,346,330,308.9,292.2,1.96,25.59,4.95,2.37,12.7,0.98,N/A,NORMAL,LAWAN_ARAH
1789814949.375,2026-09-19 17:49:09.374,312,Underpass Unila Arah Rajabasa,107,3064,Golongan I,Sedan/Jip/Pick-up,0.714,549,461,734,669,641.7,565.6,5.8,34.34,7.08,3.5,2.3,0.89,N/A,NORMAL,NORMAL
1789814949.375,2026-09-19 17:49:09.374,312,Underpass Unila Arah Rajabasa,107,3065,Golongan I,Sedan/Jip/Pick-up,0.701,400,259,506,375,453.4,317.8,5.22,26.22,9.47,3.5,3.6,0.92,N/A,NORMAL,NORMAL
1789814949.375,2026-09-19 17:49:09.374,312,Underpass Unila Arah Rajabasa,107,3066,Golongan I,Sedan/Jip/Pick-up,0.581,284,97,323,141,304.2,119.7,3.87,6.65,11.89,3.5,1.6,0.89,N/A,NORMAL,NORMAL
1789814949.375,2026-09-19 17:49:09.374,312,Underpass Unila Arah Rajabasa,107,3068,Golongan I,Sedan/Jip/Pick-up,0.331,204,80,230,111,217.4,95.9,0.27,6.59,7.19,2.44,8.3,0.85,N/A,NORMAL,NORMAL
1789814949.375,2026-09-19 17:49:09.374,312,Underpass Unila Arah Rajabasa,107,3079,Golongan I,Sedan/Jip/Pick-up,0.379,262,77,289,105,276.0,91.7,3.12,0.52,9.23,3.5,3.6,1.01,N/A,NORMAL,NORMAL
1789814949.375,2026-09-19 17:49:09.374,312,Underpass Unila Arah Rajabasa,107,2835,Golongan I,Sedan/Jip/Pick-up,0.734,321,162,379,228,350.6,195.6,4.24,17.3,9.84,3.5,0.0,0.88,N/A,NORMAL,KENDARAAN_BERHENTI
1789814949.558,2026-09-19 17:49:09.558,312,Underpass Unila Arah Rajabasa,108,3063,Golongan I,Sedan/Jip/Pick-up,0.713,266,242,341,318,304.1,280.7,1.92,25.02,5.18,2.47,12.6,0.98,N/A,NORMAL,LAWAN_ARAH
1789814949.558,2026-09-19 17:49:09.558,312,Underpass Unila Arah Rajabasa,108,3064,Golongan I,Sedan/Jip/Pick-up,0.732,553,466,740,676,646.8,571.4,5.82,34.46,7.04,3.5,2.4,0.89,N/A,NORMAL,NORMAL
1789814949.558,2026-09-19 17:49:09.558,312,Underpass Unila Arah Rajabasa,108,3065,Golongan I,Sedan/Jip/Pick-up,0.672,402,262,510,379,456.5,320.7,5.26,26.36,9.41,3.5,3.6,0.92,N/A,NORMAL,NORMAL
1789814949.558,2026-09-19 17:49:09.558,312,Underpass Unila Arah Rajabasa,108,3066,Golongan I,Sedan/Jip/Pick-up,0.503,285,98,324,142,305.2,120.4,3.9,6.82,11.8,3.5,2.1,0.88,N/A,NORMAL,NORMAL
1789814949.558,2026-09-19 17:49:09.558,312,Underpass Unila Arah Rajabasa,108,3068,Golongan I,Sedan/Jip/Pick-up,0.32,203,78,229,109,216.6,94.0,0.24,6.13,7.32,2.48,8.1,0.85,N/A,NORMAL,NORMAL
1789814949.558,2026-09-19 17:49:09.558,312,Underpass Unila Arah Rajabasa,108,3079,Golongan I,Sedan/Jip/Pick-up,0.292,263,78,291,106,277.3,92.4,3.18,0.59,9.18,3.5,2.9,1.02,N/A,NORMAL,NORMAL
1789814949.558,2026-09-19 17:49:09.558,312,Underpass Unila Arah Rajabasa,108,2835,Golongan I,Sedan/Jip/Pick-up,0.641,321,164,380,229,350.6,196.9,4.22,17.42,9.57,3.5,0.0,0.9,N/A,NORMAL,KENDARAAN_BERHENTI
1789814949.739,2026-09-19 17:49:09.738,312,Underpass Unila Arah Rajabasa,109,3063,Golongan I,Sedan/Jip/Pick-up,0.601,266,237,335,307,300.8,272.2,1.91,24.44,4.97,2.34,12.5,0.98,N/A,NORMAL,LAWAN_ARAH
1789814949.739,2026-09-19 17:49:09.738,312,Underpass Unila Arah Rajabasa,109,3064,Golongan I,Sedan/Jip/Pick-up,0.718,556,470,747,684,651.8,577.7,5.83,34.59,7.08,3.5,2.4,0.89,N/A,NORMAL,NORMAL
1789814949.739,2026-09-19 17:49:09.738,312,Underpass Unila Arah Rajabasa,109,3065,Golongan I,Sedan/Jip/Pick-up,0.61,404,263,514,383,459.6,323.8,5.28,26.56,9.6,3.5,3.7,0.92,N/A,NORMAL,NORMAL
1789814949.739,2026-09-19 17:49:09.738,312,Underpass Unila Arah Rajabasa,109,3066,Golongan I,Sedan/Jip/Pick-up,0.484,285,97,325,143,305.5,120.7,3.9,6.97,12.4,3.5,2.5,0.88,N/A,NORMAL,NORMAL
1789814949.739,2026-09-19 17:49:09.738,312,Underpass Unila Arah Rajabasa,109,3079,Golongan I,Sedan/Jip/Pick-up,0.438,262,78,293,108,278.0,93.6,3.16,1.26,9.76,3.5,2.6,1.02,N/A,NORMAL,NORMAL
1789814949.739,2026-09-19 17:49:09.738,312,Underpass Unila Arah Rajabasa,109,2835,Golongan I,Sedan/Jip/Pick-up,0.654,323,166,381,230,352.3,198.5,4.26,17.49,9.33,3.5,1.9,0.9,N/A,NORMAL,KENDARAAN_BERHENTI
1789814949.994,2026-09-19 17:49:09.993,312,Underpass Unila Arah Rajabasa,110,3064,Golongan I,Sedan/Jip/Pick-up,0.6,545,441,725,643,635.7,542.7,5.98,33.85,7.53,3.5,1.7,0.89,N/A,NORMAL,NORMAL
1789814949.994,2026-09-19 17:49:09.993,312,Underpass Unila Arah Rajabasa,110,3066,Golongan I,Sedan/Jip/Pick-up,0.462,283,102,321,144,302.4,123.7,3.72,7.41,10.7,3.5,3.1,0.89,N/A,NORMAL,NORMAL
1789814950.161,2026-09-19 17:49:10.160,312,Underpass Unila Arah Rajabasa,111,3064,Golongan I,Sedan/Jip/Pick-up,0.583,544,434,722,633,633.7,533.7,6.05,33.66,7.69,3.5,1.3,0.89,N/A,NORMAL,NORMAL
1789814950.161,2026-09-19 17:49:10.160,312,Underpass Unila Arah Rajabasa,111,3066,Golongan I,Sedan/Jip/Pick-up,0.509,283,104,320,145,301.8,124.5,3.68,7.5,10.22,3.5,3.6,0.9,N/A,NORMAL,NORMAL
1789814950.161,2026-09-19 17:49:10.160,312,Underpass Unila Arah Rajabasa,111,3085,Golongan I,Sedan/Jip/Pick-up,0.611,322,397,457,550,389.8,474.0,2.39,32.35,4.69,2.73,0.0,0.88,N/A,NORMAL,NORMAL
1789814950.161,2026-09-19 17:49:10.160,312,Underpass Unila Arah Rajabasa,111,3086,Golongan I,Sedan/Jip/Pick-up,0.554,318,143,375,203,347.0,173.2,4.57,14.42,10.93,3.5,0.0,0.96,N/A,NORMAL,NORMAL
1789814950.161,2026-09-19 17:49:10.160,312,Underpass Unila Arah Rajabasa,111,3087,Golongan I,Sedan/Jip/Pick-up,0.475,381,241,477,346,429.5,294.0,4.97,24.91,9.36,3.5,0.0,0.92,N/A,NORMAL,NORMAL
1789814950.161,2026-09-19 17:49:10.160,312,Underpass Unila Arah Rajabasa,111,3079,Golongan I,Sedan/Jip/Pick-up,0.326,260,75,292,106,276.4,91.1,3.11,0.81,10.36,3.5,0.0,1.02,N/A,NORMAL,NORMAL
1789814950.352,2026-09-19 17:49:10.351,312,Underpass Unila Arah Rajabasa,112,3064,Golongan I,Sedan/Jip/Pick-up,0.69,549,436,727,635,638.1,536.1,6.11,33.7,7.7,3.5,1.2,0.89,N/A,NORMAL,NORMAL
1789814950.352,2026-09-19 17:49:10.351,312,Underpass Unila Arah Rajabasa,112,3066,Golongan I,Sedan/Jip/Pick-up,0.579,282,105,320,146,301.4,126.2,3.63,7.83,10.07,3.5,4.0,0.91,N/A,NORMAL,NORMAL
1789814950.352,2026-09-19 17:49:10.351,312,Underpass Unila Arah Rajabasa,112,3085,Golongan I,Sedan/Jip/Pick-up,0.677,314,380,441,524,378.0,452.9,2.32,31.8,4.74,2.66,0.0,0.88,N/A,NORMAL,NORMAL
1789814950.352,2026-09-19 17:49:10.351,312,Underpass Unila Arah Rajabasa,112,3086,Golongan I,Sedan/Jip/Pick-up,0.641,319,144,377,205,348.3,174.8,4.58,14.64,11.02,3.5,0.0,0.96,N/A,NORMAL,NORMAL
1789814950.352,2026-09-19 17:49:10.351,312,Underpass Unila Arah Rajabasa,112,3087,Golongan I,Sedan/Jip/Pick-up,0.609,384,245,479,349,432.1,297.4,5.0,25.08,9.09,3.5,0.0,0.92,N/A,NORMAL,NORMAL
1789814950.352,2026-09-19 17:49:10.351,312,Underpass Unila Arah Rajabasa,112,3079,Golongan I,Sedan/Jip/Pick-up,0.299,260,75,292,105,276.6,90.5,3.14,0.56,10.08,3.5,0.0,1.03,N/A,NORMAL,NORMAL
1789814950.352,2026-09-19 17:49:10.351,312,Underpass Unila Arah Rajabasa,112,3075,Golongan I,Sedan/Jip/Pick-up,0.306,243,47,272,73,258.0,60.7,2.68,-7.49,12.16,3.5,0.0,1.1,N/A,NORMAL,NORMAL
1789814950.532,2026-09-19 17:49:10.531,312,Underpass Unila Arah Rajabasa,113,3064,Golongan I,Sedan/Jip/Pick-up,0.73,555,442,733,641,644.5,541.9,6.17,33.8,7.58,3.5,1.1,0.9,N/A,NORMAL,NORMAL
1789814950.532,2026-09-19 17:49:10.531,312,Underpass Unila Arah Rajabasa,113,3066,Golongan I,Sedan/Jip/Pick-up,0.65,284,107,320,146,302.7,126.9,3.7,7.69,9.49,3.5,4.2,0.93,N/A,NORMAL,NORMAL
1789814950.532,2026-09-19 17:49:10.531,312,Underpass Unila Arah Rajabasa,113,3085,Golongan I,Sedan/Jip/Pick-up,0.677,304,361,426,499,365.2,430.7,2.22,31.23,4.9,2.66,11.0,0.88,N/A,NORMAL,NORMAL
1789814950.532,2026-09-19 17:49:10.531,312,Underpass Unila Arah Rajabasa,113,3086,Golongan I,Sedan/Jip/Pick-up,0.583,321,146,379,206,350.5,176.7,4.65,14.71,10.75,3.5,2.9,0.96,N/A,NORMAL,NORMAL
1789814950.532,2026-09-19 17:49:10.531,312,Underpass Unila Arah Rajabasa,113,3087,Golongan I,Sedan/Jip/Pick-up,0.498,385,248,484,356,435.3,302.7,4.99,25.42,9.22,3.5,5.0,0.91,N/A,NORMAL,NORMAL
1789814950.532,2026-09-19 17:49:10.531,312,Underpass Unila Arah Rajabasa,113,3079,Golongan I,Sedan/Jip/Pick-up,0.301,261,75,293,106,277.7,91.0,3.19,0.61,10.42,3.5,2.1,1.03,N/A,NORMAL,NORMAL
1789814950.532,2026-09-19 17:49:10.531,312,Underpass Unila Arah Rajabasa,113,3075,Golongan I,Sedan/Jip/Pick-up,0.34,243,47,272,74,258.0,61.1,2.67,-7.26,12.53,3.5,0.0,1.08,N/A,NORMAL,NORMAL
1789814950.714,2026-09-19 17:49:10.714,312,Underpass Unila Arah Rajabasa,114,3064,Golongan I,Sedan/Jip/Pick-up,0.676,559,447,740,649,650.1,548.7,6.19,33.96,7.57,3.5,1.1,0.9,N/A,NORMAL,NORMAL
1789814950.714,2026-09-19 17:49:10.714,312,Underpass Unila Arah Rajabasa,114,3066,Golongan I,Sedan/Jip/Pick-up,0.66,284,108,321,147,302.9,128.1,3.68,7.97,9.41,3.5,4.2,0.94,N/A,NORMAL,NORMAL
1789814950.714,2026-09-19 17:49:10.714,312,Underpass Unila Arah Rajabasa,114,3085,Golongan I,Sedan/Jip/Pick-up,0.728,299,347,411,473,355.6,410.3,2.18,30.56,4.8,2.53,11.3,0.89,N/A,NORMAL,NORMAL
1789814950.714,2026-09-19 17:49:10.714,312,Underpass Unila Arah Rajabasa,114,3086,Golongan I,Sedan/Jip/Pick-up,0.588,322,147,381,209,352.1,178.5,4.66,15.0,10.98,3.5,3.3,0.96,N/A,NORMAL,NORMAL
1789814950.714,2026-09-19 17:49:10.714,312,Underpass Unila Arah Rajabasa,114,3087,Golongan I,Sedan/Jip/Pick-up,0.559,389,252,487,360,438.4,306.2,5.03,25.58,9.05,3.5,4.7,0.91,N/A,NORMAL,NORMAL
1789814950.714,2026-09-19 17:49:10.714,312,Underpass Unila Arah Rajabasa,114,3079,Golongan I,Sedan/Jip/Pick-up,0.289,262,75,293,106,278.0,91.2,3.21,0.61,10.44,3.5,1.8,1.04,N/A,NORMAL,NORMAL
1789814950.714,2026-09-19 17:49:10.714,312,Underpass Unila Arah Rajabasa,114,3075,Golongan I,Sedan/Jip/Pick-up,0.26,244,48,272,74,258.7,61.4,2.7,-7.24,12.0,3.5,2.5,1.06,N/A,NORMAL,NORMAL
1789814950.89,2026-09-19 17:49:10.890,312,Underpass Unila Arah Rajabasa,115,3064,Golongan I,Sedan/Jip/Pick-up,0.673,564,454,748,658,656.6,556.6,6.2,34.13,7.47,3.5,1.0,0.9,N/A,NORMAL,KENDARAAN_BERHENTI
1789814950.89,2026-09-19 17:49:10.890,312,Underpass Unila Arah Rajabasa,115,3066,Golongan I,Sedan/Jip/Pick-up,0.657,285,108,322,148,303.8,128.4,3.72,7.95,9.65,3.5,3.8,0.95,N/A,NORMAL,NORMAL
1789814950.89,2026-09-19 17:49:10.890,312,Underpass Unila Arah Rajabasa,115,3085,Golongan I,Sedan/Jip/Pick-up,0.705,293,331,398,450,346.1,391.0,2.11,29.94,4.88,2.48,11.5,0.89,N/A,NORMAL,NORMAL
1789814950.89,2026-09-19 17:49:10.890,312,Underpass Unila Arah Rajabasa,115,3086,Golongan I,Sedan/Jip/Pick-up,0.52,324,150,382,211,353.5,180.8,4.68,15.17,10.58,3.5,3.5,0.96,N/A,NORMAL,NORMAL
1789814950.89,2026-09-19 17:49:10.890,312,Underpass Unila Arah Rajabasa,115,3087,Golongan I,Sedan/Jip/Pick-up,0.534,391,256,490,364,441.4,310.3,5.05,25.77,8.86,3.5,4.5,0.91,N/A,NORMAL,NORMAL
1789814950.89,2026-09-19 17:49:10.890,312,Underpass Unila Arah Rajabasa,115,3079,Golongan I,Sedan/Jip/Pick-up,0.312,262,76,294,106,278.5,91.5,3.23,0.61,10.06,3.5,1.5,1.04,N/A,NORMAL,NORMAL
1789814951.086,2026-09-19 17:49:11.086,312,Underpass Unila Arah Rajabasa,116,3064,Golongan I,Sedan/Jip/Pick-up,0.723,569,461,756,669,662.8,565.2,6.2,34.32,7.43,3.5,0.9,0.9,N/A,NORMAL,KENDARAAN_BERHENTI
1789814951.086,2026-09-19 17:49:11.086,312,Underpass Unila Arah Rajabasa,116,3066,Golongan I,Sedan/Jip/Pick-up,0.561,284,109,323,150,304.2,129.7,3.69,8.35,9.73,3.5,3.7,0.95,N/A,NORMAL,NORMAL
1789814951.086,2026-09-19 17:49:11.086,312,Underpass Unila Arah Rajabasa,116,3085,Golongan I,Sedan/Jip/Pick-up,0.707,285,316,387,431,336.6,374.1,2.03,29.4,5.04,2.5,11.5,0.89,N/A,NORMAL,LAWAN_ARAH
1789814951.086,2026-09-19 17:49:11.086,312,Underpass Unila Arah Rajabasa,116,3086,Golongan I,Sedan/Jip/Pick-up,0.469,326,153,384,213,355.5,183.4,4.73,15.34,10.22,3.5,3.5,0.96,N/A,NORMAL,NORMAL
1789814951.086,2026-09-19 17:49:11.086,312,Underpass Unila Arah Rajabasa,116,3087,Golongan I,Sedan/Jip/Pick-up,0.527,393,259,494,369,444.4,314.4,5.06,26.02,8.86,3.5,4.4,0.91,N/A,NORMAL,NORMAL
1789814951.086,2026-09-19 17:49:11.086,312,Underpass Unila Arah Rajabasa,116,3079,Golongan I,Sedan/Jip/Pick-up,0.299,263,76,294,107,278.9,92.0,3.25,0.67,10.36,3.5,1.2,1.05,N/A,NORMAL,NORMAL
1789814951.086,2026-09-19 17:49:11.086,312,Underpass Unila Arah Rajabasa,116,2835,Golongan I,Sedan/Jip/Pick-up,0.378,338,171,380,214,359.4,192.8,4.87,15.35,6.67,2.94,0.0,0.98,N/A,NORMAL,KENDARAAN_BERHENTI
1789814951.264,2026-09-19 17:49:11.263,312,Underpass Unila Arah Rajabasa,117,3064,Golongan I,Sedan/Jip/Pick-up,0.724,575,467,764,677,669.8,572.5,6.24,34.46,7.38,3.5,0.9,0.9,N/A,NORMAL,KENDARAAN_BERHENTI
1789814951.264,2026-09-19 17:49:11.263,312,Underpass Unila Arah Rajabasa,117,3066,Golongan I,Sedan/Jip/Pick-up,0.507,285,109,324,150,305.1,130.1,3.73,8.37,9.77,3.5,3.6,0.95,N/A,NORMAL,NORMAL
1789814951.264,2026-09-19 17:49:11.263,312,Underpass Unila Arah Rajabasa,117,3085,Golongan I,Sedan/Jip/Pick-up,0.684,280,303,377,411,328.9,357.3,1.97,28.78,5.07,2.47,11.6,0.89,N/A,NORMAL,LAWAN_ARAH
1789814951.264,2026-09-19 17:49:11.263,312,Underpass Unila Arah Rajabasa,117,3086,Golongan I,Sedan/Jip/Pick-up,0.527,328,155,385,214,356.7,185.1,4.74,15.5,9.95,3.5,3.5,0.96,N/A,NORMAL,NORMAL
1789814951.264,2026-09-19 17:49:11.263,312,Underpass Unila Arah Rajabasa,117,3087,Golongan I,Sedan/Jip/Pick-up,0.582,396,261,499,374,448.0,318.2,5.09,26.22,9.01,3.5,4.4,0.91,N/A,NORMAL,NORMAL
1789814951.264,2026-09-19 17:49:11.263,312,Underpass Unila Arah Rajabasa,117,3079,Golongan I,Sedan/Jip/Pick-up,0.358,263,77,295,108,279.6,92.9,3.26,0.92,10.25,3.5,1.0,1.05,N/A,NORMAL,NORMAL
1789814951.458,2026-09-19 17:49:11.458,312,Underpass Unila Arah Rajabasa,118,3064,Golongan I,Sedan/Jip/Pick-up,0.766,581,475,772,686,677.0,581.0,6.27,34.62,7.25,3.5,0.9,0.9,N/A,NORMAL,KENDARAAN_BERHENTI
1789814951.458,2026-09-19 17:49:11.458,312,Underpass Unila Arah Rajabasa,118,3066,Golongan I,Sedan/Jip/Pick-up,0.687,285,110,325,151,305.4,131.4,3.72,8.59,9.69,3.5,3.5,0.96,N/A,NORMAL,NORMAL
1789814951.458,2026-09-19 17:49:11.458,312,Underpass Unila Arah Rajabasa,118,3085,Golongan I,Sedan/Jip/Pick-up,0.78,276,291,366,393,321.5,342.3,1.91,28.17,5.09,2.38,11.6,0.89,N/A,NORMAL,LAWAN_ARAH
1789814951.458,2026-09-19 17:49:11.458,312,Underpass Unila Arah Rajabasa,118,3086,Golongan I,Sedan/Jip/Pick-up,0.479,329,157,386,216,358.1,186.7,4.77,15.64,9.79,3.5,3.5,0.97,N/A,NORMAL,NORMAL
1789814951.458,2026-09-19 17:49:11.458,312,Underpass Unila Arah Rajabasa,118,3087,Golongan I,Sedan/Jip/Pick-up,0.551,399,264,503,379,451.6,321.9,5.12,26.42,9.02,3.5,4.3,0.91,N/A,NORMAL,NORMAL
1789814951.458,2026-09-19 17:49:11.458,312,Underpass Unila Arah Rajabasa,118,3079,Golongan I,Sedan/Jip/Pick-up,0.434,262,77,297,110,280.0,93.7,3.25,1.35,10.82,3.5,1.2,1.05,N/A,NORMAL,NORMAL
1789814951.662,2026-09-19 17:49:11.662,312,Underpass Unila Arah Rajabasa,119,3064,Golongan I,Sedan/Jip/Pick-up,0.751,585,480,780,695,682.9,587.9,6.28,34.76,7.27,3.5,1.4,0.9,N/A,NORMAL,KENDARAAN_BERHENTI
1789814951.662,2026-09-19 17:49:11.662,312,Underpass Unila Arah Rajabasa,119,3066,Golongan I,Sedan/Jip/Pick-up,0.624,286,111,326,153,306.6,132.5,3.75,8.79,9.81,3.5,3.3,0.96,N/A,NORMAL,NORMAL
1789814951.662,2026-09-19 17:49:11.662,312,Underpass Unila Arah Rajabasa,119,3085,Golongan I,Sedan/Jip/Pick-up,0.752,272,279,357,375,314.9,327.3,1.86,27.53,5.12,2.35,11.6,0.89,N/A,NORMAL,LAWAN_ARAH
1789814951.662,2026-09-19 17:49:11.662,312,Underpass Unila Arah Rajabasa,119,3086,Golongan I,Sedan/Jip/Pick-up,0.463,329,156,388,218,358.9,187.6,4.76,15.85,10.31,3.5,3.5,0.97,N/A,NORMAL,NORMAL
1789814951.662,2026-09-19 17:49:11.662,312,Underpass Unila Arah Rajabasa,119,3087,Golongan I,Sedan/Jip/Pick-up,0.615,402,267,508,383,455.4,325.8,5.16,26.61,9.0,3.5,4.2,0.91,N/A,NORMAL,NORMAL
1789814951.662,2026-09-19 17:49:11.662,312,Underpass Unila Arah Rajabasa,119,3079,Golongan I,Sedan/Jip/Pick-up,0.431,263,78,297,110,280.7,94.4,3.28,1.39,10.44,3.5,1.3,1.06,N/A,NORMAL,NORMAL
1789814951.836,2026-09-19 17:49:11.836,312,Underpass Unila Arah Rajabasa,120,3064,Golongan I,Sedan/Jip/Pick-up,0.77,590,486,786,703,688.2,594.8,6.29,34.89,7.2,3.5,1.9,0.91,N/A,NORMAL,KENDARAAN_BERHENTI
1789814951.836,2026-09-19 17:49:11.836,312,Underpass Unila Arah Rajabasa,120,3066,Golongan I,Sedan/Jip/Pick-up,0.605,287,112,327,154,307.4,133.8,3.76,8.99,9.74,3.5,3.3,0.96,N/A,NORMAL,NORMAL
1789814951.836,2026-09-19 17:49:11.836,312,Underpass Unila Arah Rajabasa,120,3085,Golongan I,Sedan/Jip/Pick-up,0.753,268,269,349,359,309.1,314.8,1.82,26.93,5.09,2.32,11.7,0.9,N/A,NORMAL,LAWAN_ARAH
1789814951.836,2026-09-19 17:49:11.836,312,Underpass Unila Arah Rajabasa,120,3086,Golongan I,Sedan/Jip/Pick-up,0.489,329,159,390,222,359.9,190.9,4.72,16.31,10.18,3.5,3.7,0.96,N/A,NORMAL,NORMAL
1789814951.836,2026-09-19 17:49:11.836,312,Underpass Unila Arah Rajabasa,120,3087,Golongan I,Sedan/Jip/Pick-up,0.597,405,271,512,389,459.0,330.4,5.17,26.85,8.94,3.5,4.2,0.91,N/A,NORMAL,NORMAL
1789814951.836,2026-09-19 17:49:11.836,312,Underpass Unila Arah Rajabasa,120,3079,Golongan I,Sedan/Jip/Pick-up,0.375,263,79,298,111,281.1,95.6,3.27,1.71,10.33,3.5,1.6,1.05,N/A,NORMAL,NORMAL
1789814952.004,2026-09-19 17:49:12.003,312,Underpass Unila Arah Rajabasa,121,3064,Golongan I,Sedan/Jip/Pick-up,0.781,596,492,795,711,695.6,602.0,6.33,35.03,7.17,3.5,2.3,0.91,N/A,NORMAL,KENDARAAN_BERHENTI
1789814952.004,2026-09-19 17:49:12.003,312,Underpass Unila Arah Rajabasa,121,3066,Golongan I,Sedan/Jip/Pick-up,0.606,287,113,328,156,308.0,134.9,3.76,9.16,9.83,3.5,3.1,0.96,N/A,NORMAL,NORMAL
1789814952.004,2026-09-19 17:49:12.003,312,Underpass Unila Arah Rajabasa,121,3085,Golongan I,Sedan/Jip/Pick-up,0.801,265,261,342,346,303.6,303.8,1.76,26.39,5.04,2.28,11.7,0.9,N/A,NORMAL,LAWAN_ARAH
1789814952.004,2026-09-19 17:49:12.003,312,Underpass Unila Arah Rajabasa,121,3086,Golongan I,Sedan/Jip/Pick-up,0.602,330,161,392,225,361.7,193.1,4.74,16.54,10.16,3.5,3.9,0.96,N/A,NORMAL,NORMAL
1789814952.004,2026-09-19 17:49:12.003,312,Underpass Unila Arah Rajabasa,121,3087,Golongan I,Sedan/Jip/Pick-up,0.579,408,274,516,393,462.5,334.3,5.21,27.02,8.9,3.5,4.2,0.91,N/A,NORMAL,NORMAL
1789814952.004,2026-09-19 17:49:12.003,312,Underpass Unila Arah Rajabasa,121,3079,Golongan I,Sedan/Jip/Pick-up,0.468,264,80,299,112,281.9,96.6,3.3,1.93,10.25,3.5,2.1,1.05,N/A,NORMAL,NORMAL
1789814952.213,2026-09-19 17:49:12.212,312,Underpass Unila Arah Rajabasa,122,3064,Golongan I,Sedan/Jip/Pick-up,0.734,602,498,801,717,701.6,608.2,6.38,35.12,7.07,3.5,2.5,0.91,N/A,NORMAL,KENDARAAN_BERHENTI
1789814952.213,2026-09-19 17:49:12.212,312,Underpass Unila Arah Rajabasa,122,3066,Golongan I,Sedan/Jip/Pick-up,0.528,288,114,329,156,308.9,135.7,3.79,9.27,9.59,3.5,3.2,0.96,N/A,NORMAL,NORMAL
1789814952.213,2026-09-19 17:49:12.212,312,Underpass Unila Arah Rajabasa,122,3085,Golongan I,Sedan/Jip/Pick-up,0.665,260,250,334,332,297.5,291.4,1.7,25.79,5.15,2.28,11.7,0.91,N/A,NORMAL,LAWAN_ARAH
1789814952.213,2026-09-19 17:49:12.212,312,Underpass Unila Arah Rajabasa,122,3086,Golongan I,Sedan/Jip/Pick-up,0.49,331,162,394,228,362.9,195.3,4.73,16.85,10.36,3.5,4.2,0.96,N/A,NORMAL,NORMAL
1789814952.213,2026-09-19 17:49:12.212,312,Underpass Unila Arah Rajabasa,122,3087,Golongan I,Sedan/Jip/Pick-up,0.599,411,279,520,399,466.3,339.2,5.24,27.23,8.74,3.5,4.1,0.91,N/A,NORMAL,NORMAL
1789814952.213,2026-09-19 17:49:12.212,312,Underpass Unila Arah Rajabasa,122,3079,Golongan I,Sedan/Jip/Pick-up,0.422,265,81,299,113,282.7,97.6,3.33,2.0,10.14,3.5,2.5,1.06,N/A,NORMAL,KENDARAAN_BERHENTI
1789814952.384,2026-09-19 17:49:12.383,312,Underpass Unila Arah Rajabasa,123,3064,Golongan I,Sedan/Jip/Pick-up,0.717,609,505,806,720,708.2,612.8,6.47,35.16,6.86,3.5,2.6,0.92,N/A,NORMAL,KENDARAAN_BERHENTI
1789814952.384,2026-09-19 17:49:12.383,312,Underpass Unila Arah Rajabasa,123,3066,Golongan I,Sedan/Jip/Pick-up,0.71,288,114,331,158,309.8,136.6,3.8,9.51,10.0,3.5,3.3,0.96,N/A,NORMAL,NORMAL
1789814952.384,2026-09-19 17:49:12.383,312,Underpass Unila Arah Rajabasa,123,3085,Golongan I,Sedan/Jip/Pick-up,0.67,256,241,329,320,293.0,281.2,1.65,25.27,5.23,2.33,11.6,0.91,N/A,NORMAL,LAWAN_ARAH
1789814952.384,2026-09-19 17:49:12.383,312,Underpass Unila Arah Rajabasa,123,3086,Golongan I,Sedan/Jip/Pick-up,0.476,333,163,396,229,365.1,196.6,4.78,16.96,10.34,3.5,4.2,0.96,N/A,NORMAL,NORMAL
1789814952.384,2026-09-19 17:49:12.383,312,Underpass Unila Arah Rajabasa,123,3087,Golongan I,Sedan/Jip/Pick-up,0.646,415,283,524,404,469.8,344.1,5.26,27.43,8.65,3.5,4.1,0.91,N/A,NORMAL,NORMAL
1789814952.384,2026-09-19 17:49:12.383,312,Underpass Unila Arah Rajabasa,123,3079,Golongan I,Sedan/Jip/Pick-up,0.455,265,81,300,114,283.1,98.3,3.33,2.24,10.42,3.5,2.9,1.05,N/A,NORMAL,KENDARAAN_BERHENTI
1789814952.564,2026-09-19 17:49:12.564,312,Underpass Unila Arah Rajabasa,124,3064,Golongan I,Sedan/Jip/Pick-up,0.748,616,510,810,720,713.4,615.5,6.57,35.16,6.68,3.5,2.5,0.93,N/A,NORMAL,KENDARAAN_BERHENTI
1789814952.564,2026-09-19 17:49:12.564,312,Underpass Unila Arah Rajabasa,124,3066,Golongan I,Sedan/Jip/Pick-up,0.574,288,115,331,160,309.9,138.1,3.77,9.8,10.06,3.5,3.6,0.97,N/A,NORMAL,NORMAL
1789814952.564,2026-09-19 17:49:12.564,312,Underpass Unila Arah Rajabasa,124,3085,Golongan I,Sedan/Jip/Pick-up,0.552,254,232,323,308,288.8,270.1,1.61,24.65,5.32,2.29,11.5,0.91,N/A,NORMAL,LAWAN_ARAH
1789814952.564,2026-09-19 17:49:12.564,312,Underpass Unila Arah Rajabasa,124,3086,Golongan I,Sedan/Jip/Pick-up,0.388,333,163,398,231,365.8,197.6,4.78,17.11,10.62,3.5,4.2,0.96,N/A,NORMAL,NORMAL
1789814952.564,2026-09-19 17:49:12.564,312,Underpass Unila Arah Rajabasa,124,3087,Golongan I,Sedan/Jip/Pick-up,0.757,417,287,529,410,473.6,348.9,5.27,27.66,8.61,3.5,4.1,0.91,N/A,NORMAL,NORMAL
1789814952.564,2026-09-19 17:49:12.564,312,Underpass Unila Arah Rajabasa,124,3088,Golongan I,Sedan/Jip/Pick-up,0.367,82,24,124,67,103.2,45.9,-4.06,5.65,10.61,3.5,0.0,0.96,N/A,NORMAL,NORMAL
1789814952.564,2026-09-19 17:49:12.564,312,Underpass Unila Arah Rajabasa,124,3079,Golongan I,Sedan/Jip/Pick-up,0.348,266,82,301,115,283.6,98.7,3.34,2.35,10.34,3.5,3.2,1.05,N/A,NORMAL,KENDARAAN_BERHENTI
1789814952.748,2026-09-19 17:49:12.748,312,Underpass Unila Arah Rajabasa,125,3064,Golongan I,Sedan/Jip/Pick-up,0.781,622,516,814,720,718.5,618.2,6.66,35.16,6.45,3.5,2.3,0.94,N/A,NORMAL,KENDARAAN_BERHENTI
1789814952.748,2026-09-19 17:49:12.748,312,Underpass Unila Arah Rajabasa,125,3066,Golongan I,Sedan/Jip/Pick-up,0.57,289,116,332,161,310.8,139.0,3.8,9.87,9.99,3.5,3.5,0.98,N/A,NORMAL,NORMAL
1789814952.748,2026-09-19 17:49:12.748,312,Underpass Unila Arah Rajabasa,125,3085,Golongan I,Sedan/Jip/Pick-up,0.431,254,224,320,297,287.4,261.2,1.63,24.08,5.4,2.29,11.5,0.9,N/A,NORMAL,LAWAN_ARAH
1789814952.748,2026-09-19 17:49:12.748,312,Underpass Unila Arah Rajabasa,125,3086,Golongan III,Truk 3 Gandar,0.289,334,164,400,233,367.5,198.9,4.81,17.27,10.69,3.5,4.2,0.96,N/A,NORMAL,NORMAL
1789814952.748,2026-09-19 17:49:12.748,312,Underpass Unila Arah Rajabasa,125,3087,Golongan I,Sedan/Jip/Pick-up,0.694,420,290,535,416,478.0,353.5,5.3,27.9,8.69,3.5,4.1,0.9,N/A,NORMAL,NORMAL
1789814952.748,2026-09-19 17:49:12.748,312,Underpass Unila Arah Rajabasa,125,3088,Golongan I,Sedan/Jip/Pick-up,0.539,83,22,125,66,104.1,44.3,-4.06,5.29,11.11,3.5,0.0,0.96,N/A,NORMAL,NORMAL
1789814952.748,2026-09-19 17:49:12.748,312,Underpass Unila Arah Rajabasa,125,3079,Golongan I,Sedan/Jip/Pick-up,0.307,265,81,301,116,283.6,99.1,3.32,2.68,10.96,3.5,3.7,1.04,N/A,NORMAL,KENDARAAN_BERHENTI
1789814952.963,2026-09-19 17:49:12.962,312,Underpass Unila Arah Rajabasa,126,3064,Golongan I,Sedan/Jip/Pick-up,0.785,629,521,819,720,724.6,620.8,6.77,35.16,6.28,3.5,2.1,0.95,N/A,NORMAL,KENDARAAN_BERHENTI
1789814952.963,2026-09-19 17:49:12.962,312,Underpass Unila Arah Rajabasa,126,3066,Golongan I,Sedan/Jip/Pick-up,0.416,290,118,333,162,311.9,140.5,3.82,10.09,9.64,3.5,3.5,0.98,N/A,NORMAL,NORMAL
1789814952.963,2026-09-19 17:49:12.962,312,Underpass Unila Arah Rajabasa,126,3085,Golongan I,Sedan/Jip/Pick-up,0.255,250,214,315,286,283.2,250.7,1.58,23.5,5.65,2.36,11.4,0.89,N/A,NORMAL,LAWAN_ARAH
1789814952.963,2026-09-19 17:49:12.962,312,Underpass Unila Arah Rajabasa,126,3086,Golongan I,Sedan/Jip/Pick-up,0.504,335,167,400,235,368.2,201.2,4.79,17.48,10.3,3.5,4.2,0.95,N/A,NORMAL,NORMAL
1789814952.963,2026-09-19 17:49:12.962,312,Underpass Unila Arah Rajabasa,126,3087,Golongan I,Sedan/Jip/Pick-up,0.588,424,293,540,422,482.7,357.9,5.35,28.09,8.77,3.5,4.1,0.9,N/A,NORMAL,NORMAL
1789814952.963,2026-09-19 17:49:12.962,312,Underpass Unila Arah Rajabasa,126,3088,Golongan I,Sedan/Jip/Pick-up,0.482,85,23,125,64,105.2,43.6,-4.07,4.82,10.43,3.5,7.5,0.98,N/A,NORMAL,NORMAL
1789814952.963,2026-09-19 17:49:12.962,312,Underpass Unila Arah Rajabasa,126,3079,Golongan I,Sedan/Jip/Pick-up,0.349,265,81,302,117,284.0,99.8,3.31,2.9,11.24,3.5,3.9,1.03,N/A,NORMAL,KENDARAAN_BERHENTI
1789814953.214,2026-09-19 17:49:13.213,312,Underpass Unila Arah Rajabasa,127,3064,Golongan I,Sedan/Jip/Pick-up,0.808,635,526,823,720,729.4,623.0,6.86,35.16,6.1,3.5,1.9,0.97,N/A,NORMAL,KENDARAAN_BERHENTI
1789814953.214,2026-09-19 17:49:13.213,312,Underpass Unila Arah Rajabasa,127,3066,Golongan I,Sedan/Jip/Pick-up,0.473,290,119,334,164,312.5,141.8,3.81,10.29,9.73,3.5,3.5,0.99,N/A,NORMAL,NORMAL
1789814953.214,2026-09-19 17:49:13.213,312,Underpass Unila Arah Rajabasa,127,3085,Golongan I,Sedan/Jip/Pick-up,0.481,248,208,312,280,280.2,244.5,1.54,23.17,5.84,2.39,11.0,0.88,N/A,NORMAL,LAWAN_ARAH
1789814953.214,2026-09-19 17:49:13.213,312,Underpass Unila Arah Rajabasa,127,3086,Golongan I,Sedan/Jip/Pick-up,0.468,336,168,403,240,369.8,204.4,4.77,17.91,10.72,3.5,4.4,0.95,N/A,NORMAL,NORMAL
1789814953.214,2026-09-19 17:49:13.213,312,Underpass Unila Arah Rajabasa,127,3087,Golongan I,Sedan/Jip/Pick-up,0.606,428,297,545,427,486.8,362.6,5.37,28.29,8.69,3.5,4.0,0.9,N/A,NORMAL,NORMAL
1789814953.214,2026-09-19 17:49:13.213,312,Underpass Unila Arah Rajabasa,127,3088,Golongan I,Sedan/Jip/Pick-up,0.538,87,22,125,60,106.3,41.7,-4.11,4.06,9.97,3.5,8.0,0.99,N/A,NORMAL,NORMAL
1789814953.214,2026-09-19 17:49:13.213,312,Underpass Unila Arah Rajabasa,127,3079,Golongan I,Sedan/Jip/Pick-up,0.299,266,83,302,118,284.6,100.9,3.33,3.1,10.73,3.5,3.8,1.02,N/A,NORMAL,KENDARAAN_BERHENTI
1789814953.382,2026-09-19 17:49:13.381,312,Underpass Unila Arah Rajabasa,128,3064,Golongan I,Sedan/Jip/Pick-up,0.745,642,532,826,720,734.4,626.4,6.96,35.16,5.88,3.5,1.8,0.98,N/A,NORMAL,KENDARAAN_BERHENTI
1789814953.382,2026-09-19 17:49:13.381,312,Underpass Unila Arah Rajabasa,128,3066,Golongan I,Sedan/Jip/Pick-up,0.362,291,120,335,165,313.5,142.6,3.84,10.4,9.66,3.5,3.5,0.99,N/A,NORMAL,NORMAL
1789814953.382,2026-09-19 17:49:13.381,312,Underpass Unila Arah Rajabasa,128,3086,Golongan I,Sedan/Jip/Pick-up,0.421,337,169,406,242,371.8,205.7,4.8,18.08,10.82,3.5,4.5,0.94,N/A,NORMAL,NORMAL
1789814953.382,2026-09-19 17:49:13.381,312,Underpass Unila Arah Rajabasa,128,3087,Golongan I,Sedan/Jip/Pick-up,0.651,430,301,549,433,490.3,367.8,5.38,28.51,8.63,3.5,4.0,0.9,N/A,NORMAL,NORMAL
1789814953.382,2026-09-19 17:49:13.381,312,Underpass Unila Arah Rajabasa,128,3088,Golongan I,Sedan/Jip/Pick-up,0.409,88,22,126,59,107.5,40.7,-4.1,3.63,9.8,3.5,8.4,1.01,N/A,NORMAL,NORMAL
1789814953.382,2026-09-19 17:49:13.381,312,Underpass Unila Arah Rajabasa,128,3079,Golongan I,Sedan/Jip/Pick-up,0.342,267,84,303,119,285.3,101.7,3.35,3.22,10.65,3.5,3.8,1.03,N/A,NORMAL,KENDARAAN_BERHENTI
1789814953.559,2026-09-19 17:49:13.558,312,Underpass Unila Arah Rajabasa,129,3064,Golongan I,Sedan/Jip/Pick-up,0.785,647,537,830,720,738.9,628.9,7.05,35.16,5.7,3.5,1.8,1.0,N/A,NORMAL,KENDARAAN_BERHENTI
1789814953.559,2026-09-19 17:49:13.558,312,Underpass Unila Arah Rajabasa,129,3066,Golongan I,Sedan/Jip/Pick-up,0.292,293,123,337,167,315.3,145.1,3.89,10.64,9.27,3.5,3.5,1.0,N/A,NORMAL,NORMAL
1789814953.559,2026-09-19 17:49:13.558,312,Underpass Unila Arah Rajabasa,129,3086,Golongan I,Sedan/Jip/Pick-up,0.292,339,170,409,245,374.2,208.2,4.83,18.34,11.03,3.5,4.4,0.93,N/A,NORMAL,NORMAL
1789814953.559,2026-09-19 17:49:13.558,312,Underpass Unila Arah Rajabasa,129,3087,Golongan I,Sedan/Jip/Pick-up,0.524,435,305,555,439,495.3,372.2,5.43,28.69,8.63,3.5,3.9,0.9,N/A,NORMAL,NORMAL
1789814953.559,2026-09-19 17:49:13.558,312,Underpass Unila Arah Rajabasa,129,3088,Golongan I,Sedan/Jip/Pick-up,0.337,89,19,127,56,108.5,38.3,-4.13,3.02,10.21,3.5,8.8,1.01,N/A,NORMAL,NORMAL
1789814953.559,2026-09-19 17:49:13.558,312,Underpass Unila Arah Rajabasa,129,3079,Golongan I,Sedan/Jip/Pick-up,0.432,268,84,304,119,286.3,102.1,3.4,3.16,10.7,3.5,3.5,1.03,N/A,NORMAL,KENDARAAN_BERHENTI
1789814953.724,2026-09-19 17:49:13.724,312,Underpass Unila Arah Rajabasa,130,3064,Golongan I,Sedan/Jip/Pick-up,0.773,653,541,835,720,744.4,630.7,7.15,35.16,5.58,3.5,1.8,1.02,N/A,NORMAL,KENDARAAN_BERHENTI
1789814953.724,2026-09-19 17:49:13.724,312,Underpass Unila Arah Rajabasa,130,3066,Golongan I,Sedan/Jip/Pick-up,0.382,294,122,339,168,316.6,145.7,3.92,10.76,9.77,3.5,3.4,0.99,N/A,NORMAL,NORMAL
1789814953.724,2026-09-19 17:49:13.724,312,Underpass Unila Arah Rajabasa,130,3086,Golongan I,Sedan/Jip/Pick-up,0.509,342,172,412,247,377.2,209.6,4.91,18.4,10.95,3.5,4.2,0.93,N/A,NORMAL,NORMAL
1789814953.724,2026-09-19 17:49:13.724,312,Underpass Unila Arah Rajabasa,130,3087,Golongan I,Sedan/Jip/Pick-up,0.484,437,309,560,446,499.0,377.9,5.43,28.93,8.62,3.5,4.0,0.9,N/A,NORMAL,NORMAL
1789814953.724,2026-09-19 17:49:13.724,312,Underpass Unila Arah Rajabasa,130,3088,Golongan I,Sedan/Jip/Pick-up,0.378,91,21,127,56,109.7,39.1,-4.09,2.9,9.57,3.5,8.7,1.04,N/A,NORMAL,NORMAL
1789814953.724,2026-09-19 17:49:13.724,312,Underpass Unila Arah Rajabasa,130,3079,Golongan I,Sedan/Jip/Pick-up,0.374,268,85,304,120,286.9,103.0,3.41,3.34,10.56,3.5,3.3,1.03,N/A,NORMAL,KENDARAAN_BERHENTI
1789814953.905,2026-09-19 17:49:13.905,312,Underpass Unila Arah Rajabasa,131,3064,Golongan I,Sedan/Jip/Pick-up,0.572,657,544,838,720,748.1,632.4,7.22,35.16,5.49,3.5,1.8,1.03,N/A,NORMAL,KENDARAAN_BERHENTI
1789814953.905,2026-09-19 17:49:13.905,312,Underpass Unila Arah Rajabasa,131,3066,Golongan I,Sedan/Jip/Pick-up,0.421,295,123,340,169,318.3,146.7,3.98,10.84,9.71,3.5,3.4,0.99,N/A,NORMAL,KENDARAAN_BERHENTI
1789814953.905,2026-09-19 17:49:13.905,312,Underpass Unila Arah Rajabasa,131,3086,Golongan I,Sedan/Jip/Pick-up,0.596,345,175,413,248,379.4,211.9,4.97,18.49,10.52,3.5,3.9,0.94,N/A,NORMAL,NORMAL
1789814953.905,2026-09-19 17:49:13.905,312,Underpass Unila Arah Rajabasa,131,3087,Golongan I,Sedan/Jip/Pick-up,0.666,440,314,563,452,502.3,383.1,5.43,29.13,8.46,3.5,4.0,0.89,N/A,NORMAL,NORMAL
1789814953.905,2026-09-19 17:49:13.905,312,Underpass Unila Arah Rajabasa,131,3079,Golongan I,Sedan/Jip/Pick-up,0.465,269,85,305,121,287.5,103.5,3.43,3.42,10.86,3.5,3.2,1.04,N/A,NORMAL,KENDARAAN_BERHENTI
1789814954.093,2026-09-19 17:49:14.093,312,Underpass Unila Arah Rajabasa,132,3064,Golongan I,Sedan/Jip/Pick-up,0.514,662,551,840,720,751.4,635.7,7.29,35.16,5.21,3.5,1.8,1.05,N/A,NORMAL,KENDARAAN_BERHENTI
1789814954.093,2026-09-19 17:49:14.093,312,Underpass Unila Arah Rajabasa,132,3066,Golongan I,Sedan/Jip/Pick-up,0.552,296,124,342,170,319.6,147.6,4.01,11.01,9.67,3.5,3.3,0.98,N/A,NORMAL,KENDARAAN_BERHENTI
1789814954.093,2026-09-19 17:49:14.093,312,Underpass Unila Arah Rajabasa,132,3086,Golongan I,Sedan/Jip/Pick-up,0.638,346,177,415,250,380.7,213.9,4.98,18.64,10.38,3.5,3.8,0.94,N/A,NORMAL,NORMAL
1789814954.093,2026-09-19 17:49:14.093,312,Underpass Unila Arah Rajabasa,132,3087,Golongan I,Sedan/Jip/Pick-up,0.502,444,318,568,457,506.5,388.0,5.46,29.3,8.39,3.5,4.0,0.9,N/A,NORMAL,NORMAL
1789814954.093,2026-09-19 17:49:14.093,312,Underpass Unila Arah Rajabasa,132,3079,Golongan I,Sedan/Jip/Pick-up,0.418,269,86,306,121,287.9,103.8,3.45,3.47,10.52,3.5,2.9,1.04,N/A,NORMAL,KENDARAAN_BERHENTI
1789814954.093,2026-09-19 17:49:14.093,312,Underpass Unila Arah Rajabasa,132,3065,Golongan III,Truk 3 Gandar,0.42,443,318,569,457,506.8,388.2,5.47,29.3,8.4,3.5,0.0,0.91,N/A,NORMAL,KENDARAAN_BERHENTI
1789814954.093,2026-09-19 17:49:14.093,312,Underpass Unila Arah Rajabasa,132,3088,Golongan I,Sedan/Jip/Pick-up,0.28,94,20,129,52,111.8,36.4,-4.11,1.89,9.1,3.5,0.0,1.07,N/A,NORMAL,NORMAL
1789814954.29,2026-09-19 17:49:14.289,312,Underpass Unila Arah Rajabasa,133,3064,Golongan I,Sedan/Jip/Pick-up,0.615,666,556,841,720,753.9,638.5,7.34,35.16,5.01,3.5,1.7,1.07,N/A,NORMAL,KENDARAAN_BERHENTI
1789814954.29,2026-09-19 17:49:14.289,312,Underpass Unila Arah Rajabasa,133,3066,Golongan I,Sedan/Jip/Pick-up,0.503,298,126,343,172,321.0,149.5,4.04,11.2,9.52,3.5,3.2,0.98,N/A,NORMAL,KENDARAAN_BERHENTI
1789814954.29,2026-09-19 17:49:14.289,312,Underpass Unila Arah Rajabasa,133,3086,Golongan I,Sedan/Jip/Pick-up,0.689,346,179,416,252,381.4,215.9,4.97,18.84,10.22,3.5,3.7,0.94,N/A,NORMAL,NORMAL
1789814954.29,2026-09-19 17:49:14.289,312,Underpass Unila Arah Rajabasa,133,3087,Golongan I,Sedan/Jip/Pick-up,0.532,448,322,575,464,511.7,393.3,5.5,29.52,8.43,3.5,4.0,0.89,N/A,NORMAL,NORMAL
1789814954.29,2026-09-19 17:49:14.289,312,Underpass Unila Arah Rajabasa,133,3079,Golongan I,Sedan/Jip/Pick-up,0.475,269,86,305,121,287.6,103.9,3.43,3.51,10.48,3.5,2.7,1.04,N/A,NORMAL,KENDARAAN_BERHENTI
1789814954.29,2026-09-19 17:49:14.289,312,Underpass Unila Arah Rajabasa,133,3065,Golongan III,Truk 3 Gandar,0.424,446,321,575,462,510.9,392.1,5.5,29.47,8.43,3.5,0.0,0.91,N/A,NORMAL,KENDARAAN_BERHENTI
1789814954.29,2026-09-19 17:49:14.289,312,Underpass Unila Arah Rajabasa,133,3088,Golongan I,Sedan/Jip/Pick-up,0.29,95,19,128,50,111.8,35.3,-4.15,1.41,8.97,3.5,0.0,1.09,N/A,NORMAL,NORMAL
1789814954.519,2026-09-19 17:49:14.519,312,Underpass Unila Arah Rajabasa,134,5002,Golongan I,Sedan/Jip/Pick-up,0.788,537,427,707,618,622.2,523.3,5.99,33.38,7.55,3.5,0.0,0.89,N/A,NORMAL,NORMAL
1789814954.519,2026-09-19 17:49:14.519,312,Underpass Unila Arah Rajabasa,134,3086,Golongan I,Sedan/Jip/Pick-up,0.629,327,170,384,232,355.9,201.7,4.37,17.53,8.9,3.5,2.6,0.94,N/A,NORMAL,NORMAL
1789814954.519,2026-09-19 17:49:14.519,312,Underpass Unila Arah Rajabasa,134,5003,Golongan I,Sedan/Jip/Pick-up,0.488,391,230,482,334,436.9,282.9,5.39,24.12,10.35,3.5,0.0,0.87,N/A,NORMAL,NORMAL
1789814954.519,2026-09-19 17:49:14.519,312,Underpass Unila Arah Rajabasa,134,3079,Golongan I,Sedan/Jip/Pick-up,0.472,282,105,324,148,303.7,127.1,3.71,8.03,10.57,3.5,9.0,0.98,N/A,NORMAL,KENDARAAN_BERHENTI
1789814954.519,2026-09-19 17:49:14.519,312,Underpass Unila Arah Rajabasa,134,3079,Golongan I,Sedan/Jip/Pick-up,0.427,259,69,292,102,276.4,86.0,3.21,-0.46,11.82,3.5,9.0,1.03,N/A,NORMAL,KENDARAAN_BERHENTI
1789814954.519,2026-09-19 17:49:14.519,312,Underpass Unila Arah Rajabasa,134,3079,Golongan I,Sedan/Jip/Pick-up,0.353,205,81,236,112,221.1,97.3,0.42,6.59,7.23,2.93,9.0,0.99,N/A,NORMAL,KENDARAAN_BERHENTI
1789814954.702,2026-09-19 17:49:14.701,312,Underpass Unila Arah Rajabasa,135,3107,Golongan I,Sedan/Jip/Pick-up,0.748,540,431,711,623,626.1,527.8,6.01,33.47,7.48,3.5,0.0,0.89,N/A,NORMAL,NORMAL
1789814954.702,2026-09-19 17:49:14.701,312,Underpass Unila Arah Rajabasa,135,3108,Golongan I,Sedan/Jip/Pick-up,0.638,327,172,386,235,357.0,204.1,4.36,17.8,8.88,3.5,0.0,0.94,N/A,NORMAL,NORMAL
1789814954.702,2026-09-19 17:49:14.701,312,Underpass Unila Arah Rajabasa,135,3109,Golongan I,Sedan/Jip/Pick-up,0.518,393,233,484,336,439.0,284.9,5.42,24.2,10.11,3.5,0.0,0.87,N/A,NORMAL,NORMAL
1789814954.702,2026-09-19 17:49:14.701,312,Underpass Unila Arah Rajabasa,135,3110,Golongan I,Sedan/Jip/Pick-up,0.475,282,106,325,149,304.3,128.1,3.71,8.25,10.48,3.5,0.0,0.98,N/A,NORMAL,NORMAL
1789814954.702,2026-09-19 17:49:14.701,312,Underpass Unila Arah Rajabasa,135,3111,Golongan I,Sedan/Jip/Pick-up,0.398,260,70,293,102,276.6,86.2,3.21,-0.41,11.44,3.5,0.0,1.03,N/A,NORMAL,NORMAL
1789814954.702,2026-09-19 17:49:14.701,312,Underpass Unila Arah Rajabasa,135,3112,Golongan I,Sedan/Jip/Pick-up,0.504,206,81,234,109,220.8,95.5,0.42,5.95,6.61,2.67,0.0,0.99,N/A,NORMAL,NORMAL
1789814954.891,2026-09-19 17:49:14.890,312,Underpass Unila Arah Rajabasa,136,3107,Golongan I,Sedan/Jip/Pick-up,0.745,542,435,714,628,628.8,531.9,6.01,33.57,7.4,3.5,0.0,0.89,N/A,NORMAL,NORMAL
1789814954.891,2026-09-19 17:49:14.890,312,Underpass Unila Arah Rajabasa,136,3108,Golongan I,Sedan/Jip/Pick-up,0.67,329,174,389,237,359.4,206.0,4.41,18.01,8.8,3.5,0.0,0.94,N/A,NORMAL,NORMAL
1789814954.891,2026-09-19 17:49:14.890,312,Underpass Unila Arah Rajabasa,136,3109,Golongan I,Sedan/Jip/Pick-up,0.472,395,235,486,339,441.0,287.8,5.43,24.36,10.08,3.5,0.0,0.87,N/A,NORMAL,NORMAL
1789814954.891,2026-09-19 17:49:14.890,312,Underpass Unila Arah Rajabasa,136,3110,Golongan I,Sedan/Jip/Pick-up,0.52,283,106,326,151,304.9,128.8,3.71,8.44,10.91,3.5,0.0,0.98,N/A,NORMAL,NORMAL
1789814954.891,2026-09-19 17:49:14.890,312,Underpass Unila Arah Rajabasa,136,3111,Golongan I,Sedan/Jip/Pick-up,0.367,260,71,294,104,277.3,87.8,3.22,0.03,11.59,3.5,0.0,1.03,N/A,NORMAL,NORMAL
1789814954.891,2026-09-19 17:49:14.890,312,Underpass Unila Arah Rajabasa,136,3112,Golongan I,Sedan/Jip/Pick-up,0.373,206,80,233,106,220.0,93.6,0.39,5.47,6.26,2.62,0.0,0.99,N/A,NORMAL,NORMAL
1789814955.066,2026-09-19 17:49:15.065,312,Underpass Unila Arah Rajabasa,137,3107,Golongan I,Sedan/Jip/Pick-up,0.785,546,439,719,633,633.0,536.9,6.03,33.67,7.36,3.5,2.0,0.89,N/A,NORMAL,NORMAL
1789814955.066,2026-09-19 17:49:15.065,312,Underpass Unila Arah Rajabasa,137,3108,Golongan I,Sedan/Jip/Pick-up,0.584,330,176,393,242,362.1,209.3,4.43,18.39,9.04,3.5,5.9,0.94,N/A,NORMAL,NORMAL
1789814955.066,2026-09-19 17:49:15.065,312,Underpass Unila Arah Rajabasa,137,3109,Golongan I,Sedan/Jip/Pick-up,0.498,395,236,489,344,442.7,290.6,5.41,24.61,10.32,3.5,4.0,0.87,N/A,NORMAL,NORMAL
1789814955.066,2026-09-19 17:49:15.065,312,Underpass Unila Arah Rajabasa,137,3110,Golongan I,Sedan/Jip/Pick-up,0.472,284,107,327,150,306.1,129.3,3.78,8.34,10.46,3.5,1.1,0.98,N/A,NORMAL,NORMAL
1789814955.066,2026-09-19 17:49:15.065,312,Underpass Unila Arah Rajabasa,137,3111,Golongan I,Sedan/Jip/Pick-up,0.374,260,71,294,105,277.6,88.5,3.21,0.3,11.87,3.5,7.1,1.02,N/A,NORMAL,NORMAL
1789814955.234,2026-09-19 17:49:15.233,312,Underpass Unila Arah Rajabasa,138,3107,Golongan I,Sedan/Jip/Pick-up,0.777,550,445,725,641,637.8,543.4,6.04,33.82,7.28,3.5,2.1,0.89,N/A,NORMAL,NORMAL
1789814955.234,2026-09-19 17:49:15.233,312,Underpass Unila Arah Rajabasa,138,3108,Golongan I,Sedan/Jip/Pick-up,0.583,332,177,395,244,363.8,211.1,4.45,18.56,9.13,3.5,5.6,0.93,N/A,NORMAL,NORMAL
1789814955.234,2026-09-19 17:49:15.233,312,Underpass Unila Arah Rajabasa,138,3109,Golongan I,Sedan/Jip/Pick-up,0.693,397,238,491,346,444.8,292.3,5.44,24.7,10.23,3.5,3.7,0.87,N/A,NORMAL,NORMAL
1789814955.234,2026-09-19 17:49:15.233,312,Underpass Unila Arah Rajabasa,138,3110,Golongan I,Sedan/Jip/Pick-up,0.438,286,108,328,151,307.2,130.2,3.81,8.41,10.4,3.5,1.2,0.98,N/A,NORMAL,NORMAL
1789814955.234,2026-09-19 17:49:15.233,312,Underpass Unila Arah Rajabasa,138,3111,Golongan I,Sedan/Jip/Pick-up,0.39,260,71,295,105,277.5,88.8,3.19,0.5,11.91,3.5,6.7,1.02,N/A,NORMAL,NORMAL
1789814955.399,2026-09-19 17:49:15.398,312,Underpass Unila Arah Rajabasa,139,3107,Golongan I,Sedan/Jip/Pick-up,0.794,554,449,730,646,642.6,548.0,6.07,33.91,7.23,3.5,2.2,0.89,N/A,NORMAL,NORMAL
1789814955.399,2026-09-19 17:49:15.398,312,Underpass Unila Arah Rajabasa,139,3108,Golongan I,Sedan/Jip/Pick-up,0.571,333,179,395,246,364.1,213.3,4.43,18.73,8.98,3.5,5.3,0.93,N/A,NORMAL,NORMAL
1789814955.399,2026-09-19 17:49:15.398,312,Underpass Unila Arah Rajabasa,139,3109,Golongan I,Sedan/Jip/Pick-up,0.666,399,240,495,350,447.6,295.3,5.45,24.91,10.3,3.5,3.7,0.87,N/A,NORMAL,NORMAL
1789814955.399,2026-09-19 17:49:15.398,312,Underpass Unila Arah Rajabasa,139,3110,Golongan I,Sedan/Jip/Pick-up,0.496,287,110,328,152,307.7,131.5,3.82,8.53,10.0,3.5,1.3,0.98,N/A,NORMAL,NORMAL
1789814955.399,2026-09-19 17:49:15.398,312,Underpass Unila Arah Rajabasa,139,3111,Golongan I,Sedan/Jip/Pick-up,0.393,260,71,295,106,278.0,89.3,3.2,0.69,12.18,3.5,6.3,1.02,N/A,NORMAL,NORMAL
1789814955.572,2026-09-19 17:49:15.571,312,Underpass Unila Arah Rajabasa,140,3107,Golongan I,Sedan/Jip/Pick-up,0.785,558,452,736,652,647.7,552.5,6.1,34.02,7.28,3.5,2.2,0.89,N/A,NORMAL,NORMAL
1789814955.572,2026-09-19 17:49:15.571,312,Underpass Unila Arah Rajabasa,140,3108,Golongan I,Sedan/Jip/Pick-up,0.391,334,181,396,247,365.2,214.8,4.45,18.83,8.75,3.5,4.9,0.93,N/A,NORMAL,NORMAL
1789814955.572,2026-09-19 17:49:15.571,312,Underpass Unila Arah Rajabasa,140,3109,Golongan I,Sedan/Jip/Pick-up,0.616,401,242,499,354,450.7,298.6,5.48,25.1,10.37,3.5,3.7,0.87,N/A,NORMAL,NORMAL
1789814955.572,2026-09-19 17:49:15.571,312,Underpass Unila Arah Rajabasa,140,3110,Golongan I,Sedan/Jip/Pick-up,0.453,286,110,330,155,308.6,132.8,3.81,8.96,10.59,3.5,2.0,0.98,N/A,NORMAL,NORMAL
1789814955.572,2026-09-19 17:49:15.571,312,Underpass Unila Arah Rajabasa,140,3111,Golongan I,Sedan/Jip/Pick-up,0.411,260,72,296,107,278.3,90.1,3.2,0.91,12.05,3.5,6.0,1.02,N/A,NORMAL,NORMAL
1789814955.751,2026-09-19 17:49:15.751,312,Underpass Unila Arah Rajabasa,141,3107,Golongan I,Sedan/Jip/Pick-up,0.786,560,456,741,658,651.0,557.5,6.1,34.13,7.25,3.5,2.3,0.89,N/A,NORMAL,NORMAL
1789814955.751,2026-09-19 17:49:15.751,312,Underpass Unila Arah Rajabasa,141,3108,Golongan I,Sedan/Jip/Pick-up,0.485,335,183,399,252,367.1,217.7,4.45,19.17,8.96,3.5,4.8,0.93,N/A,NORMAL,NORMAL
1789814955.751,2026-09-19 17:49:15.751,312,Underpass Unila Arah Rajabasa,141,3109,Golongan I,Sedan/Jip/Pick-up,0.431,404,245,503,357,453.7,301.4,5.52,25.25,10.25,3.5,3.7,0.88,N/A,NORMAL,NORMAL
1789814955.751,2026-09-19 17:49:15.751,312,Underpass Unila Arah Rajabasa,141,3110,Golongan I,Sedan/Jip/Pick-up,0.559,286,110,332,158,309.4,134.6,3.79,9.46,11.18,3.5,2.8,0.98,N/A,NORMAL,NORMAL
1789814955.751,2026-09-19 17:49:15.751,312,Underpass Unila Arah Rajabasa,141,3111,Golongan I,Sedan/Jip/Pick-up,0.514,260,73,296,109,278.8,91.3,3.2,1.22,12.15,3.5,5.8,1.01,N/A,NORMAL,NORMAL
1789814955.961,2026-09-19 17:49:15.961,312,Underpass Unila Arah Rajabasa,142,3107,Golongan I,Sedan/Jip/Pick-up,0.752,565,460,746,664,656.1,562.8,6.13,34.24,7.24,3.5,2.2,0.89,N/A,NORMAL,NORMAL
1789814955.961,2026-09-19 17:49:15.961,312,Underpass Unila Arah Rajabasa,142,3108,Golongan I,Sedan/Jip/Pick-up,0.534,335,185,400,255,368.1,220.8,4.42,19.49,8.91,3.5,4.8,0.93,N/A,NORMAL,NORMAL
1789814955.961,2026-09-19 17:49:15.961,312,Underpass Unila Arah Rajabasa,142,3109,Golongan I,Sedan/Jip/Pick-up,0.506,407,249,506,361,457.1,305.4,5.55,25.43,10.04,3.5,3.6,0.88,N/A,NORMAL,NORMAL
1789814955.961,2026-09-19 17:49:15.961,312,Underpass Unila Arah Rajabasa,142,3110,Golongan I,Sedan/Jip/Pick-up,0.702,286,113,332,159,309.8,136.6,3.77,9.72,10.45,3.5,3.4,0.98,N/A,NORMAL,NORMAL
1789814955.961,2026-09-19 17:49:15.961,312,Underpass Unila Arah Rajabasa,142,3111,Golongan I,Sedan/Jip/Pick-up,0.537,261,74,297,110,279.5,92.2,3.22,1.41,12.05,3.5,5.6,1.01,N/A,NORMAL,NORMAL
1789814956.13,2026-09-19 17:49:16.129,312,Underpass Unila Arah Rajabasa,143,3107,Golongan I,Sedan/Jip/Pick-up,0.808,568,465,751,670,659.9,567.7,6.13,34.34,7.16,3.5,2.2,0.89,N/A,NORMAL,NORMAL
1789814956.13,2026-09-19 17:49:16.129,312,Underpass Unila Arah Rajabasa,143,3108,Golongan I,Sedan/Jip/Pick-up,0.633,337,186,403,259,370.4,223.0,4.45,19.74,9.2,3.5,4.9,0.93,N/A,NORMAL,NORMAL
1789814956.13,2026-09-19 17:49:16.129,312,Underpass Unila Arah Rajabasa,143,3109,Golongan I,Sedan/Jip/Pick-up,0.438,408,252,507,364,458.2,308.8,5.54,25.58,9.85,3.5,3.6,0.88,N/A,NORMAL,NORMAL
1789814956.13,2026-09-19 17:49:16.129,312,Underpass Unila Arah Rajabasa,143,3110,Golongan I,Sedan/Jip/Pick-up,0.634,287,115,333,161,310.4,138.2,3.77,9.93,10.27,3.5,3.7,0.99,N/A,NORMAL,NORMAL
1789814956.13,2026-09-19 17:49:16.129,312,Underpass Unila Arah Rajabasa,143,3111,Golongan I,Sedan/Jip/Pick-up,0.603,262,74,297,110,280.2,92.5,3.25,1.39,12.08,3.5,5.2,1.0,N/A,NORMAL,NORMAL
1789814956.311,2026-09-19 17:49:16.310,312,Underpass Unila Arah Rajabasa,144,3107,Golongan I,Sedan/Jip/Pick-up,0.815,571,469,755,675,663.6,572.6,6.14,34.43,7.1,3.5,2.2,0.89,N/A,NORMAL,NORMAL
1789814956.311,2026-09-19 17:49:16.310,312,Underpass Unila Arah Rajabasa,144,3108,Golongan I,Sedan/Jip/Pick-up,0.658,339,189,405,261,372.3,225.5,4.48,19.87,8.93,3.5,4.8,0.93,N/A,NORMAL,NORMAL
1789814956.311,2026-09-19 17:49:16.310,312,Underpass Unila Arah Rajabasa,144,3109,Golongan I,Sedan/Jip/Pick-up,0.425,409,255,510,369,459.8,312.2,5.51,25.8,9.81,3.5,3.6,0.89,N/A,NORMAL,NORMAL
1789814956.311,2026-09-19 17:49:16.310,312,Underpass Unila Arah Rajabasa,144,3110,Golongan I,Sedan/Jip/Pick-up,0.596,288,115,334,162,311.2,139.2,3.79,10.11,10.49,3.5,3.9,0.98,N/A,NORMAL,NORMAL
1789814956.311,2026-09-19 17:49:16.310,312,Underpass Unila Arah Rajabasa,144,3111,Golongan I,Sedan/Jip/Pick-up,0.547,263,75,298,110,280.8,92.7,3.29,1.35,11.72,3.5,4.7,1.0,N/A,NORMAL,NORMAL
1789814956.311,2026-09-19 17:49:16.310,312,Underpass Unila Arah Rajabasa,144,3115,Golongan III,Truk 3 Gandar,0.355,405,254,511,368,458.8,311.9,5.49,25.8,9.86,3.5,0.0,0.93,N/A,NORMAL,NORMAL
1789814956.496,2026-09-19 17:49:16.495,312,Underpass Unila Arah Rajabasa,145,3107,Golongan I,Sedan/Jip/Pick-up,0.778,575,474,759,681,667.8,578.3,6.15,34.53,7.02,3.5,2.2,0.89,N/A,NORMAL,NORMAL
1789814956.496,2026-09-19 17:49:16.495,312,Underpass Unila Arah Rajabasa,145,3108,Golongan I,Sedan/Jip/Pick-up,0.604,341,192,406,263,374.0,228.3,4.49,20.06,8.66,3.5,4.7,0.93,N/A,NORMAL,NORMAL
1789814956.496,2026-09-19 17:49:16.495,312,Underpass Unila Arah Rajabasa,145,3109,Golongan I,Sedan/Jip/Pick-up,0.407,410,257,512,372,461.1,314.8,5.5,25.95,9.77,3.5,3.6,0.89,N/A,NORMAL,NORMAL
1789814956.496,2026-09-19 17:49:16.495,312,Underpass Unila Arah Rajabasa,145,3110,Golongan I,Sedan/Jip/Pick-up,0.484,289,118,334,164,312.0,141.4,3.79,10.31,9.99,3.5,4.0,0.99,N/A,NORMAL,NORMAL
1789814956.496,2026-09-19 17:49:16.495,312,Underpass Unila Arah Rajabasa,145,3111,Golongan I,Sedan/Jip/Pick-up,0.56,263,75,298,110,281.3,93.1,3.31,1.37,11.72,3.5,4.0,0.99,N/A,NORMAL,NORMAL
1789814956.496,2026-09-19 17:49:16.495,312,Underpass Unila Arah Rajabasa,145,3115,Golongan III,Truk 3 Gandar,0.355,406,256,513,371,460.0,313.7,5.48,25.92,9.82,3.5,0.0,0.93,N/A,NORMAL,NORMAL
1789814956.669,2026-09-19 17:49:16.668,312,Underpass Unila Arah Rajabasa,146,3107,Golongan I,Sedan/Jip/Pick-up,0.832,579,478,765,687,672.3,583.3,6.17,34.64,7.02,3.5,2.2,0.89,N/A,NORMAL,NORMAL
1789814956.669,2026-09-19 17:49:16.668,312,Underpass Unila Arah Rajabasa,146,3108,Golongan I,Sedan/Jip/Pick-up,0.641,344,195,409,265,377.1,230.9,4.57,20.16,8.44,3.5,4.4,0.93,N/A,NORMAL,NORMAL
1789814956.669,2026-09-19 17:49:16.668,312,Underpass Unila Arah Rajabasa,146,3109,Golongan I,Sedan/Jip/Pick-up,0.503,412,258,514,374,463.4,316.5,5.54,26.04,9.82,3.5,3.4,0.89,N/A,NORMAL,NORMAL
1789814956.669,2026-09-19 17:49:16.668,312,Underpass Unila Arah Rajabasa,146,3110,Golongan I,Sedan/Jip/Pick-up,0.525,290,121,335,167,313.4,144.4,3.8,10.74,9.7,3.5,4.6,0.99,N/A,NORMAL,NORMAL
1789814956.669,2026-09-19 17:49:16.668,312,Underpass Unila Arah Rajabasa,146,3111,Golongan I,Sedan/Jip/Pick-up,0.587,263,76,298,111,281.0,94.0,3.27,1.64,11.56,3.5,3.6,0.99,N/A,NORMAL,NORMAL
1789814956.847,2026-09-19 17:49:16.846,312,Underpass Unila Arah Rajabasa,147,3107,Golongan I,Sedan/Jip/Pick-up,0.805,582,481,770,692,676.9,587.4,6.2,34.72,7.03,3.5,2.1,0.89,N/A,NORMAL,NORMAL
1789814956.847,2026-09-19 17:49:16.846,312,Underpass Unila Arah Rajabasa,147,3108,Golongan I,Sedan/Jip/Pick-up,0.665,346,198,411,267,378.9,232.9,4.6,20.27,8.19,3.5,4.2,0.93,N/A,NORMAL,NORMAL
1789814956.847,2026-09-19 17:49:16.846,312,Underpass Unila Arah Rajabasa,147,3109,Golongan I,Sedan/Jip/Pick-up,0.67,415,260,519,376,467.4,318.6,5.61,26.13,9.8,3.5,3.3,0.89,N/A,NORMAL,NORMAL
1789814956.847,2026-09-19 17:49:16.846,312,Underpass Unila Arah Rajabasa,147,3110,Golongan I,Sedan/Jip/Pick-up,0.641,292,122,337,168,315.2,145.4,3.86,10.79,9.68,3.5,4.9,0.99,N/A,NORMAL,NORMAL
1789814956.847,2026-09-19 17:49:16.846,312,Underpass Unila Arah Rajabasa,147,3111,Golongan I,Sedan/Jip/Pick-up,0.575,263,76,299,112,281.5,94.7,3.28,1.9,11.86,3.5,3.4,0.98,N/A,NORMAL,NORMAL
1789814957.016,2026-09-19 17:49:17.015,312,Underpass Unila Arah Rajabasa,148,3107,Golongan I,Sedan/Jip/Pick-up,0.786,585,485,774,697,680.1,591.6,6.2,34.81,6.98,3.5,2.1,0.89,N/A,NORMAL,NORMAL
1789814957.016,2026-09-19 17:49:17.015,312,Underpass Unila Arah Rajabasa,148,3108,Golongan I,Sedan/Jip/Pick-up,0.774,346,199,414,272,380.4,236.0,4.58,20.63,8.52,3.5,4.2,0.93,N/A,NORMAL,NORMAL
1789814957.016,2026-09-19 17:49:17.015,312,Underpass Unila Arah Rajabasa,148,3109,Golongan I,Sedan/Jip/Pick-up,0.667,416,262,521,380,469.1,321.4,5.6,26.29,9.82,3.5,3.2,0.89,N/A,NORMAL,NORMAL
1789814957.016,2026-09-19 17:49:17.015,312,Underpass Unila Arah Rajabasa,148,3110,Golongan I,Sedan/Jip/Pick-up,0.662,293,124,338,168,316.1,146.5,3.89,10.85,9.19,3.5,5.0,0.99,N/A,NORMAL,NORMAL
1789814957.016,2026-09-19 17:49:17.015,312,Underpass Unila Arah Rajabasa,148,3111,Golongan I,Sedan/Jip/Pick-up,0.503,264,77,300,113,282.2,95.3,3.3,2.06,11.76,3.5,3.3,0.98,N/A,NORMAL,NORMAL
1789814957.205,2026-09-19 17:49:17.204,312,Underpass Unila Arah Rajabasa,149,3107,Golongan I,Sedan/Jip/Pick-up,0.83,589,489,779,702,684.6,595.9,6.24,34.88,6.94,3.5,2.0,0.89,N/A,NORMAL,NORMAL
1789814957.205,2026-09-19 17:49:17.204,312,Underpass Unila Arah Rajabasa,149,3108,Golongan I,Sedan/Jip/Pick-up,0.76,347,201,415,275,381.3,238.6,4.56,20.86,8.49,3.5,4.3,0.93,N/A,NORMAL,NORMAL
1789814957.205,2026-09-19 17:49:17.204,312,Underpass Unila Arah Rajabasa,149,3109,Golongan I,Sedan/Jip/Pick-up,0.64,418,266,525,386,472.1,326.2,5.6,26.54,9.74,3.5,3.2,0.9,N/A,NORMAL,NORMAL
1789814957.205,2026-09-19 17:49:17.204,312,Underpass Unila Arah Rajabasa,149,3110,Golongan I,Sedan/Jip/Pick-up,0.663,294,125,339,170,317.1,147.9,3.9,11.09,9.29,3.5,4.9,0.99,N/A,NORMAL,NORMAL
1789814957.205,2026-09-19 17:49:17.204,312,Underpass Unila Arah Rajabasa,149,3111,Golongan I,Sedan/Jip/Pick-up,0.516,264,77,300,114,282.6,96.0,3.3,2.28,12.02,3.5,3.2,0.97,N/A,NORMAL,NORMAL
1789814957.442,2026-09-19 17:49:17.441,312,Underpass Unila Arah Rajabasa,150,3064,Golongan I,Sedan/Jip/Pick-up,0.766,772,657,857,720,815.0,688.8,8.6,35.17,1.7,2.02,0.0,1.35,N/A,NORMAL,KENDARAAN_BERHENTI
1789814957.442,2026-09-19 17:49:17.441,312,Underpass Unila Arah Rajabasa,150,3065,Golongan I,Sedan/Jip/Pick-up,0.475,479,335,623,494,551.4,415.0,6.05,30.32,9.36,3.5,0.0,0.91,N/A,NORMAL,KENDARAAN_BERHENTI
1789814957.628,2026-09-19 17:49:17.627,312,Underpass Unila Arah Rajabasa,151,3122,Golongan I,Sedan/Jip/Pick-up,0.523,286,107,326,154,306.7,130.9,3.74,8.88,11.21,3.5,0.0,0.88,N/A,NORMAL,NORMAL
1789814957.628,2026-09-19 17:49:17.627,312,Underpass Unila Arah Rajabasa,151,3123,Golongan I,Sedan/Jip/Pick-up,0.694,323,173,391,239,357.4,206.8,4.3,18.26,9.16,3.5,0.0,1.04,N/A,NORMAL,NORMAL
1789814957.628,2026-09-19 17:49:17.627,312,Underpass Unila Arah Rajabasa,151,3065,Golongan I,Sedan/Jip/Pick-up,0.566,490,347,639,511,565.0,429.5,6.14,30.8,9.21,3.5,0.0,0.91,N/A,NORMAL,KENDARAAN_BERHENTI
1789814957.628,2026-09-19 17:49:17.627,312,Underpass Unila Arah Rajabasa,151,3109,Golongan I,Sedan/Jip/Pick-up,0.57,403,266,497,370,450.9,318.8,5.22,26.0,8.25,3.5,0.0,0.9,N/A,NORMAL,NORMAL
1789814957.816,2026-09-19 17:49:17.816,312,Underpass Unila Arah Rajabasa,152,3122,Golongan I,Sedan/Jip/Pick-up,0.502,286,108,329,156,308.1,132.7,3.75,9.3,11.35,3.5,0.0,0.88,N/A,NORMAL,NORMAL
1789814957.816,2026-09-19 17:49:17.816,312,Underpass Unila Arah Rajabasa,152,3123,Golongan I,Sedan/Jip/Pick-up,0.744,324,175,394,242,359.6,209.0,4.34,18.46,9.17,3.5,0.0,1.03,N/A,NORMAL,NORMAL
1789814957.816,2026-09-19 17:49:17.816,312,Underpass Unila Arah Rajabasa,152,3065,Golongan I,Sedan/Jip/Pick-up,0.439,495,352,648,520,572.0,436.5,6.18,31.04,9.26,3.5,7.0,0.91,N/A,NORMAL,KENDARAAN_BERHENTI
1789814957.816,2026-09-19 17:49:17.816,312,Underpass Unila Arah Rajabasa,152,3126,Golongan I,Sedan/Jip/Pick-up,0.738,361,450,496,591,429.1,520.9,2.81,33.11,3.76,2.56,0.0,0.95,N/A,NORMAL,NORMAL
1789814957.816,2026-09-19 17:49:17.816,312,Underpass Unila Arah Rajabasa,152,3127,Golongan I,Sedan/Jip/Pick-up,0.346,263,75,291,105,277.5,90.2,3.21,0.26,10.13,3.5,0.0,0.93,N/A,NORMAL,NORMAL
1789814957.816,2026-09-19 17:49:17.816,312,Underpass Unila Arah Rajabasa,152,3109,Golongan I,Sedan/Jip/Pick-up,0.632,400,267,492,369,446.7,318.5,5.12,25.99,7.98,3.5,0.0,0.9,N/A,NORMAL,NORMAL
1789814957.976,2026-09-19 17:49:17.976,312,Underpass Unila Arah Rajabasa,153,3122,Golongan I,Sedan/Jip/Pick-up,0.543,288,110,331,159,309.6,135.0,3.77,9.65,11.37,3.5,8.0,0.88,N/A,NORMAL,NORMAL
1789814957.976,2026-09-19 17:49:17.976,312,Underpass Unila Arah Rajabasa,153,3123,Golongan I,Sedan/Jip/Pick-up,0.737,326,177,396,244,361.5,210.8,4.37,18.6,9.07,3.5,3.6,1.03,N/A,NORMAL,NORMAL
1789814957.976,2026-09-19 17:49:17.976,312,Underpass Unila Arah Rajabasa,153,3065,Golongan I,Sedan/Jip/Pick-up,0.431,498,358,652,527,575.5,442.8,6.16,31.23,9.05,3.5,6.6,0.92,N/A,NORMAL,KENDARAAN_BERHENTI
1789814957.976,2026-09-19 17:49:17.976,312,Underpass Unila Arah Rajabasa,153,3126,Golongan I,Sedan/Jip/Pick-up,0.755,352,432,482,569,417.9,501.2,2.74,32.69,3.89,2.54,0.0,0.95,N/A,NORMAL,NORMAL
1789814957.976,2026-09-19 17:49:17.976,312,Underpass Unila Arah Rajabasa,153,3127,Golongan I,Sedan/Jip/Pick-up,0.46,265,79,289,105,277.7,92.4,3.22,0.3,8.5,3.27,0.0,0.94,N/A,NORMAL,NORMAL
1789814957.976,2026-09-19 17:49:17.976,312,Underpass Unila Arah Rajabasa,153,3109,Golongan I,Sedan/Jip/Pick-up,0.701,401,269,492,370,447.0,320.2,5.12,26.03,7.82,3.5,1.1,0.91,N/A,NORMAL,NORMAL
1789814958.148,2026-09-19 17:49:18.148,312,Underpass Unila Arah Rajabasa,154,3122,Golongan I,Sedan/Jip/Pick-up,0.583,289,113,331,160,310.8,136.9,3.8,9.82,10.66,3.5,7.4,0.88,N/A,NORMAL,NORMAL
1789814958.148,2026-09-19 17:49:18.148,312,Underpass Unila Arah Rajabasa,154,3123,Golongan I,Sedan/Jip/Pick-up,0.657,327,177,398,246,362.9,212.1,4.39,18.74,9.32,3.5,3.5,1.03,N/A,NORMAL,NORMAL
1789814958.148,2026-09-19 17:49:18.148,312,Underpass Unila Arah Rajabasa,154,3065,Golongan I,Sedan/Jip/Pick-up,0.549,501,362,656,532,578.9,447.3,6.17,31.36,8.96,3.5,6.1,0.92,N/A,NORMAL,KENDARAAN_BERHENTI
1789814958.148,2026-09-19 17:49:18.148,312,Underpass Unila Arah Rajabasa,154,3126,Golongan I,Sedan/Jip/Pick-up,0.772,344,414,466,542,405.5,478.5,2.68,32.14,3.9,2.47,10.6,0.95,N/A,NORMAL,NORMAL
1789814958.148,2026-09-19 17:49:18.148,312,Underpass Unila Arah Rajabasa,154,3127,Golongan I,Sedan/Jip/Pick-up,0.538,264,78,291,106,278.0,92.6,3.21,0.61,9.2,3.5,3.8,0.94,N/A,NORMAL,NORMAL
1789814958.148,2026-09-19 17:49:18.148,312,Underpass Unila Arah Rajabasa,154,3109,Golongan I,Sedan/Jip/Pick-up,0.738,401,270,493,372,447.3,321.6,5.1,26.11,7.84,3.5,1.1,0.91,N/A,NORMAL,NORMAL
1789814958.332,2026-09-19 17:49:18.332,312,Underpass Unila Arah Rajabasa,155,3122,Golongan I,Sedan/Jip/Pick-up,0.688,290,115,332,162,311.3,138.8,3.79,10.08,10.47,3.5,6.9,0.88,N/A,NORMAL,NORMAL
1789814958.332,2026-09-19 17:49:18.332,312,Underpass Unila Arah Rajabasa,155,3123,Golongan I,Sedan/Jip/Pick-up,0.683,328,179,398,247,363.7,213.3,4.4,18.81,9.07,3.5,3.3,1.03,N/A,NORMAL,NORMAL
1789814958.332,2026-09-19 17:49:18.332,312,Underpass Unila Arah Rajabasa,155,3065,Golongan I,Sedan/Jip/Pick-up,0.551,503,366,659,535,581.7,450.8,6.19,31.45,8.78,3.5,5.5,0.92,N/A,NORMAL,KENDARAAN_BERHENTI
1789814958.332,2026-09-19 17:49:18.332,312,Underpass Unila Arah Rajabasa,155,3126,Golongan I,Sedan/Jip/Pick-up,0.781,336,396,451,517,393.8,456.7,2.62,31.58,3.97,2.42,10.6,0.95,N/A,NORMAL,NORMAL
1789814958.332,2026-09-19 17:49:18.332,312,Underpass Unila Arah Rajabasa,155,3127,Golongan I,Sedan/Jip/Pick-up,0.371,263,76,292,106,278.2,91.5,3.21,0.69,10.02,3.5,3.5,0.93,N/A,NORMAL,NORMAL
1789814958.332,2026-09-19 17:49:18.332,312,Underpass Unila Arah Rajabasa,155,3109,Golongan I,Sedan/Jip/Pick-up,0.751,402,272,495,374,449.1,323.5,5.12,26.19,7.77,3.5,1.1,0.92,N/A,NORMAL,KENDARAAN_BERHENTI
1789814958.506,2026-09-19 17:49:18.505,312,Underpass Unila Arah Rajabasa,156,3122,Golongan I,Sedan/Jip/Pick-up,0.625,291,117,333,164,312.4,141.0,3.8,10.42,10.28,3.5,6.7,0.88,N/A,NORMAL,NORMAL
1789814958.506,2026-09-19 17:49:18.505,312,Underpass Unila Arah Rajabasa,156,3123,Golongan I,Sedan/Jip/Pick-up,0.612,329,180,399,248,364.4,214.2,4.41,18.89,9.02,3.5,3.0,1.03,N/A,NORMAL,NORMAL
1789814958.506,2026-09-19 17:49:18.505,312,Underpass Unila Arah Rajabasa,156,3065,Golongan I,Sedan/Jip/Pick-up,0.434,508,369,664,539,586.5,454.3,6.25,31.53,8.77,3.5,5.0,0.92,N/A,NORMAL,KENDARAAN_BERHENTI
1789814958.506,2026-09-19 17:49:18.505,312,Underpass Unila Arah Rajabasa,156,3126,Golongan I,Sedan/Jip/Pick-up,0.758,328,381,437,495,383.0,438.4,2.54,31.07,3.98,2.36,10.7,0.95,N/A,NORMAL,NORMAL
1789814958.506,2026-09-19 17:49:18.505,312,Underpass Unila Arah Rajabasa,156,3127,Golongan I,Sedan/Jip/Pick-up,0.411,264,78,292,108,278.9,93.9,3.21,1.15,9.77,3.5,4.0,0.93,N/A,NORMAL,NORMAL
1789814958.506,2026-09-19 17:49:18.505,312,Underpass Unila Arah Rajabasa,156,3109,Golongan I,Sedan/Jip/Pick-up,0.704,403,274,497,376,450.8,325.1,5.14,26.27,7.69,3.5,1.1,0.92,N/A,NORMAL,KENDARAAN_BERHENTI
1789814958.687,2026-09-19 17:49:18.686,312,Underpass Unila Arah Rajabasa,157,3122,Golongan I,Sedan/Jip/Pick-up,0.607,292,118,335,166,313.8,142.3,3.83,10.61,10.41,3.5,6.4,0.89,N/A,NORMAL,NORMAL
1789814958.687,2026-09-19 17:49:18.686,312,Underpass Unila Arah Rajabasa,157,3123,Golongan I,Sedan/Jip/Pick-up,0.693,329,181,399,248,364.6,214.8,4.42,18.89,8.84,3.5,2.7,1.03,N/A,NORMAL,NORMAL
1789814958.687,2026-09-19 17:49:18.686,312,Underpass Unila Arah Rajabasa,157,3065,Golongan I,Sedan/Jip/Pick-up,0.492,512,373,670,544,591.1,458.6,6.28,31.66,8.72,3.5,4.5,0.92,N/A,NORMAL,KENDARAAN_BERHENTI
1789814958.687,2026-09-19 17:49:18.686,312,Underpass Unila Arah Rajabasa,157,3126,Golongan I,Sedan/Jip/Pick-up,0.743,321,366,425,475,373.3,420.8,2.48,30.56,4.05,2.33,10.7,0.95,N/A,NORMAL,LAWAN_ARAH
1789814958.687,2026-09-19 17:49:18.686,312,Underpass Unila Arah Rajabasa,157,3127,Golongan I,Sedan/Jip/Pick-up,0.391,266,81,292,110,279.4,96.0,3.21,1.45,9.17,3.44,4.4,0.94,N/A,NORMAL,NORMAL
1789814958.687,2026-09-19 17:49:18.686,312,Underpass Unila Arah Rajabasa,157,3109,Golongan I,Sedan/Jip/Pick-up,0.709,404,275,500,379,452.8,327.8,5.15,26.43,7.8,3.5,1.3,0.93,N/A,NORMAL,KENDARAAN_BERHENTI
1789814958.859,2026-09-19 17:49:18.858,312,Underpass Unila Arah Rajabasa,158,3122,Golongan I,Sedan/Jip/Pick-up,0.543,292,119,336,167,314.5,143.5,3.84,10.78,10.32,3.5,6.0,0.9,N/A,NORMAL,NORMAL
1789814958.859,2026-09-19 17:49:18.858,312,Underpass Unila Arah Rajabasa,158,3123,Golongan I,Sedan/Jip/Pick-up,0.719,329,182,399,249,364.8,215.8,4.41,18.99,8.77,3.5,2.5,1.04,N/A,NORMAL,NORMAL
1789814958.859,2026-09-19 17:49:18.858,312,Underpass Unila Arah Rajabasa,158,3065,Golongan I,Sedan/Jip/Pick-up,0.523,514,377,673,549,593.9,463.6,6.27,31.8,8.61,3.5,4.2,0.93,N/A,NORMAL,KENDARAAN_BERHENTI
1789814958.859,2026-09-19 17:49:18.858,312,Underpass Unila Arah Rajabasa,158,3126,Golongan I,Sedan/Jip/Pick-up,0.721,315,351,414,455,365.3,403.7,2.44,30.01,4.13,2.31,10.7,0.96,N/A,NORMAL,LAWAN_ARAH
1789814958.859,2026-09-19 17:49:18.858,312,Underpass Unila Arah Rajabasa,158,3109,Golongan I,Sedan/Jip/Pick-up,0.737,406,277,504,382,455.3,329.7,5.18,26.53,7.81,3.5,1.4,0.93,N/A,NORMAL,KENDARAAN_BERHENTI
1789814959.027,2026-09-19 17:49:19.026,312,Underpass Unila Arah Rajabasa,159,3122,Golongan I,Sedan/Jip/Pick-up,0.453,295,123,337,169,316.5,146.5,3.9,10.9,9.63,3.5,5.7,0.9,N/A,NORMAL,NORMAL
1789814959.027,2026-09-19 17:49:19.026,312,Underpass Unila Arah Rajabasa,159,3123,Golongan I,Sedan/Jip/Pick-up,0.68,331,183,401,251,366.1,217.1,4.43,19.1,8.85,3.5,2.4,1.04,N/A,NORMAL,NORMAL
1789814959.027,2026-09-19 17:49:19.026,312,Underpass Unila Arah Rajabasa,159,3065,Golongan I,Sedan/Jip/Pick-up,0.438,516,381,677,554,597.4,468.0,6.28,31.91,8.52,3.5,4.0,0.93,N/A,NORMAL,KENDARAAN_BERHENTI
1789814959.027,2026-09-19 17:49:19.026,312,Underpass Unila Arah Rajabasa,159,3126,Golongan I,Sedan/Jip/Pick-up,0.696,308,338,404,438,356.7,388.6,2.37,29.53,4.2,2.31,10.7,0.96,N/A,NORMAL,LAWAN_ARAH
1789814959.027,2026-09-19 17:49:19.026,312,Underpass Unila Arah Rajabasa,159,3109,Golongan I,Sedan/Jip/Pick-up,0.684,407,279,507,386,457.4,332.6,5.18,26.7,7.86,3.5,1.5,0.94,N/A,NORMAL,KENDARAAN_BERHENTI
1789814959.027,2026-09-19 17:49:19.026,312,Underpass Unila Arah Rajabasa,159,3142,Golongan I,Sedan/Jip/Pick-up,0.832,430,650,625,719,528.0,685.3,3.58,35.14,1.2,2.95,0.0,2.81,N/A,NORMAL,NORMAL
1789814959.204,2026-09-19 17:49:19.204,312,Underpass Unila Arah Rajabasa,160,3122,Golongan I,Sedan/Jip/Pick-up,0.518,295,123,338,171,317.3,147.7,3.9,11.22,9.98,3.5,5.6,0.91,N/A,NORMAL,NORMAL
1789814959.204,2026-09-19 17:49:19.204,312,Underpass Unila Arah Rajabasa,160,3123,Golongan I,Sedan/Jip/Pick-up,0.727,331,184,402,252,366.8,218.8,4.42,19.26,8.79,3.5,2.3,1.04,N/A,NORMAL,NORMAL
1789814959.204,2026-09-19 17:49:19.204,312,Underpass Unila Arah Rajabasa,160,3065,Golongan I,Sedan/Jip/Pick-up,0.425,519,383,683,559,601.4,471.7,6.31,32.03,8.62,3.5,3.5,0.93,N/A,NORMAL,KENDARAAN_BERHENTI
1789814959.204,2026-09-19 17:49:19.204,312,Underpass Unila Arah Rajabasa,160,3126,Golongan I,Sedan/Jip/Pick-up,0.741,303,325,395,421,349.1,373.6,2.31,29.01,4.29,2.3,10.7,0.96,N/A,NORMAL,LAWAN_ARAH
1789814959.204,2026-09-19 17:49:19.204,312,Underpass Unila Arah Rajabasa,160,3109,Golongan I,Sedan/Jip/Pick-up,0.692,408,281,510,389,459.3,335.2,5.19,26.83,7.85,3.5,1.7,0.94,N/A,NORMAL,KENDARAAN_BERHENTI
1789814959.204,2026-09-19 17:49:19.204,312,Underpass Unila Arah Rajabasa,160,3142,Golongan I,Sedan/Jip/Pick-up,0.806,391,626,650,719,520.9,672.8,3.48,35.13,1.66,3.5,0.0,2.79,N/A,NORMAL,NORMAL
1789814959.204,2026-09-19 17:49:19.204,312,Underpass Unila Arah Rajabasa,160,3127,Golongan I,Sedan/Jip/Pick-up,0.309,268,85,294,112,281.7,98.8,3.3,1.74,8.28,3.33,0.0,0.95,N/A,NORMAL,NORMAL
1789814959.381,2026-09-19 17:49:19.380,312,Underpass Unila Arah Rajabasa,161,3122,Golongan I,Sedan/Jip/Pick-up,0.488,295,123,340,173,318.2,148.6,3.89,11.5,10.35,3.5,5.4,0.9,N/A,NORMAL,NORMAL
1789814959.381,2026-09-19 17:49:19.380,312,Underpass Unila Arah Rajabasa,161,3123,Golongan I,Sedan/Jip/Pick-up,0.765,331,185,403,254,367.6,220.2,4.42,19.42,8.83,3.5,2.3,1.03,N/A,NORMAL,NORMAL
1789814959.381,2026-09-19 17:49:19.380,312,Underpass Unila Arah Rajabasa,161,3065,Golongan I,Sedan/Jip/Pick-up,0.446,521,385,687,564,604.4,475.4,6.3,32.16,8.69,3.5,3.2,0.93,N/A,NORMAL,KENDARAAN_BERHENTI
1789814959.381,2026-09-19 17:49:19.380,312,Underpass Unila Arah Rajabasa,161,3126,Golongan I,Sedan/Jip/Pick-up,0.796,298,315,384,404,341.8,359.7,2.26,28.44,4.19,2.21,10.8,0.96,N/A,NORMAL,LAWAN_ARAH
1789814959.381,2026-09-19 17:49:19.380,312,Underpass Unila Arah Rajabasa,161,3109,Golongan I,Sedan/Jip/Pick-up,0.663,409,283,511,391,460.7,337.3,5.2,26.91,7.77,3.5,1.9,0.94,N/A,NORMAL,KENDARAAN_BERHENTI
1789814959.381,2026-09-19 17:49:19.380,312,Underpass Unila Arah Rajabasa,161,3142,Golongan I,Sedan/Jip/Pick-up,0.732,348,599,678,719,513.5,659.1,3.38,35.12,2.28,3.5,2.0,2.75,N/A,NORMAL,NORMAL
1789814959.601,2026-09-19 17:49:19.600,312,Underpass Unila Arah Rajabasa,162,3122,Golongan I,Sedan/Jip/Pick-up,0.423,295,123,341,174,318.3,148.6,3.89,11.6,10.53,3.5,5.0,0.91,N/A,NORMAL,NORMAL
1789814959.601,2026-09-19 17:49:19.600,312,Underpass Unila Arah Rajabasa,162,3123,Golongan I,Sedan/Jip/Pick-up,0.747,332,186,405,256,368.6,221.4,4.42,19.56,8.89,3.5,2.2,1.03,N/A,NORMAL,NORMAL
1789814959.601,2026-09-19 17:49:19.600,312,Underpass Unila Arah Rajabasa,162,3065,Golongan I,Sedan/Jip/Pick-up,0.554,524,389,691,570,608.1,479.7,6.31,32.28,8.63,3.5,2.8,0.93,N/A,NORMAL,KENDARAAN_BERHENTI
1789814959.601,2026-09-19 17:49:19.600,312,Underpass Unila Arah Rajabasa,162,3126,Golongan I,Sedan/Jip/Pick-up,0.703,294,303,378,389,336.5,346.7,2.24,27.93,4.3,2.24,10.7,0.97,N/A,NORMAL,LAWAN_ARAH
1789814959.601,2026-09-19 17:49:19.600,312,Underpass Unila Arah Rajabasa,162,3109,Golongan I,Sedan/Jip/Pick-up,0.648,411,285,513,393,462.5,339.3,5.22,26.99,7.71,3.5,2.0,0.94,N/A,NORMAL,KENDARAAN_BERHENTI
1789814959.601,2026-09-19 17:49:19.600,312,Underpass Unila Arah Rajabasa,162,3142,Golongan I,Sedan/Jip/Pick-up,0.729,305,571,701,718,503.6,645.0,3.25,35.11,2.99,3.5,2.0,2.7,N/A,NORMAL,NORMAL
1789814959.779,2026-09-19 17:49:19.779,312,Underpass Unila Arah Rajabasa,163,3122,Golongan I,Sedan/Jip/Pick-up,0.293,297,124,343,175,320.4,149.8,3.96,11.66,10.51,3.5,4.6,0.91,N/A,NORMAL,NORMAL
1789814959.779,2026-09-19 17:49:19.779,312,Underpass Unila Arah Rajabasa,163,3123,Golongan I,Sedan/Jip/Pick-up,0.707,332,186,406,258,369.5,222.5,4.43,19.68,9.1,3.5,2.2,1.03,N/A,NORMAL,NORMAL
1789814959.779,2026-09-19 17:49:19.779,312,Underpass Unila Arah Rajabasa,163,3065,Golongan I,Sedan/Jip/Pick-up,0.523,528,394,694,573,611.7,484.1,6.34,32.36,8.41,3.5,2.6,0.93,N/A,NORMAL,KENDARAAN_BERHENTI
1789814959.779,2026-09-19 17:49:19.779,312,Underpass Unila Arah Rajabasa,163,3126,Golongan I,Sedan/Jip/Pick-up,0.752,290,294,369,375,329.9,335.2,2.18,27.42,4.25,2.17,10.6,0.97,N/A,NORMAL,LAWAN_ARAH
1789814959.779,2026-09-19 17:49:19.779,312,Underpass Unila Arah Rajabasa,163,3109,Golongan I,Sedan/Jip/Pick-up,0.666,413,287,515,395,464.1,341.8,5.23,27.09,7.65,3.5,2.1,0.94,N/A,NORMAL,KENDARAAN_BERHENTI
1789814959.779,2026-09-19 17:49:19.779,312,Underpass Unila Arah Rajabasa,163,3142,Golongan I,Sedan/Jip/Pick-up,0.696,264,545,718,717,491.4,631.5,3.09,35.11,3.74,3.5,2.2,2.62,N/A,NORMAL,NORMAL
1789814959.779,2026-09-19 17:49:19.779,312,Underpass Unila Arah Rajabasa,163,3127,Golongan I,Sedan/Jip/Pick-up,0.277,270,87,298,116,284.9,101.6,3.39,2.47,8.71,3.5,0.0,0.96,N/A,NORMAL,NORMAL
1789814959.965,2026-09-19 17:49:19.965,312,Underpass Unila Arah Rajabasa,164,3122,Golongan I,Sedan/Jip/Pick-up,0.28,298,125,345,177,321.6,151.1,3.98,11.87,10.63,3.5,4.4,0.91,N/A,NORMAL,NORMAL
1789814959.965,2026-09-19 17:49:19.965,312,Underpass Unila Arah Rajabasa,164,3123,Golongan I,Sedan/Jip/Pick-up,0.752,333,187,407,259,370.4,223.3,4.44,19.76,9.05,3.5,2.1,1.03,N/A,NORMAL,NORMAL
1789814959.965,2026-09-19 17:49:19.965,312,Underpass Unila Arah Rajabasa,164,3065,Golongan I,Sedan/Jip/Pick-up,0.605,530,398,700,579,615.5,488.7,6.35,32.5,8.38,3.5,2.5,0.93,N/A,NORMAL,KENDARAAN_BERHENTI
1789814959.965,2026-09-19 17:49:19.965,312,Underpass Unila Arah Rajabasa,164,3126,Golongan I,Sedan/Jip/Pick-up,0.674,285,282,364,362,325.0,322.6,2.14,26.92,4.45,2.26,10.5,0.97,N/A,NORMAL,LAWAN_ARAH
1789814959.965,2026-09-19 17:49:19.965,312,Underpass Unila Arah Rajabasa,164,3109,Golongan I,Sedan/Jip/Pick-up,0.61,414,289,517,398,465.8,344.1,5.23,27.2,7.63,3.5,2.1,0.94,N/A,NORMAL,KENDARAAN_BERHENTI
1789814959.965,2026-09-19 17:49:19.965,312,Underpass Unila Arah Rajabasa,164,3142,Golongan I,Sedan/Jip/Pick-up,0.797,231,522,718,714,475.2,618.9,2.89,35.07,4.38,3.5,2.4,2.54,N/A,NORMAL,LAWAN_ARAH
1789814960.149,2026-09-19 17:49:20.149,312,Underpass Unila Arah Rajabasa,165,3122,Golongan I,Sedan/Jip/Pick-up,0.364,298,127,345,179,322.0,153.4,3.95,12.23,10.4,3.5,4.2,0.91,N/A,NORMAL,NORMAL
1789814960.149,2026-09-19 17:49:20.149,312,Underpass Unila Arah Rajabasa,165,3123,Golongan I,Sedan/Jip/Pick-up,0.755,333,187,409,260,371.4,224.0,4.45,19.86,9.18,3.5,2.1,1.03,N/A,NORMAL,NORMAL
1789814960.149,2026-09-19 17:49:20.149,312,Underpass Unila Arah Rajabasa,165,3065,Golongan I,Sedan/Jip/Pick-up,0.638,533,400,705,584,619.3,492.8,6.36,32.62,8.46,3.5,2.5,0.93,N/A,NORMAL,KENDARAAN_BERHENTI
1789814960.149,2026-09-19 17:49:20.149,312,Underpass Unila Arah Rajabasa,165,3126,Golongan I,Sedan/Jip/Pick-up,0.658,281,272,358,350,320.2,311.5,2.11,26.43,4.57,2.28,10.4,0.97,N/A,NORMAL,LAWAN_ARAH
1789814960.149,2026-09-19 17:49:20.149,312,Underpass Unila Arah Rajabasa,165,3109,Golongan I,Sedan/Jip/Pick-up,0.695,416,291,521,402,468.6,347.2,5.25,27.36,7.7,3.5,2.2,0.95,N/A,NORMAL,KENDARAAN_BERHENTI
1789814960.149,2026-09-19 17:49:20.149,312,Underpass Unila Arah Rajabasa,165,3142,Golongan I,Sedan/Jip/Pick-up,0.736,216,498,699,696,458.3,597.6,2.74,34.81,4.76,3.5,2.6,2.44,N/A,NORMAL,LAWAN_ARAH
1789814960.149,2026-09-19 17:49:20.149,312,Underpass Unila Arah Rajabasa,165,3127,Golongan I,Sedan/Jip/Pick-up,0.304,271,89,299,118,285.4,104.3,3.37,3.04,8.53,3.46,0.0,0.97,N/A,NORMAL,NORMAL
1789814960.332,2026-09-19 17:49:20.331,312,Underpass Unila Arah Rajabasa,166,3122,Golongan I,Sedan/Jip/Pick-up,0.499,298,128,346,181,322.7,154.8,3.95,12.43,10.46,3.5,4.1,0.91,N/A,NORMAL,NORMAL
1789814960.332,2026-09-19 17:49:20.331,312,Underpass Unila Arah Rajabasa,166,3123,Golongan I,Sedan/Jip/Pick-up,0.726,334,187,410,261,372.4,224.8,4.47,19.92,9.31,3.5,2.2,1.03,N/A,NORMAL,NORMAL
1789814960.332,2026-09-19 17:49:20.331,312,Underpass Unila Arah Rajabasa,166,3065,Golongan I,Sedan/Jip/Pick-up,0.56,537,405,710,590,623.9,498.3,6.38,32.75,8.36,3.5,2.4,0.93,N/A,NORMAL,KENDARAAN_BERHENTI
1789814960.332,2026-09-19 17:49:20.331,312,Underpass Unila Arah Rajabasa,166,3126,Golongan I,Sedan/Jip/Pick-up,0.697,276,262,351,338,314.0,300.6,2.04,25.92,4.69,2.3,10.3,0.98,N/A,NORMAL,LAWAN_ARAH
1789814960.332,2026-09-19 17:49:20.331,312,Underpass Unila Arah Rajabasa,166,3109,Golongan I,Sedan/Jip/Pick-up,0.72,417,292,523,405,470.5,349.0,5.26,27.46,7.77,3.5,2.3,0.95,N/A,NORMAL,KENDARAAN_BERHENTI
1789814960.332,2026-09-19 17:49:20.331,312,Underpass Unila Arah Rajabasa,166,3142,Golongan I,Sedan/Jip/Pick-up,0.815,217,476,668,668,442.9,572.5,2.65,34.41,4.88,3.5,2.8,2.34,N/A,NORMAL,LAWAN_ARAH
1789814960.332,2026-09-19 17:49:20.331,312,Underpass Unila Arah Rajabasa,166,3127,Golongan I,Sedan/Jip/Pick-up,0.334,271,90,300,119,285.9,104.9,3.38,3.24,8.45,3.5,0.0,0.99,N/A,NORMAL,NORMAL
1789814960.526,2026-09-19 17:49:20.526,312,Underpass Unila Arah Rajabasa,167,3122,Golongan I,Sedan/Jip/Pick-up,0.431,299,130,347,182,323.9,156.3,3.97,12.59,10.14,3.5,4.0,0.92,N/A,NORMAL,NORMAL
1789814960.526,2026-09-19 17:49:20.526,312,Underpass Unila Arah Rajabasa,167,3123,Golongan I,Sedan/Jip/Pick-up,0.628,335,188,412,262,374.1,225.5,4.51,19.98,9.28,3.5,2.2,1.03,N/A,NORMAL,NORMAL
1789814960.526,2026-09-19 17:49:20.526,312,Underpass Unila Arah Rajabasa,167,3065,Golongan I,Sedan/Jip/Pick-up,0.519,542,411,715,597,628.9,504.2,6.4,32.89,8.22,3.5,2.4,0.93,N/A,NORMAL,KENDARAAN_BERHENTI
1789814960.526,2026-09-19 17:49:20.526,312,Underpass Unila Arah Rajabasa,167,3126,Golongan I,Sedan/Jip/Pick-up,0.553,274,253,346,327,310.1,290.4,2.01,25.38,4.81,2.29,10.2,0.98,N/A,NORMAL,LAWAN_ARAH
1789814960.526,2026-09-19 17:49:20.526,312,Underpass Unila Arah Rajabasa,167,3109,Golongan I,Sedan/Jip/Pick-up,0.764,418,295,525,407,472.1,351.6,5.27,27.57,7.61,3.5,2.2,0.95,N/A,NORMAL,KENDARAAN_BERHENTI
1789814960.526,2026-09-19 17:49:20.526,312,Underpass Unila Arah Rajabasa,167,3127,Golongan I,Sedan/Jip/Pick-up,0.352,271,89,301,120,286.2,105.0,3.38,3.32,9.07,3.5,2.7,0.99,N/A,NORMAL,NORMAL
1789814960.758,2026-09-19 17:49:20.758,312,Underpass Unila Arah Rajabasa,168,3122,Golongan I,Sedan/Jip/Pick-up,0.551,300,131,348,183,324.8,157.4,4.01,12.64,10.07,3.5,3.9,0.92,N/A,NORMAL,NORMAL
1789814960.758,2026-09-19 17:49:20.758,312,Underpass Unila Arah Rajabasa,168,3123,Golongan I,Sedan/Jip/Pick-up,0.625,336,189,413,263,375.1,226.7,4.54,20.01,9.23,3.5,2.1,1.03,N/A,NORMAL,KENDARAAN_BERHENTI
1789814960.758,2026-09-19 17:49:20.758,312,Underpass Unila Arah Rajabasa,168,3065,Golongan I,Sedan/Jip/Pick-up,0.512,543,414,720,603,632.1,509.2,6.38,33.03,8.24,3.5,2.4,0.93,N/A,NORMAL,KENDARAAN_BERHENTI
1789814960.758,2026-09-19 17:49:20.758,312,Underpass Unila Arah Rajabasa,168,3126,Golongan I,Sedan/Jip/Pick-up,0.523,270,246,339,316,305.1,281.9,1.95,24.91,4.74,2.26,10.0,0.98,N/A,NORMAL,LAWAN_ARAH
1789814960.758,2026-09-19 17:49:20.758,312,Underpass Unila Arah Rajabasa,168,3109,Golongan I,Sedan/Jip/Pick-up,0.74,421,297,528,410,474.7,354.0,5.3,27.67,7.62,3.5,2.2,0.94,N/A,NORMAL,KENDARAAN_BERHENTI
1789814960.758,2026-09-19 17:49:20.758,312,Underpass Unila Arah Rajabasa,168,3127,Golongan I,Sedan/Jip/Pick-up,0.338,272,91,301,120,287.2,106.3,3.42,3.4,8.38,3.5,2.5,1.0,N/A,NORMAL,NORMAL
1789814960.758,2026-09-19 17:49:20.758,312,Underpass Unila Arah Rajabasa,168,3156,Golongan I,Sedan/Jip/Pick-up,0.718,337,439,488,603,412.9,521.4,2.51,33.35,4.3,2.81,0.0,0.92,N/A,NORMAL,NORMAL
1789814960.94,2026-09-19 17:49:20.939,312,Underpass Unila Arah Rajabasa,169,3122,Golongan I,Sedan/Jip/Pick-up,0.458,301,132,350,184,325.8,158.6,4.02,12.8,10.04,3.5,3.6,0.93,N/A,NORMAL,NORMAL
1789814960.94,2026-09-19 17:49:20.939,312,Underpass Unila Arah Rajabasa,169,3123,Golongan I,Sedan/Jip/Pick-up,0.698,338,191,413,263,376.0,227.6,4.56,20.02,8.92,3.5,1.9,1.04,N/A,NORMAL,KENDARAAN_BERHENTI
1789814960.94,2026-09-19 17:49:20.939,312,Underpass Unila Arah Rajabasa,169,3065,Golongan I,Sedan/Jip/Pick-up,0.478,547,416,726,609,636.8,513.1,6.41,33.15,8.37,3.5,2.4,0.93,N/A,NORMAL,KENDARAAN_BERHENTI
1789814960.94,2026-09-19 17:49:20.939,312,Underpass Unila Arah Rajabasa,169,3126,Golongan I,Sedan/Jip/Pick-up,0.555,268,238,334,305,301.1,272.2,1.92,24.36,4.77,2.24,9.9,0.98,N/A,NORMAL,LAWAN_ARAH
1789814960.94,2026-09-19 17:49:20.939,312,Underpass Unila Arah Rajabasa,169,3109,Golongan I,Sedan/Jip/Pick-up,0.693,423,298,532,414,477.8,356.4,5.33,27.79,7.78,3.5,2.1,0.94,N/A,NORMAL,KENDARAAN_BERHENTI
1789814960.94,2026-09-19 17:49:20.939,312,Underpass Unila Arah Rajabasa,169,3156,Golongan I,Sedan/Jip/Pick-up,0.771,330,423,473,578,402.2,501.4,2.46,32.9,4.33,2.74,0.0,0.92,N/A,NORMAL,NORMAL
1789814961.127,2026-09-19 17:49:21.127,312,Underpass Unila Arah Rajabasa,170,3122,Golongan I,Sedan/Jip/Pick-up,0.429,302,133,350,185,326.4,159.6,4.04,12.85,9.95,3.5,3.3,0.94,N/A,NORMAL,NORMAL
1789814961.127,2026-09-19 17:49:21.127,312,Underpass Unila Arah Rajabasa,170,3123,Golongan I,Sedan/Jip/Pick-up,0.658,338,192,413,264,375.9,228.7,4.55,20.08,8.84,3.5,1.7,1.04,N/A,NORMAL,KENDARAAN_BERHENTI
1789814961.127,2026-09-19 17:49:21.127,312,Underpass Unila Arah Rajabasa,170,3065,Golongan I,Sedan/Jip/Pick-up,0.564,553,421,732,614,642.9,517.8,6.48,33.25,8.27,3.5,2.3,0.93,N/A,NORMAL,KENDARAAN_BERHENTI
1789814961.127,2026-09-19 17:49:21.127,312,Underpass Unila Arah Rajabasa,170,3126,Golongan I,Sedan/Jip/Pick-up,0.527,266,230,330,297,298.5,263.9,1.91,23.88,4.98,2.25,9.7,0.98,N/A,NORMAL,LAWAN_ARAH
1789814961.127,2026-09-19 17:49:21.127,312,Underpass Unila Arah Rajabasa,170,3109,Golongan I,Sedan/Jip/Pick-up,0.743,425,302,535,417,480.4,360.1,5.35,27.93,7.59,3.5,2.1,0.95,N/A,NORMAL,KENDARAAN_BERHENTI
1789814961.127,2026-09-19 17:49:21.127,312,Underpass Unila Arah Rajabasa,170,3156,Golongan I,Sedan/Jip/Pick-up,0.709,323,407,456,552,390.0,479.7,2.39,32.38,4.32,2.63,9.5,0.92,N/A,NORMAL,NORMAL
1789814961.127,2026-09-19 17:49:21.127,312,Underpass Unila Arah Rajabasa,170,3127,Golongan I,Sedan/Jip/Pick-up,0.331,274,91,304,122,289.1,106.9,3.5,3.52,8.98,3.5,0.0,0.99,N/A,NORMAL,NORMAL
1789814961.319,2026-09-19 17:49:21.318,312,Underpass Unila Arah Rajabasa,171,3122,Golongan I,Sedan/Jip/Pick-up,0.477,302,134,351,186,327.1,160.8,4.04,13.04,9.87,3.5,3.2,0.95,N/A,NORMAL,NORMAL
1789814961.319,2026-09-19 17:49:21.318,312,Underpass Unila Arah Rajabasa,171,3123,Golongan I,Sedan/Jip/Pick-up,0.669,338,193,414,266,376.2,230.2,4.53,20.24,8.87,3.5,1.6,1.04,N/A,NORMAL,KENDARAAN_BERHENTI
1789814961.319,2026-09-19 17:49:21.318,312,Underpass Unila Arah Rajabasa,171,3065,Golongan I,Sedan/Jip/Pick-up,0.541,557,426,736,619,647.1,522.7,6.5,33.34,8.13,3.5,2.3,0.93,N/A,NORMAL,KENDARAAN_BERHENTI
1789814961.319,2026-09-19 17:49:21.318,312,Underpass Unila Arah Rajabasa,171,3126,Golongan I,Sedan/Jip/Pick-up,0.517,264,223,326,287,295.5,255.4,1.89,23.36,4.99,2.25,9.7,0.97,N/A,NORMAL,LAWAN_ARAH
1789814961.319,2026-09-19 17:49:21.318,312,Underpass Unila Arah Rajabasa,171,3109,Golongan I,Sedan/Jip/Pick-up,0.743,427,303,538,421,483.2,362.3,5.37,28.06,7.73,3.5,2.2,0.94,N/A,NORMAL,KENDARAAN_BERHENTI
1789814961.319,2026-09-19 17:49:21.318,312,Underpass Unila Arah Rajabasa,171,3156,Golongan I,Sedan/Jip/Pick-up,0.732,316,389,443,526,380.0,458.2,2.34,31.84,4.4,2.61,9.6,0.92,N/A,NORMAL,NORMAL
1789814961.319,2026-09-19 17:49:21.318,312,Underpass Unila Arah Rajabasa,171,3127,Golongan I,Sedan/Jip/Pick-up,0.409,272,90,305,124,289.1,107.7,3.45,4.11,9.79,3.5,0.0,0.98,N/A,NORMAL,NORMAL
1789814961.514,2026-09-19 17:49:21.513,312,Underpass Unila Arah Rajabasa,172,3122,Golongan I,Sedan/Jip/Pick-up,0.441,301,135,352,189,327.2,162.3,4.0,13.37,10.05,3.5,3.3,0.95,N/A,NORMAL,NORMAL
1789814961.514,2026-09-19 17:49:21.513,312,Underpass Unila Arah Rajabasa,172,3123,Golongan I,Sedan/Jip/Pick-up,0.757,338,194,414,266,376.5,230.2,4.54,20.22,8.71,3.5,1.4,1.05,N/A,NORMAL,KENDARAAN_BERHENTI
1789814961.514,2026-09-19 17:49:21.513,312,Underpass Unila Arah Rajabasa,172,3065,Golongan I,Sedan/Jip/Pick-up,0.559,559,430,742,626,651.3,528.3,6.49,33.49,8.13,3.5,2.3,0.93,N/A,NORMAL,KENDARAAN_BERHENTI
1789814961.514,2026-09-19 17:49:21.513,312,Underpass Unila Arah Rajabasa,172,3126,Golongan I,Sedan/Jip/Pick-up,0.469,262,216,322,278,292.4,247.6,1.87,22.8,5.06,2.26,9.6,0.97,N/A,NORMAL,LAWAN_ARAH
1789814961.514,2026-09-19 17:49:21.513,312,Underpass Unila Arah Rajabasa,172,3109,Golongan I,Sedan/Jip/Pick-up,0.715,429,305,541,424,485.8,364.9,5.4,28.16,7.73,3.5,2.2,0.95,N/A,NORMAL,KENDARAAN_BERHENTI
1789814961.514,2026-09-19 17:49:21.513,312,Underpass Unila Arah Rajabasa,172,3156,Golongan I,Sedan/Jip/Pick-up,0.853,310,375,428,503,369.6,439.5,2.28,31.31,4.37,2.5,9.7,0.93,N/A,NORMAL,NORMAL
1789814961.514,2026-09-19 17:49:21.513,312,Underpass Unila Arah Rajabasa,172,3127,Golongan I,Sedan/Jip/Pick-up,0.352,273,92,306,126,289.9,109.3,3.46,4.39,9.59,3.5,8.1,0.98,N/A,NORMAL,NORMAL
1789814961.769,2026-09-19 17:49:21.769,312,Underpass Unila Arah Rajabasa,173,3108,Golongan I,Sedan/Jip/Pick-up,0.745,362,221,444,307,403.7,264.6,4.78,22.88,8.7,3.5,0.0,0.95,N/A,NORMAL,NORMAL
1789814961.945,2026-09-19 17:49:21.945,312,Underpass Unila Arah Rajabasa,174,3167,Golongan I,Sedan/Jip/Pick-up,0.721,369,546,588,717,479.0,631.8,2.93,35.1,3.32,3.5,0.0,1.28,N/A,NORMAL,NORMAL
1789814961.945,2026-09-19 17:49:21.945,312,Underpass Unila Arah Rajabasa,174,3168,Golongan I,Sedan/Jip/Pick-up,0.688,748,633,919,720,834.0,676.6,9.02,35.18,2.64,3.5,0.0,1.98,N/A,NORMAL,NORMAL
1789814961.945,2026-09-19 17:49:21.945,312,Underpass Unila Arah Rajabasa,174,3169,Golongan I,Sedan/Jip/Pick-up,0.646,507,400,658,558,582.8,479.4,5.91,32.05,6.95,3.5,0.0,0.96,N/A,NORMAL,NORMAL
1789814961.945,2026-09-19 17:49:21.945,312,Underpass Unila Arah Rajabasa,174,3171,Golongan I,Sedan/Jip/Pick-up,0.375,291,113,327,156,309.6,135.4,3.82,9.23,9.88,3.5,0.0,0.83,N/A,NORMAL,NORMAL
1789814961.945,2026-09-19 17:49:21.945,312,Underpass Unila Arah Rajabasa,174,3173,Golongan I,Sedan/Jip/Pick-up,0.353,262,88,294,118,278.1,103.4,2.99,3.5,8.58,3.5,0.0,1.09,N/A,NORMAL,NORMAL
1789814961.945,2026-09-19 17:49:21.945,312,Underpass Unila Arah Rajabasa,174,3108,Golongan I,Sedan/Jip/Pick-up,0.741,363,223,446,309,405.0,266.6,4.78,22.99,8.61,3.5,0.0,0.96,N/A,NORMAL,NORMAL
1789814962.131,2026-09-19 17:49:22.131,312,Underpass Unila Arah Rajabasa,175,3167,Golongan I,Sedan/Jip/Pick-up,0.79,340,518,577,703,458.6,611.0,2.71,34.92,3.79,3.5,0.0,1.27,N/A,NORMAL,NORMAL
1789814962.131,2026-09-19 17:49:22.131,312,Underpass Unila Arah Rajabasa,175,3168,Golongan I,Sedan/Jip/Pick-up,0.562,757,639,917,719,837.4,679.3,9.1,35.17,2.41,3.5,0.0,1.98,N/A,NORMAL,NORMAL
1789814962.131,2026-09-19 17:49:22.131,312,Underpass Unila Arah Rajabasa,175,3169,Golongan I,Sedan/Jip/Pick-up,0.669,510,405,663,565,587.2,485.6,5.92,32.22,6.9,3.5,0.0,0.96,N/A,NORMAL,NORMAL
1789814962.131,2026-09-19 17:49:22.131,312,Underpass Unila Arah Rajabasa,175,3171,Golongan I,Sedan/Jip/Pick-up,0.422,292,115,327,157,310.2,136.3,3.84,9.29,9.5,3.42,0.0,0.83,N/A,NORMAL,NORMAL
1789814962.131,2026-09-19 17:49:22.131,312,Underpass Unila Arah Rajabasa,175,3108,Golongan I,Sedan/Jip/Pick-up,0.732,364,224,448,311,406.4,268.4,4.79,23.12,8.66,3.5,2.4,0.96,N/A,NORMAL,NORMAL
1789814962.131,2026-09-19 17:49:22.131,312,Underpass Unila Arah Rajabasa,175,3176,Golongan I,Sedan/Jip/Pick-up,0.583,223,147,277,193,250.5,170.6,1.14,16.71,5.93,2.93,0.0,1.21,N/A,NORMAL,NORMAL
1789814962.131,2026-09-19 17:49:22.131,312,Underpass Unila Arah Rajabasa,175,3110,Golongan I,Sedan/Jip/Pick-up,0.426,322,164,382,223,352.3,193.9,4.39,16.71,8.96,3.5,0.0,1.0,N/A,NORMAL,NORMAL
1789814962.321,2026-09-19 17:49:22.321,312,Underpass Unila Arah Rajabasa,176,3167,Golongan I,Sedan/Jip/Pick-up,0.657,324,486,551,666,438.0,576.3,2.59,34.38,4.05,3.5,7.6,1.26,N/A,NORMAL,NORMAL
1789814962.321,2026-09-19 17:49:22.321,312,Underpass Unila Arah Rajabasa,176,3168,Golongan I,Sedan/Jip/Pick-up,0.453,776,647,918,719,847.1,683.5,9.33,35.16,2.16,3.5,3.0,2.0,N/A,NORMAL,NORMAL
1789814962.321,2026-09-19 17:49:22.321,312,Underpass Unila Arah Rajabasa,176,3169,Golongan I,Sedan/Jip/Pick-up,0.716,515,411,671,574,593.8,493.0,5.95,32.42,6.88,3.5,3.5,0.96,N/A,NORMAL,NORMAL
1789814962.321,2026-09-19 17:49:22.321,312,Underpass Unila Arah Rajabasa,176,3171,Golongan I,Sedan/Jip/Pick-up,0.293,292,115,328,159,310.8,137.7,3.83,9.61,9.88,3.5,3.7,0.83,N/A,NORMAL,NORMAL
1789814962.321,2026-09-19 17:49:22.321,312,Underpass Unila Arah Rajabasa,176,3108,Golongan I,Sedan/Jip/Pick-up,0.764,365,226,449,313,407.5,269.9,4.82,23.17,8.55,3.5,2.2,0.97,N/A,NORMAL,NORMAL
1789814962.321,2026-09-19 17:49:22.321,312,Underpass Unila Arah Rajabasa,176,3176,Golongan I,Sedan/Jip/Pick-up,0.536,223,144,273,185,248.4,164.6,1.12,15.9,5.49,2.8,0.0,1.21,N/A,NORMAL,NORMAL
1789814962.321,2026-09-19 17:49:22.321,312,Underpass Unila Arah Rajabasa,176,3110,Golongan I,Sedan/Jip/Pick-up,0.544,322,164,383,225,352.8,195.3,4.37,16.92,9.21,3.5,0.0,1.01,N/A,NORMAL,NORMAL
1789814962.508,2026-09-19 17:49:22.508,312,Underpass Unila Arah Rajabasa,177,3167,Golongan I,Sedan/Jip/Pick-up,0.663,310,455,522,624,416.5,540.0,2.47,33.72,4.21,3.5,8.2,1.25,N/A,NORMAL,NORMAL
1789814962.508,2026-09-19 17:49:22.508,312,Underpass Unila Arah Rajabasa,177,3169,Golongan I,Sedan/Jip/Pick-up,0.735,519,416,677,580,598.6,498.7,5.97,32.57,6.81,3.5,3.4,0.96,N/A,NORMAL,NORMAL
1789814962.508,2026-09-19 17:49:22.508,312,Underpass Unila Arah Rajabasa,177,3171,Golongan I,Sedan/Jip/Pick-up,0.268,293,117,330,161,312.1,139.2,3.86,9.79,9.73,3.5,3.7,0.83,N/A,NORMAL,NORMAL
1789814962.508,2026-09-19 17:49:22.508,312,Underpass Unila Arah Rajabasa,177,3108,Golongan I,Sedan/Jip/Pick-up,0.81,366,228,450,314,408.8,271.7,4.83,23.27,8.38,3.5,2.1,0.98,N/A,NORMAL,NORMAL
1789814962.508,2026-09-19 17:49:22.508,312,Underpass Unila Arah Rajabasa,177,3176,Golongan I,Sedan/Jip/Pick-up,0.54,223,140,271,179,247.4,160.0,1.11,15.35,5.43,2.78,13.0,1.2,N/A,NORMAL,NORMAL
1789814962.508,2026-09-19 17:49:22.508,312,Underpass Unila Arah Rajabasa,177,3110,Golongan I,Sedan/Jip/Pick-up,0.628,322,165,384,226,353.2,195.8,4.37,17.0,9.14,3.5,2.8,1.01,N/A,NORMAL,NORMAL
1789814962.722,2026-09-19 17:49:22.721,312,Underpass Unila Arah Rajabasa,178,3167,Golongan I,Sedan/Jip/Pick-up,0.652,301,428,494,585,398.1,506.9,2.37,33.03,4.3,3.5,8.9,1.23,N/A,NORMAL,NORMAL
1789814962.722,2026-09-19 17:49:22.721,312,Underpass Unila Arah Rajabasa,178,3169,Golongan I,Sedan/Jip/Pick-up,0.679,525,421,683,586,604.7,504.3,6.02,32.7,6.76,3.5,3.3,0.96,N/A,NORMAL,NORMAL
1789814962.722,2026-09-19 17:49:22.721,312,Underpass Unila Arah Rajabasa,178,3171,Golongan III,Truk 3 Gandar,0.25,295,118,332,163,314.0,141.3,3.89,10.14,9.88,3.5,3.9,0.83,N/A,NORMAL,NORMAL
1789814962.722,2026-09-19 17:49:22.721,312,Underpass Unila Arah Rajabasa,178,3108,Golongan I,Sedan/Jip/Pick-up,0.781,367,230,453,317,410.9,274.1,4.84,23.44,8.38,3.5,2.1,0.98,N/A,NORMAL,NORMAL
1789814962.722,2026-09-19 17:49:22.721,312,Underpass Unila Arah Rajabasa,178,3176,Golongan I,Sedan/Jip/Pick-up,0.459,222,137,269,176,245.8,157.1,1.07,15.03,5.54,2.78,11.9,1.2,N/A,NORMAL,NORMAL
1789814962.722,2026-09-19 17:49:22.721,312,Underpass Unila Arah Rajabasa,178,3110,Golongan I,Sedan/Jip/Pick-up,0.434,321,165,384,228,353.3,196.9,4.35,17.15,9.35,3.5,2.8,1.01,N/A,NORMAL,NORMAL
1789814962.907,2026-09-19 17:49:22.907,312,Underpass Unila Arah Rajabasa,179,3167,Golongan I,Sedan/Jip/Pick-up,0.485,293,404,471,550,382.6,477.8,2.27,32.37,4.39,3.5,9.5,1.21,N/A,NORMAL,LAWAN_ARAH
1789814962.907,2026-09-19 17:49:22.907,312,Underpass Unila Arah Rajabasa,179,3169,Golongan I,Sedan/Jip/Pick-up,0.673,530,428,690,595,610.4,511.6,6.04,32.88,6.67,3.5,3.2,0.96,N/A,NORMAL,NORMAL
1789814962.907,2026-09-19 17:49:22.907,312,Underpass Unila Arah Rajabasa,179,3171,Golongan III,Truk 3 Gandar,0.281,295,118,333,165,314.5,142.1,3.88,10.41,10.25,3.5,4.1,0.83,N/A,NORMAL,NORMAL
1789814962.907,2026-09-19 17:49:22.907,312,Underpass Unila Arah Rajabasa,179,3108,Golongan I,Sedan/Jip/Pick-up,0.678,369,232,457,321,413.1,277.0,4.85,23.65,8.47,3.5,2.2,0.98,N/A,NORMAL,NORMAL
1789814962.907,2026-09-19 17:49:22.907,312,Underpass Unila Arah Rajabasa,179,3176,Golongan I,Sedan/Jip/Pick-up,0.371,217,126,269,169,243.4,147.9,1.02,14.28,6.59,3.31,11.7,1.18,N/A,NORMAL,NORMAL
1789814962.907,2026-09-19 17:49:22.907,312,Underpass Unila Arah Rajabasa,179,3110,Golongan I,Sedan/Jip/Pick-up,0.412,322,166,384,228,353.8,197.8,4.36,17.21,9.16,3.5,2.6,1.0,N/A,NORMAL,NORMAL
1789814963.095,2026-09-19 17:49:23.095,312,Underpass Unila Arah Rajabasa,180,3167,Golongan I,Sedan/Jip/Pick-up,0.677,286,382,449,519,368.4,450.9,2.19,31.69,4.49,3.35,10.1,1.2,N/A,NORMAL,LAWAN_ARAH
1789814963.095,2026-09-19 17:49:23.095,312,Underpass Unila Arah Rajabasa,180,3169,Golongan I,Sedan/Jip/Pick-up,0.793,535,433,697,602,616.6,517.8,6.08,33.02,6.65,3.5,3.2,0.96,N/A,NORMAL,NORMAL
1789814963.095,2026-09-19 17:49:23.095,312,Underpass Unila Arah Rajabasa,180,3108,Golongan I,Sedan/Jip/Pick-up,0.602,368,232,458,323,413.6,278.3,4.84,23.78,8.61,3.5,2.3,0.99,N/A,NORMAL,NORMAL
1789814963.095,2026-09-19 17:49:23.095,312,Underpass Unila Arah Rajabasa,180,3176,Golongan I,Sedan/Jip/Pick-up,0.373,215,122,266,166,241.3,144.5,0.97,13.92,6.91,3.32,11.2,1.17,N/A,NORMAL,LAWAN_ARAH
1789814963.095,2026-09-19 17:49:23.095,312,Underpass Unila Arah Rajabasa,180,3110,Golongan I,Sedan/Jip/Pick-up,0.538,323,166,386,229,355.2,198.3,4.39,17.29,9.33,3.5,2.4,1.0,N/A,NORMAL,NORMAL
1789814963.292,2026-09-19 17:49:23.292,312,Underpass Unila Arah Rajabasa,181,3167,Golongan I,Sedan/Jip/Pick-up,0.651,281,362,429,489,355.6,426.1,2.1,30.99,4.53,3.19,10.5,1.18,N/A,NORMAL,LAWAN_ARAH
1789814963.292,2026-09-19 17:49:23.292,312,Underpass Unila Arah Rajabasa,181,3169,Golongan I,Sedan/Jip/Pick-up,0.718,541,440,704,611,623.0,525.9,6.1,33.22,6.57,3.5,3.2,0.96,N/A,NORMAL,NORMAL
1789814963.292,2026-09-19 17:49:23.292,312,Underpass Unila Arah Rajabasa,181,3108,Golongan I,Sedan/Jip/Pick-up,0.679,370,235,460,326,415.7,280.6,4.86,23.9,8.47,3.5,2.4,0.99,N/A,NORMAL,NORMAL
1789814963.292,2026-09-19 17:49:23.292,312,Underpass Unila Arah Rajabasa,181,3110,Golongan I,Sedan/Jip/Pick-up,0.605,324,166,386,229,355.6,198.1,4.41,17.22,9.35,3.5,2.1,1.0,N/A,NORMAL,NORMAL
1789814963.504,2026-09-19 17:49:23.504,312,Underpass Unila Arah Rajabasa,182,3167,Golongan I,Sedan/Jip/Pick-up,0.688,278,345,411,460,344.8,403.2,2.04,30.25,4.46,3.0,10.9,1.16,N/A,NORMAL,LAWAN_ARAH
1789814963.504,2026-09-19 17:49:23.504,312,Underpass Unila Arah Rajabasa,182,3169,Golongan I,Sedan/Jip/Pick-up,0.754,546,446,711,619,628.6,533.1,6.12,33.38,6.52,3.5,3.1,0.96,N/A,NORMAL,NORMAL
1789814963.504,2026-09-19 17:49:23.504,312,Underpass Unila Arah Rajabasa,182,3108,Golongan I,Sedan/Jip/Pick-up,0.756,371,236,462,328,416.9,282.2,4.87,24.01,8.51,3.5,2.4,0.99,N/A,NORMAL,NORMAL
1789814963.504,2026-09-19 17:49:23.504,312,Underpass Unila Arah Rajabasa,182,3110,Golongan I,Sedan/Jip/Pick-up,0.596,324,166,388,230,356.5,198.7,4.42,17.34,9.5,3.5,1.9,1.0,N/A,NORMAL,NORMAL
1789814963.504,2026-09-19 17:49:23.504,312,Underpass Unila Arah Rajabasa,182,3171,Golongan I,Sedan/Jip/Pick-up,0.27,298,124,334,167,316.4,146.0,3.93,10.65,9.02,3.28,0.0,0.83,N/A,NORMAL,NORMAL
1789814963.504,2026-09-19 17:49:23.504,312,Underpass Unila Arah Rajabasa,182,3176,Golongan I,Sedan/Jip/Pick-up,0.318,211,116,261,160,236.6,138.7,0.83,13.37,7.19,3.37,0.0,1.15,N/A,NORMAL,LAWAN_ARAH
1789814963.684,2026-09-19 17:49:23.684,312,Underpass Unila Arah Rajabasa,183,3167,Golongan I,Sedan/Jip/Pick-up,0.635,272,327,398,438,335.1,383.0,1.97,29.63,4.66,2.97,11.1,1.14,N/A,NORMAL,LAWAN_ARAH
1789814963.684,2026-09-19 17:49:23.684,312,Underpass Unila Arah Rajabasa,183,3169,Golongan I,Sedan/Jip/Pick-up,0.774,550,452,719,628,635.0,540.4,6.14,33.56,6.5,3.5,3.1,0.96,N/A,NORMAL,NORMAL
1789814963.684,2026-09-19 17:49:23.684,312,Underpass Unila Arah Rajabasa,183,3108,Golongan I,Sedan/Jip/Pick-up,0.774,371,236,464,330,418.3,283.5,4.88,24.12,8.68,3.5,2.4,0.99,N/A,NORMAL,NORMAL
1789814963.684,2026-09-19 17:49:23.684,312,Underpass Unila Arah Rajabasa,183,3110,Golongan I,Sedan/Jip/Pick-up,0.602,324,166,389,231,357.0,199.3,4.42,17.44,9.63,3.5,1.8,0.99,N/A,NORMAL,NORMAL
1789814963.684,2026-09-19 17:49:23.684,312,Underpass Unila Arah Rajabasa,183,3171,Golongan I,Sedan/Jip/Pick-up,0.354,299,126,334,168,317.3,147.5,3.96,10.71,8.67,3.14,0.0,0.84,N/A,NORMAL,NORMAL
1789814963.684,2026-09-19 17:49:23.684,312,Underpass Unila Arah Rajabasa,183,3176,Golongan I,Sedan/Jip/Pick-up,0.364,212,114,259,156,235.9,135.3,0.83,12.8,7.04,3.24,0.0,1.14,N/A,NORMAL,LAWAN_ARAH
1789814963.885,2026-09-19 17:49:23.884,312,Underpass Unila Arah Rajabasa,184,3167,Golongan I,Sedan/Jip/Pick-up,0.547,266,312,382,416,324.5,364.4,1.87,28.97,4.67,2.84,11.6,1.12,N/A,NORMAL,LAWAN_ARAH
1789814963.885,2026-09-19 17:49:23.884,312,Underpass Unila Arah Rajabasa,184,3169,Golongan I,Sedan/Jip/Pick-up,0.827,555,457,726,635,641.0,546.8,6.17,33.7,6.48,3.5,3.1,0.95,N/A,NORMAL,NORMAL
1789814963.885,2026-09-19 17:49:23.884,312,Underpass Unila Arah Rajabasa,184,3108,Golongan I,Sedan/Jip/Pick-up,0.816,372,238,466,333,419.4,286.0,4.87,24.28,8.65,3.5,2.4,0.99,N/A,NORMAL,NORMAL
1789814963.885,2026-09-19 17:49:23.884,312,Underpass Unila Arah Rajabasa,184,3110,Golongan I,Sedan/Jip/Pick-up,0.541,324,166,390,233,357.9,199.6,4.44,17.54,9.87,3.5,1.8,0.99,N/A,NORMAL,NORMAL
1789814963.885,2026-09-19 17:49:23.884,312,Underpass Unila Arah Rajabasa,184,3171,Golongan I,Sedan/Jip/Pick-up,0.394,300,127,335,168,317.7,147.7,3.97,10.71,8.45,3.13,0.7,0.84,N/A,NORMAL,NORMAL
1789814963.885,2026-09-19 17:49:23.884,312,Underpass Unila Arah Rajabasa,184,3176,Golongan I,Sedan/Jip/Pick-up,0.47,214,114,257,152,235.9,133.5,0.84,12.29,6.47,3.01,10.2,1.13,N/A,NORMAL,LAWAN_ARAH
1789814964.075,2026-09-19 17:49:24.074,312,Underpass Unila Arah Rajabasa,185,3167,Golongan I,Sedan/Jip/Pick-up,0.56,263,298,371,396,317.4,347.3,1.82,28.32,4.73,2.77,12.0,1.11,N/A,NORMAL,LAWAN_ARAH
1789814964.075,2026-09-19 17:49:24.074,312,Underpass Unila Arah Rajabasa,185,3169,Golongan I,Sedan/Jip/Pick-up,0.837,561,463,734,645,648.0,554.3,6.2,33.88,6.49,3.5,3.1,0.95,N/A,NORMAL,NORMAL
1789814964.075,2026-09-19 17:49:24.074,312,Underpass Unila Arah Rajabasa,185,3108,Golongan I,Sedan/Jip/Pick-up,0.792,372,240,468,337,420.8,288.9,4.85,24.51,8.68,3.5,2.5,0.99,N/A,NORMAL,NORMAL
1789814964.075,2026-09-19 17:49:24.074,312,Underpass Unila Arah Rajabasa,185,3110,Golongan I,Sedan/Jip/Pick-up,0.568,325,167,390,234,358.3,200.8,4.43,17.64,9.8,3.5,1.7,0.98,N/A,NORMAL,NORMAL
1789814964.075,2026-09-19 17:49:24.074,312,Underpass Unila Arah Rajabasa,185,3171,Golongan I,Sedan/Jip/Pick-up,0.511,302,132,335,169,319.0,150.8,4.01,10.83,7.4,2.85,0.9,0.86,N/A,NORMAL,NORMAL
1789814964.075,2026-09-19 17:49:24.074,312,Underpass Unila Arah Rajabasa,185,3176,Golongan I,Sedan/Jip/Pick-up,0.429,213,111,256,150,234.7,131.4,0.8,12.15,6.78,3.07,9.2,1.11,N/A,NORMAL,LAWAN_ARAH
1789814964.266,2026-09-19 17:49:24.265,312,Underpass Unila Arah Rajabasa,186,3167,Golongan I,Sedan/Jip/Pick-up,0.738,258,284,360,377,309.7,330.9,1.75,27.65,4.82,2.73,12.2,1.09,N/A,NORMAL,LAWAN_ARAH
1789814964.266,2026-09-19 17:49:24.265,312,Underpass Unila Arah Rajabasa,186,3169,Golongan I,Sedan/Jip/Pick-up,0.812,567,471,740,652,654.0,562.0,6.23,34.01,6.31,3.5,3.1,0.96,N/A,NORMAL,NORMAL
1789814964.266,2026-09-19 17:49:24.265,312,Underpass Unila Arah Rajabasa,186,3108,Golongan I,Sedan/Jip/Pick-up,0.795,374,242,470,340,422.8,291.5,4.87,24.65,8.67,3.5,2.7,0.98,N/A,NORMAL,NORMAL
1789814964.266,2026-09-19 17:49:24.265,312,Underpass Unila Arah Rajabasa,186,3110,Golongan I,Sedan/Jip/Pick-up,0.386,327,169,391,235,359.3,202.5,4.45,17.73,9.56,3.5,1.6,0.98,N/A,NORMAL,NORMAL
1789814964.266,2026-09-19 17:49:24.265,312,Underpass Unila Arah Rajabasa,186,3171,Golongan I,Sedan/Jip/Pick-up,0.434,301,129,336,170,319.0,149.6,4.0,10.93,8.31,3.08,1.1,0.86,N/A,NORMAL,NORMAL
1789814964.266,2026-09-19 17:49:24.265,312,Underpass Unila Arah Rajabasa,186,3176,Golongan I,Sedan/Jip/Pick-up,0.508,212,110,254,148,233.6,129.5,0.77,11.89,6.66,3.02,8.3,1.09,N/A,NORMAL,LAWAN_ARAH
1789814964.475,2026-09-19 17:49:24.474,312,Underpass Unila Arah Rajabasa,187,3167,Golongan I,Sedan/Jip/Pick-up,0.618,257,270,352,359,305.1,315.1,1.73,26.95,4.99,2.69,12.3,1.08,N/A,NORMAL,LAWAN_ARAH
1789814964.475,2026-09-19 17:49:24.474,312,Underpass Unila Arah Rajabasa,187,3169,Golongan I,Sedan/Jip/Pick-up,0.801,572,478,748,662,660.8,570.4,6.24,34.2,6.27,3.5,3.1,0.96,N/A,NORMAL,NORMAL
1789814964.475,2026-09-19 17:49:24.474,312,Underpass Unila Arah Rajabasa,187,3108,Golongan I,Sedan/Jip/Pick-up,0.79,376,244,473,342,425.0,293.4,4.9,24.74,8.61,3.5,2.7,0.98,N/A,NORMAL,NORMAL
1789814964.475,2026-09-19 17:49:24.474,312,Underpass Unila Arah Rajabasa,187,3110,Golongan I,Sedan/Jip/Pick-up,0.428,328,170,391,235,359.9,203.0,4.47,17.73,9.38,3.5,1.4,0.97,N/A,NORMAL,NORMAL
1789814964.475,2026-09-19 17:49:24.474,312,Underpass Unila Arah Rajabasa,187,3171,Golongan I,Sedan/Jip/Pick-up,0.43,301,130,337,171,319.7,151.2,4.0,11.16,8.24,3.14,1.4,0.86,N/A,NORMAL,NORMAL
1789814964.475,2026-09-19 17:49:24.474,312,Underpass Unila Arah Rajabasa,187,3176,Golongan I,Sedan/Jip/Pick-up,0.441,213,109,249,143,231.7,126.6,0.73,11.15,6.07,2.63,8.3,1.1,N/A,NORMAL,LAWAN_ARAH
1789814964.672,2026-09-19 17:49:24.672,312,Underpass Unila Arah Rajabasa,188,3167,Golongan I,Sedan/Jip/Pick-up,0.671,254,259,344,343,299.4,301.5,1.68,26.31,5.02,2.66,12.4,1.06,N/A,NORMAL,LAWAN_ARAH
1789814964.672,2026-09-19 17:49:24.672,312,Underpass Unila Arah Rajabasa,188,3169,Golongan I,Sedan/Jip/Pick-up,0.804,578,483,757,671,667.9,577.3,6.28,34.35,6.32,3.5,3.1,0.95,N/A,NORMAL,NORMAL
1789814964.672,2026-09-19 17:49:24.672,312,Underpass Unila Arah Rajabasa,188,3108,Golongan I,Sedan/Jip/Pick-up,0.829,378,245,475,344,427.2,294.7,4.94,24.83,8.66,3.5,2.6,0.98,N/A,NORMAL,NORMAL
1789814964.672,2026-09-19 17:49:24.672,312,Underpass Unila Arah Rajabasa,188,3110,Golongan I,Sedan/Jip/Pick-up,0.334,329,170,392,236,361.0,203.6,4.49,17.8,9.52,3.5,1.4,0.97,N/A,NORMAL,NORMAL
1789814964.672,2026-09-19 17:49:24.672,312,Underpass Unila Arah Rajabasa,188,3171,Golongan I,Sedan/Jip/Pick-up,0.328,300,127,339,173,320.1,150.3,3.99,11.33,9.35,3.46,1.7,0.86,N/A,NORMAL,NORMAL
1789814964.672,2026-09-19 17:49:24.672,312,Underpass Unila Arah Rajabasa,188,3176,Golongan I,Sedan/Jip/Pick-up,0.343,212,105,249,139,231.2,122.8,0.72,10.66,6.31,2.8,8.3,1.08,N/A,NORMAL,LAWAN_ARAH
1789814964.863,2026-09-19 17:49:24.863,312,Underpass Unila Arah Rajabasa,189,3167,Golongan I,Sedan/Jip/Pick-up,0.494,252,248,336,328,294.2,288.5,1.64,25.63,5.09,2.6,12.4,1.06,N/A,NORMAL,LAWAN_ARAH
1789814964.863,2026-09-19 17:49:24.863,312,Underpass Unila Arah Rajabasa,189,3169,Golongan I,Sedan/Jip/Pick-up,0.823,584,489,765,679,674.9,584.7,6.31,34.5,6.29,3.5,3.1,0.95,N/A,NORMAL,NORMAL
1789814964.863,2026-09-19 17:49:24.863,312,Underpass Unila Arah Rajabasa,189,3108,Golongan I,Sedan/Jip/Pick-up,0.778,379,247,477,346,428.8,297.1,4.94,24.96,8.58,3.5,2.5,0.99,N/A,NORMAL,KENDARAAN_BERHENTI
1789814964.863,2026-09-19 17:49:24.863,312,Underpass Unila Arah Rajabasa,189,3110,Golongan I,Sedan/Jip/Pick-up,0.252,328,170,394,237,361.5,203.7,4.5,17.87,9.66,3.5,1.3,0.97,N/A,NORMAL,NORMAL
1789814964.863,2026-09-19 17:49:24.863,312,Underpass Unila Arah Rajabasa,189,3171,Golongan I,Sedan/Jip/Pick-up,0.256,299,126,340,174,320.3,150.5,3.97,11.55,9.78,3.5,2.0,0.85,N/A,NORMAL,NORMAL
1789814964.863,2026-09-19 17:49:24.863,312,Underpass Unila Arah Rajabasa,189,3176,Golongan I,Sedan/Jip/Pick-up,0.301,212,103,247,137,230.0,120.4,0.68,10.29,6.41,2.69,8.3,1.08,N/A,NORMAL,LAWAN_ARAH
1789814964.863,2026-09-19 17:49:24.863,312,Underpass Unila Arah Rajabasa,189,3196,Golongan I,Sedan/Jip/Pick-up,0.42,266,97,302,131,284.6,114.4,3.08,6.03,8.77,3.5,0.0,1.02,N/A,NORMAL,NORMAL
1789814965.056,2026-09-19 17:49:25.056,312,Underpass Unila Arah Rajabasa,190,3167,Golongan I,Sedan/Jip/Pick-up,0.513,249,238,328,314,288.7,276.4,1.58,24.99,5.13,2.55,12.3,1.04,N/A,NORMAL,LAWAN_ARAH
1789814965.056,2026-09-19 17:49:25.056,312,Underpass Unila Arah Rajabasa,190,3169,Golongan I,Sedan/Jip/Pick-up,0.83,589,495,773,688,681.9,592.1,6.34,34.65,6.28,3.5,3.0,0.95,N/A,NORMAL,KENDARAAN_BERHENTI
1789814965.056,2026-09-19 17:49:25.056,312,Underpass Unila Arah Rajabasa,190,3108,Golongan I,Sedan/Jip/Pick-up,0.77,381,250,479,349,430.6,300.0,4.95,25.11,8.44,3.5,2.5,0.99,N/A,NORMAL,KENDARAAN_BERHENTI
1789814965.056,2026-09-19 17:49:25.056,312,Underpass Unila Arah Rajabasa,190,3171,Golongan III,Truk 3 Gandar,0.276,299,126,341,175,320.6,151.2,3.96,11.71,9.96,3.5,2.2,0.84,N/A,NORMAL,NORMAL
1789814965.056,2026-09-19 17:49:25.056,312,Underpass Unila Arah Rajabasa,190,3196,Golongan I,Sedan/Jip/Pick-up,0.265,267,98,303,134,285.2,116.5,3.07,6.48,9.12,3.5,0.0,1.02,N/A,NORMAL,NORMAL
1789814965.256,2026-09-19 17:49:25.255,312,Underpass Unila Arah Rajabasa,191,3167,Golongan I,Sedan/Jip/Pick-up,0.672,247,228,322,301,285.3,265.1,1.56,24.33,5.24,2.53,12.3,1.02,N/A,NORMAL,LAWAN_ARAH
1789814965.256,2026-09-19 17:49:25.255,312,Underpass Unila Arah Rajabasa,191,3169,Golongan I,Sedan/Jip/Pick-up,0.814,597,503,781,697,689.6,600.5,6.38,34.8,6.18,3.5,3.0,0.95,N/A,NORMAL,KENDARAAN_BERHENTI
1789814965.256,2026-09-19 17:49:25.255,312,Underpass Unila Arah Rajabasa,191,3108,Golongan I,Sedan/Jip/Pick-up,0.779,382,252,482,354,432.6,303.6,4.94,25.35,8.55,3.5,2.6,0.98,N/A,NORMAL,KENDARAAN_BERHENTI
1789814965.256,2026-09-19 17:49:25.255,312,Underpass Unila Arah Rajabasa,191,3196,Golongan I,Sedan/Jip/Pick-up,0.252,267,98,301,132,284.5,115.7,3.06,6.19,8.66,3.5,1.5,1.02,N/A,NORMAL,NORMAL
1789814965.494,2026-09-19 17:49:25.494,312,Underpass Unila Arah Rajabasa,192,3167,Golongan I,Sedan/Jip/Pick-up,0.526,245,217,318,289,282.1,253.7,1.54,23.69,5.53,2.6,12.1,1.0,N/A,NORMAL,LAWAN_ARAH
1789814965.494,2026-09-19 17:49:25.494,312,Underpass Unila Arah Rajabasa,192,3169,Golongan I,Sedan/Jip/Pick-up,0.817,603,510,788,705,696.1,608.2,6.41,34.93,6.1,3.5,2.9,0.95,N/A,NORMAL,KENDARAAN_BERHENTI
1789814965.494,2026-09-19 17:49:25.494,312,Underpass Unila Arah Rajabasa,192,3108,Golongan I,Sedan/Jip/Pick-up,0.748,383,255,484,357,434.0,306.7,4.93,25.51,8.41,3.5,2.7,0.98,N/A,NORMAL,KENDARAAN_BERHENTI
1789814965.494,2026-09-19 17:49:25.494,312,Underpass Unila Arah Rajabasa,192,3176,Golongan I,Sedan/Jip/Pick-up,0.389,208,96,243,129,226.5,112.7,0.58,9.2,6.62,2.85,0.0,1.06,N/A,NORMAL,LAWAN_ARAH
1789814965.751,2026-09-19 17:49:25.751,312,Underpass Unila Arah Rajabasa,193,3123,Golongan I,Sedan/Jip/Pick-up,0.694,353,204,444,293,398.8,249.2,4.84,21.95,10.13,3.5,0.0,1.01,N/A,NORMAL,KENDARAAN_BERHENTI
1789814965.751,2026-09-19 17:49:25.751,312,Underpass Unila Arah Rajabasa,193,3109,Golongan I,Sedan/Jip/Pick-up,0.759,467,355,609,505,538.5,430.4,5.59,30.73,7.72,3.5,0.0,0.95,N/A,NORMAL,KENDARAAN_BERHENTI
1789814965.936,2026-09-19 17:49:25.936,312,Underpass Unila Arah Rajabasa,194,3206,Golongan I,Sedan/Jip/Pick-up,0.485,202,79,234,113,218.7,96.5,0.32,6.82,7.9,3.01,0.0,0.94,N/A,NORMAL,NORMAL
1789814965.936,2026-09-19 17:49:25.936,312,Underpass Unila Arah Rajabasa,194,3207,Golongan I,Sedan/Jip/Pick-up,0.318,278,116,316,153,297.1,135.0,3.29,9.43,8.02,3.5,0.0,1.0,N/A,NORMAL,NORMAL
1789814965.936,2026-09-19 17:49:25.936,312,Underpass Unila Arah Rajabasa,194,3208,Golongan I,Sedan/Jip/Pick-up,0.337,313,146,360,199,336.9,173.0,4.21,14.39,9.22,3.5,0.0,0.89,N/A,NORMAL,NORMAL
1789814965.936,2026-09-19 17:49:25.936,312,Underpass Unila Arah Rajabasa,194,3123,Golongan I,Sedan/Jip/Pick-up,0.608,356,205,444,295,400.6,250.5,4.88,22.01,10.16,3.5,0.0,1.0,N/A,NORMAL,KENDARAAN_BERHENTI
1789814965.936,2026-09-19 17:49:25.936,312,Underpass Unila Arah Rajabasa,194,3109,Golongan I,Sedan/Jip/Pick-up,0.702,469,359,614,511,541.6,435.2,5.59,30.89,7.68,3.5,0.0,0.96,N/A,NORMAL,KENDARAAN_BERHENTI
1789814966.137,2026-09-19 17:49:26.136,312,Underpass Unila Arah Rajabasa,195,3206,Golongan I,Sedan/Jip/Pick-up,0.436,203,79,232,110,217.9,95.3,0.29,6.37,7.29,2.76,0.0,0.95,N/A,NORMAL,NORMAL
1789814966.137,2026-09-19 17:49:26.136,312,Underpass Unila Arah Rajabasa,195,3207,Golongan I,Sedan/Jip/Pick-up,0.275,278,116,316,154,297.7,135.7,3.31,9.52,8.19,3.49,0.0,1.0,N/A,NORMAL,NORMAL
1789814966.137,2026-09-19 17:49:26.136,312,Underpass Unila Arah Rajabasa,195,3208,Golongan I,Sedan/Jip/Pick-up,0.294,312,144,361,200,337.1,172.5,4.21,14.44,9.81,3.5,0.0,0.89,N/A,NORMAL,NORMAL
1789814966.137,2026-09-19 17:49:26.136,312,Underpass Unila Arah Rajabasa,195,3123,Golongan I,Sedan/Jip/Pick-up,0.71,358,207,445,296,402.0,252.0,4.91,22.09,9.96,3.5,1.4,0.99,N/A,NORMAL,KENDARAAN_BERHENTI
1789814966.137,2026-09-19 17:49:26.136,312,Underpass Unila Arah Rajabasa,195,3109,Golongan I,Sedan/Jip/Pick-up,0.694,472,363,618,515,545.2,439.8,5.61,31.01,7.58,3.5,2.7,0.96,N/A,NORMAL,KENDARAAN_BERHENTI
1789814966.137,2026-09-19 17:49:26.136,312,Underpass Unila Arah Rajabasa,195,3210,Golongan I,Sedan/Jip/Pick-up,0.747,426,619,659,718,542.8,669.0,3.8,35.13,1.83,3.5,0.0,2.34,N/A,NORMAL,NORMAL
1789814966.319,2026-09-19 17:49:26.318,312,Underpass Unila Arah Rajabasa,196,3206,Golongan I,Sedan/Jip/Pick-up,0.291,202,76,232,107,217.5,92.1,0.28,5.84,7.53,2.95,9.2,0.94,N/A,NORMAL,NORMAL
1789814966.319,2026-09-19 17:49:26.318,312,Underpass Unila Arah Rajabasa,196,3207,Golongan I,Sedan/Jip/Pick-up,0.291,278,115,318,155,298.3,135.9,3.32,9.67,8.68,3.5,2.3,1.0,N/A,NORMAL,NORMAL
1789814966.319,2026-09-19 17:49:26.318,312,Underpass Unila Arah Rajabasa,196,3208,Golongan I,Sedan/Jip/Pick-up,0.284,312,144,363,201,338.1,172.8,4.23,14.52,9.99,3.5,1.2,0.89,N/A,NORMAL,NORMAL
1789814966.319,2026-09-19 17:49:26.318,312,Underpass Unila Arah Rajabasa,196,3123,Golongan I,Sedan/Jip/Pick-up,0.707,360,208,447,297,403.8,253.2,4.94,22.15,9.95,3.5,1.4,0.98,N/A,NORMAL,KENDARAAN_BERHENTI
1789814966.319,2026-09-19 17:49:26.318,312,Underpass Unila Arah Rajabasa,196,3109,Golongan I,Sedan/Jip/Pick-up,0.565,475,367,623,521,549.2,444.2,5.64,31.15,7.55,3.5,2.7,0.96,N/A,NORMAL,KENDARAAN_BERHENTI
1789814966.319,2026-09-19 17:49:26.318,312,Underpass Unila Arah Rajabasa,196,3210,Golongan I,Sedan/Jip/Pick-up,0.514,383,592,677,719,530.8,655.8,3.62,35.13,2.47,3.5,0.0,2.32,N/A,NORMAL,NORMAL
1789814966.512,2026-09-19 17:49:26.512,312,Underpass Unila Arah Rajabasa,197,3207,Golongan I,Sedan/Jip/Pick-up,0.314,278,115,319,157,298.8,136.3,3.32,9.86,9.05,3.5,2.5,1.0,N/A,NORMAL,NORMAL
1789814966.512,2026-09-19 17:49:26.512,312,Underpass Unila Arah Rajabasa,197,3208,Golongan I,Sedan/Jip/Pick-up,0.29,314,145,364,201,339.3,173.9,4.27,14.56,9.82,3.5,1.2,0.88,N/A,NORMAL,NORMAL
1789814966.512,2026-09-19 17:49:26.512,312,Underpass Unila Arah Rajabasa,197,3123,Golongan I,Sedan/Jip/Pick-up,0.637,361,210,449,300,405.5,255.5,4.96,22.32,9.92,3.5,1.6,0.98,N/A,NORMAL,KENDARAAN_BERHENTI
1789814966.512,2026-09-19 17:49:26.512,312,Underpass Unila Arah Rajabasa,197,3109,Golongan I,Sedan/Jip/Pick-up,0.626,478,371,628,527,553.3,449.5,5.65,31.31,7.53,3.5,2.7,0.97,N/A,NORMAL,KENDARAAN_BERHENTI
1789814966.512,2026-09-19 17:49:26.512,312,Underpass Unila Arah Rajabasa,197,3210,Golongan I,Sedan/Jip/Pick-up,0.641,332,561,691,718,512.2,639.8,3.37,35.12,3.25,3.5,4.1,2.28,N/A,NORMAL,NORMAL
1789814966.71,2026-09-19 17:49:26.710,312,Underpass Unila Arah Rajabasa,198,3207,Golongan I,Sedan/Jip/Pick-up,0.279,277,114,320,157,298.9,135.9,3.32,9.87,9.33,3.5,2.3,1.0,N/A,NORMAL,NORMAL
1789814966.71,2026-09-19 17:49:26.710,312,Underpass Unila Arah Rajabasa,198,3208,Golongan I,Sedan/Jip/Pick-up,0.252,314,146,364,203,339.8,174.9,4.26,14.73,9.85,3.5,1.4,0.88,N/A,NORMAL,NORMAL
1789814966.71,2026-09-19 17:49:26.710,312,Underpass Unila Arah Rajabasa,198,3123,Golongan I,Sedan/Jip/Pick-up,0.659,362,211,452,304,407.6,258.4,4.95,22.6,10.14,3.5,1.9,0.97,N/A,NORMAL,KENDARAAN_BERHENTI
1789814966.71,2026-09-19 17:49:26.710,312,Underpass Unila Arah Rajabasa,198,3109,Golongan I,Sedan/Jip/Pick-up,0.612,481,376,633,533,557.3,455.2,5.66,31.49,7.43,3.5,2.8,0.97,N/A,NORMAL,KENDARAAN_BERHENTI
1789814966.71,2026-09-19 17:49:26.710,312,Underpass Unila Arah Rajabasa,198,3210,Golongan I,Sedan/Jip/Pick-up,0.661,285,529,696,714,491.1,622.1,3.1,35.06,4.09,3.5,4.2,2.23,N/A,NORMAL,NORMAL
1789814966.892,2026-09-19 17:49:26.891,312,Underpass Unila Arah Rajabasa,199,3208,Golongan I,Sedan/Jip/Pick-up,0.295,315,147,365,203,340.8,175.6,4.29,14.75,9.66,3.5,1.4,0.88,N/A,NORMAL,NORMAL
1789814966.892,2026-09-19 17:49:26.891,312,Underpass Unila Arah Rajabasa,199,3123,Golongan I,Sedan/Jip/Pick-up,0.646,364,213,454,307,409.5,260.9,4.96,22.78,10.11,3.5,2.2,0.96,N/A,NORMAL,KENDARAAN_BERHENTI
1789814966.892,2026-09-19 17:49:26.891,312,Underpass Unila Arah Rajabasa,199,3109,Golongan I,Sedan/Jip/Pick-up,0.635,484,381,639,540,561.7,460.9,5.67,31.66,7.37,3.5,2.8,0.97,N/A,NORMAL,KENDARAAN_BERHENTI
1789814966.892,2026-09-19 17:49:26.891,312,Underpass Unila Arah Rajabasa,199,3210,Golongan I,Sedan/Jip/Pick-up,0.698,266,502,675,690,471.0,596.2,2.94,34.72,4.44,3.5,4.3,2.17,N/A,NORMAL,NORMAL
1789814967.078,2026-09-19 17:49:27.078,312,Underpass Unila Arah Rajabasa,200,3208,Golongan I,Sedan/Jip/Pick-up,0.327,314,147,365,204,340.2,176.0,4.25,14.91,9.78,3.5,1.5,0.88,N/A,NORMAL,NORMAL
1789814967.078,2026-09-19 17:49:27.078,312,Underpass Unila Arah Rajabasa,200,3123,Golongan I,Sedan/Jip/Pick-up,0.532,366,215,456,310,411.5,263.2,4.98,22.94,10.09,3.5,2.4,0.95,N/A,NORMAL,KENDARAAN_BERHENTI
1789814967.078,2026-09-19 17:49:27.078,312,Underpass Unila Arah Rajabasa,200,3109,Golongan I,Sedan/Jip/Pick-up,0.722,487,384,644,546,565.9,465.8,5.69,31.8,7.42,3.5,2.9,0.97,N/A,NORMAL,KENDARAAN_BERHENTI
1789814967.078,2026-09-19 17:49:27.078,312,Underpass Unila Arah Rajabasa,200,3210,Golongan I,Sedan/Jip/Pick-up,0.755,259,475,643,657,451.1,566.2,2.82,34.23,4.62,3.5,4.6,2.11,N/A,NORMAL,LAWAN_ARAH
1789814967.272,2026-09-19 17:49:27.271,312,Underpass Unila Arah Rajabasa,201,3208,Golongan I,Sedan/Jip/Pick-up,0.416,314,147,366,205,340.5,176.8,4.24,15.02,9.93,3.5,1.6,0.88,N/A,NORMAL,NORMAL
1789814967.272,2026-09-19 17:49:27.271,312,Underpass Unila Arah Rajabasa,201,3123,Golongan I,Sedan/Jip/Pick-up,0.507,366,216,459,313,413.1,265.2,4.98,23.13,10.21,3.5,2.6,0.95,N/A,NORMAL,KENDARAAN_BERHENTI
1789814967.272,2026-09-19 17:49:27.271,312,Underpass Unila Arah Rajabasa,201,3109,Golongan I,Sedan/Jip/Pick-up,0.628,490,388,649,552,570.2,470.5,5.71,31.93,7.39,3.5,2.9,0.97,N/A,NORMAL,KENDARAAN_BERHENTI
1789814967.272,2026-09-19 17:49:27.271,312,Underpass Unila Arah Rajabasa,201,3207,Golongan I,Sedan/Jip/Pick-up,0.317,281,121,318,159,299.7,140.5,3.32,10.14,7.84,3.26,0.0,1.0,N/A,NORMAL,NORMAL
1789814967.499,2026-09-19 17:49:27.498,312,Underpass Unila Arah Rajabasa,202,3208,Golongan I,Sedan/Jip/Pick-up,0.445,315,148,366,206,341.1,177.4,4.26,15.08,9.84,3.5,1.6,0.87,N/A,NORMAL,NORMAL
1789814967.499,2026-09-19 17:49:27.498,312,Underpass Unila Arah Rajabasa,202,3123,Golongan I,Sedan/Jip/Pick-up,0.46,368,218,460,316,414.6,267.7,4.98,23.3,10.17,3.5,2.7,0.94,N/A,NORMAL,KENDARAAN_BERHENTI
1789814967.499,2026-09-19 17:49:27.498,312,Underpass Unila Arah Rajabasa,202,3109,Golongan I,Sedan/Jip/Pick-up,0.704,494,393,654,558,574.6,475.6,5.74,32.07,7.3,3.5,2.8,0.98,N/A,NORMAL,KENDARAAN_BERHENTI
1789814967.499,2026-09-19 17:49:27.498,312,Underpass Unila Arah Rajabasa,202,3224,Golongan I,Sedan/Jip/Pick-up,0.692,346,428,487,581,417.2,505.0,2.67,32.93,4.3,2.75,0.0,0.92,N/A,NORMAL,NORMAL
1789814967.499,2026-09-19 17:49:27.498,312,Underpass Unila Arah Rajabasa,202,3207,Golongan I,Sedan/Jip/Pick-up,0.402,278,117,320,159,299.5,138.6,3.31,10.2,8.87,3.5,0.0,1.0,N/A,NORMAL,NORMAL
1789814967.69,2026-09-19 17:49:27.689,312,Underpass Unila Arah Rajabasa,203,3208,Golongan I,Sedan/Jip/Pick-up,0.464,315,148,367,207,341.5,177.9,4.26,15.16,10.0,3.5,1.6,0.87,N/A,NORMAL,NORMAL
1789814967.69,2026-09-19 17:49:27.689,312,Underpass Unila Arah Rajabasa,203,3123,Golongan I,Sedan/Jip/Pick-up,0.536,370,221,463,320,416.8,271.1,4.99,23.51,10.08,3.5,2.8,0.94,N/A,NORMAL,KENDARAAN_BERHENTI
1789814967.69,2026-09-19 17:49:27.689,312,Underpass Unila Arah Rajabasa,203,3109,Golongan I,Sedan/Jip/Pick-up,0.63,497,397,660,563,579.1,480.4,5.76,32.2,7.26,3.5,2.8,0.98,N/A,NORMAL,KENDARAAN_BERHENTI
1789814967.69,2026-09-19 17:49:27.689,312,Underpass Unila Arah Rajabasa,203,3224,Golongan I,Sedan/Jip/Pick-up,0.656,337,411,469,554,403.8,482.7,2.6,32.39,4.29,2.65,0.0,0.92,N/A,NORMAL,NORMAL
1789814967.69,2026-09-19 17:49:27.689,312,Underpass Unila Arah Rajabasa,203,3207,Golongan I,Sedan/Jip/Pick-up,0.355,278,116,320,158,299.2,137.7,3.3,10.15,8.97,3.5,0.2,0.99,N/A,NORMAL,NORMAL
1789814967.895,2026-09-19 17:49:27.895,312,Underpass Unila Arah Rajabasa,204,3208,Golongan I,Sedan/Jip/Pick-up,0.491,317,150,367,207,342.8,179.0,4.3,15.18,9.58,3.5,1.6,0.87,N/A,NORMAL,NORMAL
1789814967.895,2026-09-19 17:49:27.895,312,Underpass Unila Arah Rajabasa,204,3123,Golongan I,Sedan/Jip/Pick-up,0.639,372,224,465,323,419.0,274.1,5.01,23.69,9.91,3.5,3.0,0.94,N/A,NORMAL,KENDARAAN_BERHENTI
1789814967.895,2026-09-19 17:49:27.895,312,Underpass Unila Arah Rajabasa,204,3109,Golongan I,Sedan/Jip/Pick-up,0.714,502,401,666,569,584.4,485.7,5.8,32.34,7.26,3.5,2.8,0.98,N/A,NORMAL,KENDARAAN_BERHENTI
1789814967.895,2026-09-19 17:49:27.895,312,Underpass Unila Arah Rajabasa,204,3224,Golongan I,Sedan/Jip/Pick-up,0.682,330,390,452,522,391.5,456.6,2.55,31.71,4.34,2.57,11.1,0.92,N/A,NORMAL,NORMAL
1789814967.895,2026-09-19 17:49:27.895,312,Underpass Unila Arah Rajabasa,204,3207,Golongan I,Sedan/Jip/Pick-up,0.323,278,115,320,158,299.4,137.4,3.32,10.12,9.24,3.5,0.2,0.98,N/A,NORMAL,NORMAL
1789814968.098,2026-09-19 17:49:28.098,312,Underpass Unila Arah Rajabasa,205,3208,Golongan I,Sedan/Jip/Pick-up,0.497,317,150,368,208,342.6,179.6,4.27,15.32,9.73,3.5,1.6,0.87,N/A,NORMAL,NORMAL
1789814968.098,2026-09-19 17:49:28.098,312,Underpass Unila Arah Rajabasa,205,3123,Golongan I,Sedan/Jip/Pick-up,0.592,374,226,467,326,420.9,276.1,5.03,23.82,9.88,3.5,3.2,0.94,N/A,NORMAL,KENDARAAN_BERHENTI
1789814968.098,2026-09-19 17:49:28.098,312,Underpass Unila Arah Rajabasa,205,3109,Golongan I,Sedan/Jip/Pick-up,0.763,505,405,672,576,588.8,491.4,5.81,32.5,7.28,3.5,2.8,0.98,N/A,NORMAL,KENDARAAN_BERHENTI
1789814968.098,2026-09-19 17:49:28.098,312,Underpass Unila Arah Rajabasa,205,3224,Golongan I,Sedan/Jip/Pick-up,0.494,320,370,436,496,378.8,433.3,2.47,31.09,4.49,2.55,11.1,0.92,N/A,NORMAL,NORMAL
1789814968.098,2026-09-19 17:49:28.098,312,Underpass Unila Arah Rajabasa,205,3207,Golongan I,Sedan/Jip/Pick-up,0.304,278,115,320,158,299.5,137.4,3.32,10.13,9.24,3.5,0.1,0.98,N/A,NORMAL,NORMAL
1789814968.301,2026-09-19 17:49:28.300,312,Underpass Unila Arah Rajabasa,206,3208,Golongan I,Sedan/Jip/Pick-up,0.427,316,149,369,210,343.0,180.3,4.25,15.53,10.21,3.5,1.7,0.87,N/A,NORMAL,NORMAL
1789814968.301,2026-09-19 17:49:28.300,312,Underpass Unila Arah Rajabasa,206,3123,Golongan I,Sedan/Jip/Pick-up,0.486,376,227,471,329,423.7,278.4,5.07,23.96,10.04,3.5,3.2,0.93,N/A,NORMAL,KENDARAAN_BERHENTI
1789814968.301,2026-09-19 17:49:28.300,312,Underpass Unila Arah Rajabasa,206,3109,Golongan I,Sedan/Jip/Pick-up,0.737,510,412,676,581,593.7,496.8,5.85,32.6,7.03,3.5,2.7,0.98,N/A,NORMAL,KENDARAAN_BERHENTI
1789814968.301,2026-09-19 17:49:28.300,312,Underpass Unila Arah Rajabasa,206,3224,Golongan I,Sedan/Jip/Pick-up,0.719,313,353,421,470,367.7,412.0,2.41,30.43,4.5,2.48,11.2,0.93,N/A,NORMAL,NORMAL
1789814968.301,2026-09-19 17:49:28.300,312,Underpass Unila Arah Rajabasa,206,3207,Golongan I,Sedan/Jip/Pick-up,0.412,279,116,321,159,300.2,138.0,3.34,10.18,9.18,3.5,0.1,0.97,N/A,NORMAL,NORMAL
1789814968.497,2026-09-19 17:49:28.497,312,Underpass Unila Arah Rajabasa,207,3208,Golongan I,Sedan/Jip/Pick-up,0.457,318,150,370,211,344.5,180.9,4.31,15.53,10.17,3.5,1.7,0.87,N/A,NORMAL,NORMAL
1789814968.497,2026-09-19 17:49:28.497,312,Underpass Unila Arah Rajabasa,207,3123,Golongan I,Sedan/Jip/Pick-up,0.559,377,229,474,332,426.2,280.9,5.09,24.14,10.02,3.5,3.2,0.93,N/A,NORMAL,KENDARAAN_BERHENTI
1789814968.497,2026-09-19 17:49:28.497,312,Underpass Unila Arah Rajabasa,207,3109,Golongan I,Sedan/Jip/Pick-up,0.745,513,416,682,589,598.0,502.7,5.85,32.76,7.08,3.5,2.7,0.98,N/A,NORMAL,KENDARAAN_BERHENTI
1789814968.497,2026-09-19 17:49:28.497,312,Underpass Unila Arah Rajabasa,207,3224,Golongan I,Sedan/Jip/Pick-up,0.586,306,338,408,448,357.7,393.4,2.34,29.82,4.54,2.43,11.2,0.93,N/A,NORMAL,LAWAN_ARAH
1789814968.497,2026-09-19 17:49:28.497,312,Underpass Unila Arah Rajabasa,207,3207,Golongan I,Sedan/Jip/Pick-up,0.407,279,117,321,160,300.6,138.6,3.35,10.26,9.08,3.5,0.2,0.97,N/A,NORMAL,NORMAL
1789814968.722,2026-09-19 17:49:28.722,312,Underpass Unila Arah Rajabasa,208,3208,Golongan I,Sedan/Jip/Pick-up,0.394,319,151,372,212,345.9,182.0,4.33,15.68,10.13,3.5,1.7,0.86,N/A,NORMAL,NORMAL
1789814968.722,2026-09-19 17:49:28.722,312,Underpass Unila Arah Rajabasa,208,3123,Golongan I,Sedan/Jip/Pick-up,0.476,379,231,477,336,428.3,283.8,5.09,24.35,10.08,3.5,3.1,0.93,N/A,NORMAL,KENDARAAN_BERHENTI
1789814968.722,2026-09-19 17:49:28.722,312,Underpass Unila Arah Rajabasa,208,3109,Golongan I,Sedan/Jip/Pick-up,0.731,517,420,688,596,603.0,508.3,5.87,32.91,7.1,3.5,2.6,0.98,N/A,NORMAL,KENDARAAN_BERHENTI
1789814968.722,2026-09-19 17:49:28.722,312,Underpass Unila Arah Rajabasa,208,3224,Golongan I,Sedan/Jip/Pick-up,0.644,301,323,397,426,349.3,375.0,2.29,29.17,4.58,2.39,11.2,0.93,N/A,NORMAL,LAWAN_ARAH
1789814968.722,2026-09-19 17:49:28.722,312,Underpass Unila Arah Rajabasa,208,3207,Golongan I,Sedan/Jip/Pick-up,0.421,279,116,321,160,300.4,138.6,3.34,10.3,9.35,3.5,0.3,0.96,N/A,NORMAL,NORMAL
1789814968.722,2026-09-19 17:49:28.722,312,Underpass Unila Arah Rajabasa,208,3234,Golongan I,Bus,0.378,380,233,475,336,427.7,284.7,5.08,24.34,9.77,3.5,0.0,0.93,N/A,NORMAL,NORMAL
1789814968.913,2026-09-19 17:49:28.913,312,Underpass Unila Arah Rajabasa,209,3208,Golongan III,Truk 3 Gandar,0.345,318,150,372,213,345.4,182.2,4.29,15.83,10.46,3.5,1.8,0.86,N/A,NORMAL,NORMAL
1789814968.913,2026-09-19 17:49:28.913,312,Underpass Unila Arah Rajabasa,209,3123,Golongan I,Bus,0.494,381,234,479,339,430.9,287.2,5.12,24.52,9.91,3.5,3.1,0.93,N/A,NORMAL,KENDARAAN_BERHENTI
1789814968.913,2026-09-19 17:49:28.913,312,Underpass Unila Arah Rajabasa,209,3109,Golongan I,Sedan/Jip/Pick-up,0.705,521,425,694,601,608.2,513.7,5.91,33.03,7.0,3.5,2.5,0.98,N/A,NORMAL,KENDARAAN_BERHENTI
1789814968.913,2026-09-19 17:49:28.913,312,Underpass Unila Arah Rajabasa,209,3224,Golongan I,Sedan/Jip/Pick-up,0.712,296,309,386,407,341.5,358.5,2.24,28.55,4.66,2.34,11.2,0.93,N/A,NORMAL,LAWAN_ARAH
1789814968.913,2026-09-19 17:49:28.913,312,Underpass Unila Arah Rajabasa,209,3207,Golongan I,Sedan/Jip/Pick-up,0.353,279,117,321,160,300.8,139.0,3.35,10.37,9.08,3.5,0.4,0.96,N/A,NORMAL,NORMAL
1789814968.913,2026-09-19 17:49:28.913,312,Underpass Unila Arah Rajabasa,209,3234,Golongan I,Sedan/Jip/Pick-up,0.376,381,233,480,339,430.9,286.4,5.12,24.5,10.07,3.5,0.0,0.92,N/A,NORMAL,NORMAL
1789814969.112,2026-09-19 17:49:29.112,312,Underpass Unila Arah Rajabasa,210,3208,Golongan I,Sedan/Jip/Pick-up,0.476,318,149,373,215,346.0,182.6,4.29,15.96,10.96,3.5,1.8,0.85,N/A,NORMAL,KENDARAAN_BERHENTI
1789814969.112,2026-09-19 17:49:29.112,312,Underpass Unila Arah Rajabasa,210,3123,Golongan I,Bus,0.381,383,235,483,343,433.1,289.4,5.13,24.68,10.13,3.5,3.1,0.93,N/A,NORMAL,KENDARAAN_BERHENTI
1789814969.112,2026-09-19 17:49:29.112,312,Underpass Unila Arah Rajabasa,210,3109,Golongan I,Sedan/Jip/Pick-up,0.701,526,429,701,608,613.9,519.1,5.95,33.17,7.04,3.5,2.5,0.98,N/A,NORMAL,KENDARAAN_BERHENTI
1789814969.112,2026-09-19 17:49:29.112,312,Underpass Unila Arah Rajabasa,210,3224,Golongan I,Sedan/Jip/Pick-up,0.464,290,296,376,388,333.9,342.1,2.19,27.89,4.68,2.33,11.2,0.94,N/A,NORMAL,LAWAN_ARAH
1789814969.112,2026-09-19 17:49:29.112,312,Underpass Unila Arah Rajabasa,210,3207,Golongan I,Sedan/Jip/Pick-up,0.385,279,116,322,161,300.8,139.1,3.33,10.48,9.54,3.5,0.5,0.95,N/A,NORMAL,KENDARAAN_BERHENTI
1789814969.112,2026-09-19 17:49:29.112,312,Underpass Unila Arah Rajabasa,210,3234,Golongan I,Sedan/Jip/Pick-up,0.361,382,234,482,343,432.8,288.9,5.12,24.69,10.24,3.5,3.3,0.92,N/A,NORMAL,NORMAL
1789814969.112,2026-09-19 17:49:29.112,312,Underpass Unila Arah Rajabasa,210,3236,Golongan III,Truk 3 Gandar,0.352,383,235,481,343,432.1,289.5,5.09,24.72,10.09,3.5,0.0,0.91,N/A,NORMAL,NORMAL
1789814969.112,2026-09-19 17:49:29.112,312,Underpass Unila Arah Rajabasa,210,3238,Golongan III,Truk 3 Gandar,0.429,319,150,370,214,345.2,182.5,4.26,15.96,10.55,3.5,0.0,0.79,N/A,NORMAL,NORMAL
1789814969.304,2026-09-19 17:49:29.304,312,Underpass Unila Arah Rajabasa,211,3208,Golongan III,Truk 3 Gandar,0.488,318,150,373,215,345.9,183.0,4.28,16.02,10.73,3.5,1.8,0.85,N/A,NORMAL,KENDARAAN_BERHENTI
1789814969.304,2026-09-19 17:49:29.304,312,Underpass Unila Arah Rajabasa,211,3123,Golongan I,Bus,0.456,384,237,486,347,435.4,292.7,5.13,24.93,10.17,3.5,3.2,0.93,N/A,NORMAL,KENDARAAN_BERHENTI
1789814969.304,2026-09-19 17:49:29.304,312,Underpass Unila Arah Rajabasa,211,3109,Golongan I,Sedan/Jip/Pick-up,0.747,530,435,707,615,618.8,525.6,5.96,33.32,6.94,3.5,2.5,0.98,N/A,NORMAL,KENDARAAN_BERHENTI
1789814969.304,2026-09-19 17:49:29.304,312,Underpass Unila Arah Rajabasa,211,3224,Golongan I,Sedan/Jip/Pick-up,0.629,285,283,368,372,327.0,328.1,2.13,27.3,4.84,2.35,11.2,0.93,N/A,NORMAL,LAWAN_ARAH
1789814969.304,2026-09-19 17:49:29.304,312,Underpass Unila Arah Rajabasa,211,3207,Golongan I,Sedan/Jip/Pick-up,0.413,280,117,322,162,301.1,140.2,3.33,10.62,9.45,3.5,0.6,0.95,N/A,NORMAL,KENDARAAN_BERHENTI
1789814969.304,2026-09-19 17:49:29.304,312,Underpass Unila Arah Rajabasa,211,3234,Golongan I,Sedan/Jip/Pick-up,0.263,384,237,485,347,435.2,292.6,5.13,24.9,10.15,3.5,3.3,0.92,N/A,NORMAL,NORMAL
1789814969.304,2026-09-19 17:49:29.304,312,Underpass Unila Arah Rajabasa,211,3238,Golongan I,Sedan/Jip/Pick-up,0.403,321,151,372,215,347.0,183.1,4.34,15.91,10.53,3.5,0.0,0.79,N/A,NORMAL,NORMAL
1789814969.537,2026-09-19 17:49:29.537,312,Underpass Unila Arah Rajabasa,212,3208,Golongan III,Truk 3 Gandar,0.433,318,150,374,216,346.5,183.6,4.28,16.12,10.88,3.5,1.8,0.85,N/A,NORMAL,KENDARAAN_BERHENTI
1789814969.537,2026-09-19 17:49:29.537,312,Underpass Unila Arah Rajabasa,212,3109,Golongan I,Sedan/Jip/Pick-up,0.775,533,442,712,624,623.3,533.2,5.95,33.49,6.82,3.5,2.5,0.98,N/A,NORMAL,KENDARAAN_BERHENTI
1789814969.537,2026-09-19 17:49:29.537,312,Underpass Unila Arah Rajabasa,212,3224,Golongan I,Sedan/Jip/Pick-up,0.525,282,272,361,356,322.0,314.5,2.11,26.68,4.87,2.33,11.2,0.93,N/A,NORMAL,LAWAN_ARAH
1789814969.537,2026-09-19 17:49:29.537,312,Underpass Unila Arah Rajabasa,212,3207,Golongan I,Sedan/Jip/Pick-up,0.421,280,118,322,162,301.4,140.7,3.34,10.66,9.18,3.5,0.8,0.95,N/A,NORMAL,KENDARAAN_BERHENTI
1789814969.537,2026-09-19 17:49:29.537,312,Underpass Unila Arah Rajabasa,212,3238,Golongan I,Sedan/Jip/Pick-up,0.3,323,154,372,216,347.9,185.2,4.35,16.0,10.02,3.5,0.8,0.79,N/A,NORMAL,NORMAL
1789814969.738,2026-09-19 17:49:29.737,312,Underpass Unila Arah Rajabasa,213,3208,Golongan III,Truk 3 Gandar,0.431,318,151,375,217,347.1,184.6,4.29,16.23,10.79,3.5,1.9,0.84,N/A,NORMAL,KENDARAAN_BERHENTI
1789814969.738,2026-09-19 17:49:29.737,312,Underpass Unila Arah Rajabasa,213,3109,Golongan I,Sedan/Jip/Pick-up,0.744,538,447,718,630,628.7,539.0,5.98,33.61,6.76,3.5,2.5,0.98,N/A,NORMAL,KENDARAAN_BERHENTI
1789814969.738,2026-09-19 17:49:29.737,312,Underpass Unila Arah Rajabasa,213,3224,Golongan I,Sedan/Jip/Pick-up,0.6,277,261,351,341,314.4,301.5,2.03,26.04,4.92,2.27,11.2,0.93,N/A,NORMAL,LAWAN_ARAH
1789814969.738,2026-09-19 17:49:29.737,312,Underpass Unila Arah Rajabasa,213,3207,Golongan I,Sedan/Jip/Pick-up,0.387,280,119,322,163,301.5,141.1,3.34,10.71,9.08,3.5,0.9,0.95,N/A,NORMAL,KENDARAAN_BERHENTI
1789814969.738,2026-09-19 17:49:29.737,312,Underpass Unila Arah Rajabasa,213,3238,Golongan I,Sedan/Jip/Pick-up,0.259,322,152,375,219,348.7,185.9,4.33,16.34,10.88,3.5,1.4,0.79,N/A,NORMAL,NORMAL
1789814969.738,2026-09-19 17:49:29.737,312,Underpass Unila Arah Rajabasa,213,3123,Golongan I,Sedan/Jip/Pick-up,0.453,388,242,492,355,440.3,298.9,5.15,25.31,10.13,3.5,0.0,0.92,N/A,NORMAL,KENDARAAN_BERHENTI
1789814969.935,2026-09-19 17:49:29.934,312,Underpass Unila Arah Rajabasa,214,3208,Golongan III,Truk 3 Gandar,0.368,319,151,376,218,348.1,185.3,4.31,16.32,10.96,3.5,1.9,0.84,N/A,NORMAL,KENDARAAN_BERHENTI
1789814969.935,2026-09-19 17:49:29.934,312,Underpass Unila Arah Rajabasa,214,3109,Golongan I,Sedan/Jip/Pick-up,0.814,542,451,726,639,634.4,545.5,6.0,33.77,6.85,3.5,2.5,0.98,N/A,NORMAL,KENDARAAN_BERHENTI
1789814969.935,2026-09-19 17:49:29.934,312,Underpass Unila Arah Rajabasa,214,3224,Golongan I,Sedan/Jip/Pick-up,0.445,276,252,345,327,310.9,289.8,2.03,25.38,4.89,2.21,11.2,0.93,N/A,NORMAL,LAWAN_ARAH
1789814969.935,2026-09-19 17:49:29.934,312,Underpass Unila Arah Rajabasa,214,3207,Golongan I,Sedan/Jip/Pick-up,0.457,280,119,322,164,301.5,142.0,3.32,10.87,9.25,3.5,1.1,0.95,N/A,NORMAL,KENDARAAN_BERHENTI
1789814969.935,2026-09-19 17:49:29.934,312,Underpass Unila Arah Rajabasa,214,3238,Golongan I,Sedan/Jip/Pick-up,0.286,322,152,376,220,349.4,186.5,4.33,16.46,11.02,3.5,1.7,0.79,N/A,NORMAL,NORMAL
1789814969.935,2026-09-19 17:49:29.934,312,Underpass Unila Arah Rajabasa,214,3123,Golongan I,Sedan/Jip/Pick-up,0.617,391,245,494,358,442.9,302.3,5.18,25.45,9.98,3.5,0.0,0.91,N/A,NORMAL,KENDARAAN_BERHENTI
1789814970.173,2026-09-19 17:49:30.173,312,Underpass Unila Arah Rajabasa,215,3110,Golongan I,Sedan/Jip/Pick-up,0.632,344,192,423,275,383.8,233.9,4.64,20.82,10.09,3.5,0.0,0.95,N/A,NORMAL,NORMAL
1789814970.173,2026-09-19 17:49:30.173,312,Underpass Unila Arah Rajabasa,215,3171,Golongan I,Sedan/Jip/Pick-up,0.519,294,140,339,192,317.2,166.7,3.52,14.26,8.88,3.38,0.0,0.88,N/A,NORMAL,KENDARAAN_BERHENTI
1789814970.352,2026-09-19 17:49:30.351,312,Underpass Unila Arah Rajabasa,216,3246,Golongan I,Sedan/Jip/Pick-up,0.636,212,100,247,134,230.1,117.5,0.7,9.91,6.62,2.78,0.0,1.0,N/A,NORMAL,NORMAL
1789814970.352,2026-09-19 17:49:30.351,312,Underpass Unila Arah Rajabasa,216,3248,Golongan III,Truk 3 Gandar,0.39,471,342,619,507,545.8,425.3,5.73,30.77,9.04,3.5,0.0,0.9,N/A,NORMAL,NORMAL
1789814970.352,2026-09-19 17:49:30.351,312,Underpass Unila Arah Rajabasa,216,3110,Golongan I,Sedan/Jip/Pick-up,0.641,346,195,425,278,385.8,236.6,4.67,20.99,9.9,3.5,0.0,0.95,N/A,NORMAL,NORMAL
1789814970.352,2026-09-19 17:49:30.351,312,Underpass Unila Arah Rajabasa,216,3171,Golongan I,Sedan/Jip/Pick-up,0.573,295,143,340,192,317.8,168.0,3.55,14.23,8.26,3.33,0.0,0.91,N/A,NORMAL,KENDARAAN_BERHENTI
1789814970.535,2026-09-19 17:49:30.535,312,Underpass Unila Arah Rajabasa,217,3246,Golongan I,Sedan/Jip/Pick-up,0.389,211,97,245,131,228.4,114.3,0.65,9.43,6.78,2.76,0.0,1.0,N/A,NORMAL,NORMAL
1789814970.535,2026-09-19 17:49:30.535,312,Underpass Unila Arah Rajabasa,217,3248,Golongan I,Sedan/Jip/Pick-up,0.476,476,348,623,512,550.1,430.4,5.76,30.9,8.79,3.5,0.0,0.9,N/A,NORMAL,NORMAL
1789814970.535,2026-09-19 17:49:30.535,312,Underpass Unila Arah Rajabasa,217,3110,Golongan I,Sedan/Jip/Pick-up,0.686,348,197,426,280,387.6,238.7,4.69,21.13,9.78,3.5,3.1,0.94,N/A,NORMAL,NORMAL
1789814970.535,2026-09-19 17:49:30.535,312,Underpass Unila Arah Rajabasa,217,3171,Golongan I,Sedan/Jip/Pick-up,0.603,296,144,341,192,318.8,168.7,3.59,14.19,8.08,3.33,0.9,0.94,N/A,NORMAL,KENDARAAN_BERHENTI
1789814970.725,2026-09-19 17:49:30.724,312,Underpass Unila Arah Rajabasa,218,3246,Golongan I,Sedan/Jip/Pick-up,0.464,211,94,242,125,227.2,109.6,0.62,8.45,6.43,2.61,14.1,1.0,N/A,NORMAL,NORMAL
1789814970.725,2026-09-19 17:49:30.724,312,Underpass Unila Arah Rajabasa,218,3248,Golongan I,Sedan/Jip/Pick-up,0.452,479,352,629,519,554.6,435.8,5.78,31.08,8.79,3.5,3.0,0.9,N/A,NORMAL,NORMAL
1789814970.725,2026-09-19 17:49:30.724,312,Underpass Unila Arah Rajabasa,218,3110,Golongan I,Sedan/Jip/Pick-up,0.703,349,198,428,281,389.0,240.5,4.71,21.24,9.75,3.5,3.0,0.94,N/A,NORMAL,NORMAL
1789814970.725,2026-09-19 17:49:30.724,312,Underpass Unila Arah Rajabasa,218,3171,Golongan I,Sedan/Jip/Pick-up,0.629,297,146,342,193,319.7,170.0,3.61,14.26,7.82,3.29,0.8,0.96,N/A,NORMAL,KENDARAAN_BERHENTI
1789814970.906,2026-09-19 17:49:30.906,312,Underpass Unila Arah Rajabasa,219,3246,Golongan I,Sedan/Jip/Pick-up,0.4,209,89,242,122,226.0,106.1,0.59,8.02,7.13,2.9,13.4,1.0,N/A,NORMAL,NORMAL
1789814970.906,2026-09-19 17:49:30.906,312,Underpass Unila Arah Rajabasa,219,3248,Golongan III,Truk 3 Gandar,0.323,483,357,635,527,559.3,442.4,5.79,31.29,8.75,3.5,3.2,0.9,N/A,NORMAL,NORMAL
1789814970.906,2026-09-19 17:49:30.906,312,Underpass Unila Arah Rajabasa,219,3110,Golongan I,Sedan/Jip/Pick-up,0.687,350,199,430,285,390.8,242.1,4.72,21.45,9.97,3.5,3.0,0.93,N/A,NORMAL,NORMAL
1789814970.906,2026-09-19 17:49:30.906,312,Underpass Unila Arah Rajabasa,219,3171,Golongan I,Sedan/Jip/Pick-up,0.643,297,147,342,193,320.2,170.6,3.62,14.3,7.62,3.27,0.7,0.98,N/A,NORMAL,KENDARAAN_BERHENTI
1789814971.094,2026-09-19 17:49:31.093,312,Underpass Unila Arah Rajabasa,220,3246,Golongan I,Sedan/Jip/Pick-up,0.374,210,87,240,117,225.9,102.6,0.6,7.19,6.71,2.72,13.3,1.0,N/A,NORMAL,NORMAL
1789814971.094,2026-09-19 17:49:31.093,312,Underpass Unila Arah Rajabasa,220,3248,Golongan III,Truk 3 Gandar,0.318,488,363,642,534,565.5,448.8,5.83,31.47,8.62,3.5,3.3,0.9,N/A,NORMAL,NORMAL
1789814971.094,2026-09-19 17:49:31.093,312,Underpass Unila Arah Rajabasa,220,3110,Golongan I,Sedan/Jip/Pick-up,0.666,352,200,432,288,392.5,244.7,4.72,21.67,10.12,3.5,3.1,0.92,N/A,NORMAL,NORMAL
1789814971.094,2026-09-19 17:49:31.093,312,Underpass Unila Arah Rajabasa,220,3171,Golongan I,Sedan/Jip/Pick-up,0.667,297,147,345,197,321.4,172.5,3.61,14.69,8.19,3.47,1.1,0.97,N/A,NORMAL,KENDARAAN_BERHENTI
1789814971.276,2026-09-19 17:49:31.275,312,Underpass Unila Arah Rajabasa,221,3246,Golongan I,Sedan/Jip/Pick-up,0.409,209,85,240,116,224.8,101.1,0.56,7.01,7.04,2.85,12.5,1.0,N/A,NORMAL,NORMAL
1789814971.276,2026-09-19 17:49:31.275,312,Underpass Unila Arah Rajabasa,221,3248,Golongan I,Sedan/Jip/Pick-up,0.386,491,367,648,542,570.1,455.2,5.83,31.68,8.66,3.5,3.4,0.9,N/A,NORMAL,NORMAL
1789814971.276,2026-09-19 17:49:31.275,312,Underpass Unila Arah Rajabasa,221,3110,Golongan I,Sedan/Jip/Pick-up,0.698,352,201,434,291,393.5,246.8,4.7,21.89,10.23,3.5,3.3,0.91,N/A,NORMAL,NORMAL
1789814971.276,2026-09-19 17:49:31.275,312,Underpass Unila Arah Rajabasa,221,3171,Golongan I,Sedan/Jip/Pick-up,0.723,297,148,347,200,322.7,174.0,3.62,14.98,8.4,3.5,1.6,0.97,N/A,NORMAL,KENDARAAN_BERHENTI
1789814971.276,2026-09-19 17:49:31.275,312,Underpass Unila Arah Rajabasa,221,3261,Golongan I,Sedan/Jip/Pick-up,0.644,417,628,637,718,527.3,673.6,3.58,35.13,1.6,3.42,0.0,2.42,N/A,NORMAL,NORMAL
1789814971.276,2026-09-19 17:49:31.275,312,Underpass Unila Arah Rajabasa,221,3263,Golongan IV,Truk 4 Gandar,0.331,273,97,325,150,299.5,124.4,3.46,8.71,13.43,3.5,0.0,0.98,N/A,NORMAL,NORMAL
1789814971.484,2026-09-19 17:49:31.484,312,Underpass Unila Arah Rajabasa,222,3246,Golongan I,Sedan/Jip/Pick-up,0.259,210,83,239,112,224.9,98.0,0.58,6.27,6.8,2.75,12.1,1.0,N/A,NORMAL,NORMAL
1789814971.484,2026-09-19 17:49:31.484,312,Underpass Unila Arah Rajabasa,222,3248,Golongan I,Sedan/Jip/Pick-up,0.523,494,371,654,549,574.9,460.5,5.85,31.85,8.66,3.5,3.4,0.9,N/A,NORMAL,NORMAL
1789814971.484,2026-09-19 17:49:31.484,312,Underpass Unila Arah Rajabasa,222,3110,Golongan I,Sedan/Jip/Pick-up,0.609,355,204,436,293,395.9,248.9,4.75,21.98,9.98,3.5,3.2,0.91,N/A,NORMAL,NORMAL
1789814971.484,2026-09-19 17:49:31.484,312,Underpass Unila Arah Rajabasa,222,3171,Golongan I,Sedan/Jip/Pick-up,0.727,297,148,349,201,323.3,175.1,3.62,15.17,8.57,3.5,2.0,0.97,N/A,NORMAL,KENDARAAN_BERHENTI
1789814971.484,2026-09-19 17:49:31.484,312,Underpass Unila Arah Rajabasa,222,3261,Golongan I,Sedan/Jip/Pick-up,0.592,377,602,659,719,518.2,660.9,3.45,35.13,2.19,3.5,0.0,2.4,N/A,NORMAL,NORMAL
1789814971.484,2026-09-19 17:49:31.484,312,Underpass Unila Arah Rajabasa,222,3263,Golongan IV,Truk 4 Gandar,0.353,274,97,326,151,300.9,124.4,3.52,8.69,13.68,3.5,0.0,0.98,N/A,NORMAL,NORMAL
1789814971.662,2026-09-19 17:49:31.662,312,Underpass Unila Arah Rajabasa,223,3248,Golongan I,Sedan/Jip/Pick-up,0.493,499,377,660,556,580.3,467.2,5.88,32.02,8.52,3.5,3.4,0.9,N/A,NORMAL,NORMAL
1789814971.662,2026-09-19 17:49:31.662,312,Underpass Unila Arah Rajabasa,223,3110,Golongan I,Sedan/Jip/Pick-up,0.676,357,206,438,295,397.9,250.6,4.79,22.08,9.89,3.5,3.2,0.91,N/A,NORMAL,NORMAL
1789814971.662,2026-09-19 17:49:31.662,312,Underpass Unila Arah Rajabasa,223,3171,Golongan I,Sedan/Jip/Pick-up,0.797,297,149,349,203,323.8,176.5,3.61,15.37,8.61,3.5,2.3,0.97,N/A,NORMAL,KENDARAAN_BERHENTI
1789814971.662,2026-09-19 17:49:31.662,312,Underpass Unila Arah Rajabasa,223,3261,Golongan I,Sedan/Jip/Pick-up,0.66,331,571,679,718,505.3,645.2,3.27,35.12,2.94,3.5,2.8,2.37,N/A,NORMAL,NORMAL
1789814971.662,2026-09-19 17:49:31.662,312,Underpass Unila Arah Rajabasa,223,3263,Golongan IV,Truk 4 Gandar,0.285,276,98,327,150,302.1,124.1,3.6,8.45,13.24,3.5,2.8,0.98,N/A,NORMAL,NORMAL
1789814971.845,2026-09-19 17:49:31.845,312,Underpass Unila Arah Rajabasa,224,3248,Golongan I,Bus,0.431,504,384,666,564,585.7,474.1,5.9,32.19,8.34,3.5,3.4,0.9,N/A,NORMAL,NORMAL
1789814971.845,2026-09-19 17:49:31.845,312,Underpass Unila Arah Rajabasa,224,3110,Golongan I,Sedan/Jip/Pick-up,0.694,359,209,439,297,399.3,253.5,4.8,22.23,9.61,3.5,3.1,0.91,N/A,NORMAL,NORMAL
1789814971.845,2026-09-19 17:49:31.845,312,Underpass Unila Arah Rajabasa,224,3171,Golongan I,Sedan/Jip/Pick-up,0.795,297,149,351,205,324.6,177.7,3.6,15.63,8.89,3.5,2.6,0.96,N/A,NORMAL,KENDARAAN_BERHENTI
1789814971.845,2026-09-19 17:49:31.845,312,Underpass Unila Arah Rajabasa,224,3261,Golongan I,Sedan/Jip/Pick-up,0.599,280,541,691,719,485.7,630.4,3.01,35.13,3.77,3.5,3.1,2.31,N/A,NORMAL,NORMAL
1789814971.845,2026-09-19 17:49:31.845,312,Underpass Unila Arah Rajabasa,224,3263,Golongan V,Truk 5+ Gandar,0.299,273,95,328,152,301.2,124.2,3.51,8.93,14.64,3.5,2.2,0.98,N/A,NORMAL,NORMAL
1789814972.041,2026-09-19 17:49:32.040,312,Underpass Unila Arah Rajabasa,225,3248,Golongan I,Sedan/Jip/Pick-up,0.501,508,387,674,572,591.2,480.0,5.92,32.38,8.48,3.5,3.4,0.9,N/A,NORMAL,NORMAL
1789814972.041,2026-09-19 17:49:32.040,312,Underpass Unila Arah Rajabasa,225,3110,Golongan I,Sedan/Jip/Pick-up,0.599,360,210,441,299,401.2,255.0,4.83,22.31,9.66,3.5,3.0,0.91,N/A,NORMAL,NORMAL
1789814972.041,2026-09-19 17:49:32.040,312,Underpass Unila Arah Rajabasa,225,3171,Golongan I,Sedan/Jip/Pick-up,0.747,298,150,353,207,325.6,178.9,3.62,15.77,8.98,3.5,2.8,0.96,N/A,NORMAL,KENDARAAN_BERHENTI
1789814972.041,2026-09-19 17:49:32.040,312,Underpass Unila Arah Rajabasa,225,3261,Golongan I,Sedan/Jip/Pick-up,0.691,254,513,675,700,465.1,607.0,2.81,34.87,4.22,3.5,3.4,2.25,N/A,NORMAL,NORMAL
1789814972.041,2026-09-19 17:49:32.040,312,Underpass Unila Arah Rajabasa,225,3263,Golongan V,Truk 5+ Gandar,0.282,269,92,330,154,299.9,123.3,3.41,9.34,16.08,3.5,2.5,0.97,N/A,NORMAL,NORMAL
1789814972.236,2026-09-19 17:49:32.235,312,Underpass Unila Arah Rajabasa,226,3248,Golongan I,Sedan/Jip/Pick-up,0.537,512,393,680,579,596.6,486.3,5.94,32.55,8.34,3.5,3.5,0.9,N/A,NORMAL,NORMAL
1789814972.236,2026-09-19 17:49:32.235,312,Underpass Unila Arah Rajabasa,226,3110,Golongan I,Sedan/Jip/Pick-up,0.681,362,211,444,302,403.3,257.0,4.86,22.47,9.82,3.5,3.0,0.91,N/A,NORMAL,NORMAL
1789814972.236,2026-09-19 17:49:32.235,312,Underpass Unila Arah Rajabasa,226,3171,Golongan I,Sedan/Jip/Pick-up,0.796,298,151,354,208,326.6,180.0,3.64,15.91,8.92,3.5,3.2,0.96,N/A,NORMAL,KENDARAAN_BERHENTI
1789814972.434,2026-09-19 17:49:32.433,312,Underpass Unila Arah Rajabasa,227,3248,Golongan I,Sedan/Jip/Pick-up,0.402,517,398,687,587,602.3,492.7,5.97,32.71,8.33,3.5,3.5,0.9,N/A,NORMAL,NORMAL
1789814972.434,2026-09-19 17:49:32.433,312,Underpass Unila Arah Rajabasa,227,3110,Golongan I,Sedan/Jip/Pick-up,0.738,363,213,447,305,405.2,259.8,4.86,22.71,9.81,3.5,3.0,0.91,N/A,NORMAL,NORMAL
1789814972.434,2026-09-19 17:49:32.433,312,Underpass Unila Arah Rajabasa,227,3171,Golongan I,Sedan/Jip/Pick-up,0.768,299,152,355,210,327.4,181.7,3.64,16.06,8.98,3.5,3.4,0.96,N/A,NORMAL,KENDARAAN_BERHENTI
1789814972.434,2026-09-19 17:49:32.433,312,Underpass Unila Arah Rajabasa,227,3276,Golongan I,Sedan/Jip/Pick-up,0.7,350,461,502,625,426.4,543.1,2.61,33.72,4.02,2.74,0.0,0.93,N/A,NORMAL,NORMAL
1789814972.627,2026-09-19 17:49:32.627,312,Underpass Unila Arah Rajabasa,228,3248,Golongan I,Sedan/Jip/Pick-up,0.38,522,404,694,594,608.0,499.4,5.99,32.87,8.21,3.5,3.4,0.9,N/A,NORMAL,NORMAL
1789814972.627,2026-09-19 17:49:32.627,312,Underpass Unila Arah Rajabasa,228,3110,Golongan I,Sedan/Jip/Pick-up,0.669,364,216,449,309,407.0,262.6,4.86,22.91,9.69,3.5,3.0,0.91,N/A,NORMAL,NORMAL
1789814972.627,2026-09-19 17:49:32.627,312,Underpass Unila Arah Rajabasa,228,3171,Golongan I,Sedan/Jip/Pick-up,0.782,301,154,356,211,328.7,183.0,3.68,16.13,8.75,3.5,3.6,0.97,N/A,NORMAL,KENDARAAN_BERHENTI
1789814972.627,2026-09-19 17:49:32.627,312,Underpass Unila Arah Rajabasa,228,3276,Golongan I,Sedan/Jip/Pick-up,0.635,340,440,483,594,412.3,517.1,2.54,33.18,4.08,2.67,0.0,0.93,N/A,NORMAL,NORMAL
1789814972.817,2026-09-19 17:49:32.817,312,Underpass Unila Arah Rajabasa,229,3248,Golongan I,Sedan/Jip/Pick-up,0.44,526,410,700,602,613.7,506.6,6.02,33.04,8.11,3.5,3.4,0.91,N/A,NORMAL,NORMAL
1789814972.817,2026-09-19 17:49:32.817,312,Underpass Unila Arah Rajabasa,229,3110,Golongan I,Sedan/Jip/Pick-up,0.697,365,217,451,311,408.5,264.9,4.86,23.08,9.74,3.5,3.0,0.91,N/A,NORMAL,NORMAL
1789814972.817,2026-09-19 17:49:32.817,312,Underpass Unila Arah Rajabasa,229,3171,Golongan I,Sedan/Jip/Pick-up,0.748,301,155,357,212,329.6,184.2,3.7,16.2,8.68,3.5,3.4,0.98,N/A,NORMAL,KENDARAAN_BERHENTI
1789814972.817,2026-09-19 17:49:32.817,312,Underpass Unila Arah Rajabasa,229,3276,Golongan I,Sedan/Jip/Pick-up,0.616,330,420,463,563,396.9,492.0,2.44,32.61,4.09,2.57,10.6,0.93,N/A,NORMAL,NORMAL
1789814973.003,2026-09-19 17:49:33.003,312,Underpass Unila Arah Rajabasa,230,3248,Golongan I,Sedan/Jip/Pick-up,0.447,531,416,708,611,619.8,514.3,6.03,33.23,8.07,3.5,3.3,0.91,N/A,NORMAL,NORMAL
1789814973.003,2026-09-19 17:49:33.003,312,Underpass Unila Arah Rajabasa,230,3110,Golongan I,Sedan/Jip/Pick-up,0.645,367,220,452,314,410.2,267.4,4.87,23.23,9.55,3.5,2.9,0.91,N/A,NORMAL,NORMAL
1789814973.003,2026-09-19 17:49:33.003,312,Underpass Unila Arah Rajabasa,230,3171,Golongan I,Sedan/Jip/Pick-up,0.638,302,156,359,213,331.0,185.0,3.73,16.29,8.65,3.5,3.1,0.98,N/A,NORMAL,KENDARAAN_BERHENTI
1789814973.003,2026-09-19 17:49:33.003,312,Underpass Unila Arah Rajabasa,230,3276,Golongan I,Sedan/Jip/Pick-up,0.645,319,393,447,532,383.3,462.9,2.37,31.95,4.4,2.62,10.8,0.92,N/A,NORMAL,NORMAL
1789814973.191,2026-09-19 17:49:33.190,312,Underpass Unila Arah Rajabasa,231,3248,Golongan I,Sedan/Jip/Pick-up,0.482,536,422,716,621,626.3,521.6,6.05,33.42,8.05,3.5,3.3,0.91,N/A,NORMAL,NORMAL
1789814973.191,2026-09-19 17:49:33.190,312,Underpass Unila Arah Rajabasa,231,3110,Golongan I,Sedan/Jip/Pick-up,0.599,369,222,455,317,412.6,270.0,4.91,23.35,9.55,3.5,2.9,0.91,N/A,NORMAL,KENDARAAN_BERHENTI
1789814973.191,2026-09-19 17:49:33.190,312,Underpass Unila Arah Rajabasa,231,3171,Golongan I,Sedan/Jip/Pick-up,0.578,303,157,360,215,332.0,186.6,3.74,16.51,8.72,3.5,3.0,0.98,N/A,NORMAL,KENDARAAN_BERHENTI
1789814973.191,2026-09-19 17:49:33.190,312,Underpass Unila Arah Rajabasa,231,3276,Golongan I,Sedan/Jip/Pick-up,0.669,312,376,430,503,371.5,440.1,2.31,31.32,4.34,2.51,11.1,0.92,N/A,NORMAL,NORMAL
1789814973.405,2026-09-19 17:49:33.405,312,Underpass Unila Arah Rajabasa,232,3248,Golongan III,Truk 3 Gandar,0.432,540,427,724,629,632.6,528.5,6.07,33.58,8.05,3.5,3.3,0.91,N/A,NORMAL,KENDARAAN_BERHENTI
1789814973.405,2026-09-19 17:49:33.405,312,Underpass Unila Arah Rajabasa,232,3110,Golongan I,Sedan/Jip/Pick-up,0.585,371,225,458,320,415.0,272.8,4.93,23.53,9.41,3.5,3.0,0.91,N/A,NORMAL,KENDARAAN_BERHENTI
1789814973.405,2026-09-19 17:49:33.405,312,Underpass Unila Arah Rajabasa,232,3171,Golongan I,Sedan/Jip/Pick-up,0.697,304,159,361,217,333.1,188.3,3.75,16.67,8.59,3.5,2.9,0.99,N/A,NORMAL,KENDARAAN_BERHENTI
1789814973.405,2026-09-19 17:49:33.405,312,Underpass Unila Arah Rajabasa,232,3276,Golongan I,Sedan/Jip/Pick-up,0.742,303,356,417,479,360.4,418.0,2.23,30.72,4.56,2.54,11.2,0.92,N/A,NORMAL,LAWAN_ARAH
1789814973.586,2026-09-19 17:49:33.585,312,Underpass Unila Arah Rajabasa,233,3248,Golongan III,Truk 3 Gandar,0.328,545,433,733,639,639.4,536.3,6.09,33.77,8.04,3.5,3.3,0.91,N/A,NORMAL,KENDARAAN_BERHENTI
1789814973.586,2026-09-19 17:49:33.585,312,Underpass Unila Arah Rajabasa,233,3110,Golongan I,Sedan/Jip/Pick-up,0.733,372,226,461,324,417.1,275.3,4.94,23.75,9.6,3.5,3.0,0.91,N/A,NORMAL,KENDARAAN_BERHENTI
1789814973.586,2026-09-19 17:49:33.585,312,Underpass Unila Arah Rajabasa,233,3171,Golongan I,Sedan/Jip/Pick-up,0.73,304,160,362,219,333.4,189.8,3.74,16.85,8.64,3.5,2.7,0.99,N/A,NORMAL,KENDARAAN_BERHENTI
1789814973.586,2026-09-19 17:49:33.585,312,Underpass Unila Arah Rajabasa,233,3276,Golongan I,Sedan/Jip/Pick-up,0.743,298,342,403,456,351.0,399.3,2.17,30.1,4.52,2.42,11.2,0.92,N/A,NORMAL,LAWAN_ARAH
1789814973.586,2026-09-19 17:49:33.585,312,Underpass Unila Arah Rajabasa,233,3286,Golongan I,Sedan/Jip/Pick-up,0.643,430,637,655,719,543.0,678.8,3.79,35.14,1.46,3.5,0.0,2.73,N/A,NORMAL,NORMAL
1789814973.769,2026-09-19 17:49:33.769,312,Underpass Unila Arah Rajabasa,234,3248,Golongan I,Sedan/Jip/Pick-up,0.448,552,438,741,646,646.9,542.7,6.16,33.9,8.03,3.5,3.3,0.91,N/A,NORMAL,KENDARAAN_BERHENTI
1789814973.769,2026-09-19 17:49:33.769,312,Underpass Unila Arah Rajabasa,234,3110,Golongan I,Sedan/Jip/Pick-up,0.725,374,227,464,326,419.6,276.9,4.98,23.87,9.68,3.5,3.1,0.9,N/A,NORMAL,KENDARAAN_BERHENTI
1789814973.769,2026-09-19 17:49:33.769,312,Underpass Unila Arah Rajabasa,234,3171,Golongan I,Sedan/Jip/Pick-up,0.605,304,161,363,221,333.6,191.6,3.71,17.08,8.69,3.5,2.7,0.99,N/A,NORMAL,KENDARAAN_BERHENTI
1789814973.769,2026-09-19 17:49:33.769,312,Underpass Unila Arah Rajabasa,234,3276,Golongan I,Sedan/Jip/Pick-up,0.773,292,327,392,435,342.3,381.7,2.11,29.52,4.6,2.4,11.3,0.92,N/A,NORMAL,LAWAN_ARAH
1789814973.769,2026-09-19 17:49:33.769,312,Underpass Unila Arah Rajabasa,234,3286,Golongan I,Sedan/Jip/Pick-up,0.486,388,610,685,719,537.1,665.3,3.71,35.14,2.07,3.5,0.0,2.71,N/A,NORMAL,NORMAL
1789814973.954,2026-09-19 17:49:33.954,312,Underpass Unila Arah Rajabasa,235,3248,Golongan I,Sedan/Jip/Pick-up,0.544,557,446,748,655,652.9,551.1,6.16,34.08,7.85,3.5,3.3,0.91,N/A,NORMAL,KENDARAAN_BERHENTI
1789814973.954,2026-09-19 17:49:33.954,312,Underpass Unila Arah Rajabasa,235,3110,Golongan I,Sedan/Jip/Pick-up,0.731,375,227,467,329,421.6,278.8,4.99,24.03,9.95,3.5,3.2,0.9,N/A,NORMAL,KENDARAAN_BERHENTI
1789814973.954,2026-09-19 17:49:33.954,312,Underpass Unila Arah Rajabasa,235,3171,Golongan I,Sedan/Jip/Pick-up,0.517,304,162,365,224,335.2,193.3,3.73,17.3,8.87,3.5,2.8,0.99,N/A,NORMAL,KENDARAAN_BERHENTI
1789814973.954,2026-09-19 17:49:33.954,312,Underpass Unila Arah Rajabasa,235,3276,Golongan I,Sedan/Jip/Pick-up,0.718,287,315,379,415,333.6,365.3,2.04,28.89,4.52,2.28,11.4,0.92,N/A,NORMAL,LAWAN_ARAH
1789814973.954,2026-09-19 17:49:33.954,312,Underpass Unila Arah Rajabasa,235,3286,Golongan I,Sedan/Jip/Pick-up,0.609,337,580,708,719,522.9,649.7,3.51,35.13,2.82,3.5,2.7,2.67,N/A,NORMAL,NORMAL
1789814974.204,2026-09-19 17:49:34.203,312,Underpass Unila Arah Rajabasa,236,3110,Golongan I,Sedan/Jip/Pick-up,0.781,341,211,417,288,379.9,249.9,4.31,21.92,8.03,3.5,2.7,0.99,N/A,NORMAL,KENDARAAN_BERHENTI
1789814974.204,2026-09-19 17:49:34.203,312,Underpass Unila Arah Rajabasa,236,5004,Golongan I,Sedan/Jip/Pick-up,0.599,237,162,285,208,261.6,185.2,1.41,17.89,5.41,2.42,0.0,1.04,N/A,NORMAL,NORMAL
1789814974.204,2026-09-19 17:49:34.203,312,Underpass Unila Arah Rajabasa,236,5005,Golongan I,Sedan/Jip/Pick-up,0.425,452,321,584,469,518.7,395.6,5.6,29.65,8.88,3.5,0.0,0.9,N/A,NORMAL,NORMAL
1789814974.204,2026-09-19 17:49:34.203,312,Underpass Unila Arah Rajabasa,236,5004,Golongan I,Sedan/Jip/Pick-up,0.402,218,112,252,148,235.5,130.8,0.84,11.81,6.28,2.43,0.0,0.97,N/A,NORMAL,NORMAL
1789814974.204,2026-09-19 17:49:34.203,312,Underpass Unila Arah Rajabasa,236,5006,Golongan VI-B,Sepeda Motor (Tanpa Helm),0.384,249,317,272,383,261.0,350.7,0.8,28.24,2.78,0.5,0.0,0.34,TANPA_HELM,MELANGGAR,PELANGGARAN_HELM
1789814974.38,2026-09-19 17:49:34.380,312,Underpass Unila Arah Rajabasa,237,3294,Golongan I,Sedan/Jip/Pick-up,0.757,344,212,422,291,383.3,251.9,4.37,22.07,8.23,3.5,0.0,0.99,N/A,NORMAL,NORMAL
1789814974.38,2026-09-19 17:49:34.380,312,Underpass Unila Arah Rajabasa,237,3295,Golongan I,Sedan/Jip/Pick-up,0.464,239,159,281,199,260.2,179.5,1.41,17.08,4.91,2.19,0.0,1.04,N/A,NORMAL,NORMAL
1789814974.38,2026-09-19 17:49:34.380,312,Underpass Unila Arah Rajabasa,237,3297,Golongan I,Sedan/Jip/Pick-up,0.484,218,110,251,144,235.0,127.2,0.84,11.18,6.09,2.42,0.0,0.97,N/A,NORMAL,NORMAL
1789814974.38,2026-09-19 17:49:34.380,312,Underpass Unila Arah Rajabasa,237,3123,Golongan I,Sedan/Jip/Pick-up,0.588,455,325,589,472,522.6,399.0,5.65,29.75,8.73,3.5,0.0,0.91,N/A,NORMAL,KENDARAAN_BERHENTI
1789814974.559,2026-09-19 17:49:34.558,312,Underpass Unila Arah Rajabasa,238,3294,Golongan I,Sedan/Jip/Pick-up,0.819,345,214,423,292,384.5,253.3,4.4,22.13,8.05,3.5,0.0,0.99,N/A,NORMAL,NORMAL
1789814974.559,2026-09-19 17:49:34.558,312,Underpass Unila Arah Rajabasa,238,3295,Golongan I,Sedan/Jip/Pick-up,0.416,235,156,278,197,257.1,176.6,1.33,16.9,5.09,2.26,0.0,1.04,N/A,NORMAL,NORMAL
1789814974.559,2026-09-19 17:49:34.558,312,Underpass Unila Arah Rajabasa,238,3297,Golongan I,Sedan/Jip/Pick-up,0.462,216,105,250,141,233.5,123.8,0.8,10.84,6.69,2.58,0.0,0.96,N/A,NORMAL,NORMAL
1789814974.559,2026-09-19 17:49:34.558,312,Underpass Unila Arah Rajabasa,238,3299,Golongan I,Sedan/Jip/Pick-up,0.742,436,638,653,719,545.1,679.2,3.83,35.14,1.44,3.42,0.0,2.69,N/A,NORMAL,NORMAL
1789814974.559,2026-09-19 17:49:34.558,312,Underpass Unila Arah Rajabasa,238,3123,Golongan I,Sedan/Jip/Pick-up,0.527,458,329,594,479,526.3,404.6,5.65,29.96,8.72,3.5,0.0,0.9,N/A,NORMAL,KENDARAAN_BERHENTI
1789814974.737,2026-09-19 17:49:34.737,312,Underpass Unila Arah Rajabasa,239,3294,Golongan I,Sedan/Jip/Pick-up,0.831,346,215,425,295,385.7,255.9,4.38,22.35,8.18,3.5,2.8,0.99,N/A,NORMAL,NORMAL
1789814974.737,2026-09-19 17:49:34.737,312,Underpass Unila Arah Rajabasa,239,3295,Golongan I,Sedan/Jip/Pick-up,0.587,232,149,274,189,253.3,169.7,1.25,16.25,5.22,2.31,8.5,1.04,N/A,NORMAL,NORMAL
1789814974.737,2026-09-19 17:49:34.737,312,Underpass Unila Arah Rajabasa,239,3297,Golongan I,Sedan/Jip/Pick-up,0.475,213,101,248,138,231.3,120.1,0.73,10.41,7.05,2.73,7.8,0.96,N/A,NORMAL,NORMAL
1789814974.737,2026-09-19 17:49:34.737,312,Underpass Unila Arah Rajabasa,239,3299,Golongan I,Sedan/Jip/Pick-up,0.755,399,614,676,718,538.2,666.8,3.73,35.12,1.95,3.5,0.0,2.67,N/A,NORMAL,NORMAL
1789814974.737,2026-09-19 17:49:34.737,312,Underpass Unila Arah Rajabasa,239,3123,Golongan I,Sedan/Jip/Pick-up,0.487,463,335,599,485,531.5,410.4,5.69,30.14,8.52,3.5,3.9,0.91,N/A,NORMAL,KENDARAAN_BERHENTI
1789814974.921,2026-09-19 17:49:34.921,312,Underpass Unila Arah Rajabasa,240,3294,Golongan I,Sedan/Jip/Pick-up,0.848,347,218,426,298,386.8,258.6,4.38,22.52,8.01,3.5,2.9,0.99,N/A,NORMAL,NORMAL
1789814974.921,2026-09-19 17:49:34.921,312,Underpass Unila Arah Rajabasa,240,3295,Golongan I,Sedan/Jip/Pick-up,0.653,229,146,272,187,251.1,166.8,1.19,16.09,5.43,2.39,7.8,1.04,N/A,NORMAL,NORMAL
1789814974.921,2026-09-19 17:49:34.921,312,Underpass Unila Arah Rajabasa,240,3297,Golongan I,Sedan/Jip/Pick-up,0.605,212,99,246,134,229.9,116.9,0.69,9.91,6.83,2.71,8.1,0.96,N/A,NORMAL,NORMAL
1789814974.921,2026-09-19 17:49:34.921,312,Underpass Unila Arah Rajabasa,240,3299,Golongan I,Sedan/Jip/Pick-up,0.655,355,587,701,718,528.3,652.9,3.59,35.12,2.62,3.5,2.3,2.63,N/A,NORMAL,NORMAL
1789814974.921,2026-09-19 17:49:34.921,312,Underpass Unila Arah Rajabasa,240,3123,Golongan I,Sedan/Jip/Pick-up,0.639,466,338,606,494,536.5,416.3,5.7,30.39,8.71,3.5,4.0,0.9,N/A,NORMAL,KENDARAAN_BERHENTI
1789814975.094,2026-09-19 17:49:35.094,312,Underpass Unila Arah Rajabasa,241,3294,Golongan I,Sedan/Jip/Pick-up,0.865,348,220,427,300,387.8,260.5,4.38,22.64,7.91,3.5,2.9,0.99,N/A,NORMAL,NORMAL
1789814975.094,2026-09-19 17:49:35.094,312,Underpass Unila Arah Rajabasa,241,3295,Golongan I,Sedan/Jip/Pick-up,0.436,228,142,269,181,249.2,161.7,1.16,15.45,5.35,2.35,8.0,1.04,N/A,NORMAL,NORMAL
1789814975.094,2026-09-19 17:49:35.094,312,Underpass Unila Arah Rajabasa,241,3297,Golongan I,Sedan/Jip/Pick-up,0.449,212,97,245,132,229.1,114.9,0.67,9.6,6.96,2.68,8.1,0.96,N/A,NORMAL,NORMAL
1789814975.094,2026-09-19 17:49:35.094,312,Underpass Unila Arah Rajabasa,241,3299,Golongan I,Sedan/Jip/Pick-up,0.705,308,558,723,718,516.0,638.2,3.42,35.12,3.44,3.5,2.5,2.58,N/A,NORMAL,NORMAL
1789814975.094,2026-09-19 17:49:35.094,312,Underpass Unila Arah Rajabasa,241,3123,Golongan I,Sedan/Jip/Pick-up,0.498,469,341,613,501,541.7,421.7,5.71,30.61,8.82,3.5,4.2,0.89,N/A,NORMAL,KENDARAAN_BERHENTI
1789814975.299,2026-09-19 17:49:35.298,312,Underpass Unila Arah Rajabasa,242,3294,Golongan I,Sedan/Jip/Pick-up,0.819,349,222,429,302,389.5,262.7,4.41,22.75,7.83,3.5,2.8,1.0,N/A,NORMAL,NORMAL
1789814975.299,2026-09-19 17:49:35.298,312,Underpass Unila Arah Rajabasa,242,3295,Golongan I,Sedan/Jip/Pick-up,0.43,229,140,265,174,247.7,157.4,1.14,14.67,4.82,2.12,8.6,1.05,N/A,NORMAL,NORMAL
1789814975.299,2026-09-19 17:49:35.298,312,Underpass Unila Arah Rajabasa,242,3297,Golongan I,Sedan/Jip/Pick-up,0.314,211,95,244,129,228.3,112.3,0.65,9.16,6.91,2.73,8.0,0.96,N/A,NORMAL,NORMAL
1789814975.299,2026-09-19 17:49:35.298,312,Underpass Unila Arah Rajabasa,242,3123,Golongan I,Sedan/Jip/Pick-up,0.451,474,346,619,508,547.2,427.5,5.75,30.8,8.75,3.5,4.1,0.89,N/A,NORMAL,KENDARAAN_BERHENTI
1789814975.299,2026-09-19 17:49:35.298,312,Underpass Unila Arah Rajabasa,242,3286,Golongan I,Sedan/Jip/Pick-up,0.602,251,524,729,713,490.9,619.2,3.1,35.05,4.39,3.5,0.0,2.52,N/A,NORMAL,NORMAL
1789814975.481,2026-09-19 17:49:35.480,312,Underpass Unila Arah Rajabasa,243,3294,Golongan I,Sedan/Jip/Pick-up,0.742,350,224,431,306,391.2,265.5,4.4,22.99,7.89,3.5,2.9,1.0,N/A,NORMAL,NORMAL
1789814975.481,2026-09-19 17:49:35.480,312,Underpass Unila Arah Rajabasa,243,3295,Golongan I,Sedan/Jip/Pick-up,0.533,226,133,265,170,246.3,152.0,1.12,14.26,5.49,2.4,8.9,1.05,N/A,NORMAL,LAWAN_ARAH
1789814975.481,2026-09-19 17:49:35.480,312,Underpass Unila Arah Rajabasa,243,3297,Golongan I,Sedan/Jip/Pick-up,0.26,210,92,243,127,227.2,110.1,0.62,8.88,7.28,2.8,7.8,0.96,N/A,NORMAL,NORMAL
1789814975.481,2026-09-19 17:49:35.480,312,Underpass Unila Arah Rajabasa,243,3123,Golongan I,Sedan/Jip/Pick-up,0.392,479,352,625,515,552.1,433.9,5.77,30.99,8.6,3.5,4.1,0.89,N/A,NORMAL,KENDARAAN_BERHENTI
1789814975.481,2026-09-19 17:49:35.480,312,Underpass Unila Arah Rajabasa,243,3302,Golongan I,Bus,0.363,480,353,623,515,551.7,434.5,5.76,30.98,8.5,3.5,0.0,0.88,N/A,NORMAL,NORMAL
1789814975.657,2026-09-19 17:49:35.656,312,Underpass Unila Arah Rajabasa,244,3294,Golongan I,Sedan/Jip/Pick-up,0.743,351,226,434,309,393.0,267.7,4.42,23.16,7.9,3.5,3.0,1.0,N/A,NORMAL,NORMAL
1789814975.657,2026-09-19 17:49:35.656,312,Underpass Unila Arah Rajabasa,244,3295,Golongan I,Sedan/Jip/Pick-up,0.532,223,127,263,165,243.7,146.4,1.05,13.75,5.88,2.56,9.1,1.04,N/A,NORMAL,LAWAN_ARAH
1789814975.657,2026-09-19 17:49:35.656,312,Underpass Unila Arah Rajabasa,244,3123,Golongan III,Truk 3 Gandar,0.352,484,358,632,524,558.1,441.1,5.8,31.21,8.54,3.5,4.1,0.89,N/A,NORMAL,KENDARAAN_BERHENTI
1789814975.657,2026-09-19 17:49:35.656,312,Underpass Unila Arah Rajabasa,244,3302,Golongan I,Bus,0.332,484,358,630,523,557.5,441.1,5.79,31.21,8.48,3.5,0.0,0.88,N/A,NORMAL,NORMAL
1789814975.657,2026-09-19 17:49:35.656,312,Underpass Unila Arah Rajabasa,244,3286,Golongan I,Sedan/Jip/Pick-up,0.759,234,488,691,682,463.3,585.4,2.87,34.61,4.86,3.5,0.0,2.36,N/A,NORMAL,NORMAL
1789814975.842,2026-09-19 17:49:35.841,312,Underpass Unila Arah Rajabasa,245,3294,Golongan I,Sedan/Jip/Pick-up,0.707,353,227,436,311,395.0,269.3,4.45,23.26,7.95,3.5,2.9,1.0,N/A,NORMAL,NORMAL
1789814975.842,2026-09-19 17:49:35.841,312,Underpass Unila Arah Rajabasa,245,3295,Golongan I,Sedan/Jip/Pick-up,0.428,220,120,262,160,241.3,140.9,0.99,13.24,6.51,2.82,9.3,1.03,N/A,NORMAL,LAWAN_ARAH
1789814975.842,2026-09-19 17:49:35.841,312,Underpass Unila Arah Rajabasa,245,3123,Golongan I,Sedan/Jip/Pick-up,0.56,488,363,639,533,564.1,448.8,5.81,31.46,8.55,3.5,4.2,0.89,N/A,NORMAL,KENDARAAN_BERHENTI
1789814975.842,2026-09-19 17:49:35.841,312,Underpass Unila Arah Rajabasa,245,3286,Golongan I,Sedan/Jip/Pick-up,0.765,241,468,653,654,447.2,561.2,2.78,34.19,4.86,3.5,0.0,2.22,N/A,NORMAL,LAWAN_ARAH
1789814976.028,2026-09-19 17:49:36.028,312,Underpass Unila Arah Rajabasa,246,3294,Golongan I,Sedan/Jip/Pick-up,0.702,355,229,440,314,398.0,271.9,4.5,23.41,7.98,3.5,2.9,1.0,N/A,NORMAL,NORMAL
1789814976.028,2026-09-19 17:49:36.028,312,Underpass Unila Arah Rajabasa,246,3295,Golongan I,Sedan/Jip/Pick-up,0.574,219,117,259,155,239.5,136.3,0.95,12.57,6.37,2.76,9.5,1.03,N/A,NORMAL,LAWAN_ARAH
1789814976.028,2026-09-19 17:49:36.028,312,Underpass Unila Arah Rajabasa,246,3123,Golongan I,Sedan/Jip/Pick-up,0.514,493,370,646,541,570.0,456.1,5.83,31.66,8.37,3.5,4.2,0.89,N/A,NORMAL,KENDARAAN_BERHENTI
1789814976.028,2026-09-19 17:49:36.028,312,Underpass Unila Arah Rajabasa,246,3286,Golongan I,Sedan/Jip/Pick-up,0.74,247,447,616,624,431.8,536.3,2.69,33.71,4.89,3.5,8.9,2.09,N/A,NORMAL,LAWAN_ARAH
1789814976.224,2026-09-19 17:49:36.224,312,Underpass Unila Arah Rajabasa,247,3294,Golongan I,Sedan/Jip/Pick-up,0.638,358,232,442,316,400.6,274.2,4.55,23.5,7.79,3.5,3.0,1.0,N/A,NORMAL,NORMAL
1789814976.224,2026-09-19 17:49:36.224,312,Underpass Unila Arah Rajabasa,247,3295,Golongan I,Sedan/Jip/Pick-up,0.416,218,113,257,151,237.9,132.8,0.91,12.11,6.58,2.78,9.9,1.02,N/A,NORMAL,LAWAN_ARAH
1789814976.224,2026-09-19 17:49:36.224,312,Underpass Unila Arah Rajabasa,247,3123,Golongan I,Sedan/Jip/Pick-up,0.457,499,376,652,548,575.9,462.3,5.88,31.82,8.25,3.5,4.1,0.89,N/A,NORMAL,KENDARAAN_BERHENTI
1789814976.224,2026-09-19 17:49:36.224,312,Underpass Unila Arah Rajabasa,247,3286,Golongan I,Sedan/Jip/Pick-up,0.674,250,427,583,596,417.2,511.9,2.6,33.21,4.94,3.5,8.9,1.97,N/A,NORMAL,LAWAN_ARAH
1789814976.224,2026-09-19 17:49:36.224,312,Underpass Unila Arah Rajabasa,247,3313,Golongan I,Sedan/Jip/Pick-up,0.387,307,141,377,211,342.4,176.9,4.21,15.68,12.3,3.5,0.0,1.0,N/A,NORMAL,NORMAL
1789814976.413,2026-09-19 17:49:36.412,312,Underpass Unila Arah Rajabasa,248,3294,Golongan I,Sedan/Jip/Pick-up,0.639,360,233,446,319,403.1,276.8,4.57,23.69,7.94,3.5,2.9,1.0,N/A,NORMAL,NORMAL
1789814976.413,2026-09-19 17:49:36.412,312,Underpass Unila Arah Rajabasa,248,3295,Golongan I,Sedan/Jip/Pick-up,0.336,218,112,255,148,236.8,130.2,0.89,11.66,6.32,2.67,9.9,1.02,N/A,NORMAL,LAWAN_ARAH
1789814976.413,2026-09-19 17:49:36.412,312,Underpass Unila Arah Rajabasa,248,3123,Golongan I,Sedan/Jip/Pick-up,0.492,503,382,659,557,581.5,470.0,5.89,32.04,8.18,3.5,4.1,0.89,N/A,NORMAL,KENDARAAN_BERHENTI
1789814976.413,2026-09-19 17:49:36.412,312,Underpass Unila Arah Rajabasa,248,3286,Golongan I,Sedan/Jip/Pick-up,0.772,257,414,554,573,405.8,494.0,2.54,32.79,4.84,3.5,8.9,1.87,N/A,NORMAL,LAWAN_ARAH
1789814976.413,2026-09-19 17:49:36.412,312,Underpass Unila Arah Rajabasa,248,3313,Golongan I,Sedan/Jip/Pick-up,0.485,308,143,378,213,343.3,178.4,4.22,15.82,12.1,3.5,0.0,1.0,N/A,NORMAL,NORMAL
1789814976.413,2026-09-19 17:49:36.412,312,Underpass Unila Arah Rajabasa,248,3314,Golongan I,Sedan/Jip/Pick-up,0.39,287,111,328,150,307.8,130.8,3.87,8.15,9.32,3.5,0.0,1.03,N/A,NORMAL,NORMAL
1789814976.597,2026-09-19 17:49:36.597,312,Underpass Unila Arah Rajabasa,249,3294,Golongan I,Sedan/Jip/Pick-up,0.593,361,235,448,322,404.8,278.8,4.59,23.83,7.93,3.5,2.9,1.0,N/A,NORMAL,NORMAL
1789814976.597,2026-09-19 17:49:36.597,312,Underpass Unila Arah Rajabasa,249,3295,Golongan I,Sedan/Jip/Pick-up,0.361,217,108,253,142,235.3,125.3,0.86,10.89,6.23,2.7,10.4,1.02,N/A,NORMAL,LAWAN_ARAH
1789814976.597,2026-09-19 17:49:36.597,312,Underpass Unila Arah Rajabasa,249,3123,Golongan I,Sedan/Jip/Pick-up,0.541,508,387,668,566,588.2,477.1,5.92,32.25,8.23,3.5,4.1,0.89,N/A,NORMAL,KENDARAAN_BERHENTI
1789814976.597,2026-09-19 17:49:36.597,312,Underpass Unila Arah Rajabasa,249,3286,Golongan I,Sedan/Jip/Pick-up,0.756,260,395,528,545,394.5,470.5,2.49,32.23,4.89,3.5,9.0,1.78,N/A,NORMAL,LAWAN_ARAH
1789814976.597,2026-09-19 17:49:36.597,312,Underpass Unila Arah Rajabasa,249,3313,Golongan I,Sedan/Jip/Pick-up,0.417,310,144,380,214,345.2,179.0,4.28,15.84,12.08,3.5,1.7,1.0,N/A,NORMAL,NORMAL
1789814976.597,2026-09-19 17:49:36.597,312,Underpass Unila Arah Rajabasa,249,3314,Golongan I,Sedan/Jip/Pick-up,0.415,287,111,328,151,307.9,131.5,3.86,8.28,9.51,3.5,0.0,1.03,N/A,NORMAL,NORMAL
1789814976.861,2026-09-19 17:49:36.860,312,Underpass Unila Arah Rajabasa,250,3294,Golongan I,Sedan/Jip/Pick-up,0.674,361,238,450,326,405.9,282.3,4.56,24.07,7.85,3.5,2.9,1.0,N/A,NORMAL,NORMAL
1789814976.861,2026-09-19 17:49:36.860,312,Underpass Unila Arah Rajabasa,250,3295,Golongan I,Sedan/Jip/Pick-up,0.436,217,105,251,138,234.5,122.4,0.85,10.36,6.24,2.63,10.4,1.03,N/A,NORMAL,LAWAN_ARAH
1789814976.861,2026-09-19 17:49:36.860,312,Underpass Unila Arah Rajabasa,250,3123,Golongan I,Sedan/Jip/Pick-up,0.695,513,393,676,576,595.2,485.0,5.95,32.47,8.21,3.5,4.0,0.89,N/A,NORMAL,KENDARAAN_BERHENTI
1789814976.861,2026-09-19 17:49:36.860,312,Underpass Unila Arah Rajabasa,250,3286,Golongan I,Sedan/Jip/Pick-up,0.747,264,379,503,520,384.2,449.9,2.44,31.68,4.89,3.5,8.9,1.69,N/A,NORMAL,LAWAN_ARAH
1789814976.861,2026-09-19 17:49:36.860,312,Underpass Unila Arah Rajabasa,250,3313,Golongan I,Sedan/Jip/Pick-up,0.433,312,146,380,215,346.6,180.9,4.32,15.91,11.75,3.5,1.6,1.0,N/A,NORMAL,NORMAL
1789814976.861,2026-09-19 17:49:36.860,312,Underpass Unila Arah Rajabasa,250,3314,Golongan I,Sedan/Jip/Pick-up,0.288,289,114,328,151,309.1,133.1,3.9,8.35,8.66,3.5,1.6,1.03,N/A,NORMAL,NORMAL
1789814977.059,2026-09-19 17:49:37.058,312,Underpass Unila Arah Rajabasa,251,3294,Golongan I,Sedan/Jip/Pick-up,0.759,363,240,453,330,408.1,285.5,4.57,24.28,7.92,3.5,3.0,1.0,N/A,NORMAL,NORMAL
1789814977.059,2026-09-19 17:49:37.058,312,Underpass Unila Arah Rajabasa,251,3295,Golongan I,Sedan/Jip/Pick-up,0.48,215,102,250,136,232.6,119.7,0.79,10.1,6.56,2.76,10.0,1.02,N/A,NORMAL,LAWAN_ARAH
1789814977.059,2026-09-19 17:49:37.058,312,Underpass Unila Arah Rajabasa,251,3123,Golongan I,Sedan/Jip/Pick-up,0.547,520,400,684,584,602.4,492.7,6.0,32.65,8.08,3.5,3.9,0.89,N/A,NORMAL,KENDARAAN_BERHENTI
1789814977.059,2026-09-19 17:49:37.058,312,Underpass Unila Arah Rajabasa,251,3286,Golongan I,Sedan/Jip/Pick-up,0.695,264,363,484,499,374.2,431.7,2.37,31.2,5.01,3.5,8.9,1.62,N/A,NORMAL,LAWAN_ARAH
1789814977.059,2026-09-19 17:49:37.058,312,Underpass Unila Arah Rajabasa,251,3313,Golongan I,Sedan/Jip/Pick-up,0.397,311,144,382,216,346.8,180.6,4.3,16.06,12.4,3.5,1.7,1.0,N/A,NORMAL,NORMAL
1789814977.059,2026-09-19 17:49:37.058,312,Underpass Unila Arah Rajabasa,251,3314,Golongan I,Sedan/Jip/Pick-up,0.324,289,113,329,152,309.4,133.0,3.91,8.37,9.16,3.5,1.5,1.03,N/A,NORMAL,NORMAL
1789814977.263,2026-09-19 17:49:37.263,312,Underpass Unila Arah Rajabasa,252,3294,Golongan I,Sedan/Jip/Pick-up,0.861,365,243,455,333,410.6,288.2,4.6,24.41,7.8,3.5,3.0,1.0,N/A,NORMAL,NORMAL
1789814977.263,2026-09-19 17:49:37.263,312,Underpass Unila Arah Rajabasa,252,3295,Golongan I,Sedan/Jip/Pick-up,0.567,213,101,247,134,230.8,117.5,0.73,9.77,6.4,2.68,9.6,1.02,N/A,NORMAL,LAWAN_ARAH
1789814977.263,2026-09-19 17:49:37.263,312,Underpass Unila Arah Rajabasa,252,3123,Golongan I,Sedan/Jip/Pick-up,0.592,525,408,692,595,608.9,501.6,6.01,32.88,7.95,3.5,3.9,0.89,N/A,NORMAL,KENDARAAN_BERHENTI
1789814977.263,2026-09-19 17:49:37.263,312,Underpass Unila Arah Rajabasa,252,3286,Golongan I,Sedan/Jip/Pick-up,0.727,265,350,463,478,364.5,414.4,2.31,30.68,4.98,3.5,8.9,1.55,N/A,NORMAL,LAWAN_ARAH
1789814977.263,2026-09-19 17:49:37.263,312,Underpass Unila Arah Rajabasa,252,3313,Golongan I,Sedan/Jip/Pick-up,0.382,312,145,383,217,347.8,181.6,4.33,16.14,12.33,3.5,1.7,1.0,N/A,NORMAL,NORMAL
1789814977.263,2026-09-19 17:49:37.263,312,Underpass Unila Arah Rajabasa,252,3314,Golongan I,Sedan/Jip/Pick-up,0.38,290,114,330,153,310.6,134.4,3.93,8.61,9.1,3.5,1.7,1.02,N/A,NORMAL,NORMAL
1789814977.441,2026-09-19 17:49:37.440,312,Underpass Unila Arah Rajabasa,253,3294,Golongan I,Sedan/Jip/Pick-up,0.875,367,245,459,336,413.4,291.1,4.64,24.58,7.82,3.5,2.9,1.0,N/A,NORMAL,KENDARAAN_BERHENTI
1789814977.441,2026-09-19 17:49:37.440,312,Underpass Unila Arah Rajabasa,253,3295,Golongan I,Sedan/Jip/Pick-up,0.471,213,99,244,130,229.1,115.3,0.68,9.28,6.15,2.5,9.4,1.03,N/A,NORMAL,LAWAN_ARAH
1789814977.441,2026-09-19 17:49:37.440,312,Underpass Unila Arah Rajabasa,253,3123,Golongan I,Sedan/Jip/Pick-up,0.604,531,415,701,604,616.5,510.1,6.04,33.09,7.87,3.5,3.9,0.9,N/A,NORMAL,KENDARAAN_BERHENTI
1789814977.441,2026-09-19 17:49:37.440,312,Underpass Unila Arah Rajabasa,253,3286,Golongan I,Sedan/Jip/Pick-up,0.719,265,336,445,457,355.5,396.7,2.25,30.11,5.0,3.5,9.0,1.49,N/A,NORMAL,LAWAN_ARAH
1789814977.441,2026-09-19 17:49:37.440,312,Underpass Unila Arah Rajabasa,253,3313,Golongan I,Sedan/Jip/Pick-up,0.446,317,151,384,219,351.1,185.5,4.42,16.25,11.26,3.5,1.7,1.0,N/A,NORMAL,NORMAL
1789814977.441,2026-09-19 17:49:37.440,312,Underpass Unila Arah Rajabasa,253,3314,Golongan I,Sedan/Jip/Pick-up,0.416,291,115,331,155,311.5,135.7,3.94,8.87,9.22,3.5,2.0,1.02,N/A,NORMAL,NORMAL
1789814977.629,2026-09-19 17:49:37.629,312,Underpass Unila Arah Rajabasa,254,3294,Golongan I,Sedan/Jip/Pick-up,0.817,370,248,461,339,416.1,294.2,4.67,24.73,7.7,3.5,3.0,1.0,N/A,NORMAL,KENDARAAN_BERHENTI
1789814977.629,2026-09-19 17:49:37.629,312,Underpass Unila Arah Rajabasa,254,3295,Golongan I,Sedan/Jip/Pick-up,0.373,213,96,241,124,227.1,110.5,0.62,8.28,5.78,2.34,9.6,1.03,N/A,NORMAL,LAWAN_ARAH
1789814977.629,2026-09-19 17:49:37.629,312,Underpass Unila Arah Rajabasa,254,3123,Golongan I,Sedan/Jip/Pick-up,0.615,537,421,709,613,623.7,517.8,6.09,33.26,7.83,3.5,3.8,0.9,N/A,NORMAL,KENDARAAN_BERHENTI
1789814977.629,2026-09-19 17:49:37.629,312,Underpass Unila Arah Rajabasa,254,3286,Golongan I,Sedan/Jip/Pick-up,0.793,265,323,430,438,347.7,381.2,2.2,29.58,5.05,3.5,9.1,1.44,N/A,NORMAL,LAWAN_ARAH
1789814977.629,2026-09-19 17:49:37.629,312,Underpass Unila Arah Rajabasa,254,3313,Golongan I,Sedan/Jip/Pick-up,0.427,316,151,385,220,351.2,186.2,4.4,16.41,11.39,3.5,1.8,1.0,N/A,NORMAL,NORMAL
1789814977.629,2026-09-19 17:49:37.629,312,Underpass Unila Arah Rajabasa,254,3314,Golongan I,Sedan/Jip/Pick-up,0.456,290,115,331,155,310.8,135.9,3.9,8.96,9.21,3.5,2.2,1.02,N/A,NORMAL,NORMAL
1789814977.82,2026-09-19 17:49:37.819,312,Underpass Unila Arah Rajabasa,255,3294,Golongan I,Sedan/Jip/Pick-up,0.88,371,250,463,342,417.7,296.9,4.67,24.88,7.69,3.5,3.0,1.0,N/A,NORMAL,KENDARAAN_BERHENTI
1789814977.82,2026-09-19 17:49:37.819,312,Underpass Unila Arah Rajabasa,255,3295,Golongan I,Sedan/Jip/Pick-up,0.356,208,88,242,120,225.6,104.5,0.57,7.81,7.01,3.02,9.6,1.02,N/A,NORMAL,LAWAN_ARAH
1789814977.82,2026-09-19 17:49:37.819,312,Underpass Unila Arah Rajabasa,255,3123,Golongan I,Sedan/Jip/Pick-up,0.556,542,427,718,624,630.6,526.2,6.1,33.48,7.86,3.5,3.7,0.9,N/A,NORMAL,KENDARAAN_BERHENTI
1789814977.82,2026-09-19 17:49:37.819,312,Underpass Unila Arah Rajabasa,255,3286,Golongan I,Sedan/Jip/Pick-up,0.695,264,312,416,422,340.9,367.5,2.15,29.08,5.08,3.5,9.2,1.39,N/A,NORMAL,LAWAN_ARAH
1789814977.82,2026-09-19 17:49:37.819,312,Underpass Unila Arah Rajabasa,255,3313,Golongan I,Sedan/Jip/Pick-up,0.474,319,157,385,222,352.8,190.2,4.42,16.59,10.33,3.5,1.9,1.01,N/A,NORMAL,NORMAL
1789814977.82,2026-09-19 17:49:37.819,312,Underpass Unila Arah Rajabasa,255,3314,Golongan I,Sedan/Jip/Pick-up,0.472,292,117,332,156,312.5,136.9,3.96,9.02,8.87,3.5,2.2,1.02,N/A,NORMAL,NORMAL
1789814978.012,2026-09-19 17:49:38.011,312,Underpass Unila Arah Rajabasa,256,3294,Golongan I,Sedan/Jip/Pick-up,0.76,372,252,466,346,419.9,299.9,4.68,25.07,7.75,3.5,3.0,1.0,N/A,NORMAL,KENDARAAN_BERHENTI
1789814978.012,2026-09-19 17:49:38.011,312,Underpass Unila Arah Rajabasa,256,3295,Golongan I,Sedan/Jip/Pick-up,0.251,208,85,240,117,224.7,101.6,0.55,7.2,7.21,2.93,9.7,1.02,N/A,NORMAL,LAWAN_ARAH
1789814978.012,2026-09-19 17:49:38.011,312,Underpass Unila Arah Rajabasa,256,3123,Golongan I,Sedan/Jip/Pick-up,0.599,549,434,727,632,638.3,533.5,6.15,33.64,7.76,3.5,3.7,0.9,N/A,NORMAL,KENDARAAN_BERHENTI
1789814978.012,2026-09-19 17:49:38.011,312,Underpass Unila Arah Rajabasa,256,3286,Golongan I,Sedan/Jip/Pick-up,0.642,262,300,404,406,333.6,353.7,2.09,28.58,5.18,3.5,9.3,1.35,N/A,NORMAL,LAWAN_ARAH
1789814978.012,2026-09-19 17:49:38.011,312,Underpass Unila Arah Rajabasa,256,3313,Golongan I,Sedan/Jip/Pick-up,0.453,318,155,387,224,353.0,189.6,4.41,16.75,11.03,3.5,2.0,1.01,N/A,NORMAL,NORMAL
1789814978.012,2026-09-19 17:49:38.011,312,Underpass Unila Arah Rajabasa,256,3314,Golongan I,Sedan/Jip/Pick-up,0.426,292,117,333,157,313.2,137.6,3.98,9.14,9.08,3.5,2.2,1.01,N/A,NORMAL,NORMAL
1789814978.205,2026-09-19 17:49:38.204,312,Underpass Unila Arah Rajabasa,257,3294,Golongan I,Sedan/Jip/Pick-up,0.709,374,255,470,351,422.4,303.4,4.7,25.28,7.77,3.5,3.1,1.0,N/A,NORMAL,KENDARAAN_BERHENTI
1789814978.205,2026-09-19 17:49:38.204,312,Underpass Unila Arah Rajabasa,257,3295,Golongan I,Sedan/Jip/Pick-up,0.369,209,84,239,114,224.7,99.8,0.56,6.71,6.9,2.8,9.8,1.02,N/A,NORMAL,LAWAN_ARAH
1789814978.205,2026-09-19 17:49:38.204,312,Underpass Unila Arah Rajabasa,257,3123,Golongan I,Sedan/Jip/Pick-up,0.685,555,441,736,643,646.1,542.5,6.18,33.84,7.73,3.5,3.7,0.9,N/A,NORMAL,KENDARAAN_BERHENTI
1789814978.205,2026-09-19 17:49:38.204,312,Underpass Unila Arah Rajabasa,257,3286,Golongan I,Sedan/Jip/Pick-up,0.752,261,290,393,390,327.6,340.8,2.05,28.04,5.15,3.5,9.4,1.31,N/A,NORMAL,LAWAN_ARAH
1789814978.205,2026-09-19 17:49:38.204,312,Underpass Unila Arah Rajabasa,257,3313,Golongan I,Sedan/Jip/Pick-up,0.319,315,153,389,226,352.8,190.2,4.35,17.05,11.72,3.5,2.2,1.0,N/A,NORMAL,NORMAL
1789814978.205,2026-09-19 17:49:38.204,312,Underpass Unila Arah Rajabasa,257,3314,Golongan I,Sedan/Jip/Pick-up,0.375,293,118,334,159,314.2,139.0,4.0,9.32,9.2,3.5,2.3,1.01,N/A,NORMAL,NORMAL
1789814978.485,2026-09-19 17:49:38.485,312,Underpass Unila Arah Rajabasa,258,3286,Golongan I,Sedan/Jip/Pick-up,0.701,248,259,362,349,305.6,304.2,1.79,26.49,5.39,3.4,10.1,1.28,N/A,NORMAL,LAWAN_ARAH
1789814978.674,2026-09-19 17:49:38.674,312,Underpass Unila Arah Rajabasa,259,3286,Golongan I,Sedan/Jip/Pick-up,0.843,241,242,347,327,294.6,285.1,1.65,25.59,5.57,3.36,10.9,1.25,N/A,NORMAL,LAWAN_ARAH
1789814978.674,2026-09-19 17:49:38.674,312,Underpass Unila Arah Rajabasa,259,3321,Golongan I,Sedan/Jip/Pick-up,0.664,382,543,606,718,494.6,630.9,3.13,35.12,3.49,3.5,0.0,1.27,N/A,NORMAL,NORMAL
1789814978.674,2026-09-19 17:49:38.674,312,Underpass Unila Arah Rajabasa,259,3322,Golongan I,Sedan/Jip/Pick-up,0.746,344,182,434,279,389.5,231.0,4.78,20.98,12.57,3.5,0.0,0.93,N/A,NORMAL,NORMAL
1789814978.674,2026-09-19 17:49:38.674,312,Underpass Unila Arah Rajabasa,259,3323,Golongan I,Sedan/Jip/Pick-up,0.699,462,368,606,518,534.8,443.8,5.34,31.14,7.1,3.5,0.0,0.96,N/A,NORMAL,NORMAL
1789814978.674,2026-09-19 17:49:38.674,312,Underpass Unila Arah Rajabasa,259,3325,Golongan I,Sedan/Jip/Pick-up,0.594,309,141,362,193,335.9,167.7,4.29,13.61,9.54,3.5,0.0,1.01,N/A,NORMAL,NORMAL
1789814978.674,2026-09-19 17:49:38.674,312,Underpass Unila Arah Rajabasa,259,3326,Golongan I,Sedan/Jip/Pick-up,0.645,224,122,265,164,244.9,143.2,1.1,13.52,6.73,2.73,0.0,0.99,N/A,NORMAL,NORMAL
1789814978.876,2026-09-19 17:49:38.876,312,Underpass Unila Arah Rajabasa,260,3286,Golongan I,Sedan/Jip/Pick-up,0.758,239,231,338,312,288.8,272.3,1.59,24.9,5.66,3.29,11.6,1.22,N/A,NORMAL,LAWAN_ARAH
1789814978.876,2026-09-19 17:49:38.876,312,Underpass Unila Arah Rajabasa,260,3321,Golongan I,Sedan/Jip/Pick-up,0.552,357,519,594,706,476.0,613.1,2.93,34.96,3.9,3.5,0.0,1.27,N/A,NORMAL,NORMAL
1789814978.876,2026-09-19 17:49:38.876,312,Underpass Unila Arah Rajabasa,260,3322,Golongan I,Sedan/Jip/Pick-up,0.743,345,183,437,282,391.2,233.2,4.78,21.23,12.73,3.5,0.0,0.93,N/A,NORMAL,NORMAL
1789814978.876,2026-09-19 17:49:38.876,312,Underpass Unila Arah Rajabasa,260,3323,Golongan I,Sedan/Jip/Pick-up,0.591,465,373,612,526,538.9,450.4,5.34,31.36,7.09,3.5,0.0,0.96,N/A,NORMAL,NORMAL
1789814978.876,2026-09-19 17:49:38.876,312,Underpass Unila Arah Rajabasa,260,3325,Golongan I,Sedan/Jip/Pick-up,0.525,311,143,362,193,336.9,168.3,4.33,13.52,9.1,3.5,0.0,1.01,N/A,NORMAL,NORMAL
1789814978.876,2026-09-19 17:49:38.876,312,Underpass Unila Arah Rajabasa,260,3326,Golongan I,Sedan/Jip/Pick-up,0.524,222,119,262,160,242.6,140.1,1.04,13.13,6.73,2.72,0.0,0.99,N/A,NORMAL,NORMAL
1789814979.083,2026-09-19 17:49:39.082,312,Underpass Unila Arah Rajabasa,261,3286,Golongan I,Sedan/Jip/Pick-up,0.674,238,223,331,300,284.8,261.9,1.55,24.29,5.67,3.21,12.0,1.19,N/A,NORMAL,LAWAN_ARAH
1789814979.083,2026-09-19 17:49:39.082,312,Underpass Unila Arah Rajabasa,261,3321,Golongan I,Sedan/Jip/Pick-up,0.537,336,492,574,680,455.6,586.4,2.77,34.59,4.2,3.5,5.6,1.26,N/A,NORMAL,NORMAL
1789814979.083,2026-09-19 17:49:39.082,312,Underpass Unila Arah Rajabasa,261,3322,Golongan I,Sedan/Jip/Pick-up,0.698,345,185,439,285,392.7,235.5,4.77,21.45,12.64,3.5,4.2,0.93,N/A,NORMAL,NORMAL
1789814979.083,2026-09-19 17:49:39.082,312,Underpass Unila Arah Rajabasa,261,3323,Golongan I,Sedan/Jip/Pick-up,0.73,471,381,619,535,545.3,458.5,5.37,31.58,6.92,3.5,3.8,0.96,N/A,NORMAL,NORMAL
1789814979.083,2026-09-19 17:49:39.082,312,Underpass Unila Arah Rajabasa,261,3325,Golongan I,Sedan/Jip/Pick-up,0.546,311,144,364,197,337.7,170.6,4.29,14.01,9.47,3.5,3.6,1.0,N/A,NORMAL,NORMAL
1789814979.083,2026-09-19 17:49:39.082,312,Underpass Unila Arah Rajabasa,261,3326,Golongan I,Sedan/Jip/Pick-up,0.523,220,116,260,157,240.4,136.7,0.98,12.77,6.87,2.77,6.7,0.98,N/A,NORMAL,NORMAL
1789814979.311,2026-09-19 17:49:39.311,312,Underpass Unila Arah Rajabasa,262,3286,Golongan I,Sedan/Jip/Pick-up,0.51,235,214,327,293,281.5,253.9,1.51,23.9,6.08,3.29,12.0,1.16,N/A,NORMAL,LAWAN_ARAH
1789814979.311,2026-09-19 17:49:39.311,312,Underpass Unila Arah Rajabasa,262,3321,Golongan I,Sedan/Jip/Pick-up,0.76,324,467,551,649,437.8,558.5,2.66,34.12,4.39,3.5,5.9,1.25,N/A,NORMAL,NORMAL
1789814979.311,2026-09-19 17:49:39.311,312,Underpass Unila Arah Rajabasa,262,3322,Golongan I,Sedan/Jip/Pick-up,0.762,347,187,440,287,394.4,237.7,4.8,21.56,12.48,3.5,3.8,0.93,N/A,NORMAL,NORMAL
1789814979.311,2026-09-19 17:49:39.311,312,Underpass Unila Arah Rajabasa,262,3323,Golongan I,Sedan/Jip/Pick-up,0.77,475,387,626,544,550.8,465.6,5.39,31.78,6.88,3.5,3.8,0.96,N/A,NORMAL,NORMAL
1789814979.311,2026-09-19 17:49:39.311,312,Underpass Unila Arah Rajabasa,262,3325,Golongan I,Sedan/Jip/Pick-up,0.582,311,146,364,199,338.1,172.9,4.26,14.3,9.27,3.5,3.7,1.0,N/A,NORMAL,NORMAL
1789814979.311,2026-09-19 17:49:39.311,312,Underpass Unila Arah Rajabasa,262,3326,Golongan I,Sedan/Jip/Pick-up,0.717,220,113,258,151,239.2,132.4,0.96,12.06,6.62,2.72,7.3,0.99,N/A,NORMAL,NORMAL
1789814979.517,2026-09-19 17:49:39.517,312,Underpass Unila Arah Rajabasa,263,3286,Golongan I,Sedan/Jip/Pick-up,0.4,235,208,323,286,279.2,247.5,1.49,23.53,6.23,3.24,11.9,1.13,N/A,NORMAL,LAWAN_ARAH
1789814979.517,2026-09-19 17:49:39.517,312,Underpass Unila Arah Rajabasa,263,3321,Golongan I,Sedan/Jip/Pick-up,0.698,316,442,526,614,421.6,528.5,2.59,33.53,4.52,3.5,6.4,1.23,N/A,NORMAL,NORMAL
1789814979.517,2026-09-19 17:49:39.517,312,Underpass Unila Arah Rajabasa,263,3322,Golongan I,Sedan/Jip/Pick-up,0.703,351,191,443,290,397.5,240.9,4.85,21.73,12.12,3.5,3.6,0.93,N/A,NORMAL,NORMAL
1789814979.517,2026-09-19 17:49:39.517,312,Underpass Unila Arah Rajabasa,263,3323,Golongan I,Sedan/Jip/Pick-up,0.688,480,392,633,552,556.7,472.4,5.42,31.97,6.89,3.5,3.7,0.96,N/A,NORMAL,NORMAL
1789814979.517,2026-09-19 17:49:39.517,312,Underpass Unila Arah Rajabasa,263,3325,Golongan I,Sedan/Jip/Pick-up,0.554,313,148,365,201,339.4,175.0,4.29,14.45,9.14,3.5,3.6,1.0,N/A,NORMAL,NORMAL
1789814979.517,2026-09-19 17:49:39.517,312,Underpass Unila Arah Rajabasa,263,3326,Golongan I,Sedan/Jip/Pick-up,0.598,218,109,256,148,237.7,128.9,0.92,11.59,6.98,2.8,7.7,0.99,N/A,NORMAL,NORMAL
1789814979.713,2026-09-19 17:49:39.713,312,Underpass Unila Arah Rajabasa,264,3321,Golongan I,Sedan/Jip/Pick-up,0.74,309,420,503,580,406.8,500.8,2.52,32.93,4.57,3.5,7.0,1.21,N/A,NORMAL,LAWAN_ARAH
1789814979.713,2026-09-19 17:49:39.713,312,Underpass Unila Arah Rajabasa,264,3322,Golongan I,Sedan/Jip/Pick-up,0.625,352,192,446,292,399.3,242.3,4.89,21.83,12.19,3.5,3.3,0.93,N/A,NORMAL,NORMAL
1789814979.713,2026-09-19 17:49:39.713,312,Underpass Unila Arah Rajabasa,264,3323,Golongan I,Sedan/Jip/Pick-up,0.699,484,398,640,561,562.4,479.7,5.44,32.18,6.85,3.5,3.7,0.96,N/A,NORMAL,NORMAL
1789814979.713,2026-09-19 17:49:39.713,312,Underpass Unila Arah Rajabasa,264,3325,Golongan I,Sedan/Jip/Pick-up,0.552,315,149,366,200,340.7,175.3,4.35,14.37,8.84,3.5,3.2,1.0,N/A,NORMAL,NORMAL
1789814979.713,2026-09-19 17:49:39.713,312,Underpass Unila Arah Rajabasa,264,3326,Golongan I,Sedan/Jip/Pick-up,0.648,217,106,255,144,236.2,125.8,0.88,11.19,7.01,2.88,7.9,0.99,N/A,NORMAL,NORMAL
1789814979.944,2026-09-19 17:49:39.943,312,Underpass Unila Arah Rajabasa,265,3321,Golongan I,Sedan/Jip/Pick-up,0.646,305,403,481,550,393.9,476.7,2.46,32.33,4.51,3.5,7.4,1.2,N/A,NORMAL,LAWAN_ARAH
1789814979.944,2026-09-19 17:49:39.943,312,Underpass Unila Arah Rajabasa,265,3322,Golongan I,Sedan/Jip/Pick-up,0.469,354,193,448,294,401.4,244.0,4.93,21.93,12.25,3.5,3.1,0.93,N/A,NORMAL,NORMAL
1789814979.944,2026-09-19 17:49:39.943,312,Underpass Unila Arah Rajabasa,265,3323,Golongan I,Sedan/Jip/Pick-up,0.769,488,403,648,569,568.5,486.6,5.47,32.38,6.86,3.5,3.6,0.96,N/A,NORMAL,NORMAL
1789814979.944,2026-09-19 17:49:39.943,312,Underpass Unila Arah Rajabasa,265,3325,Golongan I,Sedan/Jip/Pick-up,0.614,315,149,367,202,341.4,175.8,4.35,14.52,9.12,3.5,3.0,0.99,N/A,NORMAL,NORMAL
1789814979.944,2026-09-19 17:49:39.943,312,Underpass Unila Arah Rajabasa,265,3326,Golongan I,Sedan/Jip/Pick-up,0.404,217,105,253,142,235.2,124.2,0.86,10.89,6.9,2.75,7.7,0.99,N/A,NORMAL,NORMAL
1789814980.155,2026-09-19 17:49:40.154,312,Underpass Unila Arah Rajabasa,266,3321,Golongan I,Sedan/Jip/Pick-up,0.735,302,385,462,521,382.4,453.5,2.41,31.7,4.51,3.36,7.9,1.18,N/A,NORMAL,LAWAN_ARAH
1789814980.155,2026-09-19 17:49:40.154,312,Underpass Unila Arah Rajabasa,266,3322,Golongan I,Sedan/Jip/Pick-up,0.555,355,194,449,295,402.8,245.4,4.94,22.03,12.19,3.5,2.9,0.93,N/A,NORMAL,NORMAL
1789814980.155,2026-09-19 17:49:40.154,312,Underpass Unila Arah Rajabasa,266,3323,Golongan I,Sedan/Jip/Pick-up,0.839,493,410,653,577,573.3,494.2,5.48,32.55,6.72,3.5,3.5,0.96,N/A,NORMAL,NORMAL
1789814980.155,2026-09-19 17:49:40.154,312,Underpass Unila Arah Rajabasa,266,3325,Golongan I,Sedan/Jip/Pick-up,0.694,315,150,368,203,342.0,176.7,4.35,14.66,9.05,3.5,2.8,0.99,N/A,NORMAL,NORMAL
1789814980.155,2026-09-19 17:49:40.154,312,Underpass Unila Arah Rajabasa,266,3326,Golongan I,Sedan/Jip/Pick-up,0.565,216,101,252,139,234.5,120.6,0.85,10.4,7.32,2.84,7.7,0.99,N/A,NORMAL,NORMAL
1789814980.155,2026-09-19 17:49:40.154,312,Underpass Unila Arah Rajabasa,266,3336,Golongan I,Sedan/Jip/Pick-up,0.43,283,104,333,153,308.7,129.0,3.85,8.62,12.16,3.5,0.0,1.02,N/A,NORMAL,NORMAL
1789814980.37,2026-09-19 17:49:40.369,312,Underpass Unila Arah Rajabasa,267,3321,Golongan I,Sedan/Jip/Pick-up,0.709,296,369,445,497,371.1,433.4,2.33,31.14,4.53,3.24,8.2,1.17,N/A,NORMAL,LAWAN_ARAH
1789814980.37,2026-09-19 17:49:40.369,312,Underpass Unila Arah Rajabasa,267,3322,Golongan I,Sedan/Jip/Pick-up,0.613,357,198,450,298,403.9,248.3,4.93,22.2,11.75,3.5,2.8,0.93,N/A,NORMAL,NORMAL
1789814980.37,2026-09-19 17:49:40.369,312,Underpass Unila Arah Rajabasa,267,3323,Golongan I,Sedan/Jip/Pick-up,0.799,499,416,660,585,579.9,501.0,5.53,32.71,6.66,3.5,3.5,0.96,N/A,NORMAL,NORMAL
1789814980.37,2026-09-19 17:49:40.369,312,Underpass Unila Arah Rajabasa,267,3325,Golongan I,Sedan/Jip/Pick-up,0.634,315,151,368,205,342.4,178.5,4.33,14.87,9.09,3.5,2.8,0.99,N/A,NORMAL,NORMAL
1789814980.37,2026-09-19 17:49:40.369,312,Underpass Unila Arah Rajabasa,267,3326,Golongan I,Sedan/Jip/Pick-up,0.7,215,98,251,135,233.7,116.5,0.84,9.78,7.36,2.93,7.8,0.98,N/A,NORMAL,LAWAN_ARAH
1789814980.37,2026-09-19 17:49:40.369,312,Underpass Unila Arah Rajabasa,267,3336,Golongan I,Sedan/Jip/Pick-up,0.493,284,104,334,154,309.2,129.5,3.86,8.74,12.41,3.5,0.0,1.02,N/A,NORMAL,NORMAL
1789814980.576,2026-09-19 17:49:40.575,312,Underpass Unila Arah Rajabasa,268,3321,Golongan I,Sedan/Jip/Pick-up,0.628,291,354,430,474,361.1,414.3,2.27,30.57,4.55,3.13,8.4,1.16,N/A,NORMAL,LAWAN_ARAH
1789814980.576,2026-09-19 17:49:40.575,312,Underpass Unila Arah Rajabasa,268,3322,Golongan I,Sedan/Jip/Pick-up,0.587,357,200,452,301,404.8,250.9,4.91,22.41,11.68,3.5,2.7,0.93,N/A,NORMAL,NORMAL
1789814980.576,2026-09-19 17:49:40.575,312,Underpass Unila Arah Rajabasa,268,3323,Golongan I,Sedan/Jip/Pick-up,0.711,503,422,668,595,585.9,509.3,5.53,32.94,6.66,3.5,3.5,0.96,N/A,NORMAL,NORMAL
1789814980.576,2026-09-19 17:49:40.575,312,Underpass Unila Arah Rajabasa,268,3325,Golongan I,Sedan/Jip/Pick-up,0.591,317,154,369,207,343.4,180.9,4.33,15.12,8.75,3.5,2.8,0.99,N/A,NORMAL,NORMAL
1789814980.576,2026-09-19 17:49:40.575,312,Underpass Unila Arah Rajabasa,268,3326,Golongan I,Sedan/Jip/Pick-up,0.642,213,96,250,133,232.4,114.9,0.79,9.62,7.47,3.05,7.6,0.98,N/A,NORMAL,LAWAN_ARAH
1789814980.576,2026-09-19 17:49:40.575,312,Underpass Unila Arah Rajabasa,268,3336,Golongan I,Sedan/Jip/Pick-up,0.623,285,106,334,155,310.0,130.7,3.88,8.88,11.96,3.5,2.2,1.02,N/A,NORMAL,NORMAL
1789814980.788,2026-09-19 17:49:40.787,312,Underpass Unila Arah Rajabasa,269,3321,Golongan I,Sedan/Jip/Pick-up,0.603,286,338,416,453,351.5,396.1,2.2,30.02,4.67,3.05,8.8,1.14,N/A,NORMAL,LAWAN_ARAH
1789814980.788,2026-09-19 17:49:40.787,312,Underpass Unila Arah Rajabasa,269,3322,Golongan I,Sedan/Jip/Pick-up,0.674,358,202,453,304,405.8,253.0,4.91,22.57,11.6,3.5,2.7,0.93,N/A,NORMAL,NORMAL
1789814980.788,2026-09-19 17:49:40.787,312,Underpass Unila Arah Rajabasa,269,3323,Golongan I,Sedan/Jip/Pick-up,0.72,507,429,675,603,591.5,516.4,5.56,33.1,6.55,3.5,3.4,0.96,N/A,NORMAL,NORMAL
1789814980.788,2026-09-19 17:49:40.787,312,Underpass Unila Arah Rajabasa,269,3325,Golongan I,Sedan/Jip/Pick-up,0.629,317,154,371,209,344.4,181.7,4.34,15.3,9.04,3.5,3.0,0.98,N/A,NORMAL,NORMAL
1789814980.788,2026-09-19 17:49:40.787,312,Underpass Unila Arah Rajabasa,269,3326,Golongan I,Sedan/Jip/Pick-up,0.564,213,94,248,129,231.1,112.1,0.76,9.01,7.25,2.96,7.7,0.99,N/A,NORMAL,LAWAN_ARAH
1789814980.788,2026-09-19 17:49:40.787,312,Underpass Unila Arah Rajabasa,269,3336,Golongan I,Sedan/Jip/Pick-up,0.63,285,107,335,156,310.7,131.8,3.88,9.06,11.85,3.5,2.3,1.02,N/A,NORMAL,NORMAL
1789814980.973,2026-09-19 17:49:40.973,312,Underpass Unila Arah Rajabasa,270,3321,Golongan I,Sedan/Jip/Pick-up,0.603,281,324,404,433,343.2,378.7,2.14,29.43,4.73,2.99,9.2,1.12,N/A,NORMAL,LAWAN_ARAH
1789814980.973,2026-09-19 17:49:40.973,312,Underpass Unila Arah Rajabasa,270,3322,Golongan I,Sedan/Jip/Pick-up,0.635,359,203,455,306,407.7,255.3,4.92,22.73,11.64,3.5,2.6,0.94,N/A,NORMAL,NORMAL
1789814980.973,2026-09-19 17:49:40.973,312,Underpass Unila Arah Rajabasa,270,3323,Golongan I,Sedan/Jip/Pick-up,0.685,512,434,682,612,597.6,523.2,5.58,33.27,6.58,3.5,3.3,0.96,N/A,NORMAL,NORMAL
1789814980.973,2026-09-19 17:49:40.973,312,Underpass Unila Arah Rajabasa,270,3325,Golongan I,Sedan/Jip/Pick-up,0.415,317,154,372,210,345.1,182.4,4.35,15.39,9.19,3.5,2.9,0.98,N/A,NORMAL,NORMAL
1789814980.973,2026-09-19 17:49:40.973,312,Underpass Unila Arah Rajabasa,270,3326,Golongan I,Sedan/Jip/Pick-up,0.474,212,91,246,125,229.4,108.7,0.71,8.47,7.26,2.96,7.9,0.98,N/A,NORMAL,LAWAN_ARAH
1789814980.973,2026-09-19 17:49:40.973,312,Underpass Unila Arah Rajabasa,270,3336,Golongan I,Sedan/Jip/Pick-up,0.65,286,108,335,156,311.3,132.4,3.91,9.07,11.55,3.5,2.2,1.02,N/A,NORMAL,NORMAL
1789814981.169,2026-09-19 17:49:41.168,312,Underpass Unila Arah Rajabasa,271,3321,Golongan I,Sedan/Jip/Pick-up,0.617,277,311,393,415,335.3,363.3,2.08,28.88,4.8,2.93,9.6,1.11,N/A,NORMAL,LAWAN_ARAH
1789814981.169,2026-09-19 17:49:41.168,312,Underpass Unila Arah Rajabasa,271,3322,Golongan I,Sedan/Jip/Pick-up,0.685,360,205,457,309,409.1,257.6,4.92,22.92,11.58,3.5,2.6,0.94,N/A,NORMAL,NORMAL
1789814981.169,2026-09-19 17:49:41.168,312,Underpass Unila Arah Rajabasa,271,3323,Golongan I,Sedan/Jip/Pick-up,0.787,517,440,689,619,603.5,530.1,5.61,33.42,6.5,3.5,3.3,0.96,N/A,NORMAL,NORMAL
1789814981.169,2026-09-19 17:49:41.168,312,Underpass Unila Arah Rajabasa,271,3325,Golongan I,Sedan/Jip/Pick-up,0.467,319,155,374,211,346.9,183.8,4.39,15.52,9.18,3.5,2.7,0.97,N/A,NORMAL,NORMAL
1789814981.169,2026-09-19 17:49:41.168,312,Underpass Unila Arah Rajabasa,271,3326,Golongan I,Sedan/Jip/Pick-up,0.482,212,89,244,123,228.5,106.6,0.68,8.06,7.39,2.83,7.9,0.98,N/A,NORMAL,LAWAN_ARAH
1789814981.169,2026-09-19 17:49:41.168,312,Underpass Unila Arah Rajabasa,271,3336,Golongan I,Sedan/Jip/Pick-up,0.582,287,108,336,157,311.9,132.9,3.92,9.17,11.79,3.5,2.1,1.01,N/A,NORMAL,NORMAL
1789814981.4,2026-09-19 17:49:41.399,312,Underpass Unila Arah Rajabasa,272,3321,Golongan I,Sedan/Jip/Pick-up,0.565,274,299,381,397,327.7,348.3,2.02,28.27,4.81,2.8,9.8,1.1,N/A,NORMAL,LAWAN_ARAH
1789814981.4,2026-09-19 17:49:41.399,312,Underpass Unila Arah Rajabasa,272,3322,Golongan I,Sedan/Jip/Pick-up,0.506,362,207,460,312,411.3,259.7,4.95,23.04,11.57,3.5,2.6,0.94,N/A,NORMAL,NORMAL
1789814981.4,2026-09-19 17:49:41.399,312,Underpass Unila Arah Rajabasa,272,3323,Golongan I,Sedan/Jip/Pick-up,0.782,521,446,696,628,608.8,537.7,5.62,33.6,6.47,3.5,3.2,0.96,N/A,NORMAL,NORMAL
1789814981.4,2026-09-19 17:49:41.399,312,Underpass Unila Arah Rajabasa,272,3325,Golongan I,Sedan/Jip/Pick-up,0.419,321,158,375,213,348.7,185.6,4.44,15.6,8.84,3.5,2.5,0.98,N/A,NORMAL,NORMAL
1789814981.4,2026-09-19 17:49:41.399,312,Underpass Unila Arah Rajabasa,272,3326,Golongan I,Sedan/Jip/Pick-up,0.312,211,86,243,118,227.8,102.8,0.67,7.29,7.23,2.94,8.0,0.99,N/A,NORMAL,LAWAN_ARAH
1789814981.4,2026-09-19 17:49:41.399,312,Underpass Unila Arah Rajabasa,272,3336,Golongan I,Sedan/Jip/Pick-up,0.514,287,109,337,158,312.3,133.8,3.92,9.34,11.68,3.5,2.1,1.01,N/A,NORMAL,NORMAL
1789814981.589,2026-09-19 17:49:41.589,312,Underpass Unila Arah Rajabasa,273,3321,Golongan I,Sedan/Jip/Pick-up,0.734,269,287,374,384,322.1,335.9,1.97,27.83,5.03,2.85,9.8,1.08,N/A,NORMAL,LAWAN_ARAH
1789814981.589,2026-09-19 17:49:41.589,312,Underpass Unila Arah Rajabasa,273,3322,Golongan I,Sedan/Jip/Pick-up,0.486,362,208,462,316,412.5,262.5,4.92,23.29,11.74,3.5,2.7,0.94,N/A,NORMAL,NORMAL
1789814981.589,2026-09-19 17:49:41.589,312,Underpass Unila Arah Rajabasa,273,3323,Golongan I,Sedan/Jip/Pick-up,0.771,526,451,702,636,614.6,544.0,5.65,33.73,6.46,3.5,3.1,0.96,N/A,NORMAL,NORMAL
1789814981.589,2026-09-19 17:49:41.589,312,Underpass Unila Arah Rajabasa,273,3325,Golongan I,Sedan/Jip/Pick-up,0.54,321,157,376,214,349.2,186.4,4.43,15.79,9.19,3.5,2.6,0.97,N/A,NORMAL,NORMAL
1789814981.589,2026-09-19 17:49:41.589,312,Underpass Unila Arah Rajabasa,273,3326,Golongan I,Sedan/Jip/Pick-up,0.552,210,84,242,116,226.7,100.3,0.64,6.9,7.36,2.99,8.1,0.99,N/A,NORMAL,LAWAN_ARAH
1789814981.589,2026-09-19 17:49:41.589,312,Underpass Unila Arah Rajabasa,273,3336,Golongan I,Sedan/Jip/Pick-up,0.5,287,109,337,159,312.5,134.5,3.91,9.47,11.86,3.5,2.1,1.01,N/A,NORMAL,NORMAL
1789814981.789,2026-09-19 17:49:41.788,312,Underpass Unila Arah Rajabasa,274,3321,Golongan I,Sedan/Jip/Pick-up,0.763,267,276,366,368,317.3,322.1,1.95,27.21,5.08,2.8,9.9,1.08,N/A,NORMAL,LAWAN_ARAH
1789814981.789,2026-09-19 17:49:41.788,312,Underpass Unila Arah Rajabasa,274,3322,Golongan I,Sedan/Jip/Pick-up,0.581,363,210,465,318,414.4,264.6,4.94,23.43,11.63,3.5,2.8,0.94,N/A,NORMAL,NORMAL
1789814981.789,2026-09-19 17:49:41.788,312,Underpass Unila Arah Rajabasa,274,3323,Golongan I,Sedan/Jip/Pick-up,0.778,530,456,710,644,620.4,550.6,5.68,33.88,6.47,3.5,3.1,0.96,N/A,NORMAL,KENDARAAN_BERHENTI
1789814981.789,2026-09-19 17:49:41.788,312,Underpass Unila Arah Rajabasa,274,3325,Golongan I,Sedan/Jip/Pick-up,0.624,321,158,377,216,349.7,187.5,4.42,15.97,9.24,3.5,2.7,0.97,N/A,NORMAL,KENDARAAN_BERHENTI
1789814981.789,2026-09-19 17:49:41.788,312,Underpass Unila Arah Rajabasa,274,3326,Golongan I,Sedan/Jip/Pick-up,0.406,208,82,241,115,225.2,98.8,0.58,6.8,7.67,3.12,8.1,0.99,N/A,NORMAL,LAWAN_ARAH
1789814981.789,2026-09-19 17:49:41.788,312,Underpass Unila Arah Rajabasa,274,3336,Golongan I,Sedan/Jip/Pick-up,0.298,287,110,339,160,313.5,135.6,3.92,9.7,11.79,3.5,2.2,1.01,N/A,NORMAL,NORMAL
1789814981.97,2026-09-19 17:49:41.969,312,Underpass Unila Arah Rajabasa,275,3321,Golongan I,Sedan/Jip/Pick-up,0.701,263,264,358,354,311.0,309.8,1.88,26.69,5.28,2.81,9.9,1.06,N/A,NORMAL,LAWAN_ARAH
1789814981.97,2026-09-19 17:49:41.969,312,Underpass Unila Arah Rajabasa,275,3322,Golongan I,Sedan/Jip/Pick-up,0.584,364,211,467,321,415.9,266.9,4.94,23.62,11.74,3.5,2.9,0.94,N/A,NORMAL,NORMAL
1789814981.97,2026-09-19 17:49:41.969,312,Underpass Unila Arah Rajabasa,275,3323,Golongan I,Sedan/Jip/Pick-up,0.804,535,462,716,650,625.9,556.5,5.71,34.0,6.37,3.5,3.0,0.96,N/A,NORMAL,KENDARAAN_BERHENTI
1789814981.97,2026-09-19 17:49:41.969,312,Underpass Unila Arah Rajabasa,275,3325,Golongan I,Sedan/Jip/Pick-up,0.583,322,159,378,217,350.9,188.7,4.45,16.03,9.19,3.5,2.7,0.97,N/A,NORMAL,KENDARAAN_BERHENTI
1789814981.97,2026-09-19 17:49:41.969,312,Underpass Unila Arah Rajabasa,275,3326,Golongan I,Sedan/Jip/Pick-up,0.277,209,81,240,113,224.9,97.1,0.58,6.37,7.56,2.98,8.0,0.99,N/A,NORMAL,LAWAN_ARAH
1789814982.166,2026-09-19 17:49:42.166,312,Underpass Unila Arah Rajabasa,276,3321,Golongan I,Sedan/Jip/Pick-up,0.72,261,255,353,343,307.4,299.6,1.86,26.2,5.42,2.82,9.9,1.05,N/A,NORMAL,LAWAN_ARAH
1789814982.166,2026-09-19 17:49:42.166,312,Underpass Unila Arah Rajabasa,276,3322,Golongan I,Sedan/Jip/Pick-up,0.59,365,214,469,325,417.7,270.0,4.94,23.8,11.59,3.5,3.0,0.94,N/A,NORMAL,NORMAL
1789814982.166,2026-09-19 17:49:42.166,312,Underpass Unila Arah Rajabasa,276,3323,Golongan I,Sedan/Jip/Pick-up,0.781,538,467,721,657,630.0,562.5,5.71,34.13,6.32,3.5,2.9,0.96,N/A,NORMAL,KENDARAAN_BERHENTI
1789814982.166,2026-09-19 17:49:42.166,312,Underpass Unila Arah Rajabasa,276,3325,Golongan I,Sedan/Jip/Pick-up,0.644,324,162,380,219,352.4,190.7,4.48,16.2,8.88,3.5,2.7,0.97,N/A,NORMAL,KENDARAAN_BERHENTI
1789814982.352,2026-09-19 17:49:42.351,312,Underpass Unila Arah Rajabasa,277,3321,Golongan I,Sedan/Jip/Pick-up,0.614,260,246,345,328,302.6,287.7,1.83,25.56,5.36,2.71,10.0,1.03,N/A,NORMAL,LAWAN_ARAH
1789814982.352,2026-09-19 17:49:42.351,312,Underpass Unila Arah Rajabasa,277,3322,Golongan I,Sedan/Jip/Pick-up,0.494,368,217,471,326,419.7,272.2,4.98,23.88,11.26,3.5,3.0,0.94,N/A,NORMAL,KENDARAAN_BERHENTI
1789814982.352,2026-09-19 17:49:42.351,312,Underpass Unila Arah Rajabasa,277,3323,Golongan I,Sedan/Jip/Pick-up,0.828,542,472,726,664,634.8,568.2,5.73,34.24,6.28,3.5,2.8,0.96,N/A,NORMAL,KENDARAAN_BERHENTI
1789814982.352,2026-09-19 17:49:42.351,312,Underpass Unila Arah Rajabasa,277,3325,Golongan I,Sedan/Jip/Pick-up,0.712,325,162,382,220,353.9,191.7,4.51,16.32,9.06,3.5,2.6,0.97,N/A,NORMAL,KENDARAAN_BERHENTI
1789814982.352,2026-09-19 17:49:42.351,312,Underpass Unila Arah Rajabasa,277,3336,Golongan I,Sedan/Jip/Pick-up,0.297,292,114,340,162,316.3,138.5,4.03,9.79,11.05,3.5,0.0,1.0,N/A,NORMAL,NORMAL
1789814982.597,2026-09-19 17:49:42.597,312,Underpass Unila Arah Rajabasa,278,3123,Golongan I,Sedan/Jip/Pick-up,0.804,645,561,805,720,725.3,640.7,6.79,35.16,4.48,3.5,0.0,1.01,N/A,NORMAL,KENDARAAN_BERHENTI
1789814982.597,2026-09-19 17:49:42.597,312,Underpass Unila Arah Rajabasa,278,3313,Golongan I,Sedan/Jip/Pick-up,0.826,354,203,427,276,391.4,240.2,4.88,20.76,8.56,3.5,0.0,1.0,N/A,NORMAL,KENDARAAN_BERHENTI
1789814982.781,2026-09-19 17:49:42.781,312,Underpass Unila Arah Rajabasa,279,3361,Golongan I,Bus,0.449,272,260,368,390,320.7,325.2,1.91,28.07,7.22,2.81,0.0,0.74,N/A,NORMAL,NORMAL
1789814982.781,2026-09-19 17:49:42.781,312,Underpass Unila Arah Rajabasa,279,3363,Golongan I,Sedan/Jip/Pick-up,0.417,206,96,246,136,226.3,116.9,0.55,10.47,7.78,3.18,0.0,0.98,N/A,NORMAL,NORMAL
1789814982.781,2026-09-19 17:49:42.781,312,Underpass Unila Arah Rajabasa,279,3364,Golongan I,Bus,0.441,421,282,567,436,494.5,359.6,5.45,28.57,11.08,3.5,0.0,0.95,N/A,NORMAL,NORMAL
1789814982.781,2026-09-19 17:49:42.781,312,Underpass Unila Arah Rajabasa,279,3123,Golongan I,Sedan/Jip/Pick-up,0.799,642,564,811,720,726.8,642.1,6.81,35.16,4.39,3.5,0.0,1.09,N/A,NORMAL,KENDARAAN_BERHENTI
1789814982.781,2026-09-19 17:49:42.781,312,Underpass Unila Arah Rajabasa,279,3313,Golongan I,Sedan/Jip/Pick-up,0.84,355,204,429,278,392.6,241.6,4.89,20.88,8.62,3.5,0.0,0.99,N/A,NORMAL,KENDARAAN_BERHENTI
1789814982.781,2026-09-19 17:49:42.781,312,Underpass Unila Arah Rajabasa,279,3325,Golongan I,Sedan/Jip/Pick-up,0.721,314,147,374,210,344.4,179.3,4.31,15.46,10.77,3.5,0.0,0.96,N/A,NORMAL,KENDARAAN_BERHENTI
1789814982.967,2026-09-19 17:49:42.967,312,Underpass Unila Arah Rajabasa,280,3361,Golongan I,Bus,0.609,269,250,362,376,315.9,313.1,1.88,27.55,7.41,2.84,0.0,0.74,N/A,NORMAL,NORMAL
1789814982.967,2026-09-19 17:49:42.967,312,Underpass Unila Arah Rajabasa,280,3363,Golongan I,Sedan/Jip/Pick-up,0.428,205,92,246,134,225.8,113.9,0.54,10.17,8.43,3.37,0.0,0.98,N/A,NORMAL,NORMAL
1789814982.967,2026-09-19 17:49:42.967,312,Underpass Unila Arah Rajabasa,280,3364,Golongan I,Bus,0.578,424,284,568,437,496.7,361.2,5.49,28.6,10.94,3.5,0.0,0.95,N/A,NORMAL,NORMAL
1789814982.967,2026-09-19 17:49:42.967,312,Underpass Unila Arah Rajabasa,280,3123,Golongan I,Sedan/Jip/Pick-up,0.716,640,567,815,720,728.2,643.6,6.84,35.16,4.3,3.5,0.5,1.14,N/A,NORMAL,KENDARAAN_BERHENTI
1789814982.967,2026-09-19 17:49:42.967,312,Underpass Unila Arah Rajabasa,280,3313,Golongan I,Sedan/Jip/Pick-up,0.818,356,205,430,280,393.9,242.7,4.91,20.99,8.66,3.5,2.3,0.98,N/A,NORMAL,KENDARAAN_BERHENTI
1789814982.967,2026-09-19 17:49:42.967,312,Underpass Unila Arah Rajabasa,280,3368,Golongan III,Truk 3 Gandar,0.35,423,286,569,440,496.5,363.3,5.45,28.71,10.85,3.5,0.0,0.95,N/A,NORMAL,NORMAL
1789814982.967,2026-09-19 17:49:42.967,312,Underpass Unila Arah Rajabasa,280,3370,Golongan I,Sedan/Jip/Pick-up,0.438,288,109,327,152,308.3,131.0,3.85,8.5,10.3,3.5,0.0,0.9,N/A,NORMAL,NORMAL
1789814982.967,2026-09-19 17:49:42.967,312,Underpass Unila Arah Rajabasa,280,3325,Golongan I,Sedan/Jip/Pick-up,0.645,312,145,373,209,342.9,177.6,4.28,15.37,11.05,3.5,0.0,0.96,N/A,NORMAL,KENDARAAN_BERHENTI
1789814983.158,2026-09-19 17:49:43.158,312,Underpass Unila Arah Rajabasa,281,3361,Golongan I,Bus,0.556,263,237,354,360,308.9,298.9,1.81,26.96,7.76,2.92,10.6,0.74,N/A,NORMAL,NORMAL
1789814983.158,2026-09-19 17:49:43.158,312,Underpass Unila Arah Rajabasa,281,3363,Golongan I,Sedan/Jip/Pick-up,0.393,203,90,244,132,223.8,111.6,0.47,9.9,8.54,3.41,5.5,0.98,N/A,NORMAL,NORMAL
1789814983.158,2026-09-19 17:49:43.158,312,Underpass Unila Arah Rajabasa,281,3123,Golongan I,Sedan/Jip/Pick-up,0.729,640,570,817,720,728.7,645.0,6.85,35.16,4.19,3.5,0.5,1.18,N/A,NORMAL,KENDARAAN_BERHENTI
1789814983.158,2026-09-19 17:49:43.158,312,Underpass Unila Arah Rajabasa,281,3313,Golongan I,Sedan/Jip/Pick-up,0.842,358,206,432,282,395.2,244.7,4.91,21.16,8.73,3.5,2.4,0.98,N/A,NORMAL,KENDARAAN_BERHENTI
1789814983.158,2026-09-19 17:49:43.158,312,Underpass Unila Arah Rajabasa,281,3370,Golongan I,Sedan/Jip/Pick-up,0.485,288,110,327,153,308.1,131.9,3.82,8.66,10.17,3.5,0.0,0.9,N/A,NORMAL,NORMAL
1789814983.158,2026-09-19 17:49:43.158,312,Underpass Unila Arah Rajabasa,281,3325,Golongan I,Sedan/Jip/Pick-up,0.707,313,147,374,210,343.8,178.7,4.29,15.45,10.75,3.5,0.2,0.96,N/A,NORMAL,KENDARAAN_BERHENTI
1789814983.366,2026-09-19 17:49:43.365,312,Underpass Unila Arah Rajabasa,282,3363,Golongan I,Sedan/Jip/Pick-up,0.357,204,89,242,128,223.7,109.1,0.48,9.27,8.1,3.22,6.3,0.97,N/A,NORMAL,NORMAL
1789814983.366,2026-09-19 17:49:43.365,312,Underpass Unila Arah Rajabasa,282,3123,Golongan I,Sedan/Jip/Pick-up,0.736,642,573,820,720,731.5,646.7,6.9,35.16,4.1,3.5,0.5,1.22,N/A,NORMAL,KENDARAAN_BERHENTI
1789814983.366,2026-09-19 17:49:43.365,312,Underpass Unila Arah Rajabasa,282,3313,Golongan I,Sedan/Jip/Pick-up,0.776,359,209,433,284,396.5,247.0,4.92,21.28,8.46,3.5,2.4,0.97,N/A,NORMAL,KENDARAAN_BERHENTI
1789814983.366,2026-09-19 17:49:43.365,312,Underpass Unila Arah Rajabasa,282,3370,Golongan I,Sedan/Jip/Pick-up,0.453,288,109,328,154,308.8,132.1,3.83,8.82,10.69,3.5,2.9,0.9,N/A,NORMAL,NORMAL
1789814983.366,2026-09-19 17:49:43.365,312,Underpass Unila Arah Rajabasa,282,3325,Golongan I,Sedan/Jip/Pick-up,0.658,314,148,375,210,345.0,179.6,4.34,15.45,10.56,3.5,0.2,0.96,N/A,NORMAL,KENDARAAN_BERHENTI
1789814983.366,2026-09-19 17:49:43.365,312,Underpass Unila Arah Rajabasa,282,3364,Golongan III,Truk 3 Gandar,0.324,425,289,576,448,501.2,369.1,5.45,29.01,11.0,3.5,0.0,0.95,N/A,NORMAL,NORMAL
1789814983.548,2026-09-19 17:49:43.548,312,Underpass Unila Arah Rajabasa,283,3363,Golongan I,Sedan/Jip/Pick-up,0.398,204,85,242,125,223.2,105.8,0.47,8.78,8.64,3.35,6.9,0.96,N/A,NORMAL,NORMAL
1789814983.548,2026-09-19 17:49:43.548,312,Underpass Unila Arah Rajabasa,283,3123,Golongan I,Sedan/Jip/Pick-up,0.756,643,576,823,720,733.2,648.0,6.94,35.16,4.01,3.5,0.5,1.25,N/A,NORMAL,KENDARAAN_BERHENTI
1789814983.548,2026-09-19 17:49:43.548,312,Underpass Unila Arah Rajabasa,283,3313,Golongan I,Sedan/Jip/Pick-up,0.793,360,210,433,285,397.3,248.3,4.93,21.37,8.4,3.5,2.4,0.97,N/A,NORMAL,KENDARAAN_BERHENTI
1789814983.548,2026-09-19 17:49:43.548,312,Underpass Unila Arah Rajabasa,283,3370,Golongan I,Sedan/Jip/Pick-up,0.429,289,110,329,156,309.5,133.5,3.83,9.09,10.8,3.5,3.2,0.9,N/A,NORMAL,NORMAL
1789814983.548,2026-09-19 17:49:43.548,312,Underpass Unila Arah Rajabasa,283,3325,Golongan I,Sedan/Jip/Pick-up,0.648,316,149,376,211,346.3,180.1,4.38,15.46,10.51,3.5,0.2,0.97,N/A,NORMAL,KENDARAAN_BERHENTI
1789814983.548,2026-09-19 17:49:43.548,312,Underpass Unila Arah Rajabasa,283,3371,Golongan I,Sedan/Jip/Pick-up,0.579,481,374,578,452,530.3,413.3,6.15,28.94,4.13,3.19,0.0,1.25,N/A,NORMAL,NORMAL
1789814983.548,2026-09-19 17:49:43.548,312,Underpass Unila Arah Rajabasa,283,3364,Golongan I,Bus,0.525,427,291,580,453,504.1,372.2,5.46,29.17,11.08,3.5,0.0,0.95,N/A,NORMAL,NORMAL
1789814983.548,2026-09-19 17:49:43.548,312,Underpass Unila Arah Rajabasa,283,3361,Golongan I,Bus,0.585,256,218,337,328,297.1,273.7,1.71,25.61,7.84,2.82,0.0,0.73,N/A,NORMAL,NORMAL
1789814983.741,2026-09-19 17:49:43.741,312,Underpass Unila Arah Rajabasa,284,3363,Golongan I,Sedan/Jip/Pick-up,0.368,204,86,240,123,222.5,104.7,0.44,8.42,7.98,3.16,7.2,0.96,N/A,NORMAL,NORMAL
1789814983.741,2026-09-19 17:49:43.741,312,Underpass Unila Arah Rajabasa,284,3123,Golongan I,Sedan/Jip/Pick-up,0.753,644,578,825,720,734.9,649.0,6.97,35.16,3.95,3.5,0.5,1.27,N/A,NORMAL,KENDARAAN_BERHENTI
1789814983.741,2026-09-19 17:49:43.741,312,Underpass Unila Arah Rajabasa,284,3313,Golongan I,Sedan/Jip/Pick-up,0.754,360,211,436,289,398.6,250.2,4.91,21.61,8.63,3.5,2.5,0.97,N/A,NORMAL,KENDARAAN_BERHENTI
1789814983.741,2026-09-19 17:49:43.741,312,Underpass Unila Arah Rajabasa,284,3370,Golongan I,Sedan/Jip/Pick-up,0.47,288,110,331,159,310.0,134.8,3.8,9.58,11.37,3.5,3.9,0.9,N/A,NORMAL,NORMAL
1789814983.741,2026-09-19 17:49:43.741,312,Underpass Unila Arah Rajabasa,284,3325,Golongan I,Sedan/Jip/Pick-up,0.345,320,148,381,212,351.0,180.6,4.55,15.43,11.08,3.5,0.5,0.97,N/A,NORMAL,KENDARAAN_BERHENTI
1789814983.741,2026-09-19 17:49:43.741,312,Underpass Unila Arah Rajabasa,284,3371,Golongan I,Sedan/Jip/Pick-up,0.596,485,379,580,454,533.1,417.1,6.18,29.04,3.92,3.09,0.0,1.25,N/A,NORMAL,NORMAL
1789814983.741,2026-09-19 17:49:43.741,312,Underpass Unila Arah Rajabasa,284,3364,Golongan I,Bus,0.57,427,291,585,458,506.6,375.2,5.45,29.34,11.4,3.5,3.2,0.94,N/A,NORMAL,NORMAL
1789814983.741,2026-09-19 17:49:43.741,312,Underpass Unila Arah Rajabasa,284,3361,Golongan I,Bus,0.687,254,210,331,315,292.7,263.2,1.67,25.01,7.91,2.8,0.0,0.73,N/A,NORMAL,NORMAL
1789814983.928,2026-09-19 17:49:43.927,312,Underpass Unila Arah Rajabasa,285,3363,Golongan I,Sedan/Jip/Pick-up,0.348,203,83,239,121,221.3,102.5,0.4,8.14,8.39,3.24,7.3,0.95,N/A,NORMAL,NORMAL
1789814983.928,2026-09-19 17:49:43.927,312,Underpass Unila Arah Rajabasa,285,3123,Golongan I,Sedan/Jip/Pick-up,0.766,646,580,826,719,736.3,650.0,7.0,35.15,3.86,3.5,0.6,1.3,N/A,NORMAL,KENDARAAN_BERHENTI
1789814983.928,2026-09-19 17:49:43.927,312,Underpass Unila Arah Rajabasa,285,3313,Golongan I,Sedan/Jip/Pick-up,0.729,362,212,438,291,400.5,252.0,4.94,21.77,8.7,3.5,2.6,0.96,N/A,NORMAL,KENDARAAN_BERHENTI
1789814983.928,2026-09-19 17:49:43.927,312,Underpass Unila Arah Rajabasa,285,3370,Golongan I,Sedan/Jip/Pick-up,0.517,288,110,332,159,310.4,135.1,3.8,9.66,11.4,3.5,4.1,0.89,N/A,NORMAL,NORMAL
1789814983.928,2026-09-19 17:49:43.927,312,Underpass Unila Arah Rajabasa,285,3325,Golongan I,Sedan/Jip/Pick-up,0.256,320,149,383,214,352.3,182.3,4.55,15.69,11.15,3.5,0.7,0.97,N/A,NORMAL,KENDARAAN_BERHENTI
1789814983.928,2026-09-19 17:49:43.927,312,Underpass Unila Arah Rajabasa,285,3371,Golongan I,Sedan/Jip/Pick-up,0.551,487,381,582,457,535.4,419.6,6.2,29.12,3.93,3.08,1.7,1.25,N/A,NORMAL,NORMAL
1789814983.928,2026-09-19 17:49:43.927,312,Underpass Unila Arah Rajabasa,285,3364,Golongan I,Bus,0.528,430,295,587,462,509.0,378.8,5.46,29.47,11.17,3.5,3.1,0.94,N/A,NORMAL,NORMAL
1789814983.928,2026-09-19 17:49:43.927,312,Underpass Unila Arah Rajabasa,285,3361,Golongan I,Bus,0.683,250,200,325,303,288.2,252.0,1.62,24.41,8.24,2.85,11.3,0.73,N/A,NORMAL,LAWAN_ARAH
1789814984.12,2026-09-19 17:49:44.119,312,Underpass Unila Arah Rajabasa,286,3363,Golongan I,Sedan/Jip/Pick-up,0.359,202,81,238,119,220.6,100.3,0.38,7.84,8.54,3.3,7.2,0.94,N/A,NORMAL,NORMAL
1789814984.12,2026-09-19 17:49:44.119,312,Underpass Unila Arah Rajabasa,286,3123,Golongan I,Sedan/Jip/Pick-up,0.769,647,582,827,719,737.5,651.1,7.03,35.15,3.8,3.5,0.6,1.32,N/A,NORMAL,KENDARAAN_BERHENTI
1789814984.12,2026-09-19 17:49:44.119,312,Underpass Unila Arah Rajabasa,286,3313,Golongan I,Sedan/Jip/Pick-up,0.81,363,213,440,293,402.2,253.6,4.97,21.84,8.75,3.5,2.6,0.97,N/A,NORMAL,KENDARAAN_BERHENTI
1789814984.12,2026-09-19 17:49:44.119,312,Underpass Unila Arah Rajabasa,286,3370,Golongan I,Sedan/Jip/Pick-up,0.398,289,112,331,160,310.8,136.8,3.81,9.78,10.96,3.5,4.1,0.89,N/A,NORMAL,NORMAL
1789814984.12,2026-09-19 17:49:44.119,312,Underpass Unila Arah Rajabasa,286,3325,Golongan I,Sedan/Jip/Pick-up,0.345,321,152,382,216,351.9,184.8,4.5,15.92,10.68,3.5,1.0,0.96,N/A,NORMAL,KENDARAAN_BERHENTI
1789814984.12,2026-09-19 17:49:44.119,312,Underpass Unila Arah Rajabasa,286,3364,Golongan I,Sedan/Jip/Pick-up,0.392,433,300,589,465,511.5,382.9,5.48,29.55,10.79,3.5,2.9,0.94,N/A,NORMAL,NORMAL
1789814984.12,2026-09-19 17:49:44.119,312,Underpass Unila Arah Rajabasa,286,3361,Golongan I,Bus,0.45,247,191,320,294,283.9,243.0,1.56,23.94,8.68,2.9,11.0,0.72,N/A,NORMAL,LAWAN_ARAH
1789814984.321,2026-09-19 17:49:44.321,312,Underpass Unila Arah Rajabasa,287,3363,Golongan I,Sedan/Jip/Pick-up,0.32,203,80,237,116,220.1,98.4,0.37,7.37,8.26,3.17,7.2,0.93,N/A,NORMAL,NORMAL
1789814984.321,2026-09-19 17:49:44.321,312,Underpass Unila Arah Rajabasa,287,3123,Golongan I,Sedan/Jip/Pick-up,0.79,648,585,829,719,739.3,652.8,7.05,35.16,3.7,3.5,0.6,1.35,N/A,NORMAL,KENDARAAN_BERHENTI
1789814984.321,2026-09-19 17:49:44.321,312,Underpass Unila Arah Rajabasa,287,3313,Golongan I,Sedan/Jip/Pick-up,0.846,364,215,441,294,403.2,255.2,4.98,21.93,8.56,3.5,2.5,0.97,N/A,NORMAL,KENDARAAN_BERHENTI
1789814984.321,2026-09-19 17:49:44.321,312,Underpass Unila Arah Rajabasa,287,3370,Golongan I,Sedan/Jip/Pick-up,0.38,290,114,332,160,311.5,137.6,3.84,9.77,10.42,3.5,3.8,0.89,N/A,NORMAL,NORMAL
1789814984.321,2026-09-19 17:49:44.321,312,Underpass Unila Arah Rajabasa,287,3325,Golongan I,Sedan/Jip/Pick-up,0.343,321,154,382,217,352.1,185.9,4.5,16.02,10.35,3.5,1.1,0.96,N/A,NORMAL,KENDARAAN_BERHENTI
1789814984.321,2026-09-19 17:49:44.321,312,Underpass Unila Arah Rajabasa,287,3364,Golongan I,Sedan/Jip/Pick-up,0.332,436,302,592,468,514.2,385.7,5.5,29.65,10.78,3.5,2.7,0.94,N/A,NORMAL,NORMAL
1789814984.321,2026-09-19 17:49:44.321,312,Underpass Unila Arah Rajabasa,287,3361,Golongan I,Bus,0.612,245,185,314,283,280.2,234.6,1.53,23.33,8.64,2.83,10.9,0.71,N/A,NORMAL,LAWAN_ARAH
1789814984.505,2026-09-19 17:49:44.504,312,Underpass Unila Arah Rajabasa,288,3363,Golongan I,Sedan/Jip/Pick-up,0.395,201,77,235,113,218.8,95.6,0.32,6.9,8.47,3.25,7.3,0.93,N/A,NORMAL,NORMAL
1789814984.505,2026-09-19 17:49:44.504,312,Underpass Unila Arah Rajabasa,288,3123,Golongan I,Sedan/Jip/Pick-up,0.773,651,588,830,719,740.6,654.3,7.08,35.16,3.61,3.5,0.6,1.37,N/A,NORMAL,KENDARAAN_BERHENTI
1789814984.505,2026-09-19 17:49:44.504,312,Underpass Unila Arah Rajabasa,288,3313,Golongan I,Sedan/Jip/Pick-up,0.827,365,217,443,296,404.5,257.1,4.98,22.06,8.47,3.5,2.5,0.97,N/A,NORMAL,KENDARAAN_BERHENTI
1789814984.505,2026-09-19 17:49:44.504,312,Underpass Unila Arah Rajabasa,288,3370,Golongan I,Sedan/Jip/Pick-up,0.282,292,116,332,161,312.7,139.3,3.87,9.89,10.05,3.5,3.6,0.89,N/A,NORMAL,NORMAL
1789814984.505,2026-09-19 17:49:44.504,312,Underpass Unila Arah Rajabasa,288,3364,Golongan I,Sedan/Jip/Pick-up,0.307,438,304,595,471,516.9,388.1,5.52,29.75,10.76,3.5,2.5,0.94,N/A,NORMAL,NORMAL
1789814984.505,2026-09-19 17:49:44.504,312,Underpass Unila Arah Rajabasa,288,3361,Golongan I,Bus,0.347,246,179,305,262,276.1,221.0,1.53,22.03,7.9,2.55,11.9,0.71,N/A,NORMAL,LAWAN_ARAH
1789814984.505,2026-09-19 17:49:44.504,312,Underpass Unila Arah Rajabasa,288,3371,Golongan I,Sedan/Jip/Pick-up,0.302,495,390,594,469,545.0,430.0,6.26,29.51,3.95,3.16,0.0,1.25,N/A,NORMAL,NORMAL
1789814984.709,2026-09-19 17:49:44.709,312,Underpass Unila Arah Rajabasa,289,3363,Golongan I,Sedan/Jip/Pick-up,0.375,202,76,233,110,218.3,93.6,0.31,6.32,8.15,3.01,7.6,0.92,N/A,NORMAL,NORMAL
1789814984.709,2026-09-19 17:49:44.709,312,Underpass Unila Arah Rajabasa,289,3123,Golongan I,Sedan/Jip/Pick-up,0.786,653,592,830,719,742.5,656.1,7.12,35.16,3.47,3.5,0.6,1.39,N/A,NORMAL,KENDARAAN_BERHENTI
1789814984.709,2026-09-19 17:49:44.709,312,Underpass Unila Arah Rajabasa,289,3313,Golongan I,Sedan/Jip/Pick-up,0.658,367,219,445,299,406.5,259.3,5.01,22.22,8.46,3.5,2.5,0.97,N/A,NORMAL,KENDARAAN_BERHENTI
1789814984.709,2026-09-19 17:49:44.709,312,Underpass Unila Arah Rajabasa,289,3370,Golongan I,Sedan/Jip/Pick-up,0.308,293,116,333,162,313.6,139.7,3.9,9.95,10.27,3.5,3.4,0.89,N/A,NORMAL,NORMAL
1789814984.709,2026-09-19 17:49:44.709,312,Underpass Unila Arah Rajabasa,289,3325,Golongan I,Sedan/Jip/Pick-up,0.425,321,153,384,218,352.8,185.8,4.51,16.09,10.75,3.5,0.0,0.96,N/A,NORMAL,KENDARAAN_BERHENTI
1789814984.907,2026-09-19 17:49:44.907,312,Underpass Unila Arah Rajabasa,290,3363,Golongan I,Sedan/Jip/Pick-up,0.367,203,75,232,106,217.8,91.0,0.3,5.6,7.63,2.89,8.1,0.92,N/A,NORMAL,LAWAN_ARAH
1789814984.907,2026-09-19 17:49:44.907,312,Underpass Unila Arah Rajabasa,290,3123,Golongan I,Sedan/Jip/Pick-up,0.768,657,595,833,720,745.3,657.7,7.17,35.16,3.41,3.5,0.6,1.41,N/A,NORMAL,KENDARAAN_BERHENTI
1789814984.907,2026-09-19 17:49:44.907,312,Underpass Unila Arah Rajabasa,290,3313,Golongan I,Sedan/Jip/Pick-up,0.789,369,220,447,301,408.4,260.8,5.04,22.32,8.53,3.5,2.5,0.97,N/A,NORMAL,KENDARAAN_BERHENTI
1789814984.907,2026-09-19 17:49:44.907,312,Underpass Unila Arah Rajabasa,290,3325,Golongan I,Sedan/Jip/Pick-up,0.335,321,154,385,220,353.4,187.8,4.48,16.36,10.79,3.5,0.0,0.96,N/A,NORMAL,KENDARAAN_BERHENTI
1789814984.907,2026-09-19 17:49:44.907,312,Underpass Unila Arah Rajabasa,290,3364,Golongan I,Bus,0.34,442,310,601,478,521.9,394.1,5.56,29.94,10.54,3.5,0.0,0.94,N/A,NORMAL,NORMAL
1789814985.103,2026-09-19 17:49:45.102,312,Underpass Unila Arah Rajabasa,291,3363,Golongan I,Sedan/Jip/Pick-up,0.304,202,73,230,104,216.4,88.7,0.25,5.16,7.76,2.83,8.3,0.92,N/A,NORMAL,LAWAN_ARAH
1789814985.103,2026-09-19 17:49:45.102,312,Underpass Unila Arah Rajabasa,291,3123,Golongan I,Sedan/Jip/Pick-up,0.796,660,598,833,720,747.0,659.3,7.2,35.16,3.31,3.5,0.6,1.43,N/A,NORMAL,KENDARAAN_BERHENTI
1789814985.103,2026-09-19 17:49:45.102,312,Underpass Unila Arah Rajabasa,291,3313,Golongan I,Sedan/Jip/Pick-up,0.78,370,221,448,303,409.7,262.4,5.05,22.43,8.56,3.5,2.4,0.97,N/A,NORMAL,KENDARAAN_BERHENTI
1789814985.103,2026-09-19 17:49:45.102,312,Underpass Unila Arah Rajabasa,291,3364,Golongan III,Truk 3 Gandar,0.393,444,312,604,482,524.9,397.7,5.57,30.07,10.56,3.5,0.0,0.94,N/A,NORMAL,NORMAL
1789814985.331,2026-09-19 17:49:45.331,312,Underpass Unila Arah Rajabasa,292,3363,Golongan I,Sedan/Jip/Pick-up,0.274,202,72,229,102,216.3,87.5,0.25,4.76,7.62,2.77,8.2,0.92,N/A,NORMAL,LAWAN_ARAH
1789814985.331,2026-09-19 17:49:45.331,312,Underpass Unila Arah Rajabasa,292,3123,Golongan I,Sedan/Jip/Pick-up,0.801,662,601,834,720,748.2,660.8,7.23,35.16,3.22,3.5,0.6,1.45,N/A,NORMAL,KENDARAAN_BERHENTI
1789814985.331,2026-09-19 17:49:45.331,312,Underpass Unila Arah Rajabasa,292,3313,Golongan I,Sedan/Jip/Pick-up,0.775,371,223,450,305,410.7,264.3,5.05,22.56,8.47,3.5,2.4,0.97,N/A,NORMAL,KENDARAAN_BERHENTI
1789814985.331,2026-09-19 17:49:45.331,312,Underpass Unila Arah Rajabasa,292,3364,Golongan III,Truk 3 Gandar,0.454,448,317,608,486,528.4,402.1,5.6,30.2,10.3,3.5,2.2,0.95,N/A,NORMAL,NORMAL
1789814985.331,2026-09-19 17:49:45.331,312,Underpass Unila Arah Rajabasa,292,3325,Golongan I,Sedan/Jip/Pick-up,0.5,322,156,388,224,355.4,190.6,4.49,16.73,10.91,3.5,0.0,0.96,N/A,NORMAL,KENDARAAN_BERHENTI
1789814985.516,2026-09-19 17:49:45.516,312,Underpass Unila Arah Rajabasa,293,3363,Golongan I,Sedan/Jip/Pick-up,0.37,202,72,228,100,215.5,86.6,0.22,4.39,7.17,2.68,8.2,0.92,N/A,NORMAL,LAWAN_ARAH
1789814985.516,2026-09-19 17:49:45.516,312,Underpass Unila Arah Rajabasa,293,3123,Golongan I,Sedan/Jip/Pick-up,0.818,665,604,835,720,750.7,662.4,7.27,35.16,3.12,3.5,0.6,1.48,N/A,NORMAL,KENDARAAN_BERHENTI
1789814985.516,2026-09-19 17:49:45.516,312,Underpass Unila Arah Rajabasa,293,3313,Golongan I,Sedan/Jip/Pick-up,0.794,371,224,451,307,411.6,266.0,5.03,22.74,8.5,3.5,2.4,0.96,N/A,NORMAL,KENDARAAN_BERHENTI
1789814985.516,2026-09-19 17:49:45.516,312,Underpass Unila Arah Rajabasa,293,3364,Golongan I,Sedan/Jip/Pick-up,0.346,449,319,610,489,530.2,404.6,5.6,30.28,10.25,3.5,2.1,0.95,N/A,NORMAL,NORMAL
1789814985.516,2026-09-19 17:49:45.516,312,Underpass Unila Arah Rajabasa,293,3325,Golongan I,Sedan/Jip/Pick-up,0.676,324,158,388,226,356.6,192.2,4.51,16.84,10.73,3.5,0.0,0.95,N/A,NORMAL,KENDARAAN_BERHENTI
1789814985.516,2026-09-19 17:49:45.516,312,Underpass Unila Arah Rajabasa,293,3370,Golongan I,Sedan/Jip/Pick-up,0.359,298,127,335,168,317.1,147.9,3.94,10.79,8.42,3.29,0.0,0.9,N/A,NORMAL,NORMAL
1789814985.763,2026-09-19 17:49:45.762,312,Underpass Unila Arah Rajabasa,294,3313,Golongan I,Sedan/Jip/Pick-up,0.743,359,207,441,292,400.6,249.9,4.92,21.84,9.58,3.5,1.5,0.96,N/A,NORMAL,KENDARAAN_BERHENTI
1789814985.763,2026-09-19 17:49:45.762,312,Underpass Unila Arah Rajabasa,294,3322,Golongan I,Sedan/Jip/Pick-up,0.696,417,284,519,392,468.6,338.4,5.4,26.87,7.89,3.5,0.0,0.94,N/A,NORMAL,KENDARAAN_BERHENTI
1789814985.944,2026-09-19 17:49:45.943,312,Underpass Unila Arah Rajabasa,295,3313,Golongan I,Sedan/Jip/Pick-up,0.701,355,201,437,288,396.6,244.8,4.86,21.57,10.1,3.5,1.1,0.95,N/A,NORMAL,KENDARAAN_BERHENTI
1789814985.944,2026-09-19 17:49:45.943,312,Underpass Unila Arah Rajabasa,295,3387,Golongan I,Sedan/Jip/Pick-up,0.33,540,426,762,659,651.5,542.8,6.1,34.14,9.39,3.5,0.0,0.95,N/A,NORMAL,NORMAL
1789814985.944,2026-09-19 17:49:45.943,312,Underpass Unila Arah Rajabasa,295,3388,Golongan I,Sedan/Jip/Pick-up,0.355,313,149,368,212,340.9,180.9,4.13,15.84,10.38,3.5,0.0,0.86,N/A,NORMAL,NORMAL
1789814985.944,2026-09-19 17:49:45.943,312,Underpass Unila Arah Rajabasa,295,3322,Golongan I,Sedan/Jip/Pick-up,0.649,420,287,523,396,472.1,341.9,5.44,27.03,7.86,3.5,0.0,0.94,N/A,NORMAL,KENDARAAN_BERHENTI
1789814986.122,2026-09-19 17:49:46.122,312,Underpass Unila Arah Rajabasa,296,3313,Golongan I,Sedan/Jip/Pick-up,0.664,353,199,437,287,395.5,243.8,4.83,21.57,10.33,3.5,1.0,0.95,N/A,NORMAL,KENDARAAN_BERHENTI
1789814986.122,2026-09-19 17:49:46.122,312,Underpass Unila Arah Rajabasa,296,3387,Golongan I,Sedan/Jip/Pick-up,0.383,543,428,769,665,656.5,547.1,6.13,34.25,9.52,3.5,0.0,0.95,N/A,NORMAL,NORMAL
1789814986.122,2026-09-19 17:49:46.122,312,Underpass Unila Arah Rajabasa,296,3388,Golongan I,Sedan/Jip/Pick-up,0.269,314,150,368,213,341.4,182.1,4.14,15.95,10.29,3.5,0.0,0.86,N/A,NORMAL,NORMAL
1789814986.122,2026-09-19 17:49:46.122,312,Underpass Unila Arah Rajabasa,296,3322,Golongan I,Sedan/Jip/Pick-up,0.672,423,289,526,398,475.1,344.0,5.49,27.11,7.83,3.5,2.5,0.94,N/A,NORMAL,KENDARAAN_BERHENTI
1789814986.309,2026-09-19 17:49:46.308,312,Underpass Unila Arah Rajabasa,297,3313,Golongan I,Sedan/Jip/Pick-up,0.669,353,199,437,289,395.7,244.5,4.82,21.67,10.49,3.5,0.9,0.94,N/A,NORMAL,KENDARAAN_BERHENTI
1789814986.309,2026-09-19 17:49:46.308,312,Underpass Unila Arah Rajabasa,297,3387,Golongan I,Bus,0.498,546,431,774,670,660.5,551.0,6.14,34.35,9.52,3.5,2.0,0.95,N/A,NORMAL,NORMAL
1789814986.309,2026-09-19 17:49:46.308,312,Underpass Unila Arah Rajabasa,297,3388,Golongan I,Sedan/Jip/Pick-up,0.32,314,149,370,214,342.6,182.2,4.17,16.01,10.69,3.5,1.7,0.86,N/A,NORMAL,NORMAL
1789814986.309,2026-09-19 17:49:46.308,312,Underpass Unila Arah Rajabasa,297,3322,Golongan I,Sedan/Jip/Pick-up,0.723,425,291,528,401,477.2,346.2,5.5,27.22,7.81,3.5,2.4,0.94,N/A,NORMAL,KENDARAAN_BERHENTI
1789814986.491,2026-09-19 17:49:46.490,312,Underpass Unila Arah Rajabasa,298,3313,Golongan I,Sedan/Jip/Pick-up,0.722,354,200,439,291,397.2,246.0,4.83,21.79,10.54,3.5,0.9,0.93,N/A,NORMAL,KENDARAAN_BERHENTI
1789814986.491,2026-09-19 17:49:46.490,312,Underpass Unila Arah Rajabasa,298,3387,Golongan I,Bus,0.404,549,436,781,679,665.7,558.2,6.14,34.5,9.5,3.5,2.2,0.95,N/A,NORMAL,NORMAL
1789814986.491,2026-09-19 17:49:46.490,312,Underpass Unila Arah Rajabasa,298,3388,Golongan I,Sedan/Jip/Pick-up,0.252,315,150,371,216,343.5,183.3,4.18,16.16,10.74,3.5,1.9,0.86,N/A,NORMAL,NORMAL
1789814986.491,2026-09-19 17:49:46.490,312,Underpass Unila Arah Rajabasa,298,3322,Golongan I,Sedan/Jip/Pick-up,0.723,426,292,531,404,478.6,348.3,5.5,27.34,7.91,3.5,2.4,0.94,N/A,NORMAL,KENDARAAN_BERHENTI
1789814986.491,2026-09-19 17:49:46.490,312,Underpass Unila Arah Rajabasa,298,3397,Golongan I,Sedan/Jip/Pick-up,0.352,548,436,780,679,664.8,557.7,6.13,34.49,9.47,3.5,0.0,0.95,N/A,NORMAL,NORMAL
1789814986.701,2026-09-19 17:49:46.701,312,Underpass Unila Arah Rajabasa,299,3313,Golongan I,Sedan/Jip/Pick-up,0.609,356,201,440,293,398.3,247.5,4.84,21.91,10.58,3.5,0.9,0.93,N/A,NORMAL,KENDARAAN_BERHENTI
1789814986.701,2026-09-19 17:49:46.701,312,Underpass Unila Arah Rajabasa,299,3387,Golongan I,Sedan/Jip/Pick-up,0.434,554,442,786,686,670.4,564.2,6.15,34.61,9.34,3.5,2.2,0.95,N/A,NORMAL,NORMAL
1789814986.701,2026-09-19 17:49:46.701,312,Underpass Unila Arah Rajabasa,299,3322,Golongan I,Sedan/Jip/Pick-up,0.689,427,295,532,407,480.0,351.0,5.49,27.46,7.77,3.5,2.4,0.94,N/A,NORMAL,KENDARAAN_BERHENTI
1789814986.701,2026-09-19 17:49:46.701,312,Underpass Unila Arah Rajabasa,299,3397,Golongan I,Bus,0.361,552,440,786,685,669.6,563.2,6.14,34.61,9.45,3.5,0.0,0.95,N/A,NORMAL,NORMAL
1789814986.88,2026-09-19 17:49:46.879,312,Underpass Unila Arah Rajabasa,300,3313,Golongan I,Sedan/Jip/Pick-up,0.659,357,203,442,294,399.9,249.0,4.86,22.01,10.38,3.5,0.9,0.92,N/A,NORMAL,KENDARAAN_BERHENTI
1789814986.88,2026-09-19 17:49:46.879,312,Underpass Unila Arah Rajabasa,300,3387,Golongan I,Sedan/Jip/Pick-up,0.445,557,447,790,692,674.2,569.7,6.16,34.71,9.21,3.5,2.2,0.95,N/A,NORMAL,NORMAL
1789814986.88,2026-09-19 17:49:46.879,312,Underpass Unila Arah Rajabasa,300,3322,Golongan I,Sedan/Jip/Pick-up,0.711,428,296,535,409,482.1,353.4,5.51,27.56,7.82,3.5,2.3,0.94,N/A,NORMAL,KENDARAAN_BERHENTI
1789814986.88,2026-09-19 17:49:46.879,312,Underpass Unila Arah Rajabasa,300,3397,Golongan I,Bus,0.305,556,444,792,692,674.5,568.7,6.16,34.71,9.44,3.5,2.1,0.95,N/A,NORMAL,NORMAL
1789814986.88,2026-09-19 17:49:46.879,312,Underpass Unila Arah Rajabasa,300,3403,Golongan I,Sedan/Jip/Pick-up,0.574,400,583,627,718,513.6,651.4,3.38,35.12,2.56,3.5,0.0,1.68,N/A,NORMAL,NORMAL
1789814986.88,2026-09-19 17:49:46.879,312,Underpass Unila Arah Rajabasa,300,3404,Golongan I,Sedan/Jip/Pick-up,0.331,294,117,338,163,316.8,140.6,4.02,9.98,10.31,3.5,0.0,0.95,N/A,NORMAL,NORMAL
1789815730.082,2026-09-19 18:02:10.081,282,Perempatan Jl. Jendral Sudirman,1,5001,Golongan VI-B,Sepeda Motor (Tanpa Helm),0.46,481,147,511,178,496.6,162.9,3.56,-1.17,3.27,0.99,0.0,0.99,TANPA_HELM,MELANGGAR,PELANGGARAN_HELM
1789815730.082,2026-09-19 18:02:10.081,282,Perempatan Jl. Jendral Sudirman,1,5002,Golongan I,Sedan/Jip/Pick-up,0.404,348,138,430,182,389.3,160.5,0.18,-0.69,4.72,2.72,0.0,1.83,N/A,NORMAL,NORMAL
1789815730.423,2026-09-19 18:02:10.422,282,Perempatan Jl. Jendral Sudirman,2,3408,Golongan VI-B,Sepeda Motor (Tanpa Helm),0.513,481,147,511,177,496.6,162.9,3.56,-1.19,3.17,0.99,0.0,0.99,TANPA_HELM,MELANGGAR,PELANGGARAN_HELM
1789815730.423,2026-09-19 18:02:10.422,282,Perempatan Jl. Jendral Sudirman,2,3409,Golongan I,Sedan/Jip/Pick-up,0.401,348,137,427,180,387.9,159.0,0.1,-0.92,4.63,2.62,0.0,1.83,N/A,NORMAL,NORMAL
1789815730.745,2026-09-19 18:02:10.744,282,Perempatan Jl. Jendral Sudirman,3,3408,Golongan VI-B,Sepeda Motor (Tanpa Helm),0.48,481,147,511,177,496.6,162.9,3.56,-1.19,3.17,0.99,0.0,0.99,TANPA_HELM,MELANGGAR,PELANGGARAN_HELM
1789815730.745,2026-09-19 18:02:10.744,282,Perempatan Jl. Jendral Sudirman,3,3409,Golongan I,Sedan/Jip/Pick-up,0.401,348,137,426,180,387.7,158.7,0.09,-0.96,4.63,2.59,0.0,1.83,N/A,NORMAL,NORMAL
1789815730.981,2026-09-19 18:02:10.981,282,Perempatan Jl. Jendral Sudirman,4,3408,Golongan VI-B,Sepeda Motor (Tanpa Helm),0.463,481,147,511,177,496.5,162.9,3.55,-1.18,3.17,0.99,0.0,0.99,TANPA_HELM,MELANGGAR,PELANGGARAN_HELM
1789815730.981,2026-09-19 18:02:10.981,282,Perempatan Jl. Jendral Sudirman,4,3409,Golongan I,Sedan/Jip/Pick-up,0.398,348,137,426,180,387.6,158.6,0.09,-0.97,4.63,2.59,0.4,1.83,N/A,NORMAL,NORMAL
1789815731.197,2026-09-19 18:02:11.196,282,Perempatan Jl. Jendral Sudirman,5,3408,Golongan VI-B,Sepeda Motor (Tanpa Helm),0.47,481,147,511,178,496.4,162.9,3.55,-1.17,3.27,0.99,0.0,0.99,TANPA_HELM,MELANGGAR,PELANGGARAN_HELM
1789815731.197,2026-09-19 18:02:11.196,282,Perempatan Jl. Jendral Sudirman,5,3409,Golongan I,Sedan/Jip/Pick-up,0.394,348,137,426,179,387.4,158.5,0.08,-0.98,4.53,2.59,0.3,1.82,N/A,NORMAL,NORMAL
1789815731.498,2026-09-19 18:02:11.498,282,Perempatan Jl. Jendral Sudirman,6,3408,Golongan VI-B,Sepeda Motor (Tanpa Helm),0.465,481,147,511,178,496.5,163.0,3.56,-1.16,3.27,0.99,0.1,0.99,TANPA_HELM,MELANGGAR,PELANGGARAN_HELM
1789815731.498,2026-09-19 18:02:11.498,282,Perempatan Jl. Jendral Sudirman,6,3409,Golongan I,Sedan/Jip/Pick-up,0.377,348,137,426,179,387.4,158.5,0.07,-1.0,4.53,2.59,0.3,1.82,N/A,NORMAL,NORMAL
1789815731.696,2026-09-19 18:02:11.695,282,Perempatan Jl. Jendral Sudirman,7,3408,Golongan VI-B,Sepeda Motor (Tanpa Helm),0.475,480,147,511,178,496.3,162.9,3.55,-1.14,3.27,1.02,0.1,0.99,TANPA_HELM,MELANGGAR,PELANGGARAN_HELM
1789815731.696,2026-09-19 18:02:11.695,282,Perempatan Jl. Jendral Sudirman,7,3409,Golongan I,Sedan/Jip/Pick-up,0.391,348,137,426,180,387.4,158.6,0.08,-0.98,4.63,2.59,0.3,1.82,N/A,NORMAL,NORMAL
1789815731.888,2026-09-19 18:02:11.888,282,Perempatan Jl. Jendral Sudirman,8,3408,Golongan VI-B,Sepeda Motor (Tanpa Helm),0.398,480,146,511,177,495.7,162.3,3.53,-1.18,3.28,1.02,0.1,0.99,TANPA_HELM,MELANGGAR,PELANGGARAN_HELM
1789815731.888,2026-09-19 18:02:11.888,282,Perempatan Jl. Jendral Sudirman,8,3409,Golongan I,Sedan/Jip/Pick-up,0.404,348,137,428,181,388.5,159.8,0.14,-0.79,4.73,2.65,0.3,1.82,N/A,NORMAL,NORMAL
1789815732.497,2026-09-19 18:02:12.496,282,Perempatan Jl. Jendral Sudirman,9,3408,Golongan VI-B,Sepeda Motor (Tanpa Helm),0.402,479,146,510,177,495.3,162.0,3.51,-1.24,3.28,1.02,0.1,1.0,TANPA_HELM,MELANGGAR,PELANGGARAN_HELM
1789815732.497,2026-09-19 18:02:12.496,282,Perempatan Jl. Jendral Sudirman,9,3409,Golongan I,Sedan/Jip/Pick-up,0.411,348,137,429,182,389.0,160.2,0.17,-0.72,4.83,2.69,0.3,1.82,N/A,NORMAL,NORMAL
1789815732.982,2026-09-19 18:02:12.982,282,Perempatan Jl. Jendral Sudirman,10,3408,Golongan VI-B,Sepeda Motor (Tanpa Helm),0.408,480,146,509,176,494.9,161.3,3.48,-1.36,3.18,0.96,0.2,1.0,TANPA_HELM,MELANGGAR,PELANGGARAN_HELM
1789815732.982,2026-09-19 18:02:12.982,282,Perempatan Jl. Jendral Sudirman,10,3409,Golongan I,Sedan/Jip/Pick-up,0.255,348,137,425,179,387.1,158.7,0.07,-0.99,4.53,2.56,0.2,1.82,N/A,NORMAL,NORMAL
1789815733.2,2026-09-19 18:02:13.199,282,Perempatan Jl. Jendral Sudirman,11,3408,Golongan VI-B,Sepeda Motor (Tanpa Helm),0.498,480,147,510,176,495.4,162.0,3.51,-1.28,3.07,0.99,0.2,1.0,TANPA_HELM,MELANGGAR,PELANGGARAN_HELM
1789815733.2,2026-09-19 18:02:13.199,282,Perempatan Jl. Jendral Sudirman,11,3409,Golongan I,Sedan/Jip/Pick-up,0.251,348,137,424,179,386.6,158.1,0.04,-1.08,4.53,2.53,0.2,1.82,N/A,NORMAL,NORMAL
1789815733.43,2026-09-19 18:02:13.429,282,Perempatan Jl. Jendral Sudirman,12,3408,Golongan VI-B,Sepeda Motor (Tanpa Helm),0.497,480,147,510,177,495.6,162.2,3.52,-1.27,3.17,0.99,0.1,1.0,TANPA_HELM,MELANGGAR,KENDARAAN_BERHENTI
1789815733.43,2026-09-19 18:02:13.429,282,Perempatan Jl. Jendral Sudirman,12,3409,Golongan I,Sedan/Jip/Pick-up,0.251,349,137,424,177,387.1,157.5,0.03,-1.18,4.33,2.5,0.3,1.82,N/A,NORMAL,KENDARAAN_BERHENTI
1789815733.721,2026-09-19 18:02:13.720,282,Perempatan Jl. Jendral Sudirman,13,3408,Golongan VI-B,Sepeda Motor (Tanpa Helm),0.478,480,147,510,177,495.6,162.3,3.52,-1.26,3.17,0.99,0.1,1.01,TANPA_HELM,MELANGGAR,KENDARAAN_BERHENTI
1789815733.721,2026-09-19 18:02:13.720,282,Perempatan Jl. Jendral Sudirman,13,3409,Golongan I,Sedan/Jip/Pick-up,0.306,349,137,424,178,387.4,157.6,0.05,-1.16,4.43,2.49,0.3,1.82,N/A,NORMAL,KENDARAAN_BERHENTI
1789815733.894,2026-09-19 18:02:13.894,282,Perempatan Jl. Jendral Sudirman,14,3408,Golongan VI-B,Sepeda Motor (Tanpa Helm),0.505,480,147,510,177,495.6,162.3,3.52,-1.25,3.17,0.99,0.1,1.01,TANPA_HELM,MELANGGAR,KENDARAAN_BERHENTI
1789815733.894,2026-09-19 18:02:13.894,282,Perempatan Jl. Jendral Sudirman,14,3409,Golongan I,Sedan/Jip/Pick-up,0.304,351,137,423,176,387.4,156.9,0.03,-1.3,4.23,2.4,0.3,1.83,N/A,NORMAL,KENDARAAN_BERHENTI
1789815734.078,2026-09-19 18:02:14.077,282,Perempatan Jl. Jendral Sudirman,15,3408,Golongan VI-B,Sepeda Motor (Tanpa Helm),0.521,480,147,510,177,495.6,162.5,3.52,-1.23,3.17,0.99,0.1,1.01,TANPA_HELM,MELANGGAR,KENDARAAN_BERHENTI
1789815734.078,2026-09-19 18:02:14.077,282,Perempatan Jl. Jendral Sudirman,15,3409,Golongan I,Sedan/Jip/Pick-up,0.379,350,138,425,179,388.0,158.7,0.09,-1.04,4.42,2.49,0.2,1.84,N/A,NORMAL,KENDARAAN_BERHENTI
1789815734.452,2026-09-19 18:02:14.451,282,Perempatan Jl. Jendral Sudirman,16,3408,Golongan VI-B,Sepeda Motor (Tanpa Helm),0.503,481,148,511,177,496.6,163.4,3.56,-1.19,3.06,0.99,0.1,1.01,TANPA_HELM,MELANGGAR,KENDARAAN_BERHENTI
1789815734.452,2026-09-19 18:02:14.451,282,Perempatan Jl. Jendral Sudirman,16,3409,Golongan I,Sedan/Jip/Pick-up,0.332,348,137,425,179,386.9,158.5,0.05,-1.04,4.53,2.56,0.2,1.83,N/A,NORMAL,KENDARAAN_BERHENTI
1789815734.452,2026-09-19 18:02:14.451,282,Perempatan Jl. Jendral Sudirman,16,3418,Golongan I,Sedan/Jip/Pick-up,0.512,534,145,578,185,556.2,165.4,5.53,-0.46,4.18,1.45,0.0,1.11,N/A,NORMAL,NORMAL
1789815734.668,2026-09-19 18:02:14.668,282,Perempatan Jl. Jendral Sudirman,17,3408,Golongan VI-B,Sepeda Motor (Tanpa Helm),0.492,481,149,511,178,496.5,163.6,3.56,-1.17,3.05,0.99,0.1,1.01,TANPA_HELM,MELANGGAR,KENDARAAN_BERHENTI
1789815734.668,2026-09-19 18:02:14.668,282,Perempatan Jl. Jendral Sudirman,17,3409,Golongan I,Sedan/Jip/Pick-up,0.294,348,137,425,179,386.9,158.3,0.05,-1.04,4.53,2.56,0.2,1.83,N/A,NORMAL,KENDARAAN_BERHENTI
1789815734.668,2026-09-19 18:02:14.668,282,Perempatan Jl. Jendral Sudirman,17,3418,Golongan I,Sedan/Jip/Pick-up,0.286,536,145,580,185,558.5,165.4,5.6,-0.47,4.18,1.45,0.0,1.11,N/A,NORMAL,NORMAL
1789815734.898,2026-09-19 18:02:14.897,282,Perempatan Jl. Jendral Sudirman,18,3408,Golongan VI-B,Sepeda Motor (Tanpa Helm),0.303,481,149,510,177,496.3,163.5,3.55,-1.19,2.95,0.96,0.1,1.01,TANPA_HELM,MELANGGAR,KENDARAAN_BERHENTI
1789815734.898,2026-09-19 18:02:14.897,282,Perempatan Jl. Jendral Sudirman,18,3409,Golongan I,Sedan/Jip/Pick-up,0.268,348,136,425,179,387.1,158.2,0.06,-1.04,4.65,2.56,0.3,1.83,N/A,NORMAL,KENDARAAN_BERHENTI
1789815735.1,2026-09-19 18:02:15.099,282,Perempatan Jl. Jendral Sudirman,19,3408,Golongan VI-B,Sepeda Motor (Tanpa Helm),0.449,481,148,511,178,496.4,163.2,3.55,-1.16,3.16,0.99,0.2,1.01,TANPA_HELM,MELANGGAR,KENDARAAN_BERHENTI
1789815735.1,2026-09-19 18:02:15.099,282,Perempatan Jl. Jendral Sudirman,19,3409,Golongan I,Sedan/Jip/Pick-up,0.286,348,136,426,179,387.6,158.1,0.08,-1.04,4.65,2.59,0.2,1.83,N/A,NORMAL,KENDARAAN_BERHENTI
1789815735.27,2026-09-19 18:02:15.269,282,Perempatan Jl. Jendral Sudirman,20,3408,Golongan VI-B,Sepeda Motor (Tanpa Helm),0.382,480,147,511,178,496.2,162.7,3.55,-1.14,3.27,1.02,0.2,1.01,TANPA_HELM,MELANGGAR,KENDARAAN_BERHENTI
1789815735.777,2026-09-19 18:02:15.776,282,Perempatan Jl. Jendral Sudirman,21,3408,Golongan VI-B,Sepeda Motor (Tanpa Helm),0.414,481,147,511,178,496.3,163.1,3.55,-1.16,3.27,0.99,0.2,1.01,TANPA_HELM,MELANGGAR,KENDARAAN_BERHENTI
1789815735.777,2026-09-19 18:02:15.776,282,Perempatan Jl. Jendral Sudirman,21,3409,Golongan I,Sedan/Jip/Pick-up,0.312,349,136,427,179,388.4,158.1,0.1,-1.05,4.65,2.59,0.0,1.83,N/A,NORMAL,KENDARAAN_BERHENTI
1789815736.024,2026-09-19 18:02:16.024,282,Perempatan Jl. Jendral Sudirman,22,3408,Golongan VI-B,Sepeda Motor (Tanpa Helm),0.454,480,147,511,178,495.9,162.7,3.54,-1.16,3.27,1.02,0.2,1.01,TANPA_HELM,MELANGGAR,KENDARAAN_BERHENTI
1789815736.024,2026-09-19 18:02:16.024,282,Perempatan Jl. Jendral Sudirman,22,3426,Golongan VI-A,Sepeda Motor (Taat Helm),0.566,125,360,196,451,160.7,406.0,-2.0,18.04,5.18,1.69,0.0,0.78,HELM,TAAT_HUKUM,NORMAL
1789815736.024,2026-09-19 18:02:16.024,282,Perempatan Jl. Jendral Sudirman,22,3428,Golongan VI-B,Sepeda Motor (Tanpa Helm),0.578,122,394,223,476,172.6,435.5,-1.42,19.22,4.36,2.33,0.0,1.24,TANPA_HELM,MELANGGAR,PELANGGARAN_HELM
1789815736.024,2026-09-19 18:02:16.024,282,Perempatan Jl. Jendral Sudirman,22,3409,Golongan I,Sedan/Jip/Pick-up,0.322,349,136,427,179,388.7,158.1,0.11,-1.05,4.65,2.59,0.0,1.83,N/A,NORMAL,KENDARAAN_BERHENTI
1789815736.204,2026-09-19 18:02:16.203,282,Perempatan Jl. Jendral Sudirman,23,3408,Golongan VI-B,Sepeda Motor (Tanpa Helm),0.381,478,145,511,178,495.5,161.8,3.52,-1.15,3.5,1.09,0.2,1.0,TANPA_HELM,MELANGGAR,KENDARAAN_BERHENTI
1789815736.204,2026-09-19 18:02:16.203,282,Perempatan Jl. Jendral Sudirman,23,3426,Golongan VI-A,Sepeda Motor (Taat Helm),0.409,130,359,192,439,161.4,399.5,-2.15,17.42,4.61,1.49,0.0,0.78,HELM,TAAT_HUKUM,NORMAL
1789815736.204,2026-09-19 18:02:16.203,282,Perempatan Jl. Jendral Sudirman,23,3428,Golongan VI-B,Sepeda Motor (Tanpa Helm),0.612,128,394,225,472,176.7,433.6,-1.37,19.06,4.16,2.24,0.0,1.24,TANPA_HELM,MELANGGAR,PELANGGARAN_HELM
1789815736.204,2026-09-19 18:02:16.203,282,Perempatan Jl. Jendral Sudirman,23,3409,Golongan I,Sedan/Jip/Pick-up,0.335,349,136,426,179,388.4,158.0,0.09,-1.08,4.65,2.56,0.3,1.83,N/A,NORMAL,KENDARAAN_BERHENTI
1789815736.448,2026-09-19 18:02:16.447,282,Perempatan Jl. Jendral Sudirman,24,3408,Golongan VI-B,Sepeda Motor (Tanpa Helm),0.445,478,144,512,178,495.3,161.2,3.52,-1.15,3.61,1.12,0.2,0.99,TANPA_HELM,MELANGGAR,KENDARAAN_BERHENTI
1789815736.448,2026-09-19 18:02:16.447,282,Perempatan Jl. Jendral Sudirman,24,3426,Golongan VI-B,Sepeda Motor (Tanpa Helm),0.529,139,356,201,436,170.2,396.4,-1.99,17.26,4.64,1.49,6.6,0.78,TANPA_HELM,MELANGGAR,PELANGGARAN_HELM
1789815736.448,2026-09-19 18:02:16.447,282,Perempatan Jl. Jendral Sudirman,24,3428,Golongan VI-B,Sepeda Motor (Tanpa Helm),0.59,134,394,230,471,182.3,432.6,-1.27,18.98,4.11,2.22,2.4,1.24,TANPA_HELM,MELANGGAR,PELANGGARAN_HELM
1789815736.448,2026-09-19 18:02:16.447,282,Perempatan Jl. Jendral Sudirman,24,3409,Golongan I,Sedan/Jip/Pick-up,0.381,349,136,427,179,388.5,158.1,0.1,-1.05,4.65,2.59,0.2,1.83,N/A,NORMAL,KENDARAAN_BERHENTI
1789815736.659,2026-09-19 18:02:16.659,282,Perempatan Jl. Jendral Sudirman,25,3408,Golongan VI-B,Sepeda Motor (Tanpa Helm),0.443,478,143,512,178,495.5,160.8,3.52,-1.15,3.72,1.12,0.1,0.99,TANPA_HELM,MELANGGAR,KENDARAAN_BERHENTI
1789815736.659,2026-09-19 18:02:16.659,282,Perempatan Jl. Jendral Sudirman,25,3426,Golongan VI-A,Sepeda Motor (Taat Helm),0.535,139,355,205,439,172.4,397.7,-1.9,17.44,4.86,1.59,5.4,0.78,HELM,TAAT_HUKUM,PELANGGARAN_HELM
1789815736.659,2026-09-19 18:02:16.659,282,Perempatan Jl. Jendral Sudirman,25,3428,Golongan VI-B,Sepeda Motor (Tanpa Helm),0.497,137,387,237,468,187.4,428.1,-1.19,18.85,4.37,2.33,2.4,1.24,TANPA_HELM,MELANGGAR,PELANGGARAN_HELM
1789815736.659,2026-09-19 18:02:16.659,282,Perempatan Jl. Jendral Sudirman,25,3409,Golongan I,Sedan/Jip/Pick-up,0.355,349,137,427,179,388.6,158.2,0.1,-1.04,4.53,2.59,0.1,1.84,N/A,NORMAL,KENDARAAN_BERHENTI
1789815736.808,2026-09-19 18:02:16.808,282,Perempatan Jl. Jendral Sudirman,26,3408,Golongan VI-B,Sepeda Motor (Tanpa Helm),0.409,478,142,512,177,495.4,160.4,3.52,-1.19,3.73,1.13,0.1,0.98,TANPA_HELM,MELANGGAR,KENDARAAN_BERHENTI
1789815736.808,2026-09-19 18:02:16.808,282,Perempatan Jl. Jendral Sudirman,26,3426,Golongan VI-B,Sepeda Motor (Tanpa Helm),0.436,145,355,203,430,174.2,392.8,-1.98,16.97,4.38,1.4,5.2,0.78,TANPA_HELM,MELANGGAR,PELANGGARAN_HELM
1789815736.808,2026-09-19 18:02:16.808,282,Perempatan Jl. Jendral Sudirman,26,3428,Golongan VI-B,Sepeda Motor (Tanpa Helm),0.557,143,389,239,466,191.6,428.2,-1.11,18.79,4.15,2.23,2.4,1.25,TANPA_HELM,MELANGGAR,PELANGGARAN_HELM
1789815736.808,2026-09-19 18:02:16.808,282,Perempatan Jl. Jendral Sudirman,26,3409,Golongan I,Sedan/Jip/Pick-up,0.331,349,137,426,178,388.2,158.0,0.09,-1.09,4.43,2.56,0.1,1.84,N/A,NORMAL,KENDARAAN_BERHENTI
1789815737.148,2026-09-19 18:02:17.148,282,Perempatan Jl. Jendral Sudirman,27,3408,Golongan VI-B,Sepeda Motor (Tanpa Helm),0.465,479,144,511,177,495.3,161.2,3.51,-1.22,3.51,1.06,0.1,0.98,TANPA_HELM,MELANGGAR,KENDARAAN_BERHENTI
1789815737.148,2026-09-19 18:02:17.148,282,Perempatan Jl. Jendral Sudirman,27,3409,Golongan I,Sedan/Jip/Pick-up,0.442,334,137,414,181,374.6,159.7,-0.31,-0.83,4.74,2.65,0.6,1.82,N/A,NORMAL,KENDARAAN_BERHENTI
1789815737.371,2026-09-19 18:02:17.371,282,Perempatan Jl. Jendral Sudirman,28,3408,Golongan VI-B,Sepeda Motor (Tanpa Helm),0.467,479,145,510,177,495.3,161.5,3.51,-1.24,3.4,1.02,0.1,0.98,TANPA_HELM,MELANGGAR,KENDARAAN_BERHENTI
1789815737.371,2026-09-19 18:02:17.371,282,Perempatan Jl. Jendral Sudirman,28,3409,Golongan I,Sedan/Jip/Pick-up,0.344,330,138,410,182,370.2,160.5,-0.43,-0.71,4.73,2.65,0.9,1.81,N/A,NORMAL,KENDARAAN_BERHENTI
1789815737.371,2026-09-19 18:02:17.371,282,Perempatan Jl. Jendral Sudirman,28,3461,Golongan I,Sedan/Jip/Pick-up,0.873,24,400,296,591,160.8,496.4,-0.36,24.05,9.01,3.5,0.0,1.42,N/A,NORMAL,NORMAL
1789815737.371,2026-09-19 18:02:17.371,282,Perempatan Jl. Jendral Sudirman,28,3426,Golongan VI-A,Sepeda Motor (Taat Helm),0.448,167,350,219,413,193.2,381.8,-1.77,16.06,3.77,1.27,0.0,0.83,HELM,TAAT_HUKUM,PELANGGARAN_HELM
1789815737.595,2026-09-19 18:02:17.594,282,Perempatan Jl. Jendral Sudirman,29,3408,Golongan VI-B,Sepeda Motor (Tanpa Helm),0.4,479,145,510,177,495.3,161.5,3.51,-1.26,3.4,1.02,0.1,0.98,TANPA_HELM,MELANGGAR,KENDARAAN_BERHENTI
1789815737.595,2026-09-19 18:02:17.594,282,Perempatan Jl. Jendral Sudirman,29,3409,Golongan I,Sedan/Jip/Pick-up,0.456,329,138,408,183,368.8,160.8,-0.47,-0.68,4.83,2.62,1.1,1.79,N/A,NORMAL,KENDARAAN_BERHENTI
1789815737.595,2026-09-19 18:02:17.594,282,Perempatan Jl. Jendral Sudirman,29,3461,Golongan I,Sedan/Jip/Pick-up,0.872,67,384,332,570,200.0,477.9,0.21,23.26,9.07,3.5,0.0,1.43,N/A,NORMAL,NORMAL
1789815737.906,2026-09-19 18:02:17.906,282,Perempatan Jl. Jendral Sudirman,30,3408,Golongan VI-B,Sepeda Motor (Tanpa Helm),0.451,480,146,510,177,495.4,161.6,3.51,-1.27,3.28,0.99,0.2,0.99,TANPA_HELM,MELANGGAR,KENDARAAN_BERHENTI
1789815737.906,2026-09-19 18:02:17.906,282,Perempatan Jl. Jendral Sudirman,30,3409,Golongan I,Sedan/Jip/Pick-up,0.481,329,138,408,182,368.9,160.8,-0.47,-0.69,4.73,2.62,1.1,1.78,N/A,NORMAL,KENDARAAN_BERHENTI
1789815737.906,2026-09-19 18:02:17.906,282,Perempatan Jl. Jendral Sudirman,30,3461,Golongan I,Sedan/Jip/Pick-up,0.829,117,366,373,546,245.5,456.6,0.9,22.28,9.14,3.5,14.6,1.43,N/A,NORMAL,NORMAL
1789815738.125,2026-09-19 18:02:18.125,282,Perempatan Jl. Jendral Sudirman,31,3408,Golongan VI-B,Sepeda Motor (Tanpa Helm),0.453,480,146,510,177,495.3,161.7,3.51,-1.27,3.28,0.99,0.2,0.99,TANPA_HELM,MELANGGAR,KENDARAAN_BERHENTI
1789815738.125,2026-09-19 18:02:18.125,282,Perempatan Jl. Jendral Sudirman,31,3409,Golongan I,Sedan/Jip/Pick-up,0.525,330,138,409,182,369.7,160.8,-0.44,-0.69,4.73,2.62,1.1,1.77,N/A,NORMAL,KENDARAAN_BERHENTI
1789815738.125,2026-09-19 18:02:18.125,282,Perempatan Jl. Jendral Sudirman,31,3461,Golongan I,Sedan/Jip/Pick-up,0.931,167,352,412,521,289.9,437.1,1.59,21.27,8.9,3.5,15.2,1.44,N/A,NORMAL,NORMAL
1789815738.359,2026-09-19 18:02:18.359,282,Perempatan Jl. Jendral Sudirman,32,3408,Golongan VI-B,Sepeda Motor (Tanpa Helm),0.455,480,146,510,176,495.3,161.5,3.5,-1.31,3.18,0.99,0.2,0.99,TANPA_HELM,MELANGGAR,KENDARAAN_BERHENTI
1789815738.359,2026-09-19 18:02:18.359,282,Perempatan Jl. Jendral Sudirman,32,3409,Golongan I,Sedan/Jip/Pick-up,0.498,331,138,409,182,370.4,160.6,-0.42,-0.71,4.73,2.58,1.1,1.77,N/A,NORMAL,KENDARAAN_BERHENTI
1789815738.359,2026-09-19 18:02:18.359,282,Perempatan Jl. Jendral Sudirman,32,3461,Golongan I,Sedan/Jip/Pick-up,0.913,210,337,448,501,329.5,419.5,2.26,20.37,8.95,3.5,15.7,1.45,N/A,NORMAL,NORMAL
1789815738.567,2026-09-19 18:02:18.567,282,Perempatan Jl. Jendral Sudirman,33,3408,Golongan VI-B,Sepeda Motor (Tanpa Helm),0.453,480,146,510,176,495.3,161.3,3.5,-1.34,3.18,0.99,0.3,0.99,TANPA_HELM,MELANGGAR,KENDARAAN_BERHENTI
1789815738.567,2026-09-19 18:02:18.567,282,Perempatan Jl. Jendral Sudirman,33,3409,Golongan I,Sedan/Jip/Pick-up,0.529,332,138,409,182,371.2,160.5,-0.4,-0.74,4.73,2.55,1.1,1.77,N/A,NORMAL,KENDARAAN_BERHENTI
1789815738.567,2026-09-19 18:02:18.567,282,Perempatan Jl. Jendral Sudirman,33,3461,Golongan I,Sedan/Jip/Pick-up,0.837,253,324,481,479,367.8,401.9,2.91,19.38,8.76,3.5,16.3,1.47,N/A,NORMAL,NORMAL
1789815738.759,2026-09-19 18:02:18.759,282,Perempatan Jl. Jendral Sudirman,34,3408,Golongan VI-B,Sepeda Motor (Tanpa Helm),0.394,480,146,510,175,495.3,161.0,3.49,-1.38,3.08,0.99,0.3,1.0,TANPA_HELM,MELANGGAR,KENDARAAN_BERHENTI
1789815738.759,2026-09-19 18:02:18.759,282,Perempatan Jl. Jendral Sudirman,34,3409,Golongan I,Sedan/Jip/Pick-up,0.518,333,138,410,182,372.1,160.3,-0.38,-0.77,4.73,2.55,1.0,1.77,N/A,NORMAL,KENDARAAN_BERHENTI
1789815738.759,2026-09-19 18:02:18.759,282,Perempatan Jl. Jendral Sudirman,34,3461,Golongan I,Sedan/Jip/Pick-up,0.796,292,310,513,459,403.2,385.0,3.54,18.43,8.74,3.5,16.9,1.48,N/A,NORMAL,NORMAL
1789815738.99,2026-09-19 18:02:18.989,282,Perempatan Jl. Jendral Sudirman,35,3408,Golongan VI-B,Sepeda Motor (Tanpa Helm),0.42,480,146,510,176,495.8,161.8,3.52,-1.31,3.18,0.99,0.3,1.0,TANPA_HELM,MELANGGAR,KENDARAAN_BERHENTI
1789815738.99,2026-09-19 18:02:18.989,282,Perempatan Jl. Jendral Sudirman,35,3409,Golongan I,Sedan/Jip/Pick-up,0.382,339,138,417,182,378.7,160.4,-0.16,-0.74,4.72,2.58,0.9,1.77,N/A,NORMAL,KENDARAAN_BERHENTI
1789815739.315,2026-09-19 18:02:19.315,282,Perempatan Jl. Jendral Sudirman,36,3408,Golongan VI-B,Sepeda Motor (Tanpa Helm),0.454,479,146,510,177,495.3,162.2,3.51,-1.2,3.28,1.02,0.2,1.0,TANPA_HELM,MELANGGAR,KENDARAAN_BERHENTI
1789815739.532,2026-09-19 18:02:19.532,282,Perempatan Jl. Jendral Sudirman,37,3408,Golongan VI-B,Sepeda Motor (Tanpa Helm),0.425,479,146,511,178,495.2,162.4,3.52,-1.14,3.38,1.06,0.2,0.99,TANPA_HELM,MELANGGAR,KENDARAAN_BERHENTI
1789815739.532,2026-09-19 18:02:19.532,282,Perempatan Jl. Jendral Sudirman,37,3485,Golongan I,Sedan/Jip/Pick-up,0.778,237,321,534,495,385.9,408.8,3.42,20.13,9.71,3.5,0.0,1.7,N/A,NORMAL,NORMAL
1789815739.532,2026-09-19 18:02:19.532,282,Perempatan Jl. Jendral Sudirman,37,3486,Golongan I,Sedan/Jip/Pick-up,0.641,707,191,817,264,762.7,228.3,11.91,6.48,6.32,3.3,0.0,1.5,N/A,NORMAL,NORMAL
1789815739.532,2026-09-19 18:02:19.532,282,Perempatan Jl. Jendral Sudirman,37,3487,Golongan I,Sedan/Jip/Pick-up,0.332,240,137,321,183,281.0,160.5,-3.26,-0.64,4.98,2.68,0.0,1.75,N/A,NORMAL,NORMAL
1789815739.753,2026-09-19 18:02:19.753,282,Perempatan Jl. Jendral Sudirman,38,3408,Golongan VI-B,Sepeda Motor (Tanpa Helm),0.408,479,146,511,178,495.3,162.6,3.52,-1.12,3.38,1.06,0.2,0.99,TANPA_HELM,MELANGGAR,KENDARAAN_BERHENTI
1789815739.753,2026-09-19 18:02:19.753,282,Perempatan Jl. Jendral Sudirman,38,3485,Golongan I,Sedan/Jip/Pick-up,0.73,260,312,553,484,406.9,398.1,3.8,19.59,9.8,3.5,0.0,1.7,N/A,NORMAL,NORMAL
1789815739.753,2026-09-19 18:02:19.753,282,Perempatan Jl. Jendral Sudirman,38,3486,Golongan I,Sedan/Jip/Pick-up,0.794,716,189,822,260,769.4,224.8,12.11,6.12,6.2,3.19,0.0,1.5,N/A,NORMAL,NORMAL
1789815739.753,2026-09-19 18:02:19.753,282,Perempatan Jl. Jendral Sudirman,38,3487,Golongan I,Sedan/Jip/Pick-up,0.325,240,137,320,183,280.4,160.3,-3.29,-0.68,4.98,2.65,0.0,1.75,N/A,NORMAL,NORMAL
1789815739.982,2026-09-19 18:02:19.981,282,Perempatan Jl. Jendral Sudirman,39,3408,Golongan VI-B,Sepeda Motor (Tanpa Helm),0.398,479,146,511,178,495.4,162.8,3.53,-1.1,3.38,1.06,0.2,0.99,TANPA_HELM,MELANGGAR,KENDARAAN_BERHENTI
1789815739.982,2026-09-19 18:02:19.981,282,Perempatan Jl. Jendral Sudirman,39,3485,Golongan I,Sedan/Jip/Pick-up,0.838,288,304,569,469,429.0,387.4,4.19,18.93,9.64,3.5,11.4,1.7,N/A,NORMAL,NORMAL
1789815739.982,2026-09-19 18:02:19.981,282,Perempatan Jl. Jendral Sudirman,39,3486,Golongan I,Sedan/Jip/Pick-up,0.678,725,186,829,256,777.6,221.4,12.36,5.78,6.17,3.14,6.6,1.5,N/A,NORMAL,NORMAL
1789815739.982,2026-09-19 18:02:19.981,282,Perempatan Jl. Jendral Sudirman,39,3487,Golongan I,Sedan/Jip/Pick-up,0.317,242,138,320,183,281.3,161.0,-3.25,-0.65,4.87,2.58,0.1,1.75,N/A,NORMAL,NORMAL
1789815740.206,2026-09-19 18:02:20.206,282,Perempatan Jl. Jendral Sudirman,40,3408,Golongan VI-B,Sepeda Motor (Tanpa Helm),0.394,479,147,511,178,495.4,162.9,3.53,-1.1,3.27,1.06,0.3,0.99,TANPA_HELM,MELANGGAR,KENDARAAN_BERHENTI
1789815740.206,2026-09-19 18:02:20.206,282,Perempatan Jl. Jendral Sudirman,40,3485,Golongan I,Sedan/Jip/Pick-up,0.855,316,297,587,456,452.2,376.8,4.62,18.28,9.49,3.5,11.6,1.7,N/A,NORMAL,NORMAL
1789815740.206,2026-09-19 18:02:20.206,282,Perempatan Jl. Jendral Sudirman,40,3486,Golongan I,Sedan/Jip/Pick-up,0.696,731,184,835,253,784.0,218.8,12.55,5.58,6.13,3.16,6.3,1.5,N/A,NORMAL,NORMAL
1789815740.429,2026-09-19 18:02:20.428,282,Perempatan Jl. Jendral Sudirman,41,3408,Golongan VI-B,Sepeda Motor (Tanpa Helm),0.413,479,147,511,178,495.6,162.9,3.53,-1.11,3.27,1.06,0.3,0.99,TANPA_HELM,MELANGGAR,KENDARAAN_BERHENTI
1789815740.429,2026-09-19 18:02:20.428,282,Perempatan Jl. Jendral Sudirman,41,3485,Golongan I,Sedan/Jip/Pick-up,0.796,339,289,604,444,472.0,367.3,5.0,17.71,9.46,3.5,11.6,1.7,N/A,NORMAL,NORMAL
1789815740.624,2026-09-19 18:02:20.624,282,Perempatan Jl. Jendral Sudirman,42,3408,Golongan VI-B,Sepeda Motor (Tanpa Helm),0.401,479,146,511,178,495.6,162.8,3.53,-1.11,3.38,1.06,0.3,0.99,TANPA_HELM,MELANGGAR,KENDARAAN_BERHENTI
1789815740.624,2026-09-19 18:02:20.624,282,Perempatan Jl. Jendral Sudirman,42,3485,Golongan I,Sedan/Jip/Pick-up,0.769,362,281,622,434,492.7,357.7,5.41,17.16,9.53,3.5,11.6,1.7,N/A,NORMAL,NORMAL
1789815740.817,2026-09-19 18:02:20.817,282,Perempatan Jl. Jendral Sudirman,43,3408,Golongan VI-B,Sepeda Motor (Tanpa Helm),0.403,479,146,511,178,495.5,162.7,3.53,-1.13,3.38,1.06,0.4,0.99,TANPA_HELM,MELANGGAR,KENDARAAN_BERHENTI
1789815740.817,2026-09-19 18:02:20.817,282,Perempatan Jl. Jendral Sudirman,43,3485,Golongan I,Sedan/Jip/Pick-up,0.846,386,276,634,422,510.5,349.8,5.76,16.57,9.26,3.5,11.8,1.7,N/A,NORMAL,NORMAL
1789815741.017,2026-09-19 18:02:21.017,282,Perempatan Jl. Jendral Sudirman,44,3408,Golongan VI-B,Sepeda Motor (Tanpa Helm),0.405,480,146,511,178,495.5,162.4,3.52,-1.18,3.38,1.02,0.3,0.99,TANPA_HELM,MELANGGAR,KENDARAAN_BERHENTI
1789815741.017,2026-09-19 18:02:21.017,282,Perempatan Jl. Jendral Sudirman,44,3485,Golongan I,Sedan/Jip/Pick-up,0.863,409,271,649,413,529.4,342.4,6.15,16.06,9.16,3.5,11.8,1.7,N/A,NORMAL,NORMAL
1789815741.217,2026-09-19 18:02:21.217,282,Perempatan Jl. Jendral Sudirman,45,3408,Golongan VI-B,Sepeda Motor (Tanpa Helm),0.39,480,146,510,177,495.6,162.2,3.52,-1.21,3.28,0.99,0.2,0.99,TANPA_HELM,MELANGGAR,KENDARAAN_BERHENTI
1789815741.217,2026-09-19 18:02:21.217,282,Perempatan Jl. Jendral Sudirman,45,3485,Golongan I,Sedan/Jip/Pick-up,0.874,428,266,662,403,545.6,334.8,6.5,15.53,8.99,3.5,11.8,1.7,N/A,NORMAL,NORMAL
1789815741.414,2026-09-19 18:02:21.414,282,Perempatan Jl. Jendral Sudirman,46,3408,Golongan VI-B,Sepeda Motor (Tanpa Helm),0.409,480,146,510,177,495.7,161.9,3.52,-1.26,3.28,0.99,0.2,0.99,TANPA_HELM,MELANGGAR,KENDARAAN_BERHENTI
1789815741.414,2026-09-19 18:02:21.414,282,Perempatan Jl. Jendral Sudirman,46,3485,Golongan I,Sedan/Jip/Pick-up,0.833,451,262,674,393,563.3,328.1,6.88,14.99,8.73,3.5,11.8,1.71,N/A,NORMAL,NORMAL
1789815741.414,2026-09-19 18:02:21.414,282,Perempatan Jl. Jendral Sudirman,46,3508,Golongan VI-A,Sepeda Motor (Taat Helm),0.824,13,495,91,636,52.9,566.3,-1.95,25.65,5.83,1.58,0.0,0.55,HELM,TAAT_HUKUM,NORMAL
1789815741.648,2026-09-19 18:02:21.648,282,Perempatan Jl. Jendral Sudirman,47,3408,Golongan VI-B,Sepeda Motor (Tanpa Helm),0.389,480,146,510,177,495.5,162.1,3.52,-1.22,3.28,0.99,0.2,1.0,TANPA_HELM,MELANGGAR,KENDARAAN_BERHENTI
1789815741.648,2026-09-19 18:02:21.648,282,Perempatan Jl. Jendral Sudirman,47,3485,Golongan I,Sedan/Jip/Pick-up,0.663,527,241,724,357,625.9,299.8,8.3,12.88,8.29,3.5,13.2,1.71,N/A,NORMAL,NORMAL
1789815741.886,2026-09-19 18:02:21.886,282,Perempatan Jl. Jendral Sudirman,48,3408,Golongan VI-B,Sepeda Motor (Tanpa Helm),0.513,480,147,511,177,495.9,162.5,3.53,-1.2,3.17,1.02,0.2,1.0,TANPA_HELM,MELANGGAR,KENDARAAN_BERHENTI
1789815742.035,2026-09-19 18:02:22.035,282,Perempatan Jl. Jendral Sudirman,49,3408,Golongan VI-B,Sepeda Motor (Tanpa Helm),0.485,480,147,511,177,496.0,162.6,3.53,-1.2,3.17,1.02,0.2,1.0,TANPA_HELM,MELANGGAR,KENDARAAN_BERHENTI
1789815742.035,2026-09-19 18:02:22.035,282,Perempatan Jl. Jendral Sudirman,49,3515,Golongan VI-A,Sepeda Motor (Taat Helm),0.605,285,327,371,409,328.3,369.0,1.38,15.89,5.0,2.14,0.0,1.05,HELM,TAAT_HUKUM,NORMAL
1789815742.035,2026-09-19 18:02:22.035,282,Perempatan Jl. Jendral Sudirman,49,3409,Golongan I,Sedan/Jip/Pick-up,0.292,350,137,423,177,386.9,157.3,0.02,-1.23,4.33,2.43,0.0,1.8,N/A,NORMAL,KENDARAAN_BERHENTI
1789815742.208,2026-09-19 18:02:22.208,282,Perempatan Jl. Jendral Sudirman,50,3408,Golongan VI-B,Sepeda Motor (Tanpa Helm),0.463,480,147,511,177,495.9,162.7,3.53,-1.19,3.17,1.02,0.2,1.01,TANPA_HELM,MELANGGAR,KENDARAAN_BERHENTI
1789815742.208,2026-09-19 18:02:22.208,282,Perempatan Jl. Jendral Sudirman,50,3515,Golongan VI-A,Sepeda Motor (Taat Helm),0.662,285,326,374,411,330.4,368.9,1.44,15.95,5.17,2.22,0.0,1.05,HELM,TAAT_HUKUM,NORMAL
1789815742.208,2026-09-19 18:02:22.208,282,Perempatan Jl. Jendral Sudirman,50,3521,Golongan VI-A,Sepeda Motor (Taat Helm),0.35,299,255,361,396,330.8,326.2,1.3,15.16,9.59,1.64,0.0,0.44,HELM,TAAT_HUKUM,NORMAL
1789815742.208,2026-09-19 18:02:22.208,282,Perempatan Jl. Jendral Sudirman,50,3409,Golongan I,Sedan/Jip/Pick-up,0.29,350,137,425,178,388.0,157.9,0.07,-1.13,4.43,2.49,0.0,1.81,N/A,NORMAL,KENDARAAN_BERHENTI
1789815742.414,2026-09-19 18:02:22.413,282,Perempatan Jl. Jendral Sudirman,51,3408,Golongan VI-B,Sepeda Motor (Tanpa Helm),0.46,480,147,511,177,496.0,162.7,3.54,-1.2,3.17,1.02,0.2,1.01,TANPA_HELM,MELANGGAR,KENDARAAN_BERHENTI
1789815742.414,2026-09-19 18:02:22.413,282,Perempatan Jl. Jendral Sudirman,51,3515,Golongan VI-A,Sepeda Motor (Taat Helm),0.663,286,325,377,411,332.2,368.2,1.49,15.97,5.24,2.27,1.2,1.05,HELM,TAAT_HUKUM,NORMAL
1789815742.414,2026-09-19 18:02:22.413,282,Perempatan Jl. Jendral Sudirman,51,3521,Golongan VI-A,Sepeda Motor (Taat Helm),0.345,300,256,361,396,331.2,326.5,1.31,15.13,9.51,1.61,0.0,0.44,HELM,TAAT_HUKUM,NORMAL
1789815742.414,2026-09-19 18:02:22.413,282,Perempatan Jl. Jendral Sudirman,51,3409,Golongan I,Sedan/Jip/Pick-up,0.33,350,137,426,178,388.3,158.1,0.09,-1.09,4.43,2.53,1.5,1.82,N/A,NORMAL,KENDARAAN_BERHENTI
1789815742.592,2026-09-19 18:02:22.592,282,Perempatan Jl. Jendral Sudirman,52,3408,Golongan VI-B,Sepeda Motor (Tanpa Helm),0.462,480,147,511,177,496.1,162.6,3.54,-1.21,3.17,1.02,0.2,1.01,TANPA_HELM,MELANGGAR,KENDARAAN_BERHENTI
1789815742.592,2026-09-19 18:02:22.592,282,Perempatan Jl. Jendral Sudirman,52,3515,Golongan VI-A,Sepeda Motor (Taat Helm),0.592,288,325,376,410,332.8,368.1,1.49,15.9,5.19,2.19,1.0,1.05,HELM,TAAT_HUKUM,NORMAL
1789815742.592,2026-09-19 18:02:22.592,282,Perempatan Jl. Jendral Sudirman,52,3521,Golongan VI-A,Sepeda Motor (Taat Helm),0.459,301,257,362,396,331.5,327.0,1.31,15.13,9.42,1.61,0.3,0.44,HELM,TAAT_HUKUM,NORMAL
1789815742.592,2026-09-19 18:02:22.592,282,Perempatan Jl. Jendral Sudirman,52,3409,Golongan I,Sedan/Jip/Pick-up,0.314,350,137,426,178,388.1,158.1,0.08,-1.09,4.43,2.53,1.3,1.83,N/A,NORMAL,KENDARAAN_BERHENTI
1789815742.794,2026-09-19 18:02:22.793,282,Perempatan Jl. Jendral Sudirman,53,3408,Golongan VI-B,Sepeda Motor (Tanpa Helm),0.475,480,147,511,177,496.1,162.7,3.54,-1.2,3.17,1.02,0.1,1.02,TANPA_HELM,MELANGGAR,KENDARAAN_BERHENTI
1789815742.794,2026-09-19 18:02:22.793,282,Perempatan Jl. Jendral Sudirman,53,3515,Golongan VI-A,Sepeda Motor (Taat Helm),0.597,289,325,378,409,334.2,367.6,1.52,15.89,5.13,2.22,0.9,1.05,HELM,TAAT_HUKUM,NORMAL
1789815742.794,2026-09-19 18:02:22.793,282,Perempatan Jl. Jendral Sudirman,53,3521,Golongan VI-A,Sepeda Motor (Taat Helm),0.511,300,258,361,395,330.9,327.0,1.29,15.11,9.29,1.61,0.3,0.44,HELM,TAAT_HUKUM,NORMAL
1789815742.794,2026-09-19 18:02:22.793,282,Perempatan Jl. Jendral Sudirman,53,3409,Golongan I,Sedan/Jip/Pick-up,0.282,349,137,425,178,387.7,158.2,0.07,-1.08,4.43,2.53,1.1,1.84,N/A,NORMAL,KENDARAAN_BERHENTI
1789815742.981,2026-09-19 18:02:22.981,282,Perempatan Jl. Jendral Sudirman,54,3408,Golongan VI-B,Sepeda Motor (Tanpa Helm),0.502,480,146,511,177,495.8,162.3,3.53,-1.22,3.28,1.02,0.1,1.02,TANPA_HELM,MELANGGAR,KENDARAAN_BERHENTI
1789815742.981,2026-09-19 18:02:22.981,282,Perempatan Jl. Jendral Sudirman,54,3515,Golongan VI-A,Sepeda Motor (Taat Helm),0.623,292,326,378,408,335.5,367.3,1.54,15.81,5.01,2.15,0.8,1.05,HELM,TAAT_HUKUM,NORMAL
1789815742.981,2026-09-19 18:02:22.981,282,Perempatan Jl. Jendral Sudirman,54,3521,Golongan VI-A,Sepeda Motor (Taat Helm),0.436,300,258,361,395,331.1,326.7,1.29,15.08,9.29,1.61,0.3,0.44,HELM,TAAT_HUKUM,NORMAL
1789815742.981,2026-09-19 18:02:22.981,282,Perempatan Jl. Jendral Sudirman,54,3409,Golongan I,Sedan/Jip/Pick-up,0.291,348,137,425,179,387.3,158.5,0.06,-1.05,4.53,2.56,0.9,1.84,N/A,NORMAL,KENDARAAN_BERHENTI
1789815743.163,2026-09-19 18:02:23.163,282,Perempatan Jl. Jendral Sudirman,55,3408,Golongan VI-B,Sepeda Motor (Tanpa Helm),0.502,480,146,511,177,495.7,162.1,3.52,-1.24,3.28,1.02,0.1,1.02,TANPA_HELM,MELANGGAR,KENDARAAN_BERHENTI
1789815743.163,2026-09-19 18:02:23.163,282,Perempatan Jl. Jendral Sudirman,55,3515,Golongan VI-A,Sepeda Motor (Taat Helm),0.579,293,326,379,408,337.0,367.6,1.57,15.8,5.01,2.15,0.7,1.05,HELM,TAAT_HUKUM,NORMAL
1789815743.163,2026-09-19 18:02:23.163,282,Perempatan Jl. Jendral Sudirman,55,3521,Golongan VI-A,Sepeda Motor (Taat Helm),0.411,302,258,362,394,332.4,326.1,1.31,15.02,9.23,1.58,0.4,0.44,HELM,TAAT_HUKUM,NORMAL
1789815743.163,2026-09-19 18:02:23.163,282,Perempatan Jl. Jendral Sudirman,55,3409,Golongan I,Sedan/Jip/Pick-up,0.299,349,137,427,179,388.4,158.5,0.1,-1.02,4.53,2.59,0.9,1.84,N/A,NORMAL,KENDARAAN_BERHENTI
1789815743.317,2026-09-19 18:02:23.316,282,Perempatan Jl. Jendral Sudirman,56,3408,Golongan VI-B,Sepeda Motor (Tanpa Helm),0.508,480,147,511,177,496.0,162.5,3.53,-1.22,3.17,1.02,0.1,1.02,TANPA_HELM,MELANGGAR,KENDARAAN_BERHENTI
1789815743.317,2026-09-19 18:02:23.316,282,Perempatan Jl. Jendral Sudirman,56,3515,Golongan VI-A,Sepeda Motor (Taat Helm),0.627,294,324,381,407,337.9,366.4,1.59,15.77,5.08,2.17,0.7,1.05,HELM,TAAT_HUKUM,NORMAL
1789815743.317,2026-09-19 18:02:23.316,282,Perempatan Jl. Jendral Sudirman,56,3521,Golongan VI-A,Sepeda Motor (Taat Helm),0.463,303,258,363,392,333.4,325.2,1.31,14.9,9.11,1.58,0.6,0.44,HELM,TAAT_HUKUM,NORMAL
1789815743.472,2026-09-19 18:02:23.472,282,Perempatan Jl. Jendral Sudirman,57,3408,Golongan VI-B,Sepeda Motor (Tanpa Helm),0.507,480,147,511,177,496.0,162.7,3.54,-1.2,3.17,1.02,0.0,1.02,TANPA_HELM,MELANGGAR,KENDARAAN_BERHENTI
1789815743.472,2026-09-19 18:02:23.472,282,Perempatan Jl. Jendral Sudirman,57,3515,Golongan VI-B,Sepeda Motor (Tanpa Helm),0.558,294,323,382,406,338.8,364.8,1.59,15.7,5.1,2.2,0.7,1.06,TANPA_HELM,MELANGGAR,PELANGGARAN_HELM
1789815743.472,2026-09-19 18:02:23.472,282,Perempatan Jl. Jendral Sudirman,57,3521,Golongan VI-A,Sepeda Motor (Taat Helm),0.398,303,258,363,390,333.6,324.6,1.31,14.83,9.0,1.59,0.7,0.45,HELM,TAAT_HUKUM,NORMAL
1789815743.472,2026-09-19 18:02:23.472,282,Perempatan Jl. Jendral Sudirman,57,3409,Golongan I,Sedan/Jip/Pick-up,0.287,350,137,425,178,388.3,158.2,0.08,-1.12,4.43,2.49,0.0,1.85,N/A,NORMAL,KENDARAAN_BERHENTI
1789815743.635,2026-09-19 18:02:23.635,282,Perempatan Jl. Jendral Sudirman,58,3408,Golongan VI-B,Sepeda Motor (Tanpa Helm),0.508,480,147,511,177,496.0,162.7,3.53,-1.22,3.17,1.02,0.0,1.03,TANPA_HELM,MELANGGAR,KENDARAAN_BERHENTI
1789815743.635,2026-09-19 18:02:23.635,282,Perempatan Jl. Jendral Sudirman,58,3515,Golongan VI-A,Sepeda Motor (Taat Helm),0.597,294,321,383,406,339.1,363.8,1.6,15.68,5.23,2.23,0.7,1.05,HELM,TAAT_HUKUM,PELANGGARAN_HELM
1789815743.635,2026-09-19 18:02:23.635,282,Perempatan Jl. Jendral Sudirman,58,3521,Golongan VI-A,Sepeda Motor (Taat Helm),0.389,303,258,363,389,333.4,324.1,1.29,14.78,8.94,1.59,0.8,0.45,HELM,TAAT_HUKUM,NORMAL
1789815743.829,2026-09-19 18:02:23.829,282,Perempatan Jl. Jendral Sudirman,59,3408,Golongan VI-B,Sepeda Motor (Tanpa Helm),0.496,480,147,511,177,495.8,162.1,3.52,-1.25,3.17,1.02,0.1,1.03,TANPA_HELM,MELANGGAR,KENDARAAN_BERHENTI
1789815743.829,2026-09-19 18:02:23.829,282,Perempatan Jl. Jendral Sudirman,59,3515,Golongan VI-B,Sepeda Motor (Tanpa Helm),0.558,294,320,384,405,339.3,363.3,1.6,15.66,5.24,2.26,0.7,1.05,TANPA_HELM,MELANGGAR,PELANGGARAN_HELM
1789815743.829,2026-09-19 18:02:23.829,282,Perempatan Jl. Jendral Sudirman,59,3521,Golongan VI-A,Sepeda Motor (Taat Helm),0.409,304,258,364,390,334.2,324.5,1.32,14.81,9.0,1.59,0.8,0.46,HELM,TAAT_HUKUM,NORMAL
1789815744.005,2026-09-19 18:02:24.004,282,Perempatan Jl. Jendral Sudirman,60,3408,Golongan VI-B,Sepeda Motor (Tanpa Helm),0.503,480,147,511,177,495.9,162.4,3.53,-1.23,3.17,1.02,0.1,1.03,TANPA_HELM,MELANGGAR,KENDARAAN_BERHENTI
1789815744.005,2026-09-19 18:02:24.004,282,Perempatan Jl. Jendral Sudirman,60,3515,Golongan VI-A,Sepeda Motor (Taat Helm),0.549,294,320,384,405,339.4,363.1,1.6,15.64,5.24,2.26,0.7,1.05,HELM,TAAT_HUKUM,PELANGGARAN_HELM
1789815744.005,2026-09-19 18:02:24.004,282,Perempatan Jl. Jendral Sudirman,60,3521,Golongan VI-A,Sepeda Motor (Taat Helm),0.359,303,258,364,390,334.1,324.8,1.32,14.84,9.0,1.61,0.7,0.46,HELM,TAAT_HUKUM,NORMAL
1789815744.176,2026-09-19 18:02:24.175,282,Perempatan Jl. Jendral Sudirman,61,3408,Golongan VI-B,Sepeda Motor (Tanpa Helm),0.5,480,147,511,177,495.8,162.5,3.53,-1.22,3.17,1.02,0.1,1.03,TANPA_HELM,MELANGGAR,KENDARAAN_BERHENTI
1789815744.176,2026-09-19 18:02:24.175,282,Perempatan Jl. Jendral Sudirman,61,3515,Golongan VI-B,Sepeda Motor (Tanpa Helm),0.58,295,322,383,406,339.3,364.3,1.6,15.67,5.16,2.2,0.7,1.06,TANPA_HELM,MELANGGAR,PELANGGARAN_HELM
1789815744.176,2026-09-19 18:02:24.175,282,Perempatan Jl. Jendral Sudirman,61,3516,Golongan I,Sedan/Jip/Pick-up,0.469,713,228,856,343,784.7,286.0,12.33,12.0,8.51,3.5,0.0,1.24,N/A,NORMAL,NORMAL
1789815744.176,2026-09-19 18:02:24.175,282,Perempatan Jl. Jendral Sudirman,61,3521,Golongan VI-A,Sepeda Motor (Taat Helm),0.425,302,258,363,390,332.8,324.8,1.29,14.84,9.0,1.61,0.7,0.46,HELM,TAAT_HUKUM,NORMAL
1789815744.176,2026-09-19 18:02:24.175,282,Perempatan Jl. Jendral Sudirman,61,3409,Golongan I,Sedan/Jip/Pick-up,0.276,349,137,424,177,386.8,157.8,0.03,-1.19,4.33,2.5,0.0,1.86,N/A,NORMAL,KENDARAAN_BERHENTI
1789815744.373,2026-09-19 18:02:24.372,282,Perempatan Jl. Jendral Sudirman,62,3408,Golongan VI-B,Sepeda Motor (Tanpa Helm),0.497,480,147,511,177,495.8,162.5,3.53,-1.23,3.17,1.02,0.1,1.04,TANPA_HELM,MELANGGAR,KENDARAAN_BERHENTI
1789815744.373,2026-09-19 18:02:24.372,282,Perempatan Jl. Jendral Sudirman,62,3515,Golongan VI-A,Sepeda Motor (Taat Helm),0.577,294,321,383,405,339.3,363.7,1.6,15.66,5.18,2.23,0.6,1.06,HELM,TAAT_HUKUM,PELANGGARAN_HELM
1789815744.373,2026-09-19 18:02:24.372,282,Perempatan Jl. Jendral Sudirman,62,3516,Golongan I,Sedan/Jip/Pick-up,0.646,696,233,845,353,771.4,293.5,11.97,12.61,8.71,3.5,0.0,1.25,N/A,NORMAL,NORMAL
1789815744.373,2026-09-19 18:02:24.372,282,Perempatan Jl. Jendral Sudirman,62,3521,Golongan VI-A,Sepeda Motor (Taat Helm),0.274,302,258,364,391,333.3,325.3,1.31,14.89,9.06,1.64,0.6,0.46,HELM,TAAT_HUKUM,NORMAL
1789815744.373,2026-09-19 18:02:24.372,282,Perempatan Jl. Jendral Sudirman,62,3409,Golongan I,Sedan/Jip/Pick-up,0.289,348,137,425,178,387.0,157.7,0.03,-1.16,4.43,2.56,0.0,1.86,N/A,NORMAL,KENDARAAN_BERHENTI
1789815744.577,2026-09-19 18:02:24.577,282,Perempatan Jl. Jendral Sudirman,63,3408,Golongan VI-B,Sepeda Motor (Tanpa Helm),0.48,480,147,511,177,495.9,162.6,3.53,-1.22,3.17,1.02,0.0,1.04,TANPA_HELM,MELANGGAR,KENDARAAN_BERHENTI
1789815744.577,2026-09-19 18:02:24.577,282,Perempatan Jl. Jendral Sudirman,63,3515,Golongan VI-A,Sepeda Motor (Taat Helm),0.596,294,320,384,405,339.2,363.0,1.59,15.65,5.24,2.26,0.5,1.05,HELM,TAAT_HUKUM,PELANGGARAN_HELM
1789815744.577,2026-09-19 18:02:24.577,282,Perempatan Jl. Jendral Sudirman,63,3516,Golongan I,Sedan/Jip/Pick-up,0.825,680,239,834,363,757.5,301.6,11.61,13.22,8.82,3.5,12.8,1.26,N/A,NORMAL,NORMAL
1789815744.577,2026-09-19 18:02:24.577,282,Perempatan Jl. Jendral Sudirman,63,3409,Golongan I,Sedan/Jip/Pick-up,0.355,347,136,424,178,386.1,157.5,0.01,-1.14,4.55,2.56,0.4,1.87,N/A,NORMAL,KENDARAAN_BERHENTI
1789815744.79,2026-09-19 18:02:24.789,282,Perempatan Jl. Jendral Sudirman,64,3409,Golongan I,Sedan/Jip/Pick-up,0.61,356,137,439,183,397.9,160.1,0.46,-0.68,4.93,2.75,1.8,1.83,N/A,NORMAL,KENDARAAN_BERHENTI
1789815744.977,2026-09-19 18:02:24.977,282,Perempatan Jl. Jendral Sudirman,65,5003,Golongan I,Sedan/Jip/Pick-up,0.743,385,284,609,409,497.3,347.0,5.38,15.88,7.97,3.5,0.0,1.78,N/A,NORMAL,NORMAL
1789815744.977,2026-09-19 18:02:24.977,282,Perempatan Jl. Jendral Sudirman,65,5004,Golongan I,Sedan/Jip/Pick-up,0.472,75,190,129,248,102.4,219.4,-7.21,5.15,5.37,1.64,0.0,0.94,N/A,NORMAL,NORMAL
1789815744.977,2026-09-19 18:02:24.977,282,Perempatan Jl. Jendral Sudirman,65,5005,Golongan I,Sedan/Jip/Pick-up,0.44,687,195,734,249,710.8,222.8,10.44,5.29,4.74,1.42,0.0,0.86,N/A,NORMAL,NORMAL
1789815744.977,2026-09-19 18:02:24.977,282,Perempatan Jl. Jendral Sudirman,65,5007,Golongan I,Bus,0.264,165,136,399,187,282.6,161.9,-3.13,-0.26,5.51,3.5,0.0,4.61,N/A,NORMAL,NORMAL
1789815745.156,2026-09-19 18:02:25.155,282,Perempatan Jl. Jendral Sudirman,66,3561,Golongan I,Sedan/Jip/Pick-up,0.726,401,279,622,403,511.7,341.5,5.69,15.54,8.0,3.5,0.0,1.78,N/A,NORMAL,NORMAL
1789815745.156,2026-09-19 18:02:25.155,282,Perempatan Jl. Jendral Sudirman,66,3562,Golongan I,Sedan/Jip/Pick-up,0.377,76,189,130,246,103.5,217.8,-7.23,4.99,5.3,1.64,0.0,0.94,N/A,NORMAL,NORMAL
1789815745.337,2026-09-19 18:02:25.337,282,Perempatan Jl. Jendral Sudirman,67,3561,Golongan I,Sedan/Jip/Pick-up,0.748,417,274,633,395,525.6,335.3,5.98,15.11,7.93,3.5,0.0,1.78,N/A,NORMAL,NORMAL
1789815745.337,2026-09-19 18:02:25.337,282,Perempatan Jl. Jendral Sudirman,67,3562,Golongan I,Sedan/Jip/Pick-up,0.285,78,189,130,244,104.6,217.0,-7.23,4.86,5.12,1.58,0.0,0.94,N/A,NORMAL,NORMAL
1789815745.509,2026-09-19 18:02:25.508,282,Perempatan Jl. Jendral Sudirman,68,3561,Golongan I,Sedan/Jip/Pick-up,0.535,437,270,645,387,541.7,328.9,6.33,14.63,7.78,3.5,11.3,1.78,N/A,NORMAL,NORMAL
1789815745.509,2026-09-19 18:02:25.508,282,Perempatan Jl. Jendral Sudirman,68,3562,Golongan I,Sedan/Jip/Pick-up,0.39,79,188,130,243,104.7,215.9,-7.27,4.75,5.14,1.55,2.5,0.93,N/A,NORMAL,NORMAL
1789815745.509,2026-09-19 18:02:25.508,282,Perempatan Jl. Jendral Sudirman,68,3508,Golongan VI-A,Sepeda Motor (Taat Helm),0.702,0,512,71,653,36.0,582.8,-2.08,26.21,5.65,1.41,0.0,0.51,HELM,TAAT_HUKUM,KENDARAAN_BERHENTI
1789815745.658,2026-09-19 18:02:25.657,282,Perempatan Jl. Jendral Sudirman,69,3561,Golongan II,Truk 2 Gandar,0.58,455,266,657,379,556.5,323.0,6.65,14.2,7.62,3.5,11.5,1.78,N/A,NORMAL,NORMAL
1789815745.658,2026-09-19 18:02:25.657,282,Perempatan Jl. Jendral Sudirman,69,3562,Golongan I,Sedan/Jip/Pick-up,0.355,79,187,130,241,104.8,214.4,-7.3,4.6,5.07,1.56,2.7,0.93,N/A,NORMAL,NORMAL
1789815745.658,2026-09-19 18:02:25.657,282,Perempatan Jl. Jendral Sudirman,69,3508,Golongan VI-A,Sepeda Motor (Taat Helm),0.835,3,503,80,642,42.0,572.9,-2.09,25.84,5.67,1.55,0.0,0.56,HELM,TAAT_HUKUM,KENDARAAN_BERHENTI
1789815745.825,2026-09-19 18:02:25.824,282,Perempatan Jl. Jendral Sudirman,70,3561,Golongan I,Sedan/Jip/Pick-up,0.5,474,263,669,372,571.7,318.1,7.0,13.78,7.43,3.5,11.6,1.78,N/A,NORMAL,NORMAL
1789815745.825,2026-09-19 18:02:25.824,282,Perempatan Jl. Jendral Sudirman,70,3508,Golongan VI-A,Sepeda Motor (Taat Helm),0.868,9,493,96,640,52.8,567.0,-1.91,25.79,6.06,1.76,5.2,0.59,HELM,TAAT_HUKUM,KENDARAAN_BERHENTI
1789815745.987,2026-09-19 18:02:25.986,282,Perempatan Jl. Jendral Sudirman,71,3561,Golongan I,Sedan/Jip/Pick-up,0.751,488,257,680,364,584.8,311.3,7.29,13.32,7.43,3.5,11.7,1.78,N/A,NORMAL,NORMAL
1789815745.987,2026-09-19 18:02:25.986,282,Perempatan Jl. Jendral Sudirman,71,3508,Golongan VI-A,Sepeda Motor (Taat Helm),0.858,16,481,114,637,65.6,559.3,-1.71,25.67,6.52,2.0,5.1,0.63,HELM,TAAT_HUKUM,KENDARAAN_BERHENTI
1789815745.987,2026-09-19 18:02:25.986,282,Perempatan Jl. Jendral Sudirman,71,3562,Golongan I,Sedan/Jip/Pick-up,0.285,80,184,130,239,105.3,211.9,-7.35,4.4,5.2,1.53,0.0,0.92,N/A,NORMAL,NORMAL
1789815746.156,2026-09-19 18:02:26.156,282,Perempatan Jl. Jendral Sudirman,72,3561,Golongan I,Sedan/Jip/Pick-up,0.657,503,251,691,357,597.6,304.8,7.59,12.88,7.48,3.5,11.7,1.78,N/A,NORMAL,NORMAL
1789815746.156,2026-09-19 18:02:26.156,282,Perempatan Jl. Jendral Sudirman,72,3508,Golongan VI-A,Sepeda Motor (Taat Helm),0.844,22,469,136,637,79.5,553.7,-1.44,25.69,7.1,2.34,4.9,0.67,HELM,TAAT_HUKUM,KENDARAAN_BERHENTI
1789815746.156,2026-09-19 18:02:26.156,282,Perempatan Jl. Jendral Sudirman,72,3562,Golongan I,Sedan/Jip/Pick-up,0.469,81,183,128,236,105.0,210.2,-7.43,4.18,5.04,1.44,0.0,0.9,N/A,NORMAL,NORMAL
1789815746.318,2026-09-19 18:02:26.317,282,Perempatan Jl. Jendral Sudirman,73,3561,Golongan I,Sedan/Jip/Pick-up,0.612,518,248,702,351,610.3,299.8,7.89,12.49,7.35,3.5,11.7,1.78,N/A,NORMAL,NORMAL
1789815746.318,2026-09-19 18:02:26.317,282,Perempatan Jl. Jendral Sudirman,73,3508,Golongan VI-A,Sepeda Motor (Taat Helm),0.891,26,457,159,644,93.0,551.0,-1.12,25.9,7.94,2.74,4.7,0.72,HELM,TAAT_HUKUM,KENDARAAN_BERHENTI
1789815746.318,2026-09-19 18:02:26.317,282,Perempatan Jl. Jendral Sudirman,73,3562,Golongan I,Sedan/Jip/Pick-up,0.591,81,183,127,235,105.0,209.3,-7.46,4.06,4.95,1.41,3.8,0.89,N/A,NORMAL,NORMAL
1789815746.481,2026-09-19 18:02:26.480,282,Perempatan Jl. Jendral Sudirman,74,3561,Golongan I,Sedan/Jip/Pick-up,0.581,532,244,713,346,623.2,295.1,8.2,12.16,7.36,3.5,11.6,1.77,N/A,NORMAL,NORMAL
1789815746.481,2026-09-19 18:02:26.480,282,Perempatan Jl. Jendral Sudirman,74,3508,Golongan VI-A,Sepeda Motor (Taat Helm),0.909,30,446,183,647,107.0,547.0,-0.82,26.02,8.6,3.17,4.7,0.76,HELM,TAAT_HUKUM,KENDARAAN_BERHENTI
1789815746.481,2026-09-19 18:02:26.480,282,Perempatan Jl. Jendral Sudirman,74,3562,Golongan I,Sedan/Jip/Pick-up,0.477,83,183,127,233,105.5,208.5,-7.48,3.96,4.77,1.35,3.6,0.88,N/A,NORMAL,NORMAL
1789815746.661,2026-09-19 18:02:26.661,282,Perempatan Jl. Jendral Sudirman,75,3561,Golongan I,Sedan/Jip/Pick-up,0.492,545,238,724,339,634.8,289.2,8.48,11.77,7.41,3.5,11.4,1.77,N/A,NORMAL,NORMAL
1789815746.661,2026-09-19 18:02:26.661,282,Perempatan Jl. Jendral Sudirman,75,3508,Golongan I,Sedan/Jip/Pick-up,0.917,38,433,203,635,120.8,534.8,-0.68,25.62,8.85,3.46,4.7,0.81,N/A,NORMAL,KENDARAAN_BERHENTI
1789815746.661,2026-09-19 18:02:26.661,282,Perempatan Jl. Jendral Sudirman,75,3562,Golongan I,Sedan/Jip/Pick-up,0.562,83,181,127,232,105.7,207.2,-7.5,3.85,4.89,1.36,3.4,0.87,N/A,NORMAL,NORMAL
1789815746.835,2026-09-19 18:02:26.835,282,Perempatan Jl. Jendral Sudirman,76,3561,Golongan I,Sedan/Jip/Pick-up,0.702,558,234,732,333,645.4,284.4,8.74,11.38,7.36,3.5,11.3,1.76,N/A,NORMAL,NORMAL
1789815746.835,2026-09-19 18:02:26.835,282,Perempatan Jl. Jendral Sudirman,76,3508,Golongan I,Sedan/Jip/Pick-up,0.89,46,422,222,623,134.8,523.0,-0.54,25.18,9.0,3.5,4.9,0.88,N/A,NORMAL,KENDARAAN_BERHENTI
1789815746.835,2026-09-19 18:02:26.835,282,Perempatan Jl. Jendral Sudirman,76,3562,Golongan I,Sedan/Jip/Pick-up,0.515,83,181,127,232,105.4,206.8,-7.53,3.81,4.89,1.36,3.1,0.86,N/A,NORMAL,NORMAL
1789815746.989,2026-09-19 18:02:26.988,282,Perempatan Jl. Jendral Sudirman,77,3561,Golongan I,Sedan/Jip/Pick-up,0.553,571,229,741,326,656.7,278.3,9.02,10.91,7.32,3.5,11.3,1.75,N/A,NORMAL,NORMAL
1789815746.989,2026-09-19 18:02:26.988,282,Perempatan Jl. Jendral Sudirman,77,3508,Golongan I,Sedan/Jip/Pick-up,0.907,57,412,243,607,150.3,509.6,-0.41,24.6,8.94,3.5,5.2,0.95,N/A,NORMAL,KENDARAAN_BERHENTI
1789815746.989,2026-09-19 18:02:26.988,282,Perempatan Jl. Jendral Sudirman,77,3562,Golongan VI-A,Sepeda Motor (Taat Helm),0.467,83,181,126,231,104.8,206.1,-7.57,3.73,4.8,1.33,2.9,0.85,HELM,TAAT_HUKUM,NORMAL
1789815747.166,2026-09-19 18:02:27.166,282,Perempatan Jl. Jendral Sudirman,78,3561,Golongan II,Truk 2 Gandar,0.447,586,229,747,321,667.2,275.1,9.29,10.54,6.99,3.5,11.1,1.75,N/A,NORMAL,NORMAL
1789815747.166,2026-09-19 18:02:27.166,282,Perempatan Jl. Jendral Sudirman,78,3508,Golongan I,Sedan/Jip/Pick-up,0.896,76,400,271,592,173.8,496.5,-0.1,24.08,9.02,3.5,5.6,1.02,N/A,NORMAL,KENDARAAN_BERHENTI
1789815747.166,2026-09-19 18:02:27.166,282,Perempatan Jl. Jendral Sudirman,78,3562,Golongan VI-A,Sepeda Motor (Taat Helm),0.571,83,180,124,230,104.0,205.3,-7.62,3.65,4.82,1.27,2.7,0.84,HELM,TAAT_HUKUM,NORMAL
1789815747.331,2026-09-19 18:02:27.330,282,Perempatan Jl. Jendral Sudirman,79,3561,Golongan I,Sedan/Jip/Pick-up,0.605,595,223,758,316,677.2,270.0,9.55,10.24,7.17,3.5,10.8,1.74,N/A,NORMAL,NORMAL
1789815747.331,2026-09-19 18:02:27.330,282,Perempatan Jl. Jendral Sudirman,79,3508,Golongan I,Sedan/Jip/Pick-up,0.912,96,390,300,581,198.4,485.8,0.28,23.65,9.15,3.5,6.3,1.07,N/A,NORMAL,KENDARAAN_BERHENTI
1789815747.331,2026-09-19 18:02:27.330,282,Perempatan Jl. Jendral Sudirman,79,3562,Golongan VI-B,Sepeda Motor (Tanpa Helm),0.485,82,180,123,228,102.9,204.4,-7.69,3.53,4.64,1.27,2.6,0.84,TANPA_HELM,MELANGGAR,PELANGGARAN_HELM
1789815747.498,2026-09-19 18:02:27.498,282,Perempatan Jl. Jendral Sudirman,80,3561,Golongan I,Sedan/Jip/Pick-up,0.712,608,221,763,310,686.2,265.8,9.78,9.81,6.93,3.5,10.6,1.74,N/A,NORMAL,NORMAL
1789815747.498,2026-09-19 18:02:27.498,282,Perempatan Jl. Jendral Sudirman,80,3508,Golongan I,Sedan/Jip/Pick-up,0.886,119,380,328,566,223.8,473.5,0.64,23.08,9.12,3.5,7.1,1.12,N/A,NORMAL,KENDARAAN_BERHENTI
1789815747.498,2026-09-19 18:02:27.498,282,Perempatan Jl. Jendral Sudirman,80,3562,Golongan VI-B,Sepeda Motor (Tanpa Helm),0.492,82,180,121,226,102.0,203.2,-7.78,3.32,4.46,1.21,2.7,0.84,TANPA_HELM,MELANGGAR,PELANGGARAN_HELM
1789815747.681,2026-09-19 18:02:27.681,282,Perempatan Jl. Jendral Sudirman,81,3561,Golongan I,Sedan/Jip/Pick-up,0.651,619,215,773,304,696.3,259.7,10.05,9.38,7.05,3.5,10.4,1.73,N/A,NORMAL,NORMAL
1789815747.681,2026-09-19 18:02:27.681,282,Perempatan Jl. Jendral Sudirman,81,3508,Golongan I,Sedan/Jip/Pick-up,0.892,142,368,356,552,249.4,460.7,1.03,22.53,9.25,3.5,8.1,1.17,N/A,NORMAL,KENDARAAN_BERHENTI
1789815747.681,2026-09-19 18:02:27.681,282,Perempatan Jl. Jendral Sudirman,81,3562,Golongan VI-B,Sepeda Motor (Tanpa Helm),0.4,81,180,120,225,101.0,203.0,-7.83,3.25,4.37,1.21,2.6,0.85,TANPA_HELM,MELANGGAR,PELANGGARAN_HELM
1789815747.876,2026-09-19 18:02:27.876,282,Perempatan Jl. Jendral Sudirman,82,3561,Golongan I,Sedan/Jip/Pick-up,0.606,629,212,781,300,705.5,256.6,10.3,9.14,7.04,3.5,10.0,1.72,N/A,NORMAL,NORMAL
1789815747.876,2026-09-19 18:02:27.876,282,Perempatan Jl. Jendral Sudirman,82,3508,Golongan I,Sedan/Jip/Pick-up,0.907,166,359,382,536,274.4,448.3,1.4,21.89,9.12,3.5,9.2,1.22,N/A,NORMAL,KENDARAAN_BERHENTI
1789815747.876,2026-09-19 18:02:27.876,282,Perempatan Jl. Jendral Sudirman,82,3562,Golongan VI-B,Sepeda Motor (Tanpa Helm),0.509,80,179,119,224,100.2,201.9,-7.88,3.16,4.38,1.21,2.5,0.85,TANPA_HELM,MELANGGAR,PELANGGARAN_HELM
1789815748.053,2026-09-19 18:02:28.053,282,Perempatan Jl. Jendral Sudirman,83,3561,Golongan I,Sedan/Jip/Pick-up,0.637,641,210,787,295,714.3,252.9,10.53,8.76,6.86,3.5,9.8,1.71,N/A,NORMAL,NORMAL
1789815748.053,2026-09-19 18:02:28.053,282,Perempatan Jl. Jendral Sudirman,83,3508,Golongan I,Sedan/Jip/Pick-up,0.936,190,351,408,525,299.2,438.4,1.81,21.4,9.13,3.5,10.4,1.26,N/A,NORMAL,KENDARAAN_BERHENTI
1789815748.053,2026-09-19 18:02:28.053,282,Perempatan Jl. Jendral Sudirman,83,3562,Golongan VI-B,Sepeda Motor (Tanpa Helm),0.395,79,178,117,223,98.5,201.3,-7.95,3.08,4.4,1.18,2.4,0.85,TANPA_HELM,MELANGGAR,PELANGGARAN_HELM
1789815748.214,2026-09-19 18:02:28.214,282,Perempatan Jl. Jendral Sudirman,84,3561,Golongan I,Sedan/Jip/Pick-up,0.619,653,210,791,291,722.5,250.6,10.76,8.45,6.57,3.5,9.6,1.71,N/A,NORMAL,NORMAL
1789815748.214,2026-09-19 18:02:28.214,282,Perempatan Jl. Jendral Sudirman,84,3508,Golongan I,Sedan/Jip/Pick-up,0.892,215,342,432,510,323.6,426.7,2.21,20.77,9.03,3.5,11.5,1.3,N/A,NORMAL,KENDARAAN_BERHENTI
1789815748.214,2026-09-19 18:02:28.214,282,Perempatan Jl. Jendral Sudirman,84,3562,Golongan VI-B,Sepeda Motor (Tanpa Helm),0.359,78,177,116,222,97.2,200.1,-8.03,2.96,4.41,1.18,2.4,0.85,TANPA_HELM,MELANGGAR,KENDARAAN_BERHENTI
1789815748.214,2026-09-19 18:02:28.214,282,Perempatan Jl. Jendral Sudirman,84,3408,Golongan VI-B,Sepeda Motor (Tanpa Helm),0.347,478,147,508,176,493.5,162.0,3.44,-1.34,3.07,0.99,0.0,1.02,TANPA_HELM,MELANGGAR,KENDARAAN_BERHENTI
1789815748.387,2026-09-19 18:02:28.386,282,Perempatan Jl. Jendral Sudirman,85,3408,Golongan VI-B,Sepeda Motor (Tanpa Helm),0.439,479,147,510,177,495.0,162.2,3.5,-1.26,3.17,1.02,0.0,1.02,TANPA_HELM,MELANGGAR,KENDARAAN_BERHENTI
1789815748.387,2026-09-19 18:02:28.386,282,Perempatan Jl. Jendral Sudirman,85,3521,Golongan VI-A,Sepeda Motor (Taat Helm),0.345,300,258,362,392,331.6,325.7,1.28,14.94,9.11,1.64,0.0,0.46,HELM,TAAT_HUKUM,KENDARAAN_BERHENTI
1789815748.387,2026-09-19 18:02:28.386,282,Perempatan Jl. Jendral Sudirman,85,3515,Golongan VI-A,Sepeda Motor (Taat Helm),0.564,292,320,382,405,337.1,363.0,1.55,15.67,5.25,2.26,0.0,1.05,HELM,TAAT_HUKUM,KENDARAAN_BERHENTI
1789815748.57,2026-09-19 18:02:28.570,282,Perempatan Jl. Jendral Sudirman,86,3408,Golongan VI-B,Sepeda Motor (Tanpa Helm),0.449,480,147,510,177,495.5,162.3,3.52,-1.24,3.17,0.99,1.3,1.02,TANPA_HELM,MELANGGAR,KENDARAAN_BERHENTI
1789815748.57,2026-09-19 18:02:28.570,282,Perempatan Jl. Jendral Sudirman,86,3602,Golongan I,Sedan/Jip/Pick-up,0.876,545,276,762,438,653.9,357.3,9.13,17.36,10.05,3.5,0.0,1.35,N/A,NORMAL,NORMAL
1789815748.57,2026-09-19 18:02:28.570,282,Perempatan Jl. Jendral Sudirman,86,3604,Golongan I,Sedan/Jip/Pick-up,0.337,343,133,428,178,385.9,155.9,-0.0,-1.16,4.9,2.84,0.0,1.92,N/A,NORMAL,NORMAL
1789815748.57,2026-09-19 18:02:28.570,282,Perempatan Jl. Jendral Sudirman,86,3521,Golongan VI-A,Sepeda Motor (Taat Helm),0.364,300,258,362,393,331.4,326.3,1.29,15.0,9.17,1.64,0.0,0.46,HELM,TAAT_HUKUM,KENDARAAN_BERHENTI
1789815748.57,2026-09-19 18:02:28.570,282,Perempatan Jl. Jendral Sudirman,86,3515,Golongan VI-A,Sepeda Motor (Taat Helm),0.56,292,321,381,406,336.7,363.9,1.54,15.68,5.23,2.23,0.0,1.05,HELM,TAAT_HUKUM,KENDARAAN_BERHENTI
1789815748.758,2026-09-19 18:02:28.758,282,Perempatan Jl. Jendral Sudirman,87,3408,Golongan VI-B,Sepeda Motor (Tanpa Helm),0.418,479,146,511,177,495.3,161.7,3.51,-1.25,3.28,1.06,1.1,1.02,TANPA_HELM,MELANGGAR,KENDARAAN_BERHENTI
1789815748.758,2026-09-19 18:02:28.758,282,Perempatan Jl. Jendral Sudirman,87,3602,Golongan I,Sedan/Jip/Pick-up,0.897,519,283,746,452,633.2,368.2,8.68,18.1,10.23,3.5,0.0,1.35,N/A,NORMAL,NORMAL
1789815748.758,2026-09-19 18:02:28.758,282,Perempatan Jl. Jendral Sudirman,87,3604,Golongan I,Sedan/Jip/Pick-up,0.47,345,133,430,178,387.6,156.0,0.05,-1.15,4.9,2.84,0.0,1.91,N/A,NORMAL,NORMAL
1789815748.758,2026-09-19 18:02:28.758,282,Perempatan Jl. Jendral Sudirman,87,3521,Golongan VI-A,Sepeda Motor (Taat Helm),0.301,298,259,360,394,329.4,326.7,1.24,15.02,9.15,1.63,0.9,0.46,HELM,TAAT_HUKUM,KENDARAAN_BERHENTI
1789815748.758,2026-09-19 18:02:28.758,282,Perempatan Jl. Jendral Sudirman,87,3515,Golongan VI-A,Sepeda Motor (Taat Helm),0.593,291,322,380,406,336.1,364.7,1.53,15.72,5.17,2.23,0.5,1.05,HELM,TAAT_HUKUM,KENDARAAN_BERHENTI
1789815749.025,2026-09-19 18:02:29.025,282,Perempatan Jl. Jendral Sudirman,88,3408,Golongan VI-B,Sepeda Motor (Tanpa Helm),0.367,479,145,511,178,495.4,161.8,3.52,-1.17,3.5,1.06,1.0,1.01,TANPA_HELM,MELANGGAR,KENDARAAN_BERHENTI
1789815749.025,2026-09-19 18:02:29.025,282,Perempatan Jl. Jendral Sudirman,88,3604,Golongan I,Sedan/Jip/Pick-up,0.291,346,136,430,179,388.5,158.0,0.11,-0.98,4.65,2.79,1.7,1.91,N/A,NORMAL,NORMAL
1789815749.025,2026-09-19 18:02:29.025,282,Perempatan Jl. Jendral Sudirman,88,3515,Golongan VI-A,Sepeda Motor (Taat Helm),0.561,290,322,379,407,335.1,364.9,1.51,15.74,5.22,2.23,0.5,1.05,HELM,TAAT_HUKUM,KENDARAAN_BERHENTI
1789815749.216,2026-09-19 18:02:29.216,282,Perempatan Jl. Jendral Sudirman,89,3408,Golongan VI-B,Sepeda Motor (Tanpa Helm),0.319,479,146,511,177,495.6,162.0,3.52,-1.23,3.28,1.06,0.8,1.01,TANPA_HELM,MELANGGAR,KENDARAAN_BERHENTI
1789815749.216,2026-09-19 18:02:29.216,282,Perempatan Jl. Jendral Sudirman,89,3604,Golongan I,Sedan/Jip/Pick-up,0.302,347,136,430,180,388.7,158.7,0.13,-0.92,4.75,2.76,1.6,1.91,N/A,NORMAL,NORMAL
1789815749.216,2026-09-19 18:02:29.216,282,Perempatan Jl. Jendral Sudirman,89,3515,Golongan VI-A,Sepeda Motor (Taat Helm),0.525,289,319,380,407,334.6,363.4,1.5,15.74,5.43,2.28,0.4,1.04,HELM,TAAT_HUKUM,KENDARAAN_BERHENTI
1789815749.216,2026-09-19 18:02:29.216,282,Perempatan Jl. Jendral Sudirman,89,3614,Golongan I,Sedan/Jip/Pick-up,0.869,659,162,809,224,734.3,193.6,11.15,3.14,5.94,3.5,0.0,2.44,N/A,NORMAL,NORMAL
1789815749.216,2026-09-19 18:02:29.216,282,Perempatan Jl. Jendral Sudirman,89,3615,Golongan I,Sedan/Jip/Pick-up,0.543,5,556,411,716,208.8,636.7,1.62,28.2,5.7,3.5,0.0,2.54,N/A,NORMAL,NORMAL
1789815749.216,2026-09-19 18:02:29.216,282,Perempatan Jl. Jendral Sudirman,89,3618,Golongan VI-B,Sepeda Motor (Tanpa Helm),0.498,77,197,94,238,86.0,218.4,-7.93,4.38,3.82,0.52,0.0,0.43,TANPA_HELM,MELANGGAR,PELANGGARAN_HELM
1789815749.388,2026-09-19 18:02:29.387,282,Perempatan Jl. Jendral Sudirman,90,3604,Golongan I,Sedan/Jip/Pick-up,0.262,347,137,429,180,388.5,159.0,0.12,-0.91,4.63,2.72,1.5,1.91,N/A,NORMAL,NORMAL
1789815749.388,2026-09-19 18:02:29.387,282,Perempatan Jl. Jendral Sudirman,90,3515,Golongan VI-A,Sepeda Motor (Taat Helm),0.504,286,315,381,407,334.0,361.3,1.49,15.75,5.7,2.39,0.4,1.02,HELM,TAAT_HUKUM,KENDARAAN_BERHENTI
1789815749.388,2026-09-19 18:02:29.387,282,Perempatan Jl. Jendral Sudirman,90,3614,Golongan I,Sedan/Jip/Pick-up,0.891,650,163,797,224,724.4,194.0,10.85,3.12,5.83,3.5,0.0,2.45,N/A,NORMAL,NORMAL
1789815749.388,2026-09-19 18:02:29.387,282,Perempatan Jl. Jendral Sudirman,90,3615,Golongan I,Sedan/Jip/Pick-up,0.769,7,578,356,716,181.9,647.3,1.14,28.18,4.83,3.5,0.0,2.54,N/A,NORMAL,NORMAL
1789815749.388,2026-09-19 18:02:29.387,282,Perempatan Jl. Jendral Sudirman,90,3618,Golongan VI-B,Sepeda Motor (Tanpa Helm),0.528,77,197,94,236,86.2,216.7,-7.99,4.16,3.64,0.52,0.0,0.43,TANPA_HELM,MELANGGAR,PELANGGARAN_HELM
1789815749.388,2026-09-19 18:02:29.387,282,Perempatan Jl. Jendral Sudirman,90,3626,Golongan VI-B,Sepeda Motor (Tanpa Helm),0.727,706,347,773,426,740.1,386.9,11.11,16.74,4.53,1.63,0.0,0.86,TANPA_HELM,MELANGGAR,PELANGGARAN_HELM
1789815749.388,2026-09-19 18:02:29.387,282,Perempatan Jl. Jendral Sudirman,90,3521,Golongan VI-A,Sepeda Motor (Taat Helm),0.292,298,259,361,394,330.0,327.0,1.26,15.04,9.15,1.66,0.0,0.47,HELM,TAAT_HUKUM,KENDARAAN_BERHENTI
1789815749.56,2026-09-19 18:02:29.560,282,Perempatan Jl. Jendral Sudirman,91,3604,Golongan I,Sedan/Jip/Pick-up,0.302,347,137,430,181,389.2,159.8,0.16,-0.81,4.73,2.75,1.5,1.9,N/A,NORMAL,NORMAL
1789815749.56,2026-09-19 18:02:29.560,282,Perempatan Jl. Jendral Sudirman,91,3515,Golongan VI-A,Sepeda Motor (Taat Helm),0.539,289,320,378,407,334.1,363.9,1.49,15.73,5.36,2.23,0.3,1.02,HELM,TAAT_HUKUM,KENDARAAN_BERHENTI
1789815749.56,2026-09-19 18:02:29.560,282,Perempatan Jl. Jendral Sudirman,91,3614,Golongan I,Sedan/Jip/Pick-up,0.894,638,163,786,224,712.5,194.1,10.5,3.15,5.83,3.5,6.8,2.45,N/A,NORMAL,NORMAL
1789815749.56,2026-09-19 18:02:29.560,282,Perempatan Jl. Jendral Sudirman,91,3615,Golongan I,Sedan/Jip/Pick-up,0.545,0,602,282,716,141.3,659.4,0.43,28.2,3.91,3.5,12.4,2.46,N/A,NORMAL,NORMAL
1789815749.56,2026-09-19 18:02:29.560,282,Perempatan Jl. Jendral Sudirman,91,3618,Golongan VI-B,Sepeda Motor (Tanpa Helm),0.484,78,196,93,231,86.1,213.6,-8.12,3.73,3.29,0.5,7.1,0.43,TANPA_HELM,MELANGGAR,PELANGGARAN_HELM
1789815749.56,2026-09-19 18:02:29.560,282,Perempatan Jl. Jendral Sudirman,91,3626,Golongan VI-B,Sepeda Motor (Tanpa Helm),0.524,687,352,759,436,723.7,394.7,10.73,17.29,4.73,1.74,0.0,0.86,TANPA_HELM,MELANGGAR,PELANGGARAN_HELM
1789815749.56,2026-09-19 18:02:29.560,282,Perempatan Jl. Jendral Sudirman,91,3521,Golongan VI-A,Sepeda Motor (Taat Helm),0.416,299,259,361,393,330.4,326.1,1.25,14.96,9.09,1.63,0.0,0.47,HELM,TAAT_HUKUM,KENDARAAN_BERHENTI
1789815749.56,2026-09-19 18:02:29.560,282,Perempatan Jl. Jendral Sudirman,91,3408,Golongan VI-B,Sepeda Motor (Tanpa Helm),0.38,480,146,511,177,495.7,162.0,3.52,-1.25,3.28,1.02,0.0,1.01,TANPA_HELM,MELANGGAR,KENDARAAN_BERHENTI
1789815749.78,2026-09-19 18:02:29.780,282,Perempatan Jl. Jendral Sudirman,92,3604,Golongan I,Sedan/Jip/Pick-up,0.358,347,138,430,181,389.3,160.0,0.17,-0.79,4.62,2.75,1.4,1.9,N/A,NORMAL,NORMAL
1789815749.78,2026-09-19 18:02:29.780,282,Perempatan Jl. Jendral Sudirman,92,3515,Golongan VI-A,Sepeda Motor (Taat Helm),0.516,290,322,377,406,334.1,364.7,1.49,15.72,5.17,2.18,0.3,1.02,HELM,TAAT_HUKUM,KENDARAAN_BERHENTI
1789815749.78,2026-09-19 18:02:29.780,282,Perempatan Jl. Jendral Sudirman,92,3614,Golongan I,Sedan/Jip/Pick-up,0.888,625,164,774,224,699.6,194.5,10.11,3.19,5.73,3.5,6.8,2.45,N/A,NORMAL,NORMAL
1789815749.78,2026-09-19 18:02:29.780,282,Perempatan Jl. Jendral Sudirman,92,3618,Golongan VI-B,Sepeda Motor (Tanpa Helm),0.389,78,193,93,228,85.6,211.0,-8.22,3.46,3.32,0.5,6.7,0.44,TANPA_HELM,MELANGGAR,PELANGGARAN_HELM
1789815749.78,2026-09-19 18:02:29.780,282,Perempatan Jl. Jendral Sudirman,92,3626,Golongan VI-B,Sepeda Motor (Tanpa Helm),0.639,667,364,743,452,705.6,408.5,10.32,18.07,4.8,1.81,14.2,0.86,TANPA_HELM,MELANGGAR,PELANGGARAN_HELM
1789815749.78,2026-09-19 18:02:29.780,282,Perempatan Jl. Jendral Sudirman,92,3521,Golongan VI-A,Sepeda Motor (Taat Helm),0.426,298,258,362,393,330.4,326.3,1.26,14.99,9.17,1.69,0.5,0.47,HELM,TAAT_HUKUM,KENDARAAN_BERHENTI
1789815749.78,2026-09-19 18:02:29.780,282,Perempatan Jl. Jendral Sudirman,92,3408,Golongan VI-B,Sepeda Motor (Tanpa Helm),0.428,480,146,511,177,495.9,162.1,3.53,-1.2,3.28,1.02,0.0,1.01,TANPA_HELM,MELANGGAR,KENDARAAN_BERHENTI
1789815750.006,2026-09-19 18:02:30.006,282,Perempatan Jl. Jendral Sudirman,93,3604,Golongan I,Sedan/Jip/Pick-up,0.368,347,138,430,181,388.7,160.0,0.15,-0.79,4.62,2.75,1.2,1.9,N/A,NORMAL,NORMAL
1789815750.006,2026-09-19 18:02:30.006,282,Perempatan Jl. Jendral Sudirman,93,3515,Golongan VI-A,Sepeda Motor (Taat Helm),0.528,288,317,379,407,333.6,362.5,1.48,15.75,5.56,2.29,0.3,1.01,HELM,TAAT_HUKUM,KENDARAAN_BERHENTI
1789815750.006,2026-09-19 18:02:30.006,282,Perempatan Jl. Jendral Sudirman,93,3614,Golongan I,Sedan/Jip/Pick-up,0.899,613,164,763,226,688.7,195.4,9.78,3.29,5.9,3.5,6.6,2.46,N/A,NORMAL,NORMAL
1789815750.006,2026-09-19 18:02:30.006,282,Perempatan Jl. Jendral Sudirman,93,3618,Golongan VI-B,Sepeda Motor (Tanpa Helm),0.273,77,193,91,225,84.5,209.3,-8.32,3.24,3.05,0.5,6.2,0.44,TANPA_HELM,MELANGGAR,PELANGGARAN_HELM
1789815750.006,2026-09-19 18:02:30.006,282,Perempatan Jl. Jendral Sudirman,93,3626,Golongan VI-B,Sepeda Motor (Tanpa Helm),0.549,645,376,724,466,685.1,421.6,9.86,18.77,4.77,1.85,14.1,0.87,TANPA_HELM,MELANGGAR,PELANGGARAN_HELM
1789815750.006,2026-09-19 18:02:30.006,282,Perempatan Jl. Jendral Sudirman,93,3521,Golongan VI-A,Sepeda Motor (Taat Helm),0.426,298,258,362,393,330.4,326.0,1.26,14.97,9.17,1.69,0.5,0.47,HELM,TAAT_HUKUM,KENDARAAN_BERHENTI
1789815750.006,2026-09-19 18:02:30.006,282,Perempatan Jl. Jendral Sudirman,93,3408,Golongan VI-B,Sepeda Motor (Tanpa Helm),0.46,480,146,511,177,495.9,161.9,3.53,-1.23,3.28,1.02,0.2,1.01,TANPA_HELM,MELANGGAR,KENDARAAN_BERHENTI
1789815750.006,2026-09-19 18:02:30.006,282,Perempatan Jl. Jendral Sudirman,93,3642,Golongan I,Sedan/Jip/Pick-up,0.417,530,134,591,184,560.8,159.5,5.67,-0.52,5.33,2.02,0.0,1.2,N/A,NORMAL,NORMAL
1789815750.224,2026-09-19 18:02:30.223,282,Perempatan Jl. Jendral Sudirman,94,3604,Golongan I,Sedan/Jip/Pick-up,0.391,347,138,430,182,388.9,160.1,0.16,-0.77,4.72,2.75,1.1,1.89,N/A,NORMAL,NORMAL
1789815750.224,2026-09-19 18:02:30.223,282,Perempatan Jl. Jendral Sudirman,94,3515,Golongan VI-A,Sepeda Motor (Taat Helm),0.524,287,317,379,408,333.4,362.5,1.48,15.78,5.62,2.31,0.3,1.01,HELM,TAAT_HUKUM,KENDARAAN_BERHENTI
1789815750.224,2026-09-19 18:02:30.223,282,Perempatan Jl. Jendral Sudirman,94,3614,Golongan I,Sedan/Jip/Pick-up,0.881,601,165,751,226,676.5,195.6,9.42,3.3,5.8,3.5,6.4,2.46,N/A,NORMAL,NORMAL
1789815750.224,2026-09-19 18:02:30.223,282,Perempatan Jl. Jendral Sudirman,94,3626,Golongan VI-B,Sepeda Motor (Tanpa Helm),0.635,623,388,704,481,664.1,434.8,9.41,19.45,4.78,1.87,14.0,0.87,TANPA_HELM,MELANGGAR,PELANGGARAN_HELM
1789815750.224,2026-09-19 18:02:30.223,282,Perempatan Jl. Jendral Sudirman,94,3521,Golongan VI-A,Sepeda Motor (Taat Helm),0.414,298,258,362,394,330.4,326.5,1.27,15.04,9.23,1.69,0.3,0.47,HELM,TAAT_HUKUM,KENDARAAN_BERHENTI
1789815750.224,2026-09-19 18:02:30.223,282,Perempatan Jl. Jendral Sudirman,94,3408,Golongan VI-B,Sepeda Motor (Tanpa Helm),0.443,479,146,511,177,495.6,161.9,3.52,-1.23,3.28,1.06,0.2,1.01,TANPA_HELM,MELANGGAR,KENDARAAN_BERHENTI
1789815750.224,2026-09-19 18:02:30.223,282,Perempatan Jl. Jendral Sudirman,94,3642,Golongan I,Sedan/Jip/Pick-up,0.361,537,133,589,177,563.6,155.5,5.71,-1.26,4.75,1.74,0.0,1.21,N/A,NORMAL,NORMAL
1789815750.224,2026-09-19 18:02:30.223,282,Perempatan Jl. Jendral Sudirman,94,3650,Golongan I,Sedan/Jip/Pick-up,0.346,469,145,510,179,490.4,162.4,3.37,-1.02,3.6,1.35,0.0,1.2,N/A,NORMAL,NORMAL
1789815750.431,2026-09-19 18:02:30.430,282,Perempatan Jl. Jendral Sudirman,95,3604,Golongan I,Sedan/Jip/Pick-up,0.368,345,137,429,182,387.3,160.0,0.11,-0.76,4.84,2.79,1.0,1.9,N/A,NORMAL,NORMAL
1789815750.431,2026-09-19 18:02:30.430,282,Perempatan Jl. Jendral Sudirman,95,3515,Golongan VI-A,Sepeda Motor (Taat Helm),0.537,288,318,378,407,333.5,362.9,1.48,15.76,5.5,2.26,0.2,1.0,HELM,TAAT_HUKUM,KENDARAAN_BERHENTI
1789815750.431,2026-09-19 18:02:30.430,282,Perempatan Jl. Jendral Sudirman,95,3614,Golongan I,Sedan/Jip/Pick-up,0.899,588,165,740,227,664.2,196.2,9.05,3.38,5.89,3.5,6.4,2.47,N/A,NORMAL,NORMAL
1789815750.431,2026-09-19 18:02:30.430,282,Perempatan Jl. Jendral Sudirman,95,3626,Golongan VI-B,Sepeda Motor (Tanpa Helm),0.399,598,396,685,495,642.1,446.0,8.95,20.11,4.97,1.99,13.9,0.88,TANPA_HELM,MELANGGAR,PELANGGARAN_HELM
1789815750.431,2026-09-19 18:02:30.430,282,Perempatan Jl. Jendral Sudirman,95,3521,Golongan VI-A,Sepeda Motor (Taat Helm),0.376,297,258,362,395,330.5,327.3,1.28,15.11,9.29,1.71,0.3,0.47,HELM,TAAT_HUKUM,KENDARAAN_BERHENTI
1789815750.431,2026-09-19 18:02:30.430,282,Perempatan Jl. Jendral Sudirman,95,3408,Golongan VI-B,Sepeda Motor (Tanpa Helm),0.407,479,146,511,177,495.5,161.8,3.52,-1.25,3.28,1.06,0.1,1.01,TANPA_HELM,MELANGGAR,KENDARAAN_BERHENTI
1789815750.431,2026-09-19 18:02:30.430,282,Perempatan Jl. Jendral Sudirman,95,3650,Golongan I,Sedan/Jip/Pick-up,0.358,468,145,509,179,489.1,162.5,3.34,-1.0,3.6,1.35,0.0,1.2,N/A,NORMAL,NORMAL
1789815750.431,2026-09-19 18:02:30.430,282,Perempatan Jl. Jendral Sudirman,95,3618,Golongan VI-B,Sepeda Motor (Tanpa Helm),0.29,75,190,89,223,82.6,206.8,-8.44,3.04,3.17,0.5,0.0,0.44,TANPA_HELM,MELANGGAR,PELANGGARAN_HELM
1789815750.628,2026-09-19 18:02:30.628,282,Perempatan Jl. Jendral Sudirman,96,3604,Golongan I,Sedan/Jip/Pick-up,0.346,345,137,430,182,388.1,160.0,0.13,-0.75,4.84,2.82,0.9,1.89,N/A,NORMAL,NORMAL
1789815750.628,2026-09-19 18:02:30.628,282,Perempatan Jl. Jendral Sudirman,96,3515,Golongan VI-A,Sepeda Motor (Taat Helm),0.536,291,322,376,407,334.0,364.9,1.49,15.76,5.22,2.13,0.2,1.01,HELM,TAAT_HUKUM,KENDARAAN_BERHENTI
1789815750.628,2026-09-19 18:02:30.628,282,Perempatan Jl. Jendral Sudirman,96,3614,Golongan I,Sedan/Jip/Pick-up,0.875,575,165,728,227,651.6,196.7,8.68,3.44,5.89,3.5,6.4,2.47,N/A,NORMAL,NORMAL
1789815750.628,2026-09-19 18:02:30.628,282,Perempatan Jl. Jendral Sudirman,96,3626,Golongan VI-B,Sepeda Motor (Tanpa Helm),0.432,574,411,660,508,617.2,460.1,8.44,20.69,4.73,1.93,13.9,0.89,TANPA_HELM,MELANGGAR,PELANGGARAN_HELM
1789815750.628,2026-09-19 18:02:30.628,282,Perempatan Jl. Jendral Sudirman,96,3521,Golongan VI-A,Sepeda Motor (Taat Helm),0.367,298,258,362,395,330.5,327.1,1.28,15.07,9.29,1.69,0.2,0.48,HELM,TAAT_HUKUM,KENDARAAN_BERHENTI
1789815750.628,2026-09-19 18:02:30.628,282,Perempatan Jl. Jendral Sudirman,96,3408,Golongan VI-B,Sepeda Motor (Tanpa Helm),0.433,480,147,511,177,495.8,162.5,3.53,-1.21,3.17,1.02,0.1,1.01,TANPA_HELM,MELANGGAR,KENDARAAN_BERHENTI
1789815750.628,2026-09-19 18:02:30.628,282,Perempatan Jl. Jendral Sudirman,96,3650,Golongan I,Sedan/Jip/Pick-up,0.284,469,145,510,179,489.6,162.7,3.35,-1.0,3.6,1.35,0.2,1.2,N/A,NORMAL,NORMAL
1789815750.628,2026-09-19 18:02:30.628,282,Perempatan Jl. Jendral Sudirman,96,3618,Golongan VI-B,Sepeda Motor (Tanpa Helm),0.255,74,188,89,221,82.3,205.2,-8.49,2.94,3.19,0.5,0.0,0.44,TANPA_HELM,MELANGGAR,PELANGGARAN_HELM
1789815750.812,2026-09-19 18:02:30.811,282,Perempatan Jl. Jendral Sudirman,97,3604,Golongan I,Sedan/Jip/Pick-up,0.353,346,137,430,181,388.5,159.4,0.14,-0.81,4.73,2.79,0.7,1.88,N/A,NORMAL,NORMAL
1789815750.812,2026-09-19 18:02:30.811,282,Perempatan Jl. Jendral Sudirman,97,3515,Golongan VI-A,Sepeda Motor (Taat Helm),0.571,291,323,376,407,334.3,365.6,1.5,15.78,5.15,2.13,0.1,1.01,HELM,TAAT_HUKUM,KENDARAAN_BERHENTI
1789815750.812,2026-09-19 18:02:30.811,282,Perempatan Jl. Jendral Sudirman,97,3614,Golongan I,Sedan/Jip/Pick-up,0.87,562,165,715,227,639.2,196.3,8.3,3.39,5.89,3.5,6.4,2.48,N/A,NORMAL,NORMAL
1789815750.812,2026-09-19 18:02:30.811,282,Perempatan Jl. Jendral Sudirman,97,3521,Golongan VI-A,Sepeda Motor (Taat Helm),0.333,298,258,362,394,330.5,326.5,1.27,15.02,9.23,1.69,0.2,0.48,HELM,TAAT_HUKUM,KENDARAAN_BERHENTI
1789815750.812,2026-09-19 18:02:30.811,282,Perempatan Jl. Jendral Sudirman,97,3408,Golongan VI-B,Sepeda Motor (Tanpa Helm),0.426,480,147,511,177,495.9,162.6,3.53,-1.19,3.17,1.02,0.1,1.01,TANPA_HELM,MELANGGAR,KENDARAAN_BERHENTI
1789815750.812,2026-09-19 18:02:30.811,282,Perempatan Jl. Jendral Sudirman,97,3650,Golongan I,Sedan/Jip/Pick-up,0.318,469,145,511,180,490.4,162.9,3.38,-0.96,3.7,1.39,0.3,1.2,N/A,NORMAL,NORMAL
1789815750.979,2026-09-19 18:02:30.979,282,Perempatan Jl. Jendral Sudirman,98,3604,Golongan I,Sedan/Jip/Pick-up,0.309,346,136,428,180,387.5,158.5,0.08,-0.95,4.75,2.73,0.4,1.88,N/A,NORMAL,NORMAL
1789815750.979,2026-09-19 18:02:30.979,282,Perempatan Jl. Jendral Sudirman,98,3515,Golongan VI-A,Sepeda Motor (Taat Helm),0.541,291,323,376,408,334.3,365.9,1.5,15.79,5.21,2.12,0.1,1.01,HELM,TAAT_HUKUM,KENDARAAN_BERHENTI
1789815750.979,2026-09-19 18:02:30.979,282,Perempatan Jl. Jendral Sudirman,98,3614,Golongan I,Sedan/Jip/Pick-up,0.834,549,165,703,227,626.3,196.8,7.92,3.45,5.89,3.5,6.5,2.48,N/A,NORMAL,NORMAL
1789815750.979,2026-09-19 18:02:30.979,282,Perempatan Jl. Jendral Sudirman,98,3521,Golongan VI-A,Sepeda Motor (Taat Helm),0.363,298,258,362,392,330.6,325.6,1.25,14.92,9.12,1.69,0.2,0.48,HELM,TAAT_HUKUM,KENDARAAN_BERHENTI
1789815750.979,2026-09-19 18:02:30.979,282,Perempatan Jl. Jendral Sudirman,98,3408,Golongan VI-B,Sepeda Motor (Tanpa Helm),0.45,480,147,511,177,496.0,162.6,3.54,-1.2,3.17,1.02,0.1,1.02,TANPA_HELM,MELANGGAR,KENDARAAN_BERHENTI
1789815750.979,2026-09-19 18:02:30.979,282,Perempatan Jl. Jendral Sudirman,98,3650,Golongan I,Sedan/Jip/Pick-up,0.293,470,145,512,179,491.5,162.9,3.42,-0.98,3.6,1.39,0.3,1.2,N/A,NORMAL,NORMAL
1789815750.979,2026-09-19 18:02:30.979,282,Perempatan Jl. Jendral Sudirman,98,3626,Golongan VI-B,Sepeda Motor (Tanpa Helm),0.531,500,397,626,540,563.4,468.9,7.39,22.05,6.87,2.81,0.0,0.88,TANPA_HELM,MELANGGAR,PELANGGARAN_HELM
1789815751.196,2026-09-19 18:02:31.195,282,Perempatan Jl. Jendral Sudirman,99,3604,Golongan I,Sedan/Jip/Pick-up,0.292,347,136,427,179,387.6,158.1,0.07,-1.04,4.65,2.66,0.4,1.87,N/A,NORMAL,NORMAL
1789815751.196,2026-09-19 18:02:31.195,282,Perempatan Jl. Jendral Sudirman,99,3515,Golongan VI-A,Sepeda Motor (Taat Helm),0.554,291,323,376,407,334.3,365.8,1.5,15.78,5.15,2.13,0.1,1.01,HELM,TAAT_HUKUM,KENDARAAN_BERHENTI
1789815751.196,2026-09-19 18:02:31.195,282,Perempatan Jl. Jendral Sudirman,99,3614,Golongan I,Sedan/Jip/Pick-up,0.816,534,164,692,227,613.5,195.9,7.54,3.43,6.0,3.5,6.5,2.49,N/A,NORMAL,NORMAL
1789815751.196,2026-09-19 18:02:31.195,282,Perempatan Jl. Jendral Sudirman,99,3521,Golongan VI-A,Sepeda Motor (Taat Helm),0.314,298,258,362,392,330.4,325.6,1.25,14.92,9.12,1.69,0.2,0.48,HELM,TAAT_HUKUM,KENDARAAN_BERHENTI
1789815751.196,2026-09-19 18:02:31.195,282,Perempatan Jl. Jendral Sudirman,99,3408,Golongan VI-B,Sepeda Motor (Tanpa Helm),0.479,480,147,511,178,496.1,162.7,3.54,-1.18,3.27,1.02,0.2,1.01,TANPA_HELM,MELANGGAR,KENDARAAN_BERHENTI
1789815751.398,2026-09-19 18:02:31.398,282,Perempatan Jl. Jendral Sudirman,100,3604,Golongan I,Sedan/Jip/Pick-up,0.337,347,136,426,178,387.3,157.9,0.06,-1.08,4.55,2.63,0.5,1.87,N/A,NORMAL,NORMAL
1789815751.398,2026-09-19 18:02:31.398,282,Perempatan Jl. Jendral Sudirman,100,3515,Golongan VI-A,Sepeda Motor (Taat Helm),0.584,291,323,377,408,334.3,365.7,1.5,15.79,5.21,2.15,0.1,1.01,HELM,TAAT_HUKUM,KENDARAAN_BERHENTI
1789815751.398,2026-09-19 18:02:31.398,282,Perempatan Jl. Jendral Sudirman,100,3614,Golongan I,Sedan/Jip/Pick-up,0.887,522,165,680,228,601.6,196.9,7.18,3.51,5.98,3.5,6.5,2.49,N/A,NORMAL,NORMAL
1789815751.398,2026-09-19 18:02:31.398,282,Perempatan Jl. Jendral Sudirman,100,3521,Golongan VI-A,Sepeda Motor (Taat Helm),0.376,297,258,362,392,330.3,325.8,1.25,14.94,9.12,1.72,0.1,0.48,HELM,TAAT_HUKUM,KENDARAAN_BERHENTI
1789815751.398,2026-09-19 18:02:31.398,282,Perempatan Jl. Jendral Sudirman,100,3408,Golongan VI-B,Sepeda Motor (Tanpa Helm),0.508,480,147,511,178,496.2,162.8,3.55,-1.17,3.27,1.02,0.2,1.01,TANPA_HELM,MELANGGAR,KENDARAAN_BERHENTI
1789815751.398,2026-09-19 18:02:31.398,282,Perempatan Jl. Jendral Sudirman,100,3650,Golongan I,Sedan/Jip/Pick-up,0.274,472,145,513,179,492.8,162.8,3.45,-0.99,3.6,1.35,0.0,1.2,N/A,NORMAL,NORMAL
1789815751.398,2026-09-19 18:02:31.398,282,Perempatan Jl. Jendral Sudirman,100,3626,Golongan VI-B,Sepeda Motor (Tanpa Helm),0.609,453,451,556,565,504.8,508.5,6.28,23.03,5.04,2.2,0.0,0.91,TANPA_HELM,MELANGGAR,PELANGGARAN_HELM
1789815751.565,2026-09-19 18:02:31.565,282,Perempatan Jl. Jendral Sudirman,101,3604,Golongan I,Sedan/Jip/Pick-up,0.271,347,136,427,179,387.4,157.9,0.06,-1.07,4.65,2.66,0.5,1.87,N/A,NORMAL,NORMAL
1789815751.565,2026-09-19 18:02:31.565,282,Perempatan Jl. Jendral Sudirman,101,3515,Golongan VI-A,Sepeda Motor (Taat Helm),0.587,291,323,376,408,334.3,365.9,1.5,15.79,5.21,2.12,0.1,1.01,HELM,TAAT_HUKUM,KENDARAAN_BERHENTI
1789815751.565,2026-09-19 18:02:31.565,282,Perempatan Jl. Jendral Sudirman,101,3614,Golongan I,Sedan/Jip/Pick-up,0.806,510,165,665,228,587.9,197.1,6.78,3.5,5.98,3.5,6.6,2.49,N/A,NORMAL,NORMAL
1789815751.565,2026-09-19 18:02:31.565,282,Perempatan Jl. Jendral Sudirman,101,3521,Golongan VI-A,Sepeda Motor (Taat Helm),0.317,297,258,362,392,330.1,325.9,1.24,14.94,9.12,1.72,0.1,0.48,HELM,TAAT_HUKUM,KENDARAAN_BERHENTI
1789815751.565,2026-09-19 18:02:31.565,282,Perempatan Jl. Jendral Sudirman,101,3408,Golongan VI-B,Sepeda Motor (Tanpa Helm),0.486,480,147,511,178,496.0,163.0,3.54,-1.13,3.27,1.02,0.2,1.01,TANPA_HELM,MELANGGAR,KENDARAAN_BERHENTI
1789815751.748,2026-09-19 18:02:31.748,282,Perempatan Jl. Jendral Sudirman,102,3604,Golongan I,Sedan/Jip/Pick-up,0.344,347,136,426,178,387.3,157.7,0.06,-1.08,4.55,2.63,0.6,1.87,N/A,NORMAL,KENDARAAN_BERHENTI
1789815751.748,2026-09-19 18:02:31.748,282,Perempatan Jl. Jendral Sudirman,102,3515,Golongan VI-A,Sepeda Motor (Taat Helm),0.561,291,322,377,408,334.3,365.5,1.5,15.79,5.28,2.15,0.1,1.01,HELM,TAAT_HUKUM,KENDARAAN_BERHENTI
1789815751.748,2026-09-19 18:02:31.748,282,Perempatan Jl. Jendral Sudirman,102,3614,Golongan I,Sedan/Jip/Pick-up,0.866,498,165,651,227,575.1,196.7,6.39,3.41,5.9,3.5,6.8,2.5,N/A,NORMAL,NORMAL
1789815751.748,2026-09-19 18:02:31.748,282,Perempatan Jl. Jendral Sudirman,102,3521,Golongan VI-A,Sepeda Motor (Taat Helm),0.335,297,258,363,394,330.2,326.9,1.27,15.06,9.23,1.74,0.2,0.49,HELM,TAAT_HUKUM,KENDARAAN_BERHENTI
1789815751.748,2026-09-19 18:02:31.748,282,Perempatan Jl. Jendral Sudirman,102,3408,Golongan VI-B,Sepeda Motor (Tanpa Helm),0.504,480,147,511,178,496.1,163.0,3.55,-1.15,3.27,1.02,0.2,1.01,TANPA_HELM,MELANGGAR,KENDARAAN_BERHENTI
1789815751.748,2026-09-19 18:02:31.748,282,Perempatan Jl. Jendral Sudirman,102,3626,Golongan VI-B,Sepeda Motor (Tanpa Helm),0.779,384,492,491,607,438.4,550.3,5.16,24.63,4.7,2.19,0.0,0.93,TANPA_HELM,MELANGGAR,PELANGGARAN_HELM
1789815751.913,2026-09-19 18:02:31.912,282,Perempatan Jl. Jendral Sudirman,103,3604,Golongan I,Sedan/Jip/Pick-up,0.262,347,136,425,178,386.3,157.3,0.02,-1.14,4.55,2.6,0.7,1.86,N/A,NORMAL,KENDARAAN_BERHENTI
1789815751.913,2026-09-19 18:02:31.912,282,Perempatan Jl. Jendral Sudirman,103,3515,Golongan VI-A,Sepeda Motor (Taat Helm),0.493,288,317,379,408,333.6,362.9,1.49,15.8,5.62,2.28,0.1,1.0,HELM,TAAT_HUKUM,KENDARAAN_BERHENTI
1789815751.913,2026-09-19 18:02:31.912,282,Perempatan Jl. Jendral Sudirman,103,3614,Golongan I,Sedan/Jip/Pick-up,0.867,484,165,640,227,562.1,196.4,6.0,3.42,5.9,3.5,7.0,2.5,N/A,NORMAL,NORMAL
1789815751.913,2026-09-19 18:02:31.912,282,Perempatan Jl. Jendral Sudirman,103,3521,Golongan VI-A,Sepeda Motor (Taat Helm),0.321,296,258,363,394,330.0,326.7,1.26,15.04,9.23,1.77,0.1,0.49,HELM,TAAT_HUKUM,KENDARAAN_BERHENTI
1789815751.913,2026-09-19 18:02:31.912,282,Perempatan Jl. Jendral Sudirman,103,3408,Golongan VI-B,Sepeda Motor (Tanpa Helm),0.433,480,147,511,177,496.1,162.3,3.53,-1.27,3.17,1.02,0.1,1.02,TANPA_HELM,MELANGGAR,KENDARAAN_BERHENTI
1789815751.913,2026-09-19 18:02:31.912,282,Perempatan Jl. Jendral Sudirman,103,3686,Golongan VI-A,Sepeda Motor (Taat Helm),0.322,294,262,347,379,320.8,320.9,0.87,14.19,8.04,1.4,0.0,0.45,HELM,TAAT_HUKUM,NORMAL
1789815751.913,2026-09-19 18:02:31.912,282,Perempatan Jl. Jendral Sudirman,103,3626,Golongan VI-B,Sepeda Motor (Tanpa Helm),0.546,338,478,468,617,403.2,548.4,4.54,25.0,5.72,2.67,0.0,0.94,TANPA_HELM,MELANGGAR,PELANGGARAN_HELM
1789815752.069,2026-09-19 18:02:32.069,282,Perempatan Jl. Jendral Sudirman,104,3604,Golongan I,Sedan/Jip/Pick-up,0.274,347,136,426,178,386.8,157.8,0.04,-1.08,4.55,2.63,0.7,1.85,N/A,NORMAL,KENDARAAN_BERHENTI
1789815752.069,2026-09-19 18:02:32.069,282,Perempatan Jl. Jendral Sudirman,104,3515,Golongan VI-A,Sepeda Motor (Taat Helm),0.592,290,320,377,408,334.0,364.5,1.49,15.79,5.41,2.18,0.1,1.0,HELM,TAAT_HUKUM,KENDARAAN_BERHENTI
1789815752.069,2026-09-19 18:02:32.069,282,Perempatan Jl. Jendral Sudirman,104,3614,Golongan I,Sedan/Jip/Pick-up,0.873,471,165,626,227,549.2,196.5,5.61,3.41,5.9,3.5,7.2,2.51,N/A,NORMAL,NORMAL
1789815752.069,2026-09-19 18:02:32.069,282,Perempatan Jl. Jendral Sudirman,104,3521,Golongan VI-A,Sepeda Motor (Taat Helm),0.347,297,258,363,393,330.4,326.1,1.26,14.98,9.17,1.74,0.2,0.49,HELM,TAAT_HUKUM,KENDARAAN_BERHENTI
1789815752.069,2026-09-19 18:02:32.069,282,Perempatan Jl. Jendral Sudirman,104,3408,Golongan VI-B,Sepeda Motor (Tanpa Helm),0.353,481,147,510,175,495.9,161.4,3.51,-1.43,2.97,0.96,0.2,1.03,TANPA_HELM,MELANGGAR,KENDARAAN_BERHENTI
1789815752.069,2026-09-19 18:02:32.069,282,Perempatan Jl. Jendral Sudirman,104,3686,Golongan VI-A,Sepeda Motor (Taat Helm),0.335,294,261,347,379,320.9,320.6,0.87,14.17,8.12,1.41,0.0,0.45,HELM,TAAT_HUKUM,NORMAL
1789815752.069,2026-09-19 18:02:32.069,282,Perempatan Jl. Jendral Sudirman,104,3626,Golongan VI-B,Sepeda Motor (Tanpa Helm),0.718,296,484,439,636,367.6,560.6,3.97,25.65,6.13,2.91,17.6,0.94,TANPA_HELM,MELANGGAR,PELANGGARAN_HELM
1789815752.242,2026-09-19 18:02:32.241,282,Perempatan Jl. Jendral Sudirman,105,3515,Golongan VI-A,Sepeda Motor (Taat Helm),0.555,291,324,376,408,334.0,366.6,1.5,15.81,5.14,2.12,0.1,1.01,HELM,TAAT_HUKUM,KENDARAAN_BERHENTI
1789815752.242,2026-09-19 18:02:32.241,282,Perempatan Jl. Jendral Sudirman,105,3614,Golongan I,Sedan/Jip/Pick-up,0.895,457,165,615,229,536.3,197.3,5.24,3.55,6.08,3.5,7.4,2.5,N/A,NORMAL,NORMAL
1789815752.242,2026-09-19 18:02:32.241,282,Perempatan Jl. Jendral Sudirman,105,3521,Golongan VI-A,Sepeda Motor (Taat Helm),0.312,297,259,363,394,330.3,326.9,1.27,15.05,9.15,1.74,0.1,0.49,HELM,TAAT_HUKUM,KENDARAAN_BERHENTI
1789815752.242,2026-09-19 18:02:32.241,282,Perempatan Jl. Jendral Sudirman,105,3408,Golongan VI-B,Sepeda Motor (Tanpa Helm),0.251,481,147,509,174,495.7,161.1,3.49,-1.52,2.87,0.93,0.4,1.04,TANPA_HELM,MELANGGAR,KENDARAAN_BERHENTI
1789815752.242,2026-09-19 18:02:32.241,282,Perempatan Jl. Jendral Sudirman,105,3686,Golongan VI-A,Sepeda Motor (Taat Helm),0.327,293,262,347,383,320.5,323.1,0.91,14.44,8.28,1.43,2.7,0.45,HELM,TAAT_HUKUM,NORMAL
1789815752.242,2026-09-19 18:02:32.241,282,Perempatan Jl. Jendral Sudirman,105,3626,Golongan VI-B,Sepeda Motor (Tanpa Helm),0.44,262,525,393,660,328.3,593.1,3.38,26.45,5.12,2.58,18.0,0.97,TANPA_HELM,MELANGGAR,PELANGGARAN_HELM
1789815752.426,2026-09-19 18:02:32.425,282,Perempatan Jl. Jendral Sudirman,106,3515,Golongan VI-A,Sepeda Motor (Taat Helm),0.575,291,325,375,408,333.7,367.0,1.49,15.82,5.07,2.1,0.1,1.01,HELM,TAAT_HUKUM,KENDARAAN_BERHENTI
1789815752.426,2026-09-19 18:02:32.425,282,Perempatan Jl. Jendral Sudirman,106,3614,Golongan I,Sedan/Jip/Pick-up,0.824,442,163,603,228,523.1,196.4,4.85,3.53,6.21,3.5,7.5,2.49,N/A,NORMAL,NORMAL
1789815752.426,2026-09-19 18:02:32.425,282,Perempatan Jl. Jendral Sudirman,106,3521,Golongan VI-A,Sepeda Motor (Taat Helm),0.32,297,259,363,394,330.2,326.8,1.26,15.03,9.15,1.74,0.1,0.49,HELM,TAAT_HUKUM,KENDARAAN_BERHENTI
1789815752.426,2026-09-19 18:02:32.425,282,Perempatan Jl. Jendral Sudirman,106,3686,Golongan VI-A,Sepeda Motor (Taat Helm),0.322,293,262,348,386,321.2,324.3,0.96,14.57,8.46,1.45,2.8,0.45,HELM,TAAT_HUKUM,NORMAL
1789815752.426,2026-09-19 18:02:32.425,282,Perempatan Jl. Jendral Sudirman,106,3626,Golongan VI-B,Sepeda Motor (Tanpa Helm),0.529,211,522,365,682,288.3,602.4,2.79,27.15,6.0,3.01,18.2,0.96,TANPA_HELM,MELANGGAR,PELANGGARAN_HELM
1789815752.426,2026-09-19 18:02:32.425,282,Perempatan Jl. Jendral Sudirman,106,3604,Golongan I,Sedan/Jip/Pick-up,0.308,348,136,426,178,387.4,158.0,0.06,-1.08,4.55,2.6,0.0,1.85,N/A,NORMAL,KENDARAAN_BERHENTI
1789815752.62,2026-09-19 18:02:32.619,282,Perempatan Jl. Jendral Sudirman,107,3515,Golongan VI-A,Sepeda Motor (Taat Helm),0.579,292,325,375,408,333.9,366.9,1.49,15.79,5.07,2.07,0.1,1.01,HELM,TAAT_HUKUM,KENDARAAN_BERHENTI
1789815752.62,2026-09-19 18:02:32.619,282,Perempatan Jl. Jendral Sudirman,107,3614,Golongan I,Sedan/Jip/Pick-up,0.816,429,163,591,229,510.4,196.5,4.47,3.57,6.3,3.5,7.5,2.48,N/A,NORMAL,NORMAL
1789815752.62,2026-09-19 18:02:32.619,282,Perempatan Jl. Jendral Sudirman,107,3520,Golongan I,Sedan/Jip/Pick-up,0.709,722,151,832,212,777.4,182.0,12.48,2.12,6.05,3.5,0.0,1.8,N/A,NORMAL,NORMAL
1789815752.62,2026-09-19 18:02:32.619,282,Perempatan Jl. Jendral Sudirman,107,3521,Golongan VI-A,Sepeda Motor (Taat Helm),0.303,297,259,363,394,330.3,326.8,1.26,15.01,9.15,1.74,0.1,0.49,HELM,TAAT_HUKUM,KENDARAAN_BERHENTI
1789815752.62,2026-09-19 18:02:32.619,282,Perempatan Jl. Jendral Sudirman,107,3686,Golongan VI-A,Sepeda Motor (Taat Helm),0.34,293,262,348,387,320.9,324.9,0.96,14.63,8.51,1.45,2.6,0.44,HELM,TAAT_HUKUM,NORMAL
1789815752.62,2026-09-19 18:02:32.619,282,Perempatan Jl. Jendral Sudirman,107,3626,Golongan VI-B,Sepeda Motor (Tanpa Helm),0.378,172,538,323,695,248.2,616.7,2.16,27.55,5.75,2.91,17.8,0.96,TANPA_HELM,MELANGGAR,PELANGGARAN_HELM
1789815752.803,2026-09-19 18:02:32.802,282,Perempatan Jl. Jendral Sudirman,108,3515,Golongan VI-A,Sepeda Motor (Taat Helm),0.622,292,326,375,408,333.6,367.6,1.49,15.8,5.01,2.07,0.1,1.02,HELM,TAAT_HUKUM,KENDARAAN_BERHENTI
1789815752.803,2026-09-19 18:02:32.802,282,Perempatan Jl. Jendral Sudirman,108,3614,Golongan I,Sedan/Jip/Pick-up,0.851,417,165,575,229,496.6,197.7,4.06,3.58,6.09,3.5,7.6,2.48,N/A,NORMAL,NORMAL
1789815752.803,2026-09-19 18:02:32.802,282,Perempatan Jl. Jendral Sudirman,108,3616,Golongan I,Sedan/Jip/Pick-up,0.879,705,236,883,381,794.7,309.0,12.49,14.3,10.14,3.5,0.0,1.23,N/A,NORMAL,NORMAL
1789815752.803,2026-09-19 18:02:32.802,282,Perempatan Jl. Jendral Sudirman,108,3520,Golongan I,Sedan/Jip/Pick-up,0.781,711,150,825,214,768.8,182.5,12.21,2.24,6.34,3.5,0.0,1.81,N/A,NORMAL,NORMAL
1789815752.803,2026-09-19 18:02:32.802,282,Perempatan Jl. Jendral Sudirman,108,3521,Golongan VI-A,Sepeda Motor (Taat Helm),0.295,295,258,361,393,328.8,326.4,1.22,15.0,9.17,1.74,0.2,0.49,HELM,TAAT_HUKUM,KENDARAAN_BERHENTI
1789815752.803,2026-09-19 18:02:32.802,282,Perempatan Jl. Jendral Sudirman,108,3626,Golongan VI-B,Sepeda Motor (Tanpa Helm),0.432,130,556,280,712,205.5,634.3,1.53,28.07,5.56,2.84,17.5,0.96,TANPA_HELM,MELANGGAR,PELANGGARAN_HELM
1789815752.803,2026-09-19 18:02:32.802,282,Perempatan Jl. Jendral Sudirman,108,3604,Golongan I,Sedan/Jip/Pick-up,0.351,348,136,425,178,386.7,157.6,0.03,-1.13,4.55,2.56,0.0,1.86,N/A,NORMAL,KENDARAAN_BERHENTI
1789815752.969,2026-09-19 18:02:32.969,282,Perempatan Jl. Jendral Sudirman,109,3515,Golongan VI-A,Sepeda Motor (Taat Helm),0.534,292,326,375,408,333.6,367.6,1.49,15.8,5.01,2.07,0.1,1.02,HELM,TAAT_HUKUM,KENDARAAN_BERHENTI
1789815752.969,2026-09-19 18:02:32.969,282,Perempatan Jl. Jendral Sudirman,109,3614,Golongan I,Sedan/Jip/Pick-up,0.85,405,166,561,228,483.4,197.5,3.66,3.54,5.9,3.5,7.8,2.48,N/A,NORMAL,NORMAL
1789815752.969,2026-09-19 18:02:32.969,282,Perempatan Jl. Jendral Sudirman,109,3616,Golongan I,Sedan/Jip/Pick-up,0.87,679,242,870,397,775.3,319.5,11.98,15.18,10.55,3.5,0.0,1.23,N/A,NORMAL,NORMAL
1789815752.969,2026-09-19 18:02:32.969,282,Perempatan Jl. Jendral Sudirman,109,3520,Golongan I,Sedan/Jip/Pick-up,0.773,702,151,817,214,759.8,182.7,11.94,2.26,6.23,3.5,5.7,1.82,N/A,NORMAL,NORMAL
1789815752.969,2026-09-19 18:02:32.969,282,Perempatan Jl. Jendral Sudirman,109,3521,Golongan VI-A,Sepeda Motor (Taat Helm),0.277,296,259,362,394,329.4,327.2,1.25,15.06,9.15,1.74,0.2,0.49,HELM,TAAT_HUKUM,KENDARAAN_BERHENTI
1789815752.969,2026-09-19 18:02:32.969,282,Perempatan Jl. Jendral Sudirman,109,3626,Golongan VI-B,Sepeda Motor (Tanpa Helm),0.45,101,592,231,720,166.4,656.2,0.9,28.3,4.4,2.41,17.2,1.01,TANPA_HELM,MELANGGAR,PELANGGARAN_HELM
1789815752.969,2026-09-19 18:02:32.969,282,Perempatan Jl. Jendral Sudirman,109,3604,Golongan I,Sedan/Jip/Pick-up,0.32,348,136,428,180,388.2,158.6,0.11,-0.95,4.75,2.66,0.0,1.86,N/A,NORMAL,KENDARAAN_BERHENTI
1789815753.203,2026-09-19 18:02:33.202,282,Perempatan Jl. Jendral Sudirman,110,3515,Golongan VI-A,Sepeda Motor (Taat Helm),0.473,291,326,375,407,333.5,367.0,1.48,15.76,4.95,2.1,0.1,1.02,HELM,TAAT_HUKUM,KENDARAAN_BERHENTI
1789815753.203,2026-09-19 18:02:33.202,282,Perempatan Jl. Jendral Sudirman,110,3614,Golongan I,Sedan/Jip/Pick-up,0.838,389,163,551,230,470.5,196.9,3.29,3.66,6.4,3.5,7.8,2.44,N/A,NORMAL,NORMAL
1789815753.203,2026-09-19 18:02:33.202,282,Perempatan Jl. Jendral Sudirman,110,3521,Golongan VI-A,Sepeda Motor (Taat Helm),0.26,296,258,363,395,330.1,327.0,1.27,15.09,9.29,1.77,0.2,0.49,HELM,TAAT_HUKUM,KENDARAAN_BERHENTI
1789815753.203,2026-09-19 18:02:33.202,282,Perempatan Jl. Jendral Sudirman,110,3604,Golongan I,Sedan/Jip/Pick-up,0.266,349,137,427,179,388.6,158.1,0.1,-1.07,4.53,2.59,0.8,1.86,N/A,NORMAL,KENDARAAN_BERHENTI
1789815753.389,2026-09-19 18:02:33.388,282,Perempatan Jl. Jendral Sudirman,111,3515,Golongan VI-A,Sepeda Motor (Taat Helm),0.536,292,326,375,407,333.5,367.3,1.48,15.76,4.95,2.07,0.1,1.03,HELM,TAAT_HUKUM,KENDARAAN_BERHENTI
1789815753.389,2026-09-19 18:02:33.388,282,Perempatan Jl. Jendral Sudirman,111,3614,Golongan I,Sedan/Jip/Pick-up,0.739,344,163,505,231,424.6,197.6,1.94,3.74,6.5,3.5,8.6,2.39,N/A,NORMAL,NORMAL
1789815753.389,2026-09-19 18:02:33.388,282,Perempatan Jl. Jendral Sudirman,111,3692,Golongan I,Sedan/Jip/Pick-up,0.741,168,168,251,215,210.1,192.5,-4.77,2.41,4.65,2.62,0.0,1.78,N/A,NORMAL,NORMAL
1789815753.389,2026-09-19 18:02:33.388,282,Perempatan Jl. Jendral Sudirman,111,3408,Golongan VI-B,Sepeda Motor (Tanpa Helm),0.634,481,148,511,178,496.5,163.8,3.56,-1.12,3.16,0.99,0.0,1.04,TANPA_HELM,MELANGGAR,KENDARAAN_BERHENTI
1789815753.647,2026-09-19 18:02:33.646,282,Perempatan Jl. Jendral Sudirman,112,3515,Golongan VI-A,Sepeda Motor (Taat Helm),0.553,292,327,374,407,333.4,367.8,1.48,15.77,4.88,2.05,0.1,1.03,HELM,TAAT_HUKUM,KENDARAAN_BERHENTI
1789815753.647,2026-09-19 18:02:33.646,282,Perempatan Jl. Jendral Sudirman,112,3614,Golongan I,Sedan/Jip/Pick-up,0.738,322,166,474,230,398.9,198.4,1.17,3.69,6.11,3.5,9.2,2.35,N/A,NORMAL,NORMAL
1789815753.647,2026-09-19 18:02:33.646,282,Perempatan Jl. Jendral Sudirman,112,3692,Golongan I,Sedan/Jip/Pick-up,0.727,159,169,241,215,200.5,192.1,-5.08,2.32,4.55,2.58,0.0,1.77,N/A,NORMAL,NORMAL
1789815753.647,2026-09-19 18:02:33.646,282,Perempatan Jl. Jendral Sudirman,112,3408,Golongan VI-B,Sepeda Motor (Tanpa Helm),0.645,480,148,512,179,496.3,163.9,3.56,-1.07,3.26,1.05,0.0,1.03,TANPA_HELM,MELANGGAR,KENDARAAN_BERHENTI
1789815753.861,2026-09-19 18:02:33.860,282,Perempatan Jl. Jendral Sudirman,113,3515,Golongan VI-A,Sepeda Motor (Taat Helm),0.532,291,327,375,407,333.5,367.6,1.48,15.78,4.88,2.1,0.1,1.04,HELM,TAAT_HUKUM,KENDARAAN_BERHENTI
1789815753.861,2026-09-19 18:02:33.860,282,Perempatan Jl. Jendral Sudirman,113,3614,Golongan I,Sedan/Jip/Pick-up,0.73,309,166,455,230,382.5,198.5,0.67,3.64,6.12,3.5,9.5,2.31,N/A,NORMAL,NORMAL
1789815753.861,2026-09-19 18:02:33.860,282,Perempatan Jl. Jendral Sudirman,113,3692,Golongan I,Sedan/Jip/Pick-up,0.771,153,169,233,214,193.2,191.8,-5.32,2.27,4.46,2.52,4.3,1.77,N/A,NORMAL,NORMAL
1789815753.861,2026-09-19 18:02:33.860,282,Perempatan Jl. Jendral Sudirman,113,3408,Golongan VI-B,Sepeda Motor (Tanpa Helm),0.541,480,148,511,178,496.1,163.7,3.55,-1.09,3.16,1.02,0.2,1.04,TANPA_HELM,MELANGGAR,KENDARAAN_BERHENTI
1789815754.035,2026-09-19 18:02:34.035,282,Perempatan Jl. Jendral Sudirman,114,3515,Golongan VI-A,Sepeda Motor (Taat Helm),0.54,291,326,375,408,333.5,367.3,1.48,15.78,5.01,2.1,0.1,1.04,HELM,TAAT_HUKUM,KENDARAAN_BERHENTI
1789815754.035,2026-09-19 18:02:34.035,282,Perempatan Jl. Jendral Sudirman,114,3614,Golongan I,Sedan/Jip/Pick-up,0.771,294,167,436,229,365.8,198.7,0.17,3.63,5.93,3.5,9.8,2.28,N/A,NORMAL,NORMAL
1789815754.035,2026-09-19 18:02:34.035,282,Perempatan Jl. Jendral Sudirman,114,3692,Golongan I,Sedan/Jip/Pick-up,0.788,149,169,227,214,188.5,192.1,-5.46,2.26,4.47,2.46,4.2,1.76,N/A,NORMAL,NORMAL
1789815754.035,2026-09-19 18:02:34.035,282,Perempatan Jl. Jendral Sudirman,114,3408,Golongan VI-B,Sepeda Motor (Tanpa Helm),0.525,480,148,511,178,496.2,163.6,3.55,-1.12,3.16,1.02,0.2,1.04,TANPA_HELM,MELANGGAR,KENDARAAN_BERHENTI
1789815754.185,2026-09-19 18:02:34.185,282,Perempatan Jl. Jendral Sudirman,115,3515,Golongan VI-A,Sepeda Motor (Taat Helm),0.505,291,326,375,407,333.5,367.3,1.48,15.78,4.95,2.1,0.1,1.04,HELM,TAAT_HUKUM,KENDARAAN_BERHENTI
1789815754.185,2026-09-19 18:02:34.185,282,Perempatan Jl. Jendral Sudirman,115,3614,Golongan I,Sedan/Jip/Pick-up,0.792,285,168,422,229,353.9,198.8,-0.19,3.58,5.83,3.5,10.0,2.25,N/A,NORMAL,NORMAL
1789815754.185,2026-09-19 18:02:34.185,282,Perempatan Jl. Jendral Sudirman,115,3692,Golongan I,Sedan/Jip/Pick-up,0.752,145,170,222,214,183.7,192.3,-5.61,2.24,4.36,2.43,4.1,1.76,N/A,NORMAL,NORMAL
1789815754.185,2026-09-19 18:02:34.185,282,Perempatan Jl. Jendral Sudirman,115,3408,Golongan VI-B,Sepeda Motor (Tanpa Helm),0.518,480,148,511,178,496.2,163.5,3.55,-1.13,3.16,1.02,0.1,1.04,TANPA_HELM,MELANGGAR,KENDARAAN_BERHENTI
1789815754.334,2026-09-19 18:02:34.333,282,Perempatan Jl. Jendral Sudirman,116,3515,Golongan VI-A,Sepeda Motor (Taat Helm),0.493,291,326,375,407,333.6,366.9,1.48,15.76,4.95,2.1,0.1,1.04,HELM,TAAT_HUKUM,KENDARAAN_BERHENTI
1789815754.334,2026-09-19 18:02:34.333,282,Perempatan Jl. Jendral Sudirman,116,3614,Golongan I,Sedan/Jip/Pick-up,0.446,277,169,409,229,343.7,199.7,-0.49,3.59,5.73,3.5,10.2,2.22,N/A,NORMAL,NORMAL
1789815754.334,2026-09-19 18:02:34.333,282,Perempatan Jl. Jendral Sudirman,116,3692,Golongan I,Sedan/Jip/Pick-up,0.716,140,169,214,212,177.5,191.0,-5.84,2.08,4.28,2.34,4.1,1.75,N/A,NORMAL,NORMAL
1789815754.334,2026-09-19 18:02:34.333,282,Perempatan Jl. Jendral Sudirman,116,3408,Golongan VI-B,Sepeda Motor (Tanpa Helm),0.499,480,148,511,178,496.1,163.5,3.55,-1.13,3.16,1.02,0.1,1.04,TANPA_HELM,MELANGGAR,KENDARAAN_BERHENTI
1789815754.334,2026-09-19 18:02:34.333,282,Perempatan Jl. Jendral Sudirman,116,3521,Golongan VI-A,Sepeda Motor (Taat Helm),0.291,296,257,361,391,329.3,324.2,1.2,14.84,9.14,1.72,0.0,0.49,HELM,TAAT_HUKUM,KENDARAAN_BERHENTI
1789815754.522,2026-09-19 18:02:34.522,282,Perempatan Jl. Jendral Sudirman,117,3515,Golongan VI-A,Sepeda Motor (Taat Helm),0.479,291,326,375,407,333.6,367.1,1.48,15.76,4.95,2.1,0.1,1.04,HELM,TAAT_HUKUM,KENDARAAN_BERHENTI
1789815754.522,2026-09-19 18:02:34.522,282,Perempatan Jl. Jendral Sudirman,117,3614,Golongan I,Sedan/Jip/Pick-up,0.631,267,168,397,227,332.7,197.9,-0.85,3.43,5.67,3.5,10.2,2.18,N/A,NORMAL,NORMAL
1789815754.522,2026-09-19 18:02:34.522,282,Perempatan Jl. Jendral Sudirman,117,3692,Golongan I,Sedan/Jip/Pick-up,0.714,137,170,209,212,173.2,191.4,-5.98,2.07,4.18,2.27,4.1,1.73,N/A,NORMAL,NORMAL
1789815754.522,2026-09-19 18:02:34.522,282,Perempatan Jl. Jendral Sudirman,117,3408,Golongan VI-B,Sepeda Motor (Tanpa Helm),0.497,480,148,511,178,496.1,163.4,3.54,-1.15,3.16,1.02,0.1,1.04,TANPA_HELM,MELANGGAR,KENDARAAN_BERHENTI
1789815754.522,2026-09-19 18:02:34.522,282,Perempatan Jl. Jendral Sudirman,117,3521,Golongan VI-A,Sepeda Motor (Taat Helm),0.334,297,257,363,391,330.4,324.9,1.24,14.88,9.14,1.74,0.0,0.49,HELM,TAAT_HUKUM,KENDARAAN_BERHENTI
1789815754.683,2026-09-19 18:02:34.683,282,Perempatan Jl. Jendral Sudirman,118,3515,Golongan VI-A,Sepeda Motor (Taat Helm),0.5,291,326,375,407,333.6,366.9,1.48,15.75,4.95,2.1,0.1,1.05,HELM,TAAT_HUKUM,KENDARAAN_BERHENTI
1789815754.683,2026-09-19 18:02:34.683,282,Perempatan Jl. Jendral Sudirman,118,3614,Golongan I,Sedan/Jip/Pick-up,0.62,261,168,383,225,322.3,196.7,-1.2,3.2,5.5,3.5,10.2,2.16,N/A,NORMAL,NORMAL
1789815754.683,2026-09-19 18:02:34.683,282,Perempatan Jl. Jendral Sudirman,118,3692,Golongan I,Sedan/Jip/Pick-up,0.707,133,169,204,211,168.8,190.5,-6.14,1.98,4.2,2.24,4.1,1.72,N/A,NORMAL,NORMAL
1789815754.683,2026-09-19 18:02:34.683,282,Perempatan Jl. Jendral Sudirman,118,3408,Golongan VI-B,Sepeda Motor (Tanpa Helm),0.515,480,148,511,178,496.1,163.3,3.54,-1.15,3.16,1.02,0.1,1.04,TANPA_HELM,MELANGGAR,KENDARAAN_BERHENTI
1789815754.683,2026-09-19 18:02:34.683,282,Perempatan Jl. Jendral Sudirman,118,3521,Golongan VI-A,Sepeda Motor (Taat Helm),0.362,298,257,363,392,330.9,325.1,1.26,14.91,9.2,1.72,0.9,0.49,HELM,TAAT_HUKUM,KENDARAAN_BERHENTI
1789815754.854,2026-09-19 18:02:34.853,282,Perempatan Jl. Jendral Sudirman,119,3515,Golongan VI-A,Sepeda Motor (Taat Helm),0.465,290,326,376,407,333.5,366.7,1.48,15.75,4.95,2.15,0.1,1.05,HELM,TAAT_HUKUM,KENDARAAN_BERHENTI
1789815754.854,2026-09-19 18:02:34.853,282,Perempatan Jl. Jendral Sudirman,119,3614,Golongan I,Sedan/Jip/Pick-up,0.723,251,168,371,224,311.4,196.4,-1.54,3.16,5.41,3.5,10.4,2.13,N/A,NORMAL,NORMAL
1789815754.854,2026-09-19 18:02:34.853,282,Perempatan Jl. Jendral Sudirman,119,3692,Golongan I,Sedan/Jip/Pick-up,0.724,127,169,199,211,163.8,190.2,-6.29,1.99,4.2,2.28,4.0,1.71,N/A,NORMAL,NORMAL
1789815754.854,2026-09-19 18:02:34.853,282,Perempatan Jl. Jendral Sudirman,119,3408,Golongan VI-B,Sepeda Motor (Tanpa Helm),0.491,480,148,511,178,496.1,163.2,3.54,-1.16,3.16,1.02,0.1,1.04,TANPA_HELM,MELANGGAR,KENDARAAN_BERHENTI
1789815754.854,2026-09-19 18:02:34.853,282,Perempatan Jl. Jendral Sudirman,119,3521,Golongan VI-A,Sepeda Motor (Taat Helm),0.386,298,258,363,392,331.1,325.3,1.26,14.92,9.12,1.72,0.8,0.49,HELM,TAAT_HUKUM,KENDARAAN_BERHENTI
1789815755.017,2026-09-19 18:02:35.017,282,Perempatan Jl. Jendral Sudirman,120,3515,Golongan VI-A,Sepeda Motor (Taat Helm),0.499,290,326,376,407,333.6,366.7,1.48,15.75,4.95,2.15,0.0,1.05,HELM,TAAT_HUKUM,KENDARAAN_BERHENTI
1789815755.017,2026-09-19 18:02:35.017,282,Perempatan Jl. Jendral Sudirman,120,3614,Golongan I,Sedan/Jip/Pick-up,0.782,241,167,362,225,301.7,196.5,-1.82,3.23,5.61,3.5,9.6,2.1,N/A,NORMAL,NORMAL
1789815755.017,2026-09-19 18:02:35.017,282,Perempatan Jl. Jendral Sudirman,120,3692,Golongan I,Sedan/Jip/Pick-up,0.769,125,169,194,210,159.8,190.3,-6.42,1.95,4.11,2.18,3.9,1.69,N/A,NORMAL,NORMAL
1789815755.017,2026-09-19 18:02:35.017,282,Perempatan Jl. Jendral Sudirman,120,3408,Golongan VI-B,Sepeda Motor (Tanpa Helm),0.477,480,148,511,178,496.2,163.3,3.55,-1.17,3.16,1.02,0.1,1.04,TANPA_HELM,MELANGGAR,KENDARAAN_BERHENTI
1789815755.017,2026-09-19 18:02:35.017,282,Perempatan Jl. Jendral Sudirman,120,3521,Golongan VI-B,Sepeda Motor (Tanpa Helm),0.352,298,258,363,392,331.0,325.7,1.26,14.93,9.12,1.72,0.7,0.49,TANPA_HELM,MELANGGAR,PELANGGARAN_HELM
1789815755.169,2026-09-19 18:02:35.168,282,Perempatan Jl. Jendral Sudirman,121,3515,Golongan VI-A,Sepeda Motor (Taat Helm),0.538,290,326,376,407,333.6,366.8,1.48,15.75,4.95,2.15,0.0,1.05,HELM,TAAT_HUKUM,KENDARAAN_BERHENTI
1789815755.169,2026-09-19 18:02:35.168,282,Perempatan Jl. Jendral Sudirman,121,3614,Golongan I,Sedan/Jip/Pick-up,0.694,232,166,352,225,292.4,195.7,-2.1,3.21,5.72,3.5,8.9,2.06,N/A,NORMAL,NORMAL
1789815755.169,2026-09-19 18:02:35.168,282,Perempatan Jl. Jendral Sudirman,121,3692,Golongan I,Sedan/Jip/Pick-up,0.731,121,169,189,209,155.5,189.5,-6.59,1.82,4.01,2.15,3.8,1.68,N/A,NORMAL,NORMAL
1789815755.169,2026-09-19 18:02:35.168,282,Perempatan Jl. Jendral Sudirman,121,3408,Golongan VI-B,Sepeda Motor (Tanpa Helm),0.437,480,148,511,178,496.3,163.3,3.55,-1.17,3.16,1.02,0.2,1.04,TANPA_HELM,MELANGGAR,KENDARAAN_BERHENTI
1789815755.169,2026-09-19 18:02:35.168,282,Perempatan Jl. Jendral Sudirman,121,3521,Golongan VI-B,Sepeda Motor (Tanpa Helm),0.345,298,258,363,392,331.0,325.7,1.26,14.93,9.12,1.72,0.6,0.49,TANPA_HELM,MELANGGAR,PELANGGARAN_HELM
1789815755.399,2026-09-19 18:02:35.398,282,Perempatan Jl. Jendral Sudirman,122,3515,Golongan VI-A,Sepeda Motor (Taat Helm),0.576,290,326,376,407,333.5,366.8,1.48,15.75,4.95,2.15,0.1,1.05,HELM,TAAT_HUKUM,KENDARAAN_BERHENTI
1789815755.399,2026-09-19 18:02:35.398,282,Perempatan Jl. Jendral Sudirman,122,3614,Golongan I,Sedan/Jip/Pick-up,0.692,222,166,337,223,280.0,195.0,-2.5,3.09,5.55,3.5,8.3,2.01,N/A,NORMAL,NORMAL
1789815755.399,2026-09-19 18:02:35.398,282,Perempatan Jl. Jendral Sudirman,122,3692,Golongan I,Sedan/Jip/Pick-up,0.784,117,168,185,209,151.5,188.8,-6.72,1.78,4.12,2.15,3.7,1.67,N/A,NORMAL,NORMAL
1789815755.399,2026-09-19 18:02:35.398,282,Perempatan Jl. Jendral Sudirman,122,3408,Golongan VI-B,Sepeda Motor (Tanpa Helm),0.412,480,148,511,178,496.2,163.2,3.55,-1.17,3.16,1.02,0.2,1.04,TANPA_HELM,MELANGGAR,KENDARAAN_BERHENTI
1789815755.399,2026-09-19 18:02:35.398,282,Perempatan Jl. Jendral Sudirman,122,3521,Golongan VI-B,Sepeda Motor (Tanpa Helm),0.34,298,258,363,393,331.3,325.7,1.27,14.95,9.17,1.71,0.5,0.48,TANPA_HELM,MELANGGAR,PELANGGARAN_HELM
1789815755.598,2026-09-19 18:02:35.598,282,Perempatan Jl. Jendral Sudirman,123,3515,Golongan VI-A,Sepeda Motor (Taat Helm),0.573,290,326,375,407,333.5,367.3,1.48,15.77,4.95,2.12,0.0,1.05,HELM,TAAT_HUKUM,KENDARAAN_BERHENTI
1789815755.598,2026-09-19 18:02:35.598,282,Perempatan Jl. Jendral Sudirman,123,3614,Golongan I,Sedan/Jip/Pick-up,0.668,216,166,328,223,272.4,194.7,-2.73,3.05,5.56,3.5,7.7,1.97,N/A,NORMAL,NORMAL
1789815755.598,2026-09-19 18:02:35.598,282,Perempatan Jl. Jendral Sudirman,123,3692,Golongan I,Sedan/Jip/Pick-up,0.764,114,168,180,208,147.5,188.2,-6.86,1.72,4.03,2.09,3.6,1.65,N/A,NORMAL,NORMAL
1789815755.598,2026-09-19 18:02:35.598,282,Perempatan Jl. Jendral Sudirman,123,3408,Golongan VI-B,Sepeda Motor (Tanpa Helm),0.405,480,148,511,178,496.2,163.1,3.54,-1.18,3.16,1.02,0.2,1.04,TANPA_HELM,MELANGGAR,KENDARAAN_BERHENTI
1789815755.598,2026-09-19 18:02:35.598,282,Perempatan Jl. Jendral Sudirman,123,3521,Golongan VI-B,Sepeda Motor (Tanpa Helm),0.331,298,258,363,393,331.2,326.1,1.28,15.0,9.17,1.71,0.5,0.48,TANPA_HELM,MELANGGAR,PELANGGARAN_HELM
1789815755.782,2026-09-19 18:02:35.782,282,Perempatan Jl. Jendral Sudirman,124,3515,Golongan VI-A,Sepeda Motor (Taat Helm),0.587,290,327,376,408,333.5,367.8,1.48,15.79,4.94,2.14,0.0,1.05,HELM,TAAT_HUKUM,KENDARAAN_BERHENTI
1789815755.782,2026-09-19 18:02:35.782,282,Perempatan Jl. Jendral Sudirman,124,3614,Golongan I,Sedan/Jip/Pick-up,0.65,209,168,314,223,262.3,195.8,-3.04,3.03,5.35,3.29,7.3,1.94,N/A,NORMAL,NORMAL
1789815755.782,2026-09-19 18:02:35.782,282,Perempatan Jl. Jendral Sudirman,124,3692,Golongan I,Sedan/Jip/Pick-up,0.772,110,168,175,207,143.0,187.8,-7.02,1.64,3.94,2.06,3.5,1.64,N/A,NORMAL,NORMAL
1789815755.782,2026-09-19 18:02:35.782,282,Perempatan Jl. Jendral Sudirman,124,3408,Golongan VI-B,Sepeda Motor (Tanpa Helm),0.427,480,148,511,177,496.3,163.1,3.55,-1.19,3.06,1.02,0.1,1.04,TANPA_HELM,MELANGGAR,KENDARAAN_BERHENTI
1789815755.782,2026-09-19 18:02:35.782,282,Perempatan Jl. Jendral Sudirman,124,3521,Golongan VI-B,Sepeda Motor (Tanpa Helm),0.406,298,258,363,393,331.0,326.1,1.27,14.97,9.17,1.71,0.5,0.48,TANPA_HELM,MELANGGAR,PELANGGARAN_HELM
1789815755.954,2026-09-19 18:02:35.954,282,Perempatan Jl. Jendral Sudirman,125,3515,Golongan VI-A,Sepeda Motor (Taat Helm),0.598,290,327,376,408,333.4,367.9,1.48,15.8,4.94,2.14,0.1,1.05,HELM,TAAT_HUKUM,KENDARAAN_BERHENTI
1789815755.954,2026-09-19 18:02:35.954,282,Perempatan Jl. Jendral Sudirman,125,3614,Golongan I,Sedan/Jip/Pick-up,0.681,203,168,305,222,254.5,195.4,-3.29,2.97,5.27,3.2,6.9,1.9,N/A,NORMAL,NORMAL
1789815755.954,2026-09-19 18:02:35.954,282,Perempatan Jl. Jendral Sudirman,125,3692,Golongan I,Sedan/Jip/Pick-up,0.768,107,168,171,207,139.5,187.6,-7.14,1.62,3.94,2.03,3.3,1.63,N/A,NORMAL,NORMAL
1789815755.954,2026-09-19 18:02:35.954,282,Perempatan Jl. Jendral Sudirman,125,3408,Golongan VI-B,Sepeda Motor (Tanpa Helm),0.439,481,148,511,177,496.3,163.1,3.55,-1.2,3.06,0.99,0.2,1.05,TANPA_HELM,MELANGGAR,KENDARAAN_BERHENTI
1789815755.954,2026-09-19 18:02:35.954,282,Perempatan Jl. Jendral Sudirman,125,3521,Golongan VI-B,Sepeda Motor (Tanpa Helm),0.384,298,258,363,392,330.8,325.6,1.26,14.93,9.12,1.72,0.4,0.48,TANPA_HELM,MELANGGAR,PELANGGARAN_HELM
1789815756.174,2026-09-19 18:02:36.173,282,Perempatan Jl. Jendral Sudirman,126,3515,Golongan VI-A,Sepeda Motor (Taat Helm),0.605,290,326,376,408,333.5,367.6,1.49,15.81,5.01,2.15,0.1,1.05,HELM,TAAT_HUKUM,KENDARAAN_BERHENTI
1789815756.174,2026-09-19 18:02:36.173,282,Perempatan Jl. Jendral Sudirman,126,3614,Golongan I,Sedan/Jip/Pick-up,0.747,197,167,297,220,247.4,194.3,-3.53,2.85,5.19,3.15,6.5,1.87,N/A,NORMAL,NORMAL
1789815756.174,2026-09-19 18:02:36.173,282,Perempatan Jl. Jendral Sudirman,126,3692,Golongan I,Sedan/Jip/Pick-up,0.805,104,167,167,206,135.7,187.3,-7.26,1.58,3.95,2.0,3.2,1.61,N/A,NORMAL,NORMAL
1789815756.174,2026-09-19 18:02:36.173,282,Perempatan Jl. Jendral Sudirman,126,3408,Golongan VI-B,Sepeda Motor (Tanpa Helm),0.421,480,148,511,177,496.3,163.1,3.55,-1.2,3.06,1.02,0.1,1.05,TANPA_HELM,MELANGGAR,KENDARAAN_BERHENTI
1789815756.174,2026-09-19 18:02:36.173,282,Perempatan Jl. Jendral Sudirman,126,3521,Golongan VI-B,Sepeda Motor (Tanpa Helm),0.334,299,258,363,391,331.1,325.0,1.26,14.88,9.06,1.69,0.2,0.48,TANPA_HELM,MELANGGAR,PELANGGARAN_HELM
1789815756.38,2026-09-19 18:02:36.379,282,Perempatan Jl. Jendral Sudirman,127,3515,Golongan VI-A,Sepeda Motor (Taat Helm),0.573,290,327,376,408,333.5,367.7,1.49,15.8,4.94,2.14,0.1,1.05,HELM,TAAT_HUKUM,KENDARAAN_BERHENTI
1789815756.38,2026-09-19 18:02:36.379,282,Perempatan Jl. Jendral Sudirman,127,3614,Golongan I,Sedan/Jip/Pick-up,0.726,190,166,289,220,239.7,193.5,-3.78,2.8,5.31,3.12,6.1,1.84,N/A,NORMAL,NORMAL
1789815756.38,2026-09-19 18:02:36.379,282,Perempatan Jl. Jendral Sudirman,127,3692,Golongan I,Sedan/Jip/Pick-up,0.767,101,167,162,206,132.1,187.0,-7.39,1.53,3.96,1.94,3.0,1.6,N/A,NORMAL,NORMAL
1789815756.38,2026-09-19 18:02:36.379,282,Perempatan Jl. Jendral Sudirman,127,3408,Golongan VI-B,Sepeda Motor (Tanpa Helm),0.415,480,148,511,177,496.3,163.1,3.55,-1.19,3.06,1.02,0.1,1.05,TANPA_HELM,MELANGGAR,KENDARAAN_BERHENTI
1789815756.38,2026-09-19 18:02:36.379,282,Perempatan Jl. Jendral Sudirman,127,3521,Golongan VI-B,Sepeda Motor (Tanpa Helm),0.38,299,258,363,390,331.4,324.4,1.25,14.82,9.0,1.69,0.2,0.48,TANPA_HELM,MELANGGAR,PELANGGARAN_HELM
1789815756.667,2026-09-19 18:02:36.667,282,Perempatan Jl. Jendral Sudirman,128,3515,Golongan VI-A,Sepeda Motor (Taat Helm),0.657,290,326,376,408,333.6,367.9,1.49,15.83,5.01,2.15,0.1,1.06,HELM,TAAT_HUKUM,KENDARAAN_BERHENTI
1789815756.667,2026-09-19 18:02:36.667,282,Perempatan Jl. Jendral Sudirman,128,3408,Golongan VI-B,Sepeda Motor (Tanpa Helm),0.443,480,147,511,177,495.9,163.0,3.54,-1.18,3.17,1.02,0.1,1.05,TANPA_HELM,MELANGGAR,KENDARAAN_BERHENTI
1789815756.667,2026-09-19 18:02:36.667,282,Perempatan Jl. Jendral Sudirman,128,3521,Golongan VI-B,Sepeda Motor (Tanpa Helm),0.301,297,260,359,390,328.5,325.7,1.19,14.84,8.84,1.64,0.2,0.48,TANPA_HELM,MELANGGAR,PELANGGARAN_HELM
1789815756.667,2026-09-19 18:02:36.667,282,Perempatan Jl. Jendral Sudirman,128,3520,Golongan I,Sedan/Jip/Pick-up,0.849,613,163,724,220,669.0,192.0,9.18,2.81,5.48,3.5,0.0,1.96,N/A,NORMAL,NORMAL
1789815756.882,2026-09-19 18:02:36.882,282,Perempatan Jl. Jendral Sudirman,129,3515,Golongan VI-A,Sepeda Motor (Taat Helm),0.579,289,324,377,408,333.4,366.9,1.49,15.84,5.14,2.2,0.1,1.05,HELM,TAAT_HUKUM,KENDARAAN_BERHENTI
1789815756.882,2026-09-19 18:02:36.882,282,Perempatan Jl. Jendral Sudirman,129,3408,Golongan VI-B,Sepeda Motor (Tanpa Helm),0.35,481,147,510,175,495.7,161.3,3.5,-1.47,2.97,0.96,0.3,1.06,TANPA_HELM,MELANGGAR,KENDARAAN_BERHENTI
1789815756.882,2026-09-19 18:02:36.882,282,Perempatan Jl. Jendral Sudirman,129,3521,Golongan VI-B,Sepeda Motor (Tanpa Helm),0.372,296,260,360,393,328.7,326.6,1.21,14.96,9.01,1.69,0.2,0.48,TANPA_HELM,MELANGGAR,PELANGGARAN_HELM
1789815757.049,2026-09-19 18:02:37.048,282,Perempatan Jl. Jendral Sudirman,130,3515,Golongan VI-A,Sepeda Motor (Taat Helm),0.583,288,324,378,409,333.5,367.4,1.5,15.89,5.2,2.25,0.2,1.05,HELM,TAAT_HUKUM,KENDARAAN_BERHENTI
1789815757.049,2026-09-19 18:02:37.048,282,Perempatan Jl. Jendral Sudirman,130,3408,Golongan VI-B,Sepeda Motor (Tanpa Helm),0.274,481,147,509,173,495.7,160.7,3.48,-1.58,2.77,0.93,0.5,1.08,TANPA_HELM,MELANGGAR,KENDARAAN_BERHENTI
1789815757.049,2026-09-19 18:02:37.048,282,Perempatan Jl. Jendral Sudirman,130,3521,Golongan VI-B,Sepeda Motor (Tanpa Helm),0.333,295,260,359,392,327.5,326.5,1.18,14.95,8.96,1.69,0.2,0.48,TANPA_HELM,MELANGGAR,PELANGGARAN_HELM
1789815757.049,2026-09-19 18:02:37.048,282,Perempatan Jl. Jendral Sudirman,130,3706,Golongan I,Sedan/Jip/Pick-up,0.88,462,164,610,225,536.7,195.2,5.23,3.28,5.84,3.5,0.0,2.41,N/A,NORMAL,NORMAL
1789815757.049,2026-09-19 18:02:37.048,282,Perempatan Jl. Jendral Sudirman,130,3707,Golongan VI-B,Sepeda Motor (Tanpa Helm),0.481,183,305,278,389,231.1,347.8,-1.19,14.77,5.44,2.43,0.0,1.13,TANPA_HELM,MELANGGAR,PELANGGARAN_HELM
1789815757.248,2026-09-19 18:02:37.248,282,Perempatan Jl. Jendral Sudirman,131,3515,Golongan VI-A,Sepeda Motor (Taat Helm),0.572,289,325,378,410,333.6,367.8,1.51,15.91,5.18,2.22,0.2,1.05,HELM,TAAT_HUKUM,KENDARAAN_BERHENTI
1789815757.248,2026-09-19 18:02:37.248,282,Perempatan Jl. Jendral Sudirman,131,3521,Golongan VI-B,Sepeda Motor (Tanpa Helm),0.287,295,260,358,392,327.3,326.7,1.18,14.94,8.96,1.66,0.2,0.48,TANPA_HELM,MELANGGAR,PELANGGARAN_HELM
1789815757.248,2026-09-19 18:02:37.248,282,Perempatan Jl. Jendral Sudirman,131,3706,Golongan I,Sedan/Jip/Pick-up,0.849,455,167,597,226,526.5,197.3,4.93,3.36,5.61,3.5,0.0,2.41,N/A,NORMAL,NORMAL
1789815757.248,2026-09-19 18:02:37.248,282,Perempatan Jl. Jendral Sudirman,131,3707,Golongan VI-B,Sepeda Motor (Tanpa Helm),0.476,192,310,278,386,235.5,348.9,-1.12,14.61,4.91,2.2,0.0,1.13,TANPA_HELM,MELANGGAR,PELANGGARAN_HELM
1789815757.499,2026-09-19 18:02:37.499,282,Perempatan Jl. Jendral Sudirman,132,3515,Golongan VI-A,Sepeda Motor (Taat Helm),0.569,289,326,377,410,333.6,368.6,1.51,15.92,5.12,2.19,0.3,1.05,HELM,TAAT_HUKUM,KENDARAAN_BERHENTI
1789815757.499,2026-09-19 18:02:37.499,282,Perempatan Jl. Jendral Sudirman,132,3521,Golongan VI-B,Sepeda Motor (Tanpa Helm),0.282,295,260,359,394,327.7,327.2,1.2,15.02,9.07,1.69,0.2,0.48,TANPA_HELM,MELANGGAR,PELANGGARAN_HELM
1789815757.499,2026-09-19 18:02:37.499,282,Perempatan Jl. Jendral Sudirman,132,3706,Golongan I,Sedan/Jip/Pick-up,0.832,442,168,585,227,514.1,198.1,4.57,3.44,5.6,3.5,5.4,2.42,N/A,NORMAL,NORMAL
1789815757.499,2026-09-19 18:02:37.499,282,Perempatan Jl. Jendral Sudirman,132,3707,Golongan VI-B,Sepeda Motor (Tanpa Helm),0.495,203,314,281,383,242.1,349.0,-1.0,14.42,4.44,1.99,3.1,1.12,TANPA_HELM,MELANGGAR,PELANGGARAN_HELM
1789815757.698,2026-09-19 18:02:37.698,282,Perempatan Jl. Jendral Sudirman,133,3515,Golongan VI-A,Sepeda Motor (Taat Helm),0.581,289,327,377,411,333.3,369.3,1.51,15.95,5.11,2.19,0.3,1.05,HELM,TAAT_HUKUM,KENDARAAN_BERHENTI
1789815757.698,2026-09-19 18:02:37.698,282,Perempatan Jl. Jendral Sudirman,133,3521,Golongan VI-B,Sepeda Motor (Tanpa Helm),0.268,295,260,358,393,326.7,326.9,1.17,14.96,9.02,1.66,0.2,0.48,TANPA_HELM,MELANGGAR,PELANGGARAN_HELM
1789815757.698,2026-09-19 18:02:37.698,282,Perempatan Jl. Jendral Sudirman,133,3706,Golongan I,Sedan/Jip/Pick-up,0.866,431,169,572,228,501.8,198.8,4.2,3.47,5.58,3.5,5.6,2.42,N/A,NORMAL,NORMAL
1789815757.698,2026-09-19 18:02:37.698,282,Perempatan Jl. Jendral Sudirman,133,3707,Golongan VI-B,Sepeda Motor (Tanpa Helm),0.45,211,315,284,381,248.1,348.3,-0.89,14.27,4.25,1.86,3.2,1.12,TANPA_HELM,MELANGGAR,PELANGGARAN_HELM
1789815757.864,2026-09-19 18:02:37.863,282,Perempatan Jl. Jendral Sudirman,134,3515,Golongan VI-A,Sepeda Motor (Taat Helm),0.578,289,327,377,411,333.1,369.2,1.51,15.97,5.11,2.19,0.3,1.04,HELM,TAAT_HUKUM,KENDARAAN_BERHENTI
1789815757.864,2026-09-19 18:02:37.863,282,Perempatan Jl. Jendral Sudirman,134,3521,Golongan VI-B,Sepeda Motor (Tanpa Helm),0.277,294,260,358,393,326.6,326.8,1.16,14.96,9.02,1.69,0.2,0.48,TANPA_HELM,MELANGGAR,PELANGGARAN_HELM
1789815757.864,2026-09-19 18:02:37.863,282,Perempatan Jl. Jendral Sudirman,134,3706,Golongan I,Sedan/Jip/Pick-up,0.889,419,170,559,228,489.2,199.2,3.83,3.47,5.49,3.5,5.8,2.42,N/A,NORMAL,NORMAL
1789815757.864,2026-09-19 18:02:37.863,282,Perempatan Jl. Jendral Sudirman,134,3707,Golongan VI-B,Sepeda Motor (Tanpa Helm),0.44,217,316,288,380,252.9,348.3,-0.79,14.22,4.12,1.81,3.1,1.12,TANPA_HELM,MELANGGAR,PELANGGARAN_HELM
1789815758.065,2026-09-19 18:02:38.064,282,Perempatan Jl. Jendral Sudirman,135,3515,Golongan VI-A,Sepeda Motor (Taat Helm),0.544,288,327,376,411,332.8,369.8,1.5,15.99,5.11,2.19,0.3,1.04,HELM,TAAT_HUKUM,KENDARAAN_BERHENTI
1789815758.065,2026-09-19 18:02:38.064,282,Perempatan Jl. Jendral Sudirman,135,3521,Golongan VI-B,Sepeda Motor (Tanpa Helm),0.34,295,261,358,394,327.1,327.6,1.19,15.01,8.99,1.66,0.2,0.48,TANPA_HELM,MELANGGAR,PELANGGARAN_HELM
1789815758.065,2026-09-19 18:02:38.064,282,Perempatan Jl. Jendral Sudirman,135,3706,Golongan I,Sedan/Jip/Pick-up,0.811,404,170,546,228,475.9,199.4,3.44,3.52,5.49,3.5,6.1,2.42,N/A,NORMAL,NORMAL
1789815758.065,2026-09-19 18:02:38.064,282,Perempatan Jl. Jendral Sudirman,135,3707,Golongan VI-B,Sepeda Motor (Tanpa Helm),0.392,220,314,293,379,257.2,346.7,-0.69,14.16,4.2,1.87,3.0,1.12,TANPA_HELM,MELANGGAR,PELANGGARAN_HELM
1789815758.246,2026-09-19 18:02:38.245,282,Perempatan Jl. Jendral Sudirman,136,3515,Golongan VI-A,Sepeda Motor (Taat Helm),0.522,288,327,375,410,332.2,369.0,1.48,15.94,5.05,2.17,0.3,1.04,HELM,TAAT_HUKUM,KENDARAAN_BERHENTI
1789815758.246,2026-09-19 18:02:38.245,282,Perempatan Jl. Jendral Sudirman,136,3521,Golongan VI-B,Sepeda Motor (Tanpa Helm),0.262,296,260,359,394,328.0,327.4,1.21,15.02,9.07,1.66,0.3,0.48,TANPA_HELM,MELANGGAR,PELANGGARAN_HELM
1789815758.246,2026-09-19 18:02:38.245,282,Perempatan Jl. Jendral Sudirman,136,3706,Golongan I,Sedan/Jip/Pick-up,0.841,394,170,536,229,465.3,200.0,3.13,3.58,5.58,3.5,6.2,2.43,N/A,NORMAL,NORMAL
1789815758.246,2026-09-19 18:02:38.245,282,Perempatan Jl. Jendral Sudirman,136,3707,Golongan VI-B,Sepeda Motor (Tanpa Helm),0.397,224,313,296,377,260.4,345.5,-0.64,14.06,4.15,1.84,2.9,1.12,TANPA_HELM,MELANGGAR,PELANGGARAN_HELM
1789815758.246,2026-09-19 18:02:38.245,282,Perempatan Jl. Jendral Sudirman,136,3686,Golongan VI-A,Sepeda Motor (Taat Helm),0.285,300,301,347,397,323.9,349.3,1.14,15.2,6.13,1.2,0.0,0.49,HELM,TAAT_HUKUM,NORMAL
1789815758.246,2026-09-19 18:02:38.245,282,Perempatan Jl. Jendral Sudirman,136,3604,Golongan I,Sedan/Jip/Pick-up,0.283,348,137,426,179,387.7,158.2,0.07,-1.07,4.53,2.59,0.0,1.86,N/A,NORMAL,KENDARAAN_BERHENTI
1789815758.465,2026-09-19 18:02:38.465,282,Perempatan Jl. Jendral Sudirman,137,3515,Golongan VI-A,Sepeda Motor (Taat Helm),0.498,288,328,375,411,332.1,370.3,1.49,15.98,5.04,2.16,0.3,1.05,HELM,TAAT_HUKUM,KENDARAAN_BERHENTI
1789815758.465,2026-09-19 18:02:38.465,282,Perempatan Jl. Jendral Sudirman,137,3521,Golongan VI-B,Sepeda Motor (Tanpa Helm),0.298,295,263,358,394,326.7,329.0,1.18,15.05,8.83,1.65,0.3,0.48,TANPA_HELM,MELANGGAR,PELANGGARAN_HELM
1789815758.465,2026-09-19 18:02:38.465,282,Perempatan Jl. Jendral Sudirman,137,3706,Golongan I,Sedan/Jip/Pick-up,0.861,383,171,522,228,453.3,200.2,2.76,3.53,5.39,3.5,6.2,2.43,N/A,NORMAL,NORMAL
1789815758.465,2026-09-19 18:02:38.465,282,Perempatan Jl. Jendral Sudirman,137,3707,Golongan VI-B,Sepeda Motor (Tanpa Helm),0.379,221,303,302,376,262.2,339.8,-0.61,13.99,4.8,2.09,2.7,1.1,TANPA_HELM,MELANGGAR,PELANGGARAN_HELM
1789815758.465,2026-09-19 18:02:38.465,282,Perempatan Jl. Jendral Sudirman,137,3686,Golongan VI-A,Sepeda Motor (Taat Helm),0.271,298,301,348,397,323.6,349.5,1.14,15.22,6.13,1.28,0.0,0.52,HELM,TAAT_HUKUM,NORMAL
1789815758.465,2026-09-19 18:02:38.465,282,Perempatan Jl. Jendral Sudirman,137,3604,Golongan I,Sedan/Jip/Pick-up,0.259,349,137,426,178,388.0,158.1,0.08,-1.08,4.43,2.56,0.0,1.86,N/A,NORMAL,KENDARAAN_BERHENTI
1789815758.656,2026-09-19 18:02:38.656,282,Perempatan Jl. Jendral Sudirman,138,3515,Golongan VI-A,Sepeda Motor (Taat Helm),0.472,289,329,375,411,332.1,370.8,1.49,15.98,4.97,2.14,0.3,1.05,HELM,TAAT_HUKUM,KENDARAAN_BERHENTI
1789815758.656,2026-09-19 18:02:38.656,282,Perempatan Jl. Jendral Sudirman,138,3521,Golongan VI-B,Sepeda Motor (Tanpa Helm),0.36,295,262,357,393,326.5,328.1,1.16,14.98,8.86,1.63,0.3,0.48,TANPA_HELM,MELANGGAR,PELANGGARAN_HELM
1789815758.656,2026-09-19 18:02:38.656,282,Perempatan Jl. Jendral Sudirman,138,3706,Golongan I,Sedan/Jip/Pick-up,0.831,369,171,509,229,439.6,200.8,2.37,3.6,5.49,3.5,6.3,2.44,N/A,NORMAL,NORMAL
1789815758.656,2026-09-19 18:02:38.656,282,Perempatan Jl. Jendral Sudirman,138,3707,Golongan VI-B,Sepeda Motor (Tanpa Helm),0.314,223,301,304,375,264.2,338.3,-0.57,13.93,4.88,2.09,2.6,1.09,TANPA_HELM,MELANGGAR,PELANGGARAN_HELM
1789815758.656,2026-09-19 18:02:38.656,282,Perempatan Jl. Jendral Sudirman,138,3604,Golongan I,Sedan/Jip/Pick-up,0.311,348,137,426,178,387.6,158.0,0.06,-1.1,4.43,2.59,0.3,1.86,N/A,NORMAL,KENDARAAN_BERHENTI
1789815758.656,2026-09-19 18:02:38.656,282,Perempatan Jl. Jendral Sudirman,138,3408,Golongan VI-B,Sepeda Motor (Tanpa Helm),0.259,481,147,509,173,495.6,160.6,3.48,-1.62,2.77,0.93,0.0,1.09,TANPA_HELM,MELANGGAR,KENDARAAN_BERHENTI
1789815758.865,2026-09-19 18:02:38.865,282,Perempatan Jl. Jendral Sudirman,139,3515,Golongan VI-A,Sepeda Motor (Taat Helm),0.516,288,328,376,411,332.5,370.0,1.5,15.99,5.04,2.19,0.3,1.05,HELM,TAAT_HUKUM,KENDARAAN_BERHENTI
1789815758.865,2026-09-19 18:02:38.865,282,Perempatan Jl. Jendral Sudirman,139,3521,Golongan VI-B,Sepeda Motor (Tanpa Helm),0.313,295,261,359,393,327.4,327.6,1.19,14.99,8.93,1.68,0.2,0.48,TANPA_HELM,MELANGGAR,PELANGGARAN_HELM
1789815758.865,2026-09-19 18:02:38.865,282,Perempatan Jl. Jendral Sudirman,139,3706,Golongan I,Sedan/Jip/Pick-up,0.861,359,172,500,229,429.7,201.0,2.07,3.62,5.39,3.5,6.3,2.43,N/A,NORMAL,NORMAL
1789815758.865,2026-09-19 18:02:38.865,282,Perempatan Jl. Jendral Sudirman,139,3707,Golongan VI-B,Sepeda Motor (Tanpa Helm),0.388,229,308,302,375,265.7,342.1,-0.53,13.93,4.38,1.88,2.4,1.09,TANPA_HELM,MELANGGAR,PELANGGARAN_HELM
1789815758.865,2026-09-19 18:02:38.865,282,Perempatan Jl. Jendral Sudirman,139,3604,Golongan I,Sedan/Jip/Pick-up,0.262,348,137,425,178,387.1,158.0,0.05,-1.08,4.43,2.56,0.2,1.85,N/A,NORMAL,KENDARAAN_BERHENTI
1789815758.865,2026-09-19 18:02:38.865,282,Perempatan Jl. Jendral Sudirman,139,3408,Golongan VI-B,Sepeda Motor (Tanpa Helm),0.423,479,148,511,177,495.6,162.6,3.51,-1.27,3.06,1.06,0.0,1.09,TANPA_HELM,MELANGGAR,KENDARAAN_BERHENTI
1789815759.073,2026-09-19 18:02:39.073,282,Perempatan Jl. Jendral Sudirman,140,3515,Golongan VI-A,Sepeda Motor (Taat Helm),0.476,288,327,376,412,332.7,370.0,1.51,16.01,5.16,2.19,0.2,1.05,HELM,TAAT_HUKUM,KENDARAAN_BERHENTI
1789815759.073,2026-09-19 18:02:39.073,282,Perempatan Jl. Jendral Sudirman,140,3521,Golongan VI-B,Sepeda Motor (Tanpa Helm),0.375,295,260,359,393,327.4,326.8,1.18,14.96,9.02,1.69,0.1,0.48,TANPA_HELM,MELANGGAR,PELANGGARAN_HELM
1789815759.073,2026-09-19 18:02:39.073,282,Perempatan Jl. Jendral Sudirman,140,3706,Golongan I,Sedan/Jip/Pick-up,0.867,349,171,489,229,419.3,200.8,1.76,3.61,5.49,3.5,6.3,2.43,N/A,NORMAL,NORMAL
1789815759.073,2026-09-19 18:02:39.073,282,Perempatan Jl. Jendral Sudirman,140,3707,Golongan VI-B,Sepeda Motor (Tanpa Helm),0.42,232,312,301,375,266.7,344.1,-0.5,13.95,4.1,1.77,2.1,1.09,TANPA_HELM,MELANGGAR,PELANGGARAN_HELM
1789815759.073,2026-09-19 18:02:39.073,282,Perempatan Jl. Jendral Sudirman,140,3408,Golongan VI-B,Sepeda Motor (Tanpa Helm),0.588,479,148,512,178,495.9,163.6,3.54,-1.09,3.16,1.09,4.6,1.08,TANPA_HELM,MELANGGAR,KENDARAAN_BERHENTI
1789815759.259,2026-09-19 18:02:39.259,282,Perempatan Jl. Jendral Sudirman,141,3515,Golongan VI-A,Sepeda Motor (Taat Helm),0.477,288,327,377,412,332.8,369.8,1.51,16.02,5.16,2.21,0.2,1.05,HELM,TAAT_HUKUM,KENDARAAN_BERHENTI
1789815759.259,2026-09-19 18:02:39.259,282,Perempatan Jl. Jendral Sudirman,141,3521,Golongan VI-B,Sepeda Motor (Tanpa Helm),0.354,295,261,358,393,327.2,327.0,1.18,14.95,8.94,1.66,0.1,0.48,TANPA_HELM,MELANGGAR,PELANGGARAN_HELM
1789815759.259,2026-09-19 18:02:39.259,282,Perempatan Jl. Jendral Sudirman,141,3706,Golongan I,Sedan/Jip/Pick-up,0.872,338,172,478,230,408.9,201.5,1.46,3.66,5.48,3.5,6.3,2.42,N/A,NORMAL,NORMAL
1789815759.259,2026-09-19 18:02:39.259,282,Perempatan Jl. Jendral Sudirman,141,3707,Golongan VI-B,Sepeda Motor (Tanpa Helm),0.423,233,314,300,375,267.1,344.9,-0.5,13.94,3.95,1.72,1.9,1.09,TANPA_HELM,MELANGGAR,PELANGGARAN_HELM
1789815759.259,2026-09-19 18:02:39.259,282,Perempatan Jl. Jendral Sudirman,141,3408,Golongan VI-B,Sepeda Motor (Tanpa Helm),0.603,479,148,512,179,495.7,163.8,3.54,-1.06,3.26,1.09,4.1,1.08,TANPA_HELM,MELANGGAR,KENDARAAN_BERHENTI
1789815759.482,2026-09-19 18:02:39.481,282,Perempatan Jl. Jendral Sudirman,142,3515,Golongan VI-A,Sepeda Motor (Taat Helm),0.464,288,325,376,410,332.5,367.7,1.48,15.89,5.19,2.19,0.2,1.05,HELM,TAAT_HUKUM,KENDARAAN_BERHENTI
1789815759.482,2026-09-19 18:02:39.481,282,Perempatan Jl. Jendral Sudirman,142,3521,Golongan VI-B,Sepeda Motor (Tanpa Helm),0.323,294,261,358,392,326.5,327.0,1.16,14.94,8.88,1.69,0.1,0.48,TANPA_HELM,MELANGGAR,PELANGGARAN_HELM
1789815759.482,2026-09-19 18:02:39.481,282,Perempatan Jl. Jendral Sudirman,142,3706,Golongan I,Sedan/Jip/Pick-up,0.85,328,173,466,230,397.4,201.8,1.12,3.66,5.38,3.5,6.3,2.42,N/A,NORMAL,NORMAL
1789815759.482,2026-09-19 18:02:39.481,282,Perempatan Jl. Jendral Sudirman,142,3707,Golongan VI-B,Sepeda Motor (Tanpa Helm),0.42,234,314,300,375,267.3,345.1,-0.49,13.94,3.95,1.69,1.5,1.09,TANPA_HELM,MELANGGAR,PELANGGARAN_HELM
1789815759.482,2026-09-19 18:02:39.481,282,Perempatan Jl. Jendral Sudirman,142,3408,Golongan VI-B,Sepeda Motor (Tanpa Helm),0.64,479,148,512,178,496.0,163.6,3.55,-1.08,3.16,1.09,3.4,1.07,TANPA_HELM,MELANGGAR,KENDARAAN_BERHENTI
1789815759.482,2026-09-19 18:02:39.481,282,Perempatan Jl. Jendral Sudirman,142,3723,Golongan VI-A,Sepeda Motor (Taat Helm),0.314,231,289,300,372,265.6,331.0,-0.57,13.79,5.58,1.8,0.0,0.82,HELM,TAAT_HUKUM,NORMAL
1789815759.71,2026-09-19 18:02:39.710,282,Perempatan Jl. Jendral Sudirman,143,3515,Golongan VI-A,Sepeda Motor (Taat Helm),0.483,288,326,377,411,332.7,368.8,1.5,15.96,5.17,2.22,0.1,1.05,HELM,TAAT_HUKUM,KENDARAAN_BERHENTI
1789815759.71,2026-09-19 18:02:39.710,282,Perempatan Jl. Jendral Sudirman,143,3521,Golongan VI-B,Sepeda Motor (Tanpa Helm),0.321,296,264,357,392,326.9,328.7,1.16,14.93,8.64,1.6,0.1,0.48,TANPA_HELM,MELANGGAR,PELANGGARAN_HELM
1789815759.71,2026-09-19 18:02:39.710,282,Perempatan Jl. Jendral Sudirman,143,3706,Golongan I,Sedan/Jip/Pick-up,0.892,323,174,457,229,390.5,201.9,0.9,3.61,5.19,3.5,6.1,2.41,N/A,NORMAL,NORMAL
1789815759.71,2026-09-19 18:02:39.710,282,Perempatan Jl. Jendral Sudirman,143,3707,Golongan VI-B,Sepeda Motor (Tanpa Helm),0.436,234,314,300,375,267.3,345.0,-0.5,13.93,3.95,1.69,1.2,1.09,TANPA_HELM,MELANGGAR,PELANGGARAN_HELM
1789815759.71,2026-09-19 18:02:39.710,282,Perempatan Jl. Jendral Sudirman,143,3408,Golongan VI-B,Sepeda Motor (Tanpa Helm),0.627,479,147,512,178,495.9,163.4,3.54,-1.1,3.27,1.09,2.8,1.07,TANPA_HELM,MELANGGAR,KENDARAAN_BERHENTI
1789815759.71,2026-09-19 18:02:39.710,282,Perempatan Jl. Jendral Sudirman,143,3723,Golongan VI-A,Sepeda Motor (Taat Helm),0.325,231,289,299,372,265.6,331.1,-0.57,13.79,5.58,1.77,0.0,0.82,HELM,TAAT_HUKUM,NORMAL
1789815759.957,2026-09-19 18:02:39.957,282,Perempatan Jl. Jendral Sudirman,144,3515,Golongan VI-A,Sepeda Motor (Taat Helm),0.48,287,325,377,411,332.7,368.4,1.5,15.99,5.24,2.24,0.1,1.04,HELM,TAAT_HUKUM,KENDARAAN_BERHENTI
1789815759.957,2026-09-19 18:02:39.957,282,Perempatan Jl. Jendral Sudirman,144,3521,Golongan VI-B,Sepeda Motor (Tanpa Helm),0.312,296,269,356,393,326.8,331.6,1.17,14.96,8.3,1.57,0.1,0.49,TANPA_HELM,MELANGGAR,PELANGGARAN_HELM
1789815759.957,2026-09-19 18:02:39.957,282,Perempatan Jl. Jendral Sudirman,144,3706,Golongan I,Sedan/Jip/Pick-up,0.81,314,174,447,229,381.0,201.8,0.62,3.58,5.2,3.5,5.8,2.4,N/A,NORMAL,NORMAL
1789815759.957,2026-09-19 18:02:39.957,282,Perempatan Jl. Jendral Sudirman,144,3707,Golongan VI-B,Sepeda Motor (Tanpa Helm),0.431,233,312,301,375,267.2,344.3,-0.49,13.95,4.09,1.74,1.0,1.09,TANPA_HELM,MELANGGAR,PELANGGARAN_HELM
1789815759.957,2026-09-19 18:02:39.957,282,Perempatan Jl. Jendral Sudirman,144,3408,Golongan VI-B,Sepeda Motor (Tanpa Helm),0.548,479,147,512,178,495.8,163.2,3.54,-1.14,3.27,1.09,2.2,1.06,TANPA_HELM,MELANGGAR,KENDARAAN_BERHENTI
1789815759.957,2026-09-19 18:02:39.957,282,Perempatan Jl. Jendral Sudirman,144,3723,Golongan VI-A,Sepeda Motor (Taat Helm),0.331,230,289,299,372,265.1,331.1,-0.58,13.79,5.58,1.8,0.1,0.82,HELM,TAAT_HUKUM,NORMAL
1789815760.148,2026-09-19 18:02:40.148,282,Perempatan Jl. Jendral Sudirman,145,3515,Golongan VI-A,Sepeda Motor (Taat Helm),0.495,287,326,377,412,332.5,369.1,1.5,16.0,5.23,2.24,0.1,1.04,HELM,TAAT_HUKUM,KENDARAAN_BERHENTI
1789815760.148,2026-09-19 18:02:40.148,282,Perempatan Jl. Jendral Sudirman,145,3521,Golongan VI-B,Sepeda Motor (Tanpa Helm),0.335,295,264,357,393,326.5,329.1,1.17,15.0,8.7,1.63,0.1,0.49,TANPA_HELM,MELANGGAR,PELANGGARAN_HELM
1789815760.148,2026-09-19 18:02:40.148,282,Perempatan Jl. Jendral Sudirman,145,3706,Golongan I,Sedan/Jip/Pick-up,0.833,301,175,432,229,366.7,202.7,0.2,3.63,5.1,3.5,5.7,2.41,N/A,NORMAL,NORMAL
1789815760.148,2026-09-19 18:02:40.148,282,Perempatan Jl. Jendral Sudirman,145,3707,Golongan VI-B,Sepeda Motor (Tanpa Helm),0.437,231,311,301,375,266.5,343.6,-0.51,13.95,4.17,1.8,0.7,1.09,TANPA_HELM,MELANGGAR,KENDARAAN_BERHENTI
1789815760.148,2026-09-19 18:02:40.148,282,Perempatan Jl. Jendral Sudirman,145,3408,Golongan VI-B,Sepeda Motor (Tanpa Helm),0.594,479,147,511,178,495.8,163.1,3.53,-1.15,3.27,1.06,1.8,1.06,TANPA_HELM,MELANGGAR,KENDARAAN_BERHENTI
1789815760.148,2026-09-19 18:02:40.148,282,Perempatan Jl. Jendral Sudirman,145,3723,Golongan VI-A,Sepeda Motor (Taat Helm),0.339,230,289,299,372,264.8,331.2,-0.59,13.8,5.58,1.8,0.1,0.82,HELM,TAAT_HUKUM,NORMAL
1789815760.572,2026-09-19 18:02:40.572,282,Perempatan Jl. Jendral Sudirman,146,3515,Golongan VI-A,Sepeda Motor (Taat Helm),0.513,287,325,377,412,332.1,368.9,1.49,16.01,5.3,2.24,0.1,1.04,HELM,TAAT_HUKUM,KENDARAAN_BERHENTI
1789815760.572,2026-09-19 18:02:40.572,282,Perempatan Jl. Jendral Sudirman,146,3521,Golongan VI-B,Sepeda Motor (Tanpa Helm),0.344,293,261,358,394,325.8,327.8,1.15,15.01,8.99,1.71,0.1,0.49,TANPA_HELM,MELANGGAR,PELANGGARAN_HELM
1789815760.572,2026-09-19 18:02:40.572,282,Perempatan Jl. Jendral Sudirman,146,3706,Golongan I,Sedan/Jip/Pick-up,0.834,291,174,426,230,359.1,202.4,-0.02,3.68,5.3,3.5,5.3,2.39,N/A,NORMAL,NORMAL
1789815760.572,2026-09-19 18:02:40.572,282,Perempatan Jl. Jendral Sudirman,146,3707,Golongan VI-B,Sepeda Motor (Tanpa Helm),0.346,231,312,299,375,265.8,344.3,-0.53,13.96,4.1,1.74,0.5,1.08,TANPA_HELM,MELANGGAR,KENDARAAN_BERHENTI
1789815760.572,2026-09-19 18:02:40.572,282,Perempatan Jl. Jendral Sudirman,146,3408,Golongan VI-B,Sepeda Motor (Tanpa Helm),0.598,479,147,512,178,496.1,163.2,3.55,-1.13,3.27,1.09,1.4,1.06,TANPA_HELM,MELANGGAR,KENDARAAN_BERHENTI
1789815760.783,2026-09-19 18:02:40.782,282,Perempatan Jl. Jendral Sudirman,147,3515,Golongan VI-A,Sepeda Motor (Taat Helm),0.489,286,325,377,412,331.9,369.2,1.49,16.04,5.3,2.27,0.1,1.04,HELM,TAAT_HUKUM,KENDARAAN_BERHENTI
1789815760.783,2026-09-19 18:02:40.782,282,Perempatan Jl. Jendral Sudirman,147,3521,Golongan VI-B,Sepeda Motor (Tanpa Helm),0.378,293,260,358,394,325.7,327.4,1.16,15.05,9.07,1.71,0.1,0.49,TANPA_HELM,MELANGGAR,PELANGGARAN_HELM
1789815760.783,2026-09-19 18:02:40.782,282,Perempatan Jl. Jendral Sudirman,147,3706,Golongan I,Sedan/Jip/Pick-up,0.849,283,174,412,229,348.0,202.2,-0.37,3.58,5.21,3.5,5.0,2.38,N/A,NORMAL,NORMAL
1789815760.783,2026-09-19 18:02:40.782,282,Perempatan Jl. Jendral Sudirman,147,3707,Golongan VI-B,Sepeda Motor (Tanpa Helm),0.276,230,314,297,375,264.2,345.1,-0.56,13.97,3.96,1.72,0.3,1.08,TANPA_HELM,MELANGGAR,KENDARAAN_BERHENTI
1789815760.783,2026-09-19 18:02:40.782,282,Perempatan Jl. Jendral Sudirman,147,3408,Golongan VI-B,Sepeda Motor (Tanpa Helm),0.497,479,147,512,180,495.9,164.0,3.56,-0.97,3.47,1.09,1.3,1.05,TANPA_HELM,MELANGGAR,KENDARAAN_BERHENTI
1789815760.962,2026-09-19 18:02:40.961,282,Perempatan Jl. Jendral Sudirman,148,3515,Golongan VI-A,Sepeda Motor (Taat Helm),0.483,286,325,377,413,332.0,369.5,1.5,16.06,5.35,2.27,0.1,1.04,HELM,TAAT_HUKUM,KENDARAAN_BERHENTI
1789815760.962,2026-09-19 18:02:40.961,282,Perempatan Jl. Jendral Sudirman,148,3521,Golongan VI-B,Sepeda Motor (Tanpa Helm),0.361,292,259,358,394,325.5,327.2,1.15,15.04,9.15,1.74,0.1,0.49,TANPA_HELM,MELANGGAR,PELANGGARAN_HELM
1789815760.962,2026-09-19 18:02:40.961,282,Perempatan Jl. Jendral Sudirman,148,3706,Golongan I,Sedan/Jip/Pick-up,0.768,275,175,401,228,338.5,202.4,-0.66,3.55,5.03,3.5,4.9,2.38,N/A,NORMAL,NORMAL
1789815760.962,2026-09-19 18:02:40.961,282,Perempatan Jl. Jendral Sudirman,148,3707,Golongan VI-B,Sepeda Motor (Tanpa Helm),0.312,230,314,296,375,263.8,345.1,-0.57,13.96,3.96,1.69,0.2,1.08,TANPA_HELM,MELANGGAR,KENDARAAN_BERHENTI
1789815760.962,2026-09-19 18:02:40.961,282,Perempatan Jl. Jendral Sudirman,148,3408,Golongan VI-B,Sepeda Motor (Tanpa Helm),0.426,478,147,512,180,495.4,164.1,3.55,-0.94,3.47,1.12,1.0,1.05,TANPA_HELM,MELANGGAR,KENDARAAN_BERHENTI
1789815760.962,2026-09-19 18:02:40.961,282,Perempatan Jl. Jendral Sudirman,148,3729,Golongan VI-A,Sepeda Motor (Taat Helm),0.342,228,298,374,400,301.6,349.7,0.64,15.38,6.54,3.5,0.0,1.43,HELM,TAAT_HUKUM,NORMAL
1789815761.261,2026-09-19 18:02:41.260,282,Perempatan Jl. Jendral Sudirman,149,3515,Golongan VI-A,Sepeda Motor (Taat Helm),0.436,288,328,376,412,332.7,371.0,1.52,16.05,5.09,2.19,0.1,1.04,HELM,TAAT_HUKUM,KENDARAAN_BERHENTI
1789815761.261,2026-09-19 18:02:41.260,282,Perempatan Jl. Jendral Sudirman,149,3521,Golongan VI-B,Sepeda Motor (Tanpa Helm),0.3,293,266,356,396,325.1,331.6,1.16,15.14,8.71,1.65,0.2,0.49,TANPA_HELM,MELANGGAR,PELANGGARAN_HELM
1789815761.261,2026-09-19 18:02:41.260,282,Perempatan Jl. Jendral Sudirman,149,3729,Golongan VI-A,Sepeda Motor (Taat Helm),0.316,229,300,373,401,301.8,350.8,0.65,15.41,6.45,3.5,0.0,1.43,HELM,TAAT_HUKUM,NORMAL
1789815761.433,2026-09-19 18:02:41.433,282,Perempatan Jl. Jendral Sudirman,150,3515,Golongan VI-A,Sepeda Motor (Taat Helm),0.443,291,331,373,409,332.7,370.9,1.48,15.89,4.73,2.04,0.1,1.05,HELM,TAAT_HUKUM,KENDARAAN_BERHENTI
1789815761.433,2026-09-19 18:02:41.433,282,Perempatan Jl. Jendral Sudirman,150,3686,Golongan VI-A,Sepeda Motor (Taat Helm),0.439,296,303,348,397,322.7,350.3,1.11,15.2,5.99,1.33,0.0,0.55,HELM,TAAT_HUKUM,KENDARAAN_BERHENTI
1789815761.433,2026-09-19 18:02:41.433,282,Perempatan Jl. Jendral Sudirman,150,3604,Golongan I,Sedan/Jip/Pick-up,0.272,348,137,423,178,386.0,157.7,-0.0,-1.18,4.43,2.49,0.0,1.84,N/A,NORMAL,KENDARAAN_BERHENTI
1789815761.433,2026-09-19 18:02:41.433,282,Perempatan Jl. Jendral Sudirman,150,3408,Golongan VI-B,Sepeda Motor (Tanpa Helm),0.368,476,146,512,181,494.2,164.0,3.52,-0.84,3.69,1.19,0.0,1.04,TANPA_HELM,MELANGGAR,KENDARAAN_BERHENTI
1789815761.605,2026-09-19 18:02:41.605,282,Perempatan Jl. Jendral Sudirman,151,3515,Golongan VI-A,Sepeda Motor (Taat Helm),0.492,292,335,372,410,332.7,372.7,1.48,15.9,4.52,1.98,0.1,1.07,HELM,TAAT_HUKUM,KENDARAAN_BERHENTI
1789815761.605,2026-09-19 18:02:41.605,282,Perempatan Jl. Jendral Sudirman,151,3735,Golongan I,Sedan/Jip/Pick-up,0.801,110,173,164,213,137.5,193.5,-7.03,2.19,3.98,1.7,0.0,1.35,N/A,NORMAL,NORMAL
1789815761.605,2026-09-19 18:02:41.605,282,Perempatan Jl. Jendral Sudirman,151,3686,Golongan VI-A,Sepeda Motor (Taat Helm),0.408,295,303,349,397,322.5,350.2,1.11,15.18,5.99,1.38,0.0,0.57,HELM,TAAT_HUKUM,KENDARAAN_BERHENTI
1789815761.605,2026-09-19 18:02:41.605,282,Perempatan Jl. Jendral Sudirman,151,3604,Golongan I,Sedan/Jip/Pick-up,0.272,349,137,423,177,386.3,157.6,0.01,-1.18,4.33,2.46,0.0,1.83,N/A,NORMAL,KENDARAAN_BERHENTI
1789815761.605,2026-09-19 18:02:41.605,282,Perempatan Jl. Jendral Sudirman,151,3408,Golongan VI-B,Sepeda Motor (Tanpa Helm),0.413,478,147,511,179,494.7,163.7,3.51,-1.03,3.37,1.09,0.0,1.04,TANPA_HELM,MELANGGAR,KENDARAAN_BERHENTI
1789815761.605,2026-09-19 18:02:41.605,282,Perempatan Jl. Jendral Sudirman,151,3707,Golongan VI-B,Sepeda Motor (Tanpa Helm),0.255,234,313,294,368,264.1,341.2,-0.66,13.54,3.6,1.54,0.0,1.09,TANPA_HELM,MELANGGAR,KENDARAAN_BERHENTI
1789815761.847,2026-09-19 18:02:41.847,282,Perempatan Jl. Jendral Sudirman,152,3515,Golongan VI-A,Sepeda Motor (Taat Helm),0.509,293,337,371,410,332.4,373.8,1.48,15.89,4.39,1.93,0.1,1.08,HELM,TAAT_HUKUM,KENDARAAN_BERHENTI
1789815761.847,2026-09-19 18:02:41.847,282,Perempatan Jl. Jendral Sudirman,152,3735,Golongan I,Sedan/Jip/Pick-up,0.785,107,172,163,213,135.2,192.8,-7.11,2.18,4.08,1.76,0.0,1.35,N/A,NORMAL,NORMAL
1789815761.847,2026-09-19 18:02:41.847,282,Perempatan Jl. Jendral Sudirman,152,3686,Golongan VI-A,Sepeda Motor (Taat Helm),0.458,294,303,350,397,322.6,350.2,1.11,15.18,5.99,1.43,0.2,0.59,HELM,TAAT_HUKUM,KENDARAAN_BERHENTI
1789815761.847,2026-09-19 18:02:41.847,282,Perempatan Jl. Jendral Sudirman,152,3408,Golongan VI-B,Sepeda Motor (Tanpa Helm),0.407,479,148,510,178,495.0,163.6,3.52,-1.1,3.16,1.02,2.3,1.05,TANPA_HELM,MELANGGAR,KENDARAAN_BERHENTI
1789815761.847,2026-09-19 18:02:41.847,282,Perempatan Jl. Jendral Sudirman,152,3707,Golongan VI-B,Sepeda Motor (Tanpa Helm),0.317,233,313,294,369,263.8,341.4,-0.66,13.57,3.66,1.57,0.0,1.1,TANPA_HELM,MELANGGAR,KENDARAAN_BERHENTI
1789815762.006,2026-09-19 18:02:42.005,282,Perempatan Jl. Jendral Sudirman,153,3515,Golongan VI-A,Sepeda Motor (Taat Helm),0.511,293,338,370,409,332.3,373.9,1.47,15.84,4.27,1.91,0.2,1.1,HELM,TAAT_HUKUM,KENDARAAN_BERHENTI
1789815762.006,2026-09-19 18:02:42.005,282,Perempatan Jl. Jendral Sudirman,153,3735,Golongan I,Sedan/Jip/Pick-up,0.739,102,171,158,213,130.5,192.5,-7.26,2.16,4.19,1.76,2.0,1.35,N/A,NORMAL,NORMAL
1789815762.006,2026-09-19 18:02:42.005,282,Perempatan Jl. Jendral Sudirman,153,3686,Golongan VI-A,Sepeda Motor (Taat Helm),0.362,294,303,350,396,322.4,350.3,1.1,15.18,5.93,1.43,0.2,0.6,HELM,TAAT_HUKUM,KENDARAAN_BERHENTI
1789815762.006,2026-09-19 18:02:42.005,282,Perempatan Jl. Jendral Sudirman,153,3408,Golongan VI-B,Sepeda Motor (Tanpa Helm),0.353,478,147,510,178,494.9,162.8,3.5,-1.17,3.27,1.06,2.2,1.04,TANPA_HELM,MELANGGAR,KENDARAAN_BERHENTI
1789815762.006,2026-09-19 18:02:42.005,282,Perempatan Jl. Jendral Sudirman,153,3707,Golongan VI-B,Sepeda Motor (Tanpa Helm),0.252,232,315,295,372,264.3,343.7,-0.61,13.75,3.71,1.62,2.0,1.1,TANPA_HELM,MELANGGAR,KENDARAAN_BERHENTI
1789815762.006,2026-09-19 18:02:42.005,282,Perempatan Jl. Jendral Sudirman,153,3521,Golongan VI-B,Sepeda Motor (Tanpa Helm),0.281,293,264,357,394,325.4,329.8,1.15,15.06,8.75,1.68,0.0,0.49,TANPA_HELM,MELANGGAR,PELANGGARAN_HELM
1789815762.187,2026-09-19 18:02:42.187,282,Perempatan Jl. Jendral Sudirman,154,3515,Golongan VI-A,Sepeda Motor (Taat Helm),0.43,292,339,371,410,332.3,374.6,1.48,15.9,4.26,1.95,0.2,1.11,HELM,TAAT_HUKUM,KENDARAAN_BERHENTI
1789815762.187,2026-09-19 18:02:42.187,282,Perempatan Jl. Jendral Sudirman,154,3735,Golongan I,Sedan/Jip/Pick-up,0.768,98,171,153,212,126.3,192.2,-7.4,2.1,4.1,1.73,2.1,1.35,N/A,NORMAL,NORMAL
1789815762.187,2026-09-19 18:02:42.187,282,Perempatan Jl. Jendral Sudirman,154,3686,Golongan VI-A,Sepeda Motor (Taat Helm),0.306,293,302,350,397,322.1,349.6,1.1,15.18,6.06,1.45,0.1,0.61,HELM,TAAT_HUKUM,KENDARAAN_BERHENTI
1789815762.187,2026-09-19 18:02:42.187,282,Perempatan Jl. Jendral Sudirman,154,3408,Golongan VI-B,Sepeda Motor (Tanpa Helm),0.366,479,147,510,177,495.0,162.5,3.5,-1.19,3.17,1.02,2.0,1.04,TANPA_HELM,MELANGGAR,KENDARAAN_BERHENTI
1789815762.187,2026-09-19 18:02:42.187,282,Perempatan Jl. Jendral Sudirman,154,3521,Golongan VI-B,Sepeda Motor (Tanpa Helm),0.409,292,264,357,395,325.0,329.8,1.15,15.1,8.81,1.71,0.0,0.49,TANPA_HELM,MELANGGAR,PELANGGARAN_HELM
1789815762.187,2026-09-19 18:02:42.187,282,Perempatan Jl. Jendral Sudirman,154,3729,Golongan VI-A,Sepeda Motor (Taat Helm),0.268,230,300,373,399,301.9,349.8,0.64,15.32,6.34,3.5,0.0,1.43,HELM,TAAT_HUKUM,NORMAL
1789815762.382,2026-09-19 18:02:42.381,282,Perempatan Jl. Jendral Sudirman,155,3515,Golongan VI-A,Sepeda Motor (Taat Helm),0.442,291,338,372,410,332.4,374.3,1.48,15.92,4.32,2.0,0.2,1.12,HELM,TAAT_HUKUM,KENDARAAN_BERHENTI
1789815762.382,2026-09-19 18:02:42.381,282,Perempatan Jl. Jendral Sudirman,155,3735,Golongan I,Sedan/Jip/Pick-up,0.731,95,171,149,211,122.7,191.4,-7.54,1.99,4.01,1.7,2.3,1.35,N/A,NORMAL,NORMAL
1789815762.382,2026-09-19 18:02:42.381,282,Perempatan Jl. Jendral Sudirman,155,3686,Golongan VI-A,Sepeda Motor (Taat Helm),0.374,292,301,351,397,321.8,349.4,1.09,15.18,6.13,1.51,0.1,0.61,HELM,TAAT_HUKUM,KENDARAAN_BERHENTI
1789815762.382,2026-09-19 18:02:42.381,282,Perempatan Jl. Jendral Sudirman,155,3408,Golongan VI-B,Sepeda Motor (Tanpa Helm),0.457,479,147,511,178,495.6,163.1,3.53,-1.14,3.27,1.06,1.6,1.04,TANPA_HELM,MELANGGAR,KENDARAAN_BERHENTI
1789815762.382,2026-09-19 18:02:42.381,282,Perempatan Jl. Jendral Sudirman,155,3521,Golongan VI-B,Sepeda Motor (Tanpa Helm),0.366,293,265,356,395,324.9,330.2,1.14,15.07,8.73,1.65,0.1,0.49,TANPA_HELM,MELANGGAR,PELANGGARAN_HELM
1789815762.382,2026-09-19 18:02:42.381,282,Perempatan Jl. Jendral Sudirman,155,3729,Golongan VI-A,Sepeda Motor (Taat Helm),0.275,230,299,373,399,301.8,349.3,0.63,15.3,6.41,3.5,0.0,1.43,HELM,TAAT_HUKUM,NORMAL
1789815762.592,2026-09-19 18:02:42.592,282,Perempatan Jl. Jendral Sudirman,156,3515,Golongan VI-A,Sepeda Motor (Taat Helm),0.433,290,335,374,410,332.6,372.9,1.49,15.93,4.52,2.08,0.2,1.12,HELM,TAAT_HUKUM,KENDARAAN_BERHENTI
1789815762.592,2026-09-19 18:02:42.592,282,Perempatan Jl. Jendral Sudirman,156,3735,Golongan I,Sedan/Jip/Pick-up,0.757,92,171,145,210,118.7,191.1,-7.68,1.94,3.91,1.67,2.4,1.35,N/A,NORMAL,NORMAL
1789815762.592,2026-09-19 18:02:42.592,282,Perempatan Jl. Jendral Sudirman,156,3686,Golongan VI-A,Sepeda Motor (Taat Helm),0.278,291,301,351,397,321.4,349.7,1.08,15.2,6.14,1.53,0.1,0.62,HELM,TAAT_HUKUM,KENDARAAN_BERHENTI
1789815762.592,2026-09-19 18:02:42.592,282,Perempatan Jl. Jendral Sudirman,156,3408,Golongan VI-B,Sepeda Motor (Tanpa Helm),0.457,480,148,511,178,495.8,163.4,3.54,-1.14,3.16,1.02,1.3,1.04,TANPA_HELM,MELANGGAR,KENDARAAN_BERHENTI
1789815762.592,2026-09-19 18:02:42.592,282,Perempatan Jl. Jendral Sudirman,156,3521,Golongan VI-B,Sepeda Motor (Tanpa Helm),0.368,292,265,356,395,324.7,330.3,1.14,15.09,8.73,1.68,0.1,0.49,TANPA_HELM,MELANGGAR,PELANGGARAN_HELM
1789815762.592,2026-09-19 18:02:42.592,282,Perempatan Jl. Jendral Sudirman,156,3729,Golongan VI-A,Sepeda Motor (Taat Helm),0.255,230,299,372,398,301.8,349.3,0.63,15.27,6.35,3.5,0.4,1.43,HELM,TAAT_HUKUM,NORMAL
1789815762.592,2026-09-19 18:02:42.592,282,Perempatan Jl. Jendral Sudirman,156,3707,Golongan VI-B,Sepeda Motor (Tanpa Helm),0.259,232,316,298,375,265.7,346.1,-0.53,13.96,3.82,1.69,0.0,1.11,TANPA_HELM,MELANGGAR,KENDARAAN_BERHENTI
1789815762.804,2026-09-19 18:02:42.804,282,Perempatan Jl. Jendral Sudirman,157,3515,Golongan VI-A,Sepeda Motor (Taat Helm),0.407,289,334,375,411,332.6,372.7,1.49,15.95,4.64,2.13,0.2,1.12,HELM,TAAT_HUKUM,KENDARAAN_BERHENTI
1789815762.804,2026-09-19 18:02:42.804,282,Perempatan Jl. Jendral Sudirman,157,3735,Golongan I,Sedan/Jip/Pick-up,0.747,87,171,141,210,114.6,190.8,-7.81,1.93,3.92,1.71,2.4,1.34,N/A,NORMAL,NORMAL
1789815762.804,2026-09-19 18:02:42.804,282,Perempatan Jl. Jendral Sudirman,157,3686,Golongan VI-A,Sepeda Motor (Taat Helm),0.324,292,303,351,397,321.9,350.1,1.09,15.18,5.99,1.5,0.1,0.63,HELM,TAAT_HUKUM,KENDARAAN_BERHENTI
1789815762.804,2026-09-19 18:02:42.804,282,Perempatan Jl. Jendral Sudirman,157,3408,Golongan VI-B,Sepeda Motor (Tanpa Helm),0.455,479,147,511,178,495.4,163.2,3.53,-1.09,3.27,1.06,1.1,1.03,TANPA_HELM,MELANGGAR,KENDARAAN_BERHENTI
1789815762.804,2026-09-19 18:02:42.804,282,Perempatan Jl. Jendral Sudirman,157,3521,Golongan VI-B,Sepeda Motor (Tanpa Helm),0.319,293,267,356,395,324.8,331.3,1.14,15.08,8.58,1.65,0.1,0.49,TANPA_HELM,MELANGGAR,PELANGGARAN_HELM
1789815762.804,2026-09-19 18:02:42.804,282,Perempatan Jl. Jendral Sudirman,157,3729,Golongan VI-A,Sepeda Motor (Taat Helm),0.264,230,298,373,398,301.7,348.5,0.62,15.25,6.42,3.5,0.4,1.43,HELM,TAAT_HUKUM,NORMAL
1789815762.982,2026-09-19 18:02:42.982,282,Perempatan Jl. Jendral Sudirman,158,3515,Golongan VI-A,Sepeda Motor (Taat Helm),0.391,288,333,375,410,332.2,371.9,1.48,15.93,4.65,2.16,0.2,1.12,HELM,TAAT_HUKUM,KENDARAAN_BERHENTI
1789815762.982,2026-09-19 18:02:42.982,282,Perempatan Jl. Jendral Sudirman,158,3735,Golongan I,Sedan/Jip/Pick-up,0.742,85,171,137,210,111.3,190.8,-7.93,1.88,3.92,1.64,2.4,1.34,N/A,NORMAL,NORMAL
1789815762.982,2026-09-19 18:02:42.982,282,Perempatan Jl. Jendral Sudirman,158,3408,Golongan VI-B,Sepeda Motor (Tanpa Helm),0.467,480,148,511,178,495.9,163.1,3.54,-1.15,3.16,1.02,0.9,1.03,TANPA_HELM,MELANGGAR,KENDARAAN_BERHENTI
1789815762.982,2026-09-19 18:02:42.982,282,Perempatan Jl. Jendral Sudirman,158,3521,Golongan VI-A,Sepeda Motor (Taat Helm),0.272,293,267,356,396,325.1,332.0,1.16,15.14,8.63,1.65,0.2,0.49,HELM,TAAT_HUKUM,PELANGGARAN_HELM
1789815763.158,2026-09-19 18:02:43.157,282,Perempatan Jl. Jendral Sudirman,159,3515,Golongan VI-A,Sepeda Motor (Taat Helm),0.393,287,331,376,410,332.2,370.9,1.48,15.93,4.78,2.21,0.2,1.12,HELM,TAAT_HUKUM,KENDARAAN_BERHENTI
1789815763.158,2026-09-19 18:02:43.157,282,Perempatan Jl. Jendral Sudirman,159,3408,Golongan VI-B,Sepeda Motor (Tanpa Helm),0.531,480,148,511,177,496.1,163.1,3.54,-1.18,3.06,1.02,0.8,1.04,TANPA_HELM,MELANGGAR,KENDARAAN_BERHENTI
1789815763.158,2026-09-19 18:02:43.157,282,Perempatan Jl. Jendral Sudirman,159,3521,Golongan VI-A,Sepeda Motor (Taat Helm),0.29,293,269,356,397,324.9,333.4,1.16,15.18,8.53,1.65,0.3,0.5,HELM,TAAT_HUKUM,PELANGGARAN_HELM
1789815763.158,2026-09-19 18:02:43.157,282,Perempatan Jl. Jendral Sudirman,159,3729,Golongan VI-A,Sepeda Motor (Taat Helm),0.295,228,297,374,400,301.6,349.1,0.64,15.36,6.61,3.5,0.0,1.43,HELM,TAAT_HUKUM,NORMAL
1789815763.332,2026-09-19 18:02:43.332,282,Perempatan Jl. Jendral Sudirman,160,3515,Golongan VI-A,Sepeda Motor (Taat Helm),0.42,286,329,377,410,332.2,370.1,1.48,15.94,4.92,2.26,0.1,1.12,HELM,TAAT_HUKUM,KENDARAAN_BERHENTI
1789815763.332,2026-09-19 18:02:43.332,282,Perempatan Jl. Jendral Sudirman,160,3408,Golongan VI-B,Sepeda Motor (Tanpa Helm),0.501,480,148,511,177,496.1,163.1,3.54,-1.19,3.06,1.02,0.6,1.04,TANPA_HELM,MELANGGAR,KENDARAAN_BERHENTI
1789815763.332,2026-09-19 18:02:43.332,282,Perempatan Jl. Jendral Sudirman,160,3521,Golongan VI-A,Sepeda Motor (Taat Helm),0.251,293,262,359,397,326.3,330.1,1.21,15.22,9.08,1.73,0.3,0.49,HELM,TAAT_HUKUM,PELANGGARAN_HELM
1789815763.332,2026-09-19 18:02:43.332,282,Perempatan Jl. Jendral Sudirman,160,3729,Golongan VI-A,Sepeda Motor (Taat Helm),0.285,226,295,375,400,301.1,348.1,0.63,15.37,6.76,3.5,0.0,1.43,HELM,TAAT_HUKUM,NORMAL
1789815763.332,2026-09-19 18:02:43.332,282,Perempatan Jl. Jendral Sudirman,160,3686,Golongan VI-A,Sepeda Motor (Taat Helm),0.271,292,306,350,397,321.3,352.2,1.09,15.23,5.78,1.48,0.0,0.64,HELM,TAAT_HUKUM,KENDARAAN_BERHENTI
1789815763.503,2026-09-19 18:02:43.503,282,Perempatan Jl. Jendral Sudirman,161,3515,Golongan VI-A,Sepeda Motor (Taat Helm),0.467,286,328,377,410,332.3,369.7,1.48,15.92,4.98,2.27,0.1,1.12,HELM,TAAT_HUKUM,KENDARAAN_BERHENTI
1789815763.503,2026-09-19 18:02:43.503,282,Perempatan Jl. Jendral Sudirman,161,3408,Golongan VI-B,Sepeda Motor (Tanpa Helm),0.469,480,148,511,177,495.9,162.9,3.53,-1.22,3.06,1.02,0.5,1.04,TANPA_HELM,MELANGGAR,KENDARAAN_BERHENTI
1789815763.503,2026-09-19 18:02:43.503,282,Perempatan Jl. Jendral Sudirman,161,3729,Golongan VI-A,Sepeda Motor (Taat Helm),0.252,226,294,374,398,300.6,346.4,0.59,15.25,6.72,3.5,1.3,1.42,HELM,TAAT_HUKUM,NORMAL
1789815763.503,2026-09-19 18:02:43.503,282,Perempatan Jl. Jendral Sudirman,161,3746,Golongan VI-B,Sepeda Motor (Tanpa Helm),0.408,0,391,77,487,39.5,439.4,-4.17,19.74,5.15,1.77,0.0,0.8,TANPA_HELM,MELANGGAR,PELANGGARAN_HELM
1789815763.503,2026-09-19 18:02:43.503,282,Perempatan Jl. Jendral Sudirman,161,3686,Golongan VI-A,Sepeda Motor (Taat Helm),0.434,292,307,350,398,321.6,352.6,1.1,15.24,5.76,1.47,0.0,0.64,HELM,TAAT_HUKUM,KENDARAAN_BERHENTI
1789815763.503,2026-09-19 18:02:43.503,282,Perempatan Jl. Jendral Sudirman,161,3707,Golongan VI-B,Sepeda Motor (Tanpa Helm),0.261,231,315,297,375,264.4,345.8,-0.56,13.96,3.89,1.69,0.0,1.11,TANPA_HELM,MELANGGAR,KENDARAAN_BERHENTI
1789815763.715,2026-09-19 18:02:43.714,282,Perempatan Jl. Jendral Sudirman,162,3515,Golongan VI-A,Sepeda Motor (Taat Helm),0.509,287,331,377,411,332.6,371.4,1.5,15.97,4.84,2.23,0.2,1.12,HELM,TAAT_HUKUM,KENDARAAN_BERHENTI
1789815763.715,2026-09-19 18:02:43.714,282,Perempatan Jl. Jendral Sudirman,162,3408,Golongan VI-B,Sepeda Motor (Tanpa Helm),0.502,480,148,511,177,495.8,163.1,3.53,-1.19,3.06,1.02,0.3,1.04,TANPA_HELM,MELANGGAR,KENDARAAN_BERHENTI
1789815763.715,2026-09-19 18:02:43.714,282,Perempatan Jl. Jendral Sudirman,162,3746,Golongan VI-B,Sepeda Motor (Tanpa Helm),0.542,5,388,83,484,44.4,436.6,-4.11,19.62,5.18,1.8,0.0,0.81,TANPA_HELM,MELANGGAR,PELANGGARAN_HELM
1789815763.715,2026-09-19 18:02:43.714,282,Perempatan Jl. Jendral Sudirman,162,3686,Golongan VI-A,Sepeda Motor (Taat Helm),0.457,293,307,351,398,322.4,352.8,1.12,15.25,5.76,1.47,0.3,0.65,HELM,TAAT_HUKUM,KENDARAAN_BERHENTI
1789815763.715,2026-09-19 18:02:43.714,282,Perempatan Jl. Jendral Sudirman,162,3707,Golongan VI-B,Sepeda Motor (Tanpa Helm),0.298,230,315,297,375,264.0,345.7,-0.57,13.95,3.89,1.72,0.0,1.11,TANPA_HELM,MELANGGAR,KENDARAAN_BERHENTI
1789815763.875,2026-09-19 18:02:43.875,282,Perempatan Jl. Jendral Sudirman,163,3515,Golongan VI-A,Sepeda Motor (Taat Helm),0.541,288,332,376,411,332.7,372.0,1.5,15.97,4.77,2.18,0.2,1.12,HELM,TAAT_HUKUM,KENDARAAN_BERHENTI
1789815763.875,2026-09-19 18:02:43.875,282,Perempatan Jl. Jendral Sudirman,163,3408,Golongan VI-B,Sepeda Motor (Tanpa Helm),0.492,480,148,511,178,495.8,163.1,3.53,-1.17,3.16,1.02,0.2,1.04,TANPA_HELM,MELANGGAR,KENDARAAN_BERHENTI
1789815763.875,2026-09-19 18:02:43.875,282,Perempatan Jl. Jendral Sudirman,163,3746,Golongan VI-B,Sepeda Motor (Tanpa Helm),0.372,18,393,89,481,54.1,437.8,-3.94,19.49,4.73,1.63,3.3,0.81,TANPA_HELM,MELANGGAR,PELANGGARAN_HELM
1789815763.875,2026-09-19 18:02:43.875,282,Perempatan Jl. Jendral Sudirman,163,3686,Golongan VI-A,Sepeda Motor (Taat Helm),0.438,295,306,353,397,324.5,352.2,1.16,15.21,5.78,1.48,0.4,0.64,HELM,TAAT_HUKUM,KENDARAAN_BERHENTI
1789815763.875,2026-09-19 18:02:43.875,282,Perempatan Jl. Jendral Sudirman,163,3707,Golongan VI-B,Sepeda Motor (Tanpa Helm),0.331,230,315,296,375,263.5,345.5,-0.58,13.94,3.89,1.69,0.3,1.11,TANPA_HELM,MELANGGAR,KENDARAAN_BERHENTI
1789815763.875,2026-09-19 18:02:43.875,282,Perempatan Jl. Jendral Sudirman,163,3723,Golongan VI-A,Sepeda Motor (Taat Helm),0.278,228,291,296,373,262.8,332.4,-0.63,13.84,5.49,1.77,0.0,0.82,HELM,TAAT_HUKUM,KENDARAAN_BERHENTI
1789815764.051,2026-09-19 18:02:44.050,282,Perempatan Jl. Jendral Sudirman,164,3515,Golongan VI-A,Sepeda Motor (Taat Helm),0.56,288,332,376,412,332.5,372.5,1.5,16.0,4.83,2.18,0.2,1.12,HELM,TAAT_HUKUM,KENDARAAN_BERHENTI
1789815764.051,2026-09-19 18:02:44.050,282,Perempatan Jl. Jendral Sudirman,164,3408,Golongan VI-B,Sepeda Motor (Tanpa Helm),0.47,480,148,511,178,495.8,163.1,3.53,-1.16,3.16,1.02,0.2,1.04,TANPA_HELM,MELANGGAR,KENDARAAN_BERHENTI
1789815764.051,2026-09-19 18:02:44.050,282,Perempatan Jl. Jendral Sudirman,164,3746,Golongan VI-B,Sepeda Motor (Tanpa Helm),0.657,22,380,101,475,61.9,427.9,-3.86,19.2,5.21,1.84,3.7,0.82,TANPA_HELM,MELANGGAR,PELANGGARAN_HELM
1789815764.051,2026-09-19 18:02:44.050,282,Perempatan Jl. Jendral Sudirman,164,3686,Golongan VI-A,Sepeda Motor (Taat Helm),0.489,294,305,352,397,323.7,351.5,1.13,15.19,5.85,1.48,0.4,0.64,HELM,TAAT_HUKUM,KENDARAAN_BERHENTI
1789815764.051,2026-09-19 18:02:44.050,282,Perempatan Jl. Jendral Sudirman,164,3707,Golongan VI-B,Sepeda Motor (Tanpa Helm),0.309,230,316,296,375,263.5,345.9,-0.58,13.96,3.82,1.69,0.2,1.11,TANPA_HELM,MELANGGAR,KENDARAAN_BERHENTI
1789815764.247,2026-09-19 18:02:44.246,282,Perempatan Jl. Jendral Sudirman,165,3515,Golongan VI-A,Sepeda Motor (Taat Helm),0.477,288,333,375,410,332.0,372.0,1.48,15.94,4.65,2.16,0.1,1.12,HELM,TAAT_HUKUM,KENDARAAN_BERHENTI
1789815764.247,2026-09-19 18:02:44.246,282,Perempatan Jl. Jendral Sudirman,165,3408,Golongan VI-B,Sepeda Motor (Tanpa Helm),0.495,480,148,511,178,495.8,163.1,3.53,-1.16,3.16,1.02,0.1,1.04,TANPA_HELM,MELANGGAR,KENDARAAN_BERHENTI
1789815764.247,2026-09-19 18:02:44.246,282,Perempatan Jl. Jendral Sudirman,165,3746,Golongan VI-B,Sepeda Motor (Tanpa Helm),0.612,33,382,107,469,70.4,426.1,-3.76,18.92,4.79,1.73,4.0,0.84,TANPA_HELM,MELANGGAR,PELANGGARAN_HELM
1789815764.247,2026-09-19 18:02:44.246,282,Perempatan Jl. Jendral Sudirman,165,3686,Golongan VI-A,Sepeda Motor (Taat Helm),0.508,292,304,352,397,322.6,351.1,1.11,15.19,5.92,1.53,0.3,0.64,HELM,TAAT_HUKUM,KENDARAAN_BERHENTI
1789815764.247,2026-09-19 18:02:44.246,282,Perempatan Jl. Jendral Sudirman,165,3707,Golongan VI-B,Sepeda Motor (Tanpa Helm),0.286,230,315,297,376,263.9,346.2,-0.56,14.0,3.95,1.71,0.2,1.11,TANPA_HELM,MELANGGAR,KENDARAAN_BERHENTI
1789815764.419,2026-09-19 18:02:44.418,282,Perempatan Jl. Jendral Sudirman,166,3515,Golongan VI-A,Sepeda Motor (Taat Helm),0.529,287,332,375,410,331.5,371.9,1.47,15.94,4.72,2.18,0.1,1.12,HELM,TAAT_HUKUM,KENDARAAN_BERHENTI
1789815764.419,2026-09-19 18:02:44.418,282,Perempatan Jl. Jendral Sudirman,166,3408,Golongan VI-B,Sepeda Motor (Tanpa Helm),0.513,480,148,511,178,495.8,163.1,3.53,-1.16,3.16,1.02,0.1,1.04,TANPA_HELM,MELANGGAR,KENDARAAN_BERHENTI
1789815764.419,2026-09-19 18:02:44.418,282,Perempatan Jl. Jendral Sudirman,166,3746,Golongan VI-B,Sepeda Motor (Tanpa Helm),0.612,43,381,116,466,79.9,423.9,-3.6,18.77,4.69,1.71,4.2,0.85,TANPA_HELM,MELANGGAR,PELANGGARAN_HELM
1789815764.419,2026-09-19 18:02:44.418,282,Perempatan Jl. Jendral Sudirman,166,3686,Golongan VI-A,Sepeda Motor (Taat Helm),0.483,291,303,351,396,321.4,350.1,1.08,15.16,5.93,1.53,0.3,0.64,HELM,TAAT_HUKUM,KENDARAAN_BERHENTI
1789815764.419,2026-09-19 18:02:44.418,282,Perempatan Jl. Jendral Sudirman,166,3707,Golongan VI-B,Sepeda Motor (Tanpa Helm),0.305,229,315,297,376,263.6,346.1,-0.57,14.0,3.95,1.74,0.2,1.11,TANPA_HELM,MELANGGAR,KENDARAAN_BERHENTI
1789815764.419,2026-09-19 18:02:44.418,282,Perempatan Jl. Jendral Sudirman,166,3723,Golongan VI-A,Sepeda Motor (Taat Helm),0.251,227,291,295,372,261.5,332.0,-0.67,13.78,5.43,1.77,0.0,0.82,HELM,TAAT_HUKUM,KENDARAAN_BERHENTI
1789815764.582,2026-09-19 18:02:44.582,282,Perempatan Jl. Jendral Sudirman,167,3515,Golongan VI-A,Sepeda Motor (Taat Helm),0.575,288,334,374,410,331.4,372.9,1.46,15.94,4.58,2.13,0.1,1.13,HELM,TAAT_HUKUM,KENDARAAN_BERHENTI
1789815764.582,2026-09-19 18:02:44.582,282,Perempatan Jl. Jendral Sudirman,167,3408,Golongan VI-B,Sepeda Motor (Tanpa Helm),0.499,480,148,511,178,495.7,163.1,3.53,-1.17,3.16,1.02,0.1,1.04,TANPA_HELM,MELANGGAR,KENDARAAN_BERHENTI
1789815764.582,2026-09-19 18:02:44.582,282,Perempatan Jl. Jendral Sudirman,167,3746,Golongan VI-B,Sepeda Motor (Tanpa Helm),0.579,53,382,125,463,89.5,423.3,-3.43,18.64,4.47,1.68,4.3,0.88,TANPA_HELM,MELANGGAR,PELANGGARAN_HELM
1789815764.582,2026-09-19 18:02:44.582,282,Perempatan Jl. Jendral Sudirman,167,3686,Golongan VI-A,Sepeda Motor (Taat Helm),0.454,290,301,351,396,321.4,349.1,1.07,15.14,6.08,1.56,0.3,0.65,HELM,TAAT_HUKUM,KENDARAAN_BERHENTI
1789815764.582,2026-09-19 18:02:44.582,282,Perempatan Jl. Jendral Sudirman,167,3707,Golongan VI-B,Sepeda Motor (Tanpa Helm),0.303,230,315,298,377,264.3,346.3,-0.55,14.04,4.01,1.74,0.2,1.11,TANPA_HELM,MELANGGAR,KENDARAAN_BERHENTI
1789815764.774,2026-09-19 18:02:44.774,282,Perempatan Jl. Jendral Sudirman,168,3515,Golongan VI-A,Sepeda Motor (Taat Helm),0.603,288,335,374,411,331.5,373.5,1.47,15.95,4.57,2.13,0.1,1.13,HELM,TAAT_HUKUM,KENDARAAN_BERHENTI
1789815764.774,2026-09-19 18:02:44.774,282,Perempatan Jl. Jendral Sudirman,168,3408,Golongan VI-B,Sepeda Motor (Tanpa Helm),0.505,480,147,511,178,495.7,163.0,3.53,-1.17,3.27,1.02,0.1,1.04,TANPA_HELM,MELANGGAR,KENDARAAN_BERHENTI
1789815764.774,2026-09-19 18:02:44.774,282,Perempatan Jl. Jendral Sudirman,168,3746,Golongan VI-B,Sepeda Motor (Tanpa Helm),0.515,63,377,138,461,100.8,419.5,-3.21,18.53,4.67,1.76,4.3,0.89,TANPA_HELM,MELANGGAR,PELANGGARAN_HELM
1789815764.774,2026-09-19 18:02:44.774,282,Perempatan Jl. Jendral Sudirman,168,3686,Golongan VI-A,Sepeda Motor (Taat Helm),0.468,289,299,351,395,320.8,347.9,1.05,15.11,6.17,1.59,0.3,0.65,HELM,TAAT_HUKUM,KENDARAAN_BERHENTI
1789815764.774,2026-09-19 18:02:44.774,282,Perempatan Jl. Jendral Sudirman,168,3707,Golongan VI-B,Sepeda Motor (Tanpa Helm),0.318,229,315,298,377,264.3,346.3,-0.54,14.04,4.01,1.76,0.2,1.11,TANPA_HELM,MELANGGAR,KENDARAAN_BERHENTI
1789815764.774,2026-09-19 18:02:44.774,282,Perempatan Jl. Jendral Sudirman,168,3751,Golongan VI-A,Sepeda Motor (Taat Helm),0.315,279,319,376,406,327.9,362.9,1.33,15.69,5.37,2.43,0.0,1.11,HELM,TAAT_HUKUM,NORMAL
1789815765.003,2026-09-19 18:02:45.002,282,Perempatan Jl. Jendral Sudirman,169,3515,Golongan VI-A,Sepeda Motor (Taat Helm),0.643,289,337,373,411,331.7,374.5,1.47,15.95,4.44,2.08,0.1,1.14,HELM,TAAT_HUKUM,KENDARAAN_BERHENTI
1789815765.003,2026-09-19 18:02:45.002,282,Perempatan Jl. Jendral Sudirman,169,3408,Golongan VI-B,Sepeda Motor (Tanpa Helm),0.498,480,148,511,178,495.7,163.1,3.53,-1.17,3.16,1.02,0.1,1.04,TANPA_HELM,MELANGGAR,KENDARAAN_BERHENTI
1789815765.003,2026-09-19 18:02:45.002,282,Perempatan Jl. Jendral Sudirman,169,3746,Golongan VI-B,Sepeda Motor (Tanpa Helm),0.495,70,374,146,457,108.8,416.0,-3.09,18.32,4.64,1.79,4.3,0.92,TANPA_HELM,MELANGGAR,PELANGGARAN_HELM
1789815765.003,2026-09-19 18:02:45.002,282,Perempatan Jl. Jendral Sudirman,169,3686,Golongan VI-A,Sepeda Motor (Taat Helm),0.468,291,297,355,394,323.5,346.2,1.11,15.06,6.25,1.64,0.3,0.66,HELM,TAAT_HUKUM,KENDARAAN_BERHENTI
1789815765.003,2026-09-19 18:02:45.002,282,Perempatan Jl. Jendral Sudirman,169,3707,Golongan VI-B,Sepeda Motor (Tanpa Helm),0.302,229,315,297,377,263.5,346.5,-0.57,14.03,4.01,1.74,0.2,1.12,TANPA_HELM,MELANGGAR,KENDARAAN_BERHENTI
1789815765.003,2026-09-19 18:02:45.002,282,Perempatan Jl. Jendral Sudirman,169,3751,Golongan VI-A,Sepeda Motor (Taat Helm),0.283,279,318,376,406,328.0,362.5,1.33,15.68,5.44,2.44,0.0,1.11,HELM,TAAT_HUKUM,NORMAL
1789815765.003,2026-09-19 18:02:45.002,282,Perempatan Jl. Jendral Sudirman,169,3723,Golongan VI-A,Sepeda Motor (Taat Helm),0.288,227,291,293,372,260.5,332.1,-0.7,13.76,5.43,1.72,0.0,0.82,HELM,TAAT_HUKUM,KENDARAAN_BERHENTI
1789815765.231,2026-09-19 18:02:45.231,282,Perempatan Jl. Jendral Sudirman,170,3515,Golongan VI-A,Sepeda Motor (Taat Helm),0.381,290,340,372,410,331.5,375.7,1.46,15.93,4.19,2.03,0.0,1.16,HELM,TAAT_HUKUM,KENDARAAN_BERHENTI
1789815765.231,2026-09-19 18:02:45.231,282,Perempatan Jl. Jendral Sudirman,170,3408,Golongan VI-B,Sepeda Motor (Tanpa Helm),0.303,479,146,512,178,496.2,162.6,3.55,-1.11,3.38,1.09,0.1,1.04,TANPA_HELM,MELANGGAR,KENDARAAN_BERHENTI
1789815765.231,2026-09-19 18:02:45.231,282,Perempatan Jl. Jendral Sudirman,170,3686,Golongan VI-A,Sepeda Motor (Taat Helm),0.356,292,301,355,395,324.1,348.4,1.13,15.09,6.02,1.61,0.3,0.67,HELM,TAAT_HUKUM,KENDARAAN_BERHENTI
1789815765.231,2026-09-19 18:02:45.231,282,Perempatan Jl. Jendral Sudirman,170,3751,Golongan VI-A,Sepeda Motor (Taat Helm),0.333,267,313,372,408,320.4,361.0,1.17,15.79,5.91,2.64,1.5,1.12,HELM,TAAT_HUKUM,NORMAL
1789815765.231,2026-09-19 18:02:45.231,282,Perempatan Jl. Jendral Sudirman,170,3604,Golongan I,Sedan/Jip/Pick-up,0.251,348,137,422,178,385.7,157.7,-0.01,-1.17,4.43,2.46,0.0,1.82,N/A,NORMAL,KENDARAAN_BERHENTI
1789815765.397,2026-09-19 18:02:45.396,282,Perempatan Jl. Jendral Sudirman,171,3515,Golongan VI-A,Sepeda Motor (Taat Helm),0.449,287,340,369,409,328.3,375.1,1.38,15.88,4.14,2.03,0.2,1.18,HELM,TAAT_HUKUM,KENDARAAN_BERHENTI
1789815765.397,2026-09-19 18:02:45.396,282,Perempatan Jl. Jendral Sudirman,171,3408,Golongan VI-B,Sepeda Motor (Tanpa Helm),0.333,478,146,512,178,495.6,162.3,3.53,-1.13,3.38,1.12,0.1,1.03,TANPA_HELM,MELANGGAR,KENDARAAN_BERHENTI
1789815765.397,2026-09-19 18:02:45.396,282,Perempatan Jl. Jendral Sudirman,171,3751,Golongan VI-A,Sepeda Motor (Taat Helm),0.392,262,312,370,409,316.7,360.7,1.1,15.85,6.03,2.72,1.5,1.12,HELM,TAAT_HUKUM,NORMAL
1789815765.397,2026-09-19 18:02:45.396,282,Perempatan Jl. Jendral Sudirman,171,3729,Golongan VI-A,Sepeda Motor (Taat Helm),0.262,229,301,370,400,300.1,350.7,0.6,15.34,6.32,3.5,0.0,1.43,HELM,TAAT_HUKUM,KENDARAAN_BERHENTI
1789815765.598,2026-09-19 18:02:45.598,282,Perempatan Jl. Jendral Sudirman,172,3515,Golongan VI-A,Sepeda Motor (Taat Helm),0.448,284,337,370,409,327.7,373.3,1.36,15.85,4.33,2.13,0.2,1.19,HELM,TAAT_HUKUM,KENDARAAN_BERHENTI
1789815765.598,2026-09-19 18:02:45.598,282,Perempatan Jl. Jendral Sudirman,172,3408,Golongan VI-B,Sepeda Motor (Tanpa Helm),0.322,478,145,511,178,495.3,162.1,3.52,-1.14,3.5,1.09,0.1,1.03,TANPA_HELM,MELANGGAR,KENDARAAN_BERHENTI
1789815765.598,2026-09-19 18:02:45.598,282,Perempatan Jl. Jendral Sudirman,172,3751,Golongan VI-A,Sepeda Motor (Taat Helm),0.351,265,312,373,408,319.4,360.2,1.15,15.79,5.98,2.72,1.3,1.12,HELM,TAAT_HUKUM,NORMAL
1789815765.598,2026-09-19 18:02:45.598,282,Perempatan Jl. Jendral Sudirman,172,3756,Golongan VI-B,Sepeda Motor (Tanpa Helm),0.408,530,139,587,189,558.9,164.6,5.65,-0.07,5.25,1.88,0.0,1.14,TANPA_HELM,MELANGGAR,PELANGGARAN_HELM
1789815765.598,2026-09-19 18:02:45.598,282,Perempatan Jl. Jendral Sudirman,172,3729,Golongan VI-A,Sepeda Motor (Taat Helm),0.253,228,299,371,400,300.0,349.9,0.6,15.35,6.47,3.5,0.0,1.43,HELM,TAAT_HUKUM,KENDARAAN_BERHENTI
1789815765.598,2026-09-19 18:02:45.598,282,Perempatan Jl. Jendral Sudirman,172,3604,Golongan I,Sedan/Jip/Pick-up,0.259,348,137,423,178,386.1,158.1,0.02,-1.08,4.43,2.49,0.0,1.81,N/A,NORMAL,KENDARAAN_BERHENTI
1789815765.799,2026-09-19 18:02:45.798,282,Perempatan Jl. Jendral Sudirman,173,3515,Golongan VI-A,Sepeda Motor (Taat Helm),0.465,284,335,372,408,328.6,371.8,1.37,15.81,4.41,2.18,0.3,1.2,HELM,TAAT_HUKUM,KENDARAAN_BERHENTI
1789815765.799,2026-09-19 18:02:45.798,282,Perempatan Jl. Jendral Sudirman,173,3408,Golongan VI-B,Sepeda Motor (Tanpa Helm),0.342,478,145,511,178,495.1,162.2,3.51,-1.12,3.5,1.09,0.1,1.02,TANPA_HELM,MELANGGAR,KENDARAAN_BERHENTI
1789815765.799,2026-09-19 18:02:45.798,282,Perempatan Jl. Jendral Sudirman,173,3751,Golongan VI-A,Sepeda Motor (Taat Helm),0.343,267,310,376,407,322.1,359.1,1.21,15.76,6.06,2.75,1.0,1.12,HELM,TAAT_HUKUM,NORMAL
1789815765.799,2026-09-19 18:02:45.798,282,Perempatan Jl. Jendral Sudirman,173,3756,Golongan VI-B,Sepeda Motor (Tanpa Helm),0.381,533,142,586,188,559.6,165.4,5.66,-0.13,4.81,1.74,0.0,1.15,TANPA_HELM,MELANGGAR,PELANGGARAN_HELM
1789815765.799,2026-09-19 18:02:45.798,282,Perempatan Jl. Jendral Sudirman,173,3604,Golongan I,Sedan/Jip/Pick-up,0.288,348,137,424,179,386.4,158.2,0.03,-1.07,4.53,2.53,0.0,1.81,N/A,NORMAL,KENDARAAN_BERHENTI
1789815765.799,2026-09-19 18:02:45.798,282,Perempatan Jl. Jendral Sudirman,173,3686,Golongan VI-A,Sepeda Motor (Taat Helm),0.262,288,295,353,393,321.1,344.6,1.03,14.99,6.34,1.67,0.0,0.66,HELM,TAAT_HUKUM,KENDARAAN_BERHENTI
1789815766.028,2026-09-19 18:02:46.027,282,Perempatan Jl. Jendral Sudirman,174,3515,Golongan VI-A,Sepeda Motor (Taat Helm),0.418,284,333,373,408,328.9,371.0,1.38,15.79,4.54,2.21,0.3,1.2,HELM,TAAT_HUKUM,KENDARAAN_BERHENTI
1789815766.028,2026-09-19 18:02:46.027,282,Perempatan Jl. Jendral Sudirman,174,3408,Golongan VI-B,Sepeda Motor (Tanpa Helm),0.349,478,146,511,178,494.9,162.3,3.51,-1.12,3.38,1.09,0.1,1.01,TANPA_HELM,MELANGGAR,KENDARAAN_BERHENTI
1789815766.028,2026-09-19 18:02:46.027,282,Perempatan Jl. Jendral Sudirman,174,3751,Golongan VI-A,Sepeda Motor (Taat Helm),0.349,268,309,377,407,323.0,358.6,1.23,15.75,6.13,2.75,0.7,1.12,HELM,TAAT_HUKUM,NORMAL
1789815766.028,2026-09-19 18:02:46.027,282,Perempatan Jl. Jendral Sudirman,174,3604,Golongan I,Sedan/Jip/Pick-up,0.266,348,137,423,178,386.3,158.2,0.03,-1.08,4.43,2.49,0.1,1.8,N/A,NORMAL,KENDARAAN_BERHENTI
1789815766.185,2026-09-19 18:02:46.184,282,Perempatan Jl. Jendral Sudirman,175,3515,Golongan VI-A,Sepeda Motor (Taat Helm),0.465,283,334,373,408,328.3,371.3,1.37,15.82,4.48,2.23,0.3,1.21,HELM,TAAT_HUKUM,KENDARAAN_BERHENTI
1789815766.185,2026-09-19 18:02:46.184,282,Perempatan Jl. Jendral Sudirman,175,3408,Golongan VI-B,Sepeda Motor (Tanpa Helm),0.365,478,146,511,178,494.8,162.4,3.51,-1.11,3.38,1.09,0.1,1.0,TANPA_HELM,MELANGGAR,KENDARAAN_BERHENTI
1789815766.185,2026-09-19 18:02:46.184,282,Perempatan Jl. Jendral Sudirman,175,3604,Golongan I,Sedan/Jip/Pick-up,0.281,348,137,423,178,386.1,158.2,0.02,-1.08,4.43,2.49,0.0,1.8,N/A,NORMAL,KENDARAAN_BERHENTI
1789815766.185,2026-09-19 18:02:46.184,282,Perempatan Jl. Jendral Sudirman,175,3723,Golongan VI-A,Sepeda Motor (Taat Helm),0.29,223,291,291,375,257.5,333.6,-0.73,13.97,5.62,1.77,0.0,0.8,HELM,TAAT_HUKUM,KENDARAAN_BERHENTI
1789815766.185,2026-09-19 18:02:46.184,282,Perempatan Jl. Jendral Sudirman,175,3686,Golongan VI-A,Sepeda Motor (Taat Helm),0.322,291,305,352,396,321.9,351.0,1.08,15.13,5.79,1.55,0.0,0.68,HELM,TAAT_HUKUM,KENDARAAN_BERHENTI
1789815766.363,2026-09-19 18:02:46.363,282,Perempatan Jl. Jendral Sudirman,176,3515,Golongan VI-A,Sepeda Motor (Taat Helm),0.439,288,341,370,409,329.5,375.4,1.4,15.84,4.07,2.02,0.3,1.23,HELM,TAAT_HUKUM,KENDARAAN_BERHENTI
1789815766.363,2026-09-19 18:02:46.363,282,Perempatan Jl. Jendral Sudirman,176,3408,Golongan VI-B,Sepeda Motor (Tanpa Helm),0.369,478,146,510,178,494.8,162.5,3.51,-1.11,3.38,1.06,0.1,1.0,TANPA_HELM,MELANGGAR,KENDARAAN_BERHENTI
1789815766.363,2026-09-19 18:02:46.363,282,Perempatan Jl. Jendral Sudirman,176,3723,Golongan VI-A,Sepeda Motor (Taat Helm),0.256,224,291,292,376,258.3,333.7,-0.7,13.98,5.68,1.77,0.0,0.8,HELM,TAAT_HUKUM,KENDARAAN_BERHENTI
1789815766.363,2026-09-19 18:02:46.363,282,Perempatan Jl. Jendral Sudirman,176,3686,Golongan VI-A,Sepeda Motor (Taat Helm),0.298,292,308,355,397,323.9,353.1,1.14,15.19,5.64,1.6,0.0,0.71,HELM,TAAT_HUKUM,KENDARAAN_BERHENTI
1789815766.363,2026-09-19 18:02:46.363,282,Perempatan Jl. Jendral Sudirman,176,3751,Golongan VI-A,Sepeda Motor (Taat Helm),0.31,269,311,377,407,323.8,359.5,1.25,15.77,5.99,2.72,0.0,1.12,HELM,TAAT_HUKUM,NORMAL
1789815766.572,2026-09-19 18:02:46.572,282,Perempatan Jl. Jendral Sudirman,177,3515,Golongan VI-A,Sepeda Motor (Taat Helm),0.478,288,344,370,409,329.5,377.1,1.4,15.86,3.88,2.02,0.3,1.25,HELM,TAAT_HUKUM,KENDARAAN_BERHENTI
1789815766.572,2026-09-19 18:02:46.572,282,Perempatan Jl. Jendral Sudirman,177,3408,Golongan VI-B,Sepeda Motor (Tanpa Helm),0.377,478,146,510,178,494.8,162.5,3.51,-1.11,3.38,1.06,0.1,0.99,TANPA_HELM,MELANGGAR,KENDARAAN_BERHENTI
1789815766.572,2026-09-19 18:02:46.572,282,Perempatan Jl. Jendral Sudirman,177,3723,Golongan VI-A,Sepeda Motor (Taat Helm),0.275,225,291,291,376,258.6,333.9,-0.7,13.98,5.68,1.72,0.3,0.79,HELM,TAAT_HUKUM,KENDARAAN_BERHENTI
1789815766.572,2026-09-19 18:02:46.572,282,Perempatan Jl. Jendral Sudirman,177,3686,Golongan VI-A,Sepeda Motor (Taat Helm),0.373,292,308,357,397,324.6,353.1,1.16,15.22,5.63,1.65,1.1,0.72,HELM,TAAT_HUKUM,KENDARAAN_BERHENTI
1789815766.572,2026-09-19 18:02:46.572,282,Perempatan Jl. Jendral Sudirman,177,3751,Golongan VI-A,Sepeda Motor (Taat Helm),0.307,271,312,377,407,324.5,360.2,1.27,15.77,5.92,2.67,0.0,1.12,HELM,TAAT_HUKUM,NORMAL
1789815766.572,2026-09-19 18:02:46.572,282,Perempatan Jl. Jendral Sudirman,177,3707,Golongan VI-B,Sepeda Motor (Tanpa Helm),0.256,225,314,295,378,260.7,346.4,-0.62,14.1,4.14,1.79,0.0,1.1,TANPA_HELM,MELANGGAR,KENDARAAN_BERHENTI
1789815766.766,2026-09-19 18:02:46.766,282,Perempatan Jl. Jendral Sudirman,178,3515,Golongan VI-A,Sepeda Motor (Taat Helm),0.465,286,342,371,409,329.1,376.0,1.39,15.86,4.01,2.1,0.3,1.26,HELM,TAAT_HUKUM,KENDARAAN_BERHENTI
1789815766.766,2026-09-19 18:02:46.766,282,Perempatan Jl. Jendral Sudirman,178,3408,Golongan VI-B,Sepeda Motor (Tanpa Helm),0.38,478,146,510,178,494.8,162.6,3.51,-1.11,3.38,1.06,0.1,0.99,TANPA_HELM,MELANGGAR,KENDARAAN_BERHENTI
1789815766.766,2026-09-19 18:02:46.766,282,Perempatan Jl. Jendral Sudirman,178,3686,Golongan VI-A,Sepeda Motor (Taat Helm),0.349,291,308,357,397,324.5,352.7,1.16,15.2,5.64,1.68,0.9,0.74,HELM,TAAT_HUKUM,KENDARAAN_BERHENTI
1789815766.766,2026-09-19 18:02:46.766,282,Perempatan Jl. Jendral Sudirman,178,3751,Golongan VI-A,Sepeda Motor (Taat Helm),0.312,271,310,378,407,324.8,359.1,1.27,15.75,6.06,2.7,0.3,1.11,HELM,TAAT_HUKUM,NORMAL
1789815766.926,2026-09-19 18:02:46.926,282,Perempatan Jl. Jendral Sudirman,179,3515,Golongan VI-A,Sepeda Motor (Taat Helm),0.462,285,340,372,409,328.7,375.0,1.38,15.86,4.14,2.15,0.3,1.27,HELM,TAAT_HUKUM,KENDARAAN_BERHENTI
1789815766.926,2026-09-19 18:02:46.926,282,Perempatan Jl. Jendral Sudirman,179,3408,Golongan VI-B,Sepeda Motor (Tanpa Helm),0.389,478,146,510,178,494.8,162.6,3.51,-1.11,3.38,1.06,0.1,0.99,TANPA_HELM,MELANGGAR,KENDARAAN_BERHENTI
1789815766.926,2026-09-19 18:02:46.926,282,Perempatan Jl. Jendral Sudirman,179,3686,Golongan VI-A,Sepeda Motor (Taat Helm),0.338,290,307,358,397,324.7,352.5,1.16,15.2,5.71,1.73,0.7,0.75,HELM,TAAT_HUKUM,KENDARAAN_BERHENTI
1789815766.926,2026-09-19 18:02:46.926,282,Perempatan Jl. Jendral Sudirman,179,3751,Golongan VI-A,Sepeda Motor (Taat Helm),0.315,270,310,378,407,324.7,358.8,1.27,15.74,6.06,2.73,0.3,1.11,HELM,TAAT_HUKUM,NORMAL
1789815766.926,2026-09-19 18:02:46.926,282,Perempatan Jl. Jendral Sudirman,179,3723,Golongan VI-A,Sepeda Motor (Taat Helm),0.27,226,294,290,376,258.1,335.3,-0.71,13.98,5.45,1.66,0.0,0.78,HELM,TAAT_HUKUM,KENDARAAN_BERHENTI
1789815767.101,2026-09-19 18:02:47.100,282,Perempatan Jl. Jendral Sudirman,180,3515,Golongan VI-A,Sepeda Motor (Taat Helm),0.395,283,336,374,408,329.2,372.5,1.39,15.81,4.34,2.26,0.2,1.27,HELM,TAAT_HUKUM,KENDARAAN_BERHENTI
1789815767.101,2026-09-19 18:02:47.100,282,Perempatan Jl. Jendral Sudirman,180,3408,Golongan VI-B,Sepeda Motor (Tanpa Helm),0.38,478,146,510,178,494.8,162.6,3.51,-1.1,3.38,1.06,0.1,0.98,TANPA_HELM,MELANGGAR,KENDARAAN_BERHENTI
1789815767.101,2026-09-19 18:02:47.100,282,Perempatan Jl. Jendral Sudirman,180,3686,Golongan VI-A,Sepeda Motor (Taat Helm),0.385,289,306,359,397,324.8,352.3,1.17,15.22,5.78,1.78,0.6,0.77,HELM,TAAT_HUKUM,KENDARAAN_BERHENTI
1789815767.101,2026-09-19 18:02:47.100,282,Perempatan Jl. Jendral Sudirman,180,3751,Golongan VI-A,Sepeda Motor (Taat Helm),0.324,269,307,379,406,324.7,357.4,1.26,15.72,6.21,2.78,0.3,1.11,HELM,TAAT_HUKUM,NORMAL
1789815767.101,2026-09-19 18:02:47.100,282,Perempatan Jl. Jendral Sudirman,180,3723,Golongan VI-A,Sepeda Motor (Taat Helm),0.283,226,294,289,376,258.2,335.4,-0.71,13.98,5.45,1.63,0.0,0.78,HELM,TAAT_HUKUM,KENDARAAN_BERHENTI
1789815767.283,2026-09-19 18:02:47.282,282,Perempatan Jl. Jendral Sudirman,181,3515,Golongan VI-A,Sepeda Motor (Taat Helm),0.408,283,335,375,408,329.7,371.9,1.39,15.79,4.41,2.28,0.2,1.27,HELM,TAAT_HUKUM,KENDARAAN_BERHENTI
1789815767.283,2026-09-19 18:02:47.282,282,Perempatan Jl. Jendral Sudirman,181,3408,Golongan VI-B,Sepeda Motor (Tanpa Helm),0.38,479,146,510,178,494.8,162.5,3.51,-1.11,3.38,1.02,0.1,0.98,TANPA_HELM,MELANGGAR,KENDARAAN_BERHENTI
1789815767.283,2026-09-19 18:02:47.282,282,Perempatan Jl. Jendral Sudirman,181,3686,Golongan VI-A,Sepeda Motor (Taat Helm),0.468,287,302,360,398,323.7,350.5,1.15,15.23,6.12,1.86,0.5,0.76,HELM,TAAT_HUKUM,KENDARAAN_BERHENTI
1789815767.283,2026-09-19 18:02:47.282,282,Perempatan Jl. Jendral Sudirman,181,3751,Golongan VI-A,Sepeda Motor (Taat Helm),0.327,269,307,379,406,324.8,357.3,1.27,15.73,6.21,2.78,0.2,1.1,HELM,TAAT_HUKUM,NORMAL
1789815767.283,2026-09-19 18:02:47.282,282,Perempatan Jl. Jendral Sudirman,181,3723,Golongan VI-A,Sepeda Motor (Taat Helm),0.275,226,294,290,376,258.6,335.3,-0.69,14.01,5.45,1.66,0.3,0.77,HELM,TAAT_HUKUM,KENDARAAN_BERHENTI
1789815767.485,2026-09-19 18:02:47.485,282,Perempatan Jl. Jendral Sudirman,182,3515,Golongan VI-A,Sepeda Motor (Taat Helm),0.427,281,331,377,408,329.3,369.9,1.38,15.79,4.67,2.39,0.1,1.26,HELM,TAAT_HUKUM,KENDARAAN_BERHENTI
1789815767.485,2026-09-19 18:02:47.485,282,Perempatan Jl. Jendral Sudirman,182,3408,Golongan VI-B,Sepeda Motor (Tanpa Helm),0.382,479,146,510,178,494.8,162.5,3.51,-1.11,3.38,1.02,0.1,0.97,TANPA_HELM,MELANGGAR,KENDARAAN_BERHENTI
1789815767.485,2026-09-19 18:02:47.485,282,Perempatan Jl. Jendral Sudirman,182,3686,Golongan VI-A,Sepeda Motor (Taat Helm),0.339,285,298,361,397,323.4,347.7,1.13,15.2,6.35,1.94,0.4,0.76,HELM,TAAT_HUKUM,KENDARAAN_BERHENTI
1789815767.485,2026-09-19 18:02:47.485,282,Perempatan Jl. Jendral Sudirman,182,3751,Golongan VI-A,Sepeda Motor (Taat Helm),0.336,269,306,380,407,324.7,356.6,1.26,15.74,6.34,2.81,0.2,1.1,HELM,TAAT_HUKUM,NORMAL
1789815767.485,2026-09-19 18:02:47.485,282,Perempatan Jl. Jendral Sudirman,182,3723,Golongan VI-A,Sepeda Motor (Taat Helm),0.262,227,294,289,376,258.4,335.7,-0.7,14.0,5.45,1.61,0.2,0.77,HELM,TAAT_HUKUM,KENDARAAN_BERHENTI
1789815767.664,2026-09-19 18:02:47.664,282,Perempatan Jl. Jendral Sudirman,183,3515,Golongan VI-A,Sepeda Motor (Taat Helm),0.405,281,331,377,407,329.7,369.6,1.39,15.78,4.62,2.39,0.1,1.25,HELM,TAAT_HUKUM,KENDARAAN_BERHENTI
1789815767.664,2026-09-19 18:02:47.664,282,Perempatan Jl. Jendral Sudirman,183,3408,Golongan VI-B,Sepeda Motor (Tanpa Helm),0.385,479,146,510,178,494.8,162.5,3.51,-1.11,3.38,1.02,0.0,0.97,TANPA_HELM,MELANGGAR,KENDARAAN_BERHENTI
1789815767.664,2026-09-19 18:02:47.664,282,Perempatan Jl. Jendral Sudirman,183,3686,Golongan VI-A,Sepeda Motor (Taat Helm),0.287,286,300,360,397,323.4,349.2,1.13,15.21,6.21,1.89,0.3,0.76,HELM,TAAT_HUKUM,KENDARAAN_BERHENTI
1789815767.664,2026-09-19 18:02:47.664,282,Perempatan Jl. Jendral Sudirman,183,3751,Golongan VI-A,Sepeda Motor (Taat Helm),0.324,268,305,379,407,324.5,356.5,1.26,15.74,6.41,2.81,0.2,1.09,HELM,TAAT_HUKUM,NORMAL
1789815767.664,2026-09-19 18:02:47.664,282,Perempatan Jl. Jendral Sudirman,183,3723,Golongan VI-A,Sepeda Motor (Taat Helm),0.265,227,295,289,376,258.2,336.0,-0.7,14.0,5.38,1.61,0.2,0.77,HELM,TAAT_HUKUM,KENDARAAN_BERHENTI
1789815767.664,2026-09-19 18:02:47.664,282,Perempatan Jl. Jendral Sudirman,183,3521,Golongan VI-A,Sepeda Motor (Taat Helm),0.264,295,261,362,396,329.1,329.3,1.26,15.15,9.11,1.76,0.0,0.49,HELM,TAAT_HUKUM,PELANGGARAN_HELM
1789815767.664,2026-09-19 18:02:47.664,282,Perempatan Jl. Jendral Sudirman,183,3707,Golongan VI-B,Sepeda Motor (Tanpa Helm),0.257,226,314,295,378,260.7,346.7,-0.61,14.13,4.14,1.76,0.0,1.08,TANPA_HELM,MELANGGAR,KENDARAAN_BERHENTI
1789815767.82,2026-09-19 18:02:47.820,282,Perempatan Jl. Jendral Sudirman,184,3515,Golongan VI-A,Sepeda Motor (Taat Helm),0.399,282,331,377,407,329.7,369.7,1.39,15.77,4.62,2.36,0.1,1.25,HELM,TAAT_HUKUM,KENDARAAN_BERHENTI
1789815767.82,2026-09-19 18:02:47.820,282,Perempatan Jl. Jendral Sudirman,184,3408,Golongan VI-B,Sepeda Motor (Tanpa Helm),0.39,479,146,510,178,494.8,162.5,3.51,-1.11,3.38,1.02,0.0,0.97,TANPA_HELM,MELANGGAR,KENDARAAN_BERHENTI
1789815767.82,2026-09-19 18:02:47.820,282,Perempatan Jl. Jendral Sudirman,184,3686,Golongan VI-A,Sepeda Motor (Taat Helm),0.338,286,297,361,396,324.1,347.2,1.14,15.15,6.37,1.92,0.3,0.75,HELM,TAAT_HUKUM,KENDARAAN_BERHENTI
1789815767.82,2026-09-19 18:02:47.820,282,Perempatan Jl. Jendral Sudirman,184,3751,Golongan VI-A,Sepeda Motor (Taat Helm),0.325,268,305,379,407,324.2,356.2,1.26,15.74,6.41,2.81,0.1,1.09,HELM,TAAT_HUKUM,KENDARAAN_BERHENTI
1789815767.82,2026-09-19 18:02:47.820,282,Perempatan Jl. Jendral Sudirman,184,3723,Golongan VI-A,Sepeda Motor (Taat Helm),0.26,227,297,287,376,257.7,336.8,-0.72,13.99,5.23,1.55,0.1,0.77,HELM,TAAT_HUKUM,KENDARAAN_BERHENTI
1789815767.82,2026-09-19 18:02:47.820,282,Perempatan Jl. Jendral Sudirman,184,3521,Golongan VI-A,Sepeda Motor (Taat Helm),0.28,296,263,362,396,329.4,329.7,1.26,15.13,8.95,1.73,0.0,0.5,HELM,TAAT_HUKUM,PELANGGARAN_HELM
1789815767.82,2026-09-19 18:02:47.820,282,Perempatan Jl. Jendral Sudirman,184,3707,Golongan VI-B,Sepeda Motor (Tanpa Helm),0.265,226,316,293,378,260.0,347.6,-0.63,14.11,4.0,1.71,0.0,1.08,TANPA_HELM,MELANGGAR,KENDARAAN_BERHENTI
1789815768.007,2026-09-19 18:02:48.007,282,Perempatan Jl. Jendral Sudirman,185,3515,Golongan VI-A,Sepeda Motor (Taat Helm),0.392,282,331,377,407,329.9,369.5,1.39,15.76,4.62,2.36,0.1,1.24,HELM,TAAT_HUKUM,KENDARAAN_BERHENTI
1789815768.007,2026-09-19 18:02:48.007,282,Perempatan Jl. Jendral Sudirman,185,3408,Golongan VI-B,Sepeda Motor (Tanpa Helm),0.383,479,146,510,178,494.8,162.5,3.51,-1.12,3.38,1.02,0.0,0.97,TANPA_HELM,MELANGGAR,KENDARAAN_BERHENTI
1789815768.007,2026-09-19 18:02:48.007,282,Perempatan Jl. Jendral Sudirman,185,3686,Golongan VI-A,Sepeda Motor (Taat Helm),0.253,286,296,361,395,324.2,346.2,1.14,15.12,6.38,1.92,0.2,0.75,HELM,TAAT_HUKUM,KENDARAAN_BERHENTI
1789815768.007,2026-09-19 18:02:48.007,282,Perempatan Jl. Jendral Sudirman,185,3751,Golongan VI-A,Sepeda Motor (Taat Helm),0.347,268,304,380,407,324.3,355.8,1.26,15.74,6.48,2.84,0.1,1.08,HELM,TAAT_HUKUM,KENDARAAN_BERHENTI
1789815768.007,2026-09-19 18:02:48.007,282,Perempatan Jl. Jendral Sudirman,185,3723,Golongan VI-B,Sepeda Motor (Tanpa Helm),0.259,226,295,288,376,257.6,336.1,-0.72,13.99,5.38,1.61,0.1,0.76,TANPA_HELM,MELANGGAR,PELANGGARAN_HELM
1789815768.215,2026-09-19 18:02:48.215,282,Perempatan Jl. Jendral Sudirman,186,3515,Golongan VI-A,Sepeda Motor (Taat Helm),0.407,280,329,377,407,328.9,368.6,1.37,15.77,4.75,2.42,0.2,1.24,HELM,TAAT_HUKUM,KENDARAAN_BERHENTI
1789815768.215,2026-09-19 18:02:48.215,282,Perempatan Jl. Jendral Sudirman,186,3408,Golongan VI-B,Sepeda Motor (Tanpa Helm),0.376,479,146,510,178,494.9,162.5,3.51,-1.12,3.38,1.02,0.0,0.97,TANPA_HELM,MELANGGAR,KENDARAAN_BERHENTI
1789815768.215,2026-09-19 18:02:48.215,282,Perempatan Jl. Jendral Sudirman,186,3751,Golongan VI-A,Sepeda Motor (Taat Helm),0.358,267,303,380,407,324.2,355.3,1.26,15.76,6.55,2.87,0.1,1.08,HELM,TAAT_HUKUM,KENDARAAN_BERHENTI
1789815768.215,2026-09-19 18:02:48.215,282,Perempatan Jl. Jendral Sudirman,186,3723,Golongan VI-B,Sepeda Motor (Tanpa Helm),0.265,226,294,288,376,257.7,335.8,-0.71,14.01,5.45,1.61,0.1,0.76,TANPA_HELM,MELANGGAR,PELANGGARAN_HELM
1789815768.215,2026-09-19 18:02:48.215,282,Perempatan Jl. Jendral Sudirman,186,3521,Golongan VI-A,Sepeda Motor (Taat Helm),0.263,295,259,363,396,329.3,328.2,1.26,15.15,9.27,1.79,0.0,0.5,HELM,TAAT_HUKUM,PELANGGARAN_HELM
1789815768.389,2026-09-19 18:02:48.389,282,Perempatan Jl. Jendral Sudirman,187,3515,Golongan VI-A,Sepeda Motor (Taat Helm),0.4,281,331,376,408,328.8,370.0,1.38,15.81,4.67,2.36,0.1,1.24,HELM,TAAT_HUKUM,KENDARAAN_BERHENTI
1789815768.389,2026-09-19 18:02:48.389,282,Perempatan Jl. Jendral Sudirman,187,3408,Golongan VI-B,Sepeda Motor (Tanpa Helm),0.375,479,146,510,178,494.9,162.5,3.51,-1.12,3.38,1.02,0.0,0.96,TANPA_HELM,MELANGGAR,KENDARAAN_BERHENTI
1789815768.389,2026-09-19 18:02:48.389,282,Perempatan Jl. Jendral Sudirman,187,3751,Golongan VI-A,Sepeda Motor (Taat Helm),0.324,268,303,379,407,324.1,355.7,1.26,15.76,6.55,2.81,0.1,1.07,HELM,TAAT_HUKUM,KENDARAAN_BERHENTI
1789815768.389,2026-09-19 18:02:48.389,282,Perempatan Jl. Jendral Sudirman,187,3723,Golongan VI-B,Sepeda Motor (Tanpa Helm),0.263,226,293,289,376,258.3,335.4,-0.7,14.02,5.53,1.64,0.1,0.76,TANPA_HELM,MELANGGAR,PELANGGARAN_HELM
1789815768.389,2026-09-19 18:02:48.389,282,Perempatan Jl. Jendral Sudirman,187,3521,Golongan VI-A,Sepeda Motor (Taat Helm),0.281,294,259,363,396,328.8,327.7,1.25,15.14,9.27,1.82,0.0,0.5,HELM,TAAT_HUKUM,PELANGGARAN_HELM
1789815768.562,2026-09-19 18:02:48.561,282,Perempatan Jl. Jendral Sudirman,188,3515,Golongan VI-A,Sepeda Motor (Taat Helm),0.472,280,331,376,409,328.2,370.2,1.37,15.84,4.73,2.39,0.1,1.24,HELM,TAAT_HUKUM,KENDARAAN_BERHENTI
1789815768.562,2026-09-19 18:02:48.561,282,Perempatan Jl. Jendral Sudirman,188,3408,Golongan VI-B,Sepeda Motor (Tanpa Helm),0.378,479,146,510,178,494.9,162.5,3.51,-1.13,3.38,1.02,0.0,0.96,TANPA_HELM,MELANGGAR,KENDARAAN_BERHENTI
1789815768.562,2026-09-19 18:02:48.561,282,Perempatan Jl. Jendral Sudirman,188,3751,Golongan VI-A,Sepeda Motor (Taat Helm),0.329,268,303,379,407,324.2,355.9,1.26,15.77,6.55,2.81,0.1,1.07,HELM,TAAT_HUKUM,KENDARAAN_BERHENTI
1789815768.562,2026-09-19 18:02:48.561,282,Perempatan Jl. Jendral Sudirman,188,3723,Golongan VI-B,Sepeda Motor (Tanpa Helm),0.251,227,294,289,376,258.3,335.7,-0.7,14.01,5.45,1.61,0.1,0.76,TANPA_HELM,MELANGGAR,PELANGGARAN_HELM
1789815768.562,2026-09-19 18:02:48.561,282,Perempatan Jl. Jendral Sudirman,188,3686,Golongan VI-A,Sepeda Motor (Taat Helm),0.251,285,292,362,396,323.8,344.5,1.13,15.13,6.73,1.98,0.0,0.74,HELM,TAAT_HUKUM,KENDARAAN_BERHENTI
1789815768.75,2026-09-19 18:02:48.750,282,Perempatan Jl. Jendral Sudirman,189,3515,Golongan VI-A,Sepeda Motor (Taat Helm),0.429,279,331,376,409,327.9,370.3,1.36,15.85,4.73,2.41,0.1,1.24,HELM,TAAT_HUKUM,KENDARAAN_BERHENTI
1789815768.75,2026-09-19 18:02:48.750,282,Perempatan Jl. Jendral Sudirman,189,3408,Golongan VI-B,Sepeda Motor (Tanpa Helm),0.376,479,146,510,178,494.9,162.5,3.51,-1.12,3.38,1.02,0.0,0.96,TANPA_HELM,MELANGGAR,KENDARAAN_BERHENTI
1789815768.75,2026-09-19 18:02:48.750,282,Perempatan Jl. Jendral Sudirman,189,3751,Golongan VI-A,Sepeda Motor (Taat Helm),0.334,267,302,379,407,323.9,355.2,1.25,15.76,6.63,2.84,0.1,1.07,HELM,TAAT_HUKUM,KENDARAAN_BERHENTI
1789815768.75,2026-09-19 18:02:48.750,282,Perempatan Jl. Jendral Sudirman,189,3686,Golongan VI-A,Sepeda Motor (Taat Helm),0.308,285,292,362,396,323.7,344.2,1.13,15.14,6.73,1.98,0.0,0.74,HELM,TAAT_HUKUM,KENDARAAN_BERHENTI
1789815768.983,2026-09-19 18:02:48.983,282,Perempatan Jl. Jendral Sudirman,190,3515,Golongan VI-A,Sepeda Motor (Taat Helm),0.43,280,332,375,409,327.6,371.3,1.36,15.87,4.66,2.36,0.1,1.24,HELM,TAAT_HUKUM,KENDARAAN_BERHENTI
1789815768.983,2026-09-19 18:02:48.983,282,Perempatan Jl. Jendral Sudirman,190,3408,Golongan VI-B,Sepeda Motor (Tanpa Helm),0.381,479,146,510,178,494.9,162.5,3.51,-1.12,3.38,1.02,0.0,0.96,TANPA_HELM,MELANGGAR,KENDARAAN_BERHENTI
1789815768.983,2026-09-19 18:02:48.983,282,Perempatan Jl. Jendral Sudirman,190,3751,Golongan VI-A,Sepeda Motor (Taat Helm),0.324,268,303,379,407,323.7,355.3,1.25,15.76,6.55,2.81,0.1,1.06,HELM,TAAT_HUKUM,KENDARAAN_BERHENTI
1789815769.154,2026-09-19 18:02:49.154,282,Perempatan Jl. Jendral Sudirman,191,3515,Golongan VI-A,Sepeda Motor (Taat Helm),0.36,284,341,371,410,327.8,375.8,1.37,15.9,4.13,2.15,0.2,1.26,HELM,TAAT_HUKUM,KENDARAAN_BERHENTI
1789815769.154,2026-09-19 18:02:49.154,282,Perempatan Jl. Jendral Sudirman,191,3408,Golongan VI-B,Sepeda Motor (Tanpa Helm),0.482,479,146,510,178,494.9,162.1,3.5,-1.17,3.38,1.02,0.1,0.96,TANPA_HELM,MELANGGAR,KENDARAAN_BERHENTI
1789815769.154,2026-09-19 18:02:49.154,282,Perempatan Jl. Jendral Sudirman,191,3751,Golongan VI-A,Sepeda Motor (Taat Helm),0.332,267,302,378,407,323.4,354.8,1.23,15.74,6.63,2.82,0.1,1.06,HELM,TAAT_HUKUM,KENDARAAN_BERHENTI
1789815769.154,2026-09-19 18:02:49.154,282,Perempatan Jl. Jendral Sudirman,191,3604,Golongan I,Sedan/Jip/Pick-up,0.3,348,137,423,179,385.6,158.3,0.01,-1.04,4.53,2.49,0.0,1.78,N/A,NORMAL,KENDARAAN_BERHENTI
1789815769.154,2026-09-19 18:02:49.154,282,Perempatan Jl. Jendral Sudirman,191,3521,Golongan VI-A,Sepeda Motor (Taat Helm),0.264,293,269,359,396,326.6,333.0,1.2,15.15,8.47,1.72,0.0,0.52,HELM,TAAT_HUKUM,PELANGGARAN_HELM
1789815769.154,2026-09-19 18:02:49.154,282,Perempatan Jl. Jendral Sudirman,191,3686,Golongan VI-A,Sepeda Motor (Taat Helm),0.441,287,299,358,396,323.0,347.8,1.11,15.13,6.22,1.82,0.0,0.74,HELM,TAAT_HUKUM,KENDARAAN_BERHENTI
1789815769.357,2026-09-19 18:02:49.357,282,Perempatan Jl. Jendral Sudirman,192,3515,Golongan VI-A,Sepeda Motor (Taat Helm),0.37,284,341,371,409,328.2,375.8,1.38,15.89,4.07,2.15,0.2,1.27,HELM,TAAT_HUKUM,KENDARAAN_BERHENTI
1789815769.357,2026-09-19 18:02:49.357,282,Perempatan Jl. Jendral Sudirman,192,3408,Golongan VI-B,Sepeda Motor (Tanpa Helm),0.477,479,146,510,177,494.9,162.0,3.5,-1.19,3.28,1.02,0.1,0.96,TANPA_HELM,MELANGGAR,KENDARAAN_BERHENTI
1789815769.357,2026-09-19 18:02:49.357,282,Perempatan Jl. Jendral Sudirman,192,3751,Golongan VI-A,Sepeda Motor (Taat Helm),0.349,267,301,379,407,323.3,354.4,1.24,15.75,6.7,2.84,0.1,1.06,HELM,TAAT_HUKUM,KENDARAAN_BERHENTI
1789815769.357,2026-09-19 18:02:49.357,282,Perempatan Jl. Jendral Sudirman,192,3604,Golongan I,Sedan/Jip/Pick-up,0.279,348,137,423,179,385.9,158.3,0.02,-1.06,4.53,2.49,0.0,1.77,N/A,NORMAL,KENDARAAN_BERHENTI
1789815769.357,2026-09-19 18:02:49.357,282,Perempatan Jl. Jendral Sudirman,192,3521,Golongan VI-A,Sepeda Motor (Taat Helm),0.278,292,265,360,395,326.5,330.5,1.19,15.11,8.73,1.78,0.0,0.52,HELM,TAAT_HUKUM,PELANGGARAN_HELM
1789815769.357,2026-09-19 18:02:49.357,282,Perempatan Jl. Jendral Sudirman,192,3686,Golongan VI-A,Sepeda Motor (Taat Helm),0.376,286,300,358,396,322.5,348.3,1.1,15.12,6.15,1.84,0.0,0.75,HELM,TAAT_HUKUM,KENDARAAN_BERHENTI
1789815769.546,2026-09-19 18:02:49.546,282,Perempatan Jl. Jendral Sudirman,193,3515,Golongan VI-A,Sepeda Motor (Taat Helm),0.363,283,337,374,409,328.9,373.5,1.38,15.85,4.33,2.25,0.2,1.27,HELM,TAAT_HUKUM,KENDARAAN_BERHENTI
1789815769.546,2026-09-19 18:02:49.546,282,Perempatan Jl. Jendral Sudirman,193,3408,Golongan VI-B,Sepeda Motor (Tanpa Helm),0.48,479,146,510,177,494.9,161.9,3.5,-1.2,3.28,1.02,0.1,0.96,TANPA_HELM,MELANGGAR,KENDARAAN_BERHENTI
1789815769.546,2026-09-19 18:02:49.546,282,Perempatan Jl. Jendral Sudirman,193,3751,Golongan VI-A,Sepeda Motor (Taat Helm),0.36,267,301,379,407,323.3,354.2,1.23,15.74,6.7,2.84,0.1,1.05,HELM,TAAT_HUKUM,KENDARAAN_BERHENTI
1789815769.546,2026-09-19 18:02:49.546,282,Perempatan Jl. Jendral Sudirman,193,3521,Golongan VI-A,Sepeda Motor (Taat Helm),0.306,291,261,362,396,326.9,329.0,1.2,15.13,9.11,1.87,0.2,0.52,HELM,TAAT_HUKUM,PELANGGARAN_HELM
1789815769.546,2026-09-19 18:02:49.546,282,Perempatan Jl. Jendral Sudirman,193,3686,Golongan VI-A,Sepeda Motor (Taat Helm),0.273,288,300,359,396,323.7,348.3,1.13,15.12,6.15,1.81,0.1,0.75,HELM,TAAT_HUKUM,KENDARAAN_BERHENTI
1789815769.546,2026-09-19 18:02:49.546,282,Perempatan Jl. Jendral Sudirman,193,3723,Golongan VI-B,Sepeda Motor (Tanpa Helm),0.254,225,290,289,376,257.7,333.4,-0.72,14.0,5.75,1.67,0.0,0.75,TANPA_HELM,MELANGGAR,PELANGGARAN_HELM
1789815769.82,2026-09-19 18:02:49.819,282,Perempatan Jl. Jendral Sudirman,194,3515,Golongan VI-A,Sepeda Motor (Taat Helm),0.439,273,330,375,411,324.7,370.9,1.31,15.97,4.91,2.53,0.3,1.26,HELM,TAAT_HUKUM,KENDARAAN_BERHENTI
1789815769.82,2026-09-19 18:02:49.819,282,Perempatan Jl. Jendral Sudirman,194,3408,Golongan VI-B,Sepeda Motor (Tanpa Helm),0.411,479,145,510,178,494.8,162.1,3.5,-1.15,3.5,1.02,0.1,0.95,TANPA_HELM,MELANGGAR,KENDARAAN_BERHENTI
1789815769.82,2026-09-19 18:02:49.819,282,Perempatan Jl. Jendral Sudirman,194,3751,Golongan VI-A,Sepeda Motor (Taat Helm),0.517,261,300,376,410,319.0,355.4,1.16,15.9,6.94,2.92,0.2,1.04,HELM,TAAT_HUKUM,KENDARAAN_BERHENTI
1789815769.82,2026-09-19 18:02:49.819,282,Perempatan Jl. Jendral Sudirman,194,3686,Golongan VI-A,Sepeda Motor (Taat Helm),0.282,287,296,361,395,324.8,346.4,1.15,15.12,6.38,1.9,0.2,0.75,HELM,TAAT_HUKUM,KENDARAAN_BERHENTI
1789815769.82,2026-09-19 18:02:49.819,282,Perempatan Jl. Jendral Sudirman,194,3729,Golongan VI-A,Sepeda Motor (Taat Helm),0.313,219,292,376,407,298.1,349.8,0.64,15.75,7.37,3.5,0.0,1.37,HELM,TAAT_HUKUM,KENDARAAN_BERHENTI
1789815769.82,2026-09-19 18:02:49.819,282,Perempatan Jl. Jendral Sudirman,194,3604,Golongan I,Sedan/Jip/Pick-up,0.278,350,137,422,178,386.6,157.8,0.02,-1.15,4.43,2.39,0.0,1.77,N/A,NORMAL,KENDARAAN_BERHENTI
1789815769.979,2026-09-19 18:02:49.978,282,Perempatan Jl. Jendral Sudirman,195,3515,Golongan VI-A,Sepeda Motor (Taat Helm),0.353,272,330,374,412,323.5,371.5,1.29,16.0,4.96,2.53,0.4,1.25,HELM,TAAT_HUKUM,KENDARAAN_BERHENTI
1789815769.979,2026-09-19 18:02:49.978,282,Perempatan Jl. Jendral Sudirman,195,3408,Golongan VI-B,Sepeda Motor (Tanpa Helm),0.417,479,145,510,178,494.7,162.2,3.5,-1.12,3.5,1.02,0.1,0.95,TANPA_HELM,MELANGGAR,KENDARAAN_BERHENTI
1789815769.979,2026-09-19 18:02:49.978,282,Perempatan Jl. Jendral Sudirman,195,3751,Golongan VI-A,Sepeda Motor (Taat Helm),0.569,260,299,375,410,317.6,355.4,1.14,15.94,7.01,2.92,0.3,1.04,HELM,TAAT_HUKUM,KENDARAAN_BERHENTI
1789815769.979,2026-09-19 18:02:49.978,282,Perempatan Jl. Jendral Sudirman,195,3729,Golongan VI-A,Sepeda Motor (Taat Helm),0.295,221,291,374,406,298.2,349.4,0.63,15.72,7.39,3.5,0.0,1.33,HELM,TAAT_HUKUM,KENDARAAN_BERHENTI
1789815769.979,2026-09-19 18:02:49.978,282,Perempatan Jl. Jendral Sudirman,195,3521,Golongan VI-A,Sepeda Motor (Taat Helm),0.309,292,257,364,396,328.4,327.1,1.24,15.15,9.43,1.9,0.0,0.52,HELM,TAAT_HUKUM,PELANGGARAN_HELM
1789815770.156,2026-09-19 18:02:50.156,282,Perempatan Jl. Jendral Sudirman,196,3515,Golongan VI-A,Sepeda Motor (Taat Helm),0.482,269,325,376,411,322.6,368.6,1.26,15.99,5.25,2.67,0.4,1.24,HELM,TAAT_HUKUM,KENDARAAN_BERHENTI
1789815770.156,2026-09-19 18:02:50.156,282,Perempatan Jl. Jendral Sudirman,196,3408,Golongan VI-B,Sepeda Motor (Tanpa Helm),0.428,478,145,510,178,494.7,162.2,3.5,-1.11,3.5,1.06,0.1,0.95,TANPA_HELM,MELANGGAR,KENDARAAN_BERHENTI
1789815770.156,2026-09-19 18:02:50.156,282,Perempatan Jl. Jendral Sudirman,196,3751,Golongan VI-A,Sepeda Motor (Taat Helm),0.559,258,299,373,411,316.1,355.2,1.1,15.95,7.07,2.92,0.4,1.03,HELM,TAAT_HUKUM,KENDARAAN_BERHENTI
1789815770.156,2026-09-19 18:02:50.156,282,Perempatan Jl. Jendral Sudirman,196,3729,Golongan VI-A,Sepeda Motor (Taat Helm),0.351,222,291,373,407,297.9,349.7,0.63,15.76,7.45,3.5,0.1,1.3,HELM,TAAT_HUKUM,KENDARAAN_BERHENTI
1789815770.156,2026-09-19 18:02:50.156,282,Perempatan Jl. Jendral Sudirman,196,3686,Golongan VI-A,Sepeda Motor (Taat Helm),0.287,284,289,365,398,325.0,343.9,1.18,15.26,7.07,2.08,0.0,0.74,HELM,TAAT_HUKUM,KENDARAAN_BERHENTI
1789815770.345,2026-09-19 18:02:50.344,282,Perempatan Jl. Jendral Sudirman,197,3515,Golongan VI-A,Sepeda Motor (Taat Helm),0.505,268,325,375,412,321.9,368.9,1.25,16.01,5.3,2.67,0.4,1.23,HELM,TAAT_HUKUM,KENDARAAN_BERHENTI
1789815770.345,2026-09-19 18:02:50.344,282,Perempatan Jl. Jendral Sudirman,197,3408,Golongan VI-B,Sepeda Motor (Tanpa Helm),0.413,479,145,510,178,494.7,162.2,3.5,-1.11,3.5,1.02,0.0,0.95,TANPA_HELM,MELANGGAR,KENDARAAN_BERHENTI
1789815770.345,2026-09-19 18:02:50.344,282,Perempatan Jl. Jendral Sudirman,197,3751,Golongan VI-A,Sepeda Motor (Taat Helm),0.58,259,300,373,411,316.2,355.6,1.11,15.96,7.0,2.89,0.4,1.03,HELM,TAAT_HUKUM,KENDARAAN_BERHENTI
1789815770.345,2026-09-19 18:02:50.344,282,Perempatan Jl. Jendral Sudirman,197,3729,Golongan VI-A,Sepeda Motor (Taat Helm),0.337,224,292,371,407,298.1,349.6,0.63,15.73,7.37,3.5,0.1,1.28,HELM,TAAT_HUKUM,KENDARAAN_BERHENTI
1789815770.345,2026-09-19 18:02:50.344,282,Perempatan Jl. Jendral Sudirman,197,3686,Golongan VI-A,Sepeda Motor (Taat Helm),0.301,282,289,362,397,322.8,343.9,1.12,15.23,7.01,2.06,0.0,0.74,HELM,TAAT_HUKUM,KENDARAAN_BERHENTI
1789815770.345,2026-09-19 18:02:50.344,282,Perempatan Jl. Jendral Sudirman,197,3521,Golongan VI-A,Sepeda Motor (Taat Helm),0.304,292,256,364,396,328.9,326.6,1.25,15.13,9.51,1.9,0.0,0.52,HELM,TAAT_HUKUM,PELANGGARAN_HELM
1789815770.521,2026-09-19 18:02:50.520,282,Perempatan Jl. Jendral Sudirman,198,3515,Golongan VI-A,Sepeda Motor (Taat Helm),0.49,269,326,373,412,321.5,369.6,1.24,16.02,5.23,2.59,0.4,1.22,HELM,TAAT_HUKUM,KENDARAAN_BERHENTI
1789815770.521,2026-09-19 18:02:50.520,282,Perempatan Jl. Jendral Sudirman,198,3408,Golongan VI-B,Sepeda Motor (Tanpa Helm),0.426,479,145,510,178,494.7,162.2,3.5,-1.11,3.5,1.02,0.0,0.95,TANPA_HELM,MELANGGAR,KENDARAAN_BERHENTI
1789815770.521,2026-09-19 18:02:50.520,282,Perempatan Jl. Jendral Sudirman,198,3751,Golongan VI-A,Sepeda Motor (Taat Helm),0.577,260,301,372,410,316.6,356.1,1.11,15.94,6.87,2.84,0.4,1.02,HELM,TAAT_HUKUM,KENDARAAN_BERHENTI
1789815770.521,2026-09-19 18:02:50.520,282,Perempatan Jl. Jendral Sudirman,198,3729,Golongan VI-A,Sepeda Motor (Taat Helm),0.346,226,295,370,408,298.5,352.1,0.66,15.81,7.21,3.5,0.2,1.27,HELM,TAAT_HUKUM,KENDARAAN_BERHENTI
1789815770.521,2026-09-19 18:02:50.520,282,Perempatan Jl. Jendral Sudirman,198,3686,Golongan VI-A,Sepeda Motor (Taat Helm),0.359,276,294,356,399,316.3,347.0,0.98,15.3,6.76,2.05,2.0,0.76,HELM,TAAT_HUKUM,KENDARAAN_BERHENTI
1789815770.521,2026-09-19 18:02:50.520,282,Perempatan Jl. Jendral Sudirman,198,3521,Golongan VI-A,Sepeda Motor (Taat Helm),0.291,292,258,364,396,328.4,327.4,1.25,15.16,9.35,1.9,0.0,0.52,HELM,TAAT_HUKUM,PELANGGARAN_HELM
1789815770.678,2026-09-19 18:02:50.677,282,Perempatan Jl. Jendral Sudirman,199,3515,Golongan VI-A,Sepeda Motor (Taat Helm),0.374,272,331,371,412,322.1,372.1,1.26,16.03,4.9,2.46,0.4,1.22,HELM,TAAT_HUKUM,KENDARAAN_BERHENTI
1789815770.678,2026-09-19 18:02:50.677,282,Perempatan Jl. Jendral Sudirman,199,3408,Golongan VI-B,Sepeda Motor (Tanpa Helm),0.424,479,145,510,178,494.7,162.3,3.5,-1.11,3.5,1.02,0.0,0.95,TANPA_HELM,MELANGGAR,KENDARAAN_BERHENTI
1789815770.678,2026-09-19 18:02:50.677,282,Perempatan Jl. Jendral Sudirman,199,3751,Golongan VI-A,Sepeda Motor (Taat Helm),0.603,261,301,372,410,316.9,356.3,1.12,15.93,6.87,2.81,0.4,1.02,HELM,TAAT_HUKUM,KENDARAAN_BERHENTI
1789815770.678,2026-09-19 18:02:50.677,282,Perempatan Jl. Jendral Sudirman,199,3729,Golongan VI-A,Sepeda Motor (Taat Helm),0.289,228,293,370,406,299.2,350.0,0.65,15.68,7.24,3.5,0.2,1.26,HELM,TAAT_HUKUM,KENDARAAN_BERHENTI
1789815770.678,2026-09-19 18:02:50.677,282,Perempatan Jl. Jendral Sudirman,199,3686,Golongan VI-A,Sepeda Motor (Taat Helm),0.336,278,291,360,398,319.6,345.1,1.05,15.26,6.92,2.11,1.6,0.76,HELM,TAAT_HUKUM,KENDARAAN_BERHENTI
1789815770.678,2026-09-19 18:02:50.677,282,Perempatan Jl. Jendral Sudirman,199,3521,Golongan VI-A,Sepeda Motor (Taat Helm),0.362,292,257,364,396,328.9,327.2,1.26,15.16,9.43,1.9,0.4,0.52,HELM,TAAT_HUKUM,PELANGGARAN_HELM
1789815770.843,2026-09-19 18:02:50.843,282,Perempatan Jl. Jendral Sudirman,200,3515,Golongan VI-A,Sepeda Motor (Taat Helm),0.422,271,329,371,412,321.5,370.9,1.24,16.0,5.03,2.48,0.4,1.22,HELM,TAAT_HUKUM,KENDARAAN_BERHENTI
1789815770.843,2026-09-19 18:02:50.843,282,Perempatan Jl. Jendral Sudirman,200,3408,Golongan VI-B,Sepeda Motor (Tanpa Helm),0.431,479,145,510,178,494.7,162.3,3.5,-1.11,3.5,1.02,0.1,0.95,TANPA_HELM,MELANGGAR,KENDARAAN_BERHENTI
1789815770.843,2026-09-19 18:02:50.843,282,Perempatan Jl. Jendral Sudirman,200,3751,Golongan VI-B,Sepeda Motor (Tanpa Helm),0.597,262,302,371,410,316.9,356.3,1.11,15.9,6.8,2.76,0.4,1.01,TANPA_HELM,MELANGGAR,PELANGGARAN_HELM
1789815770.843,2026-09-19 18:02:50.843,282,Perempatan Jl. Jendral Sudirman,200,3729,Golongan VI-A,Sepeda Motor (Taat Helm),0.299,229,293,369,404,299.8,349.2,0.65,15.62,7.13,3.5,0.3,1.25,HELM,TAAT_HUKUM,KENDARAAN_BERHENTI
1789815770.843,2026-09-19 18:02:50.843,282,Perempatan Jl. Jendral Sudirman,200,3686,Golongan VI-A,Sepeda Motor (Taat Helm),0.38,275,295,356,399,315.8,347.7,0.97,15.32,6.69,2.07,1.4,0.78,HELM,TAAT_HUKUM,KENDARAAN_BERHENTI
1789815770.843,2026-09-19 18:02:50.843,282,Perempatan Jl. Jendral Sudirman,200,3521,Golongan VI-B,Sepeda Motor (Tanpa Helm),0.391,292,257,365,397,329.0,327.4,1.26,15.19,9.48,1.92,0.4,0.52,TANPA_HELM,MELANGGAR,PELANGGARAN_HELM
1789815770.843,2026-09-19 18:02:50.843,282,Perempatan Jl. Jendral Sudirman,200,3604,Golongan I,Sedan/Jip/Pick-up,0.256,351,137,422,177,386.9,157.5,0.02,-1.23,4.33,2.36,0.0,1.79,N/A,NORMAL,KENDARAAN_BERHENTI
1789815771.004,2026-09-19 18:02:51.004,282,Perempatan Jl. Jendral Sudirman,201,3515,Golongan VI-A,Sepeda Motor (Taat Helm),0.419,274,333,370,412,322.7,373.0,1.27,16.01,4.77,2.38,0.4,1.22,HELM,TAAT_HUKUM,KENDARAAN_BERHENTI
1789815771.004,2026-09-19 18:02:51.004,282,Perempatan Jl. Jendral Sudirman,201,3408,Golongan VI-B,Sepeda Motor (Tanpa Helm),0.432,479,145,510,178,494.7,162.3,3.5,-1.11,3.5,1.02,0.1,0.95,TANPA_HELM,MELANGGAR,KENDARAAN_BERHENTI
1789815771.004,2026-09-19 18:02:51.004,282,Perempatan Jl. Jendral Sudirman,201,3751,Golongan VI-B,Sepeda Motor (Tanpa Helm),0.576,262,302,371,409,317.0,356.2,1.11,15.89,6.74,2.76,0.4,1.01,TANPA_HELM,MELANGGAR,PELANGGARAN_HELM
1789815771.004,2026-09-19 18:02:51.004,282,Perempatan Jl. Jendral Sudirman,201,3729,Golongan VI-A,Sepeda Motor (Taat Helm),0.318,231,293,368,404,300.0,348.9,0.65,15.57,7.13,3.5,0.4,1.25,HELM,TAAT_HUKUM,KENDARAAN_BERHENTI
1789815771.004,2026-09-19 18:02:51.004,282,Perempatan Jl. Jendral Sudirman,201,3686,Golongan VI-A,Sepeda Motor (Taat Helm),0.37,272,297,354,400,313.8,348.7,0.93,15.34,6.6,2.1,1.3,0.8,HELM,TAAT_HUKUM,KENDARAAN_BERHENTI
1789815771.004,2026-09-19 18:02:51.004,282,Perempatan Jl. Jendral Sudirman,201,3521,Golongan VI-B,Sepeda Motor (Tanpa Helm),0.4,293,257,365,396,329.3,327.1,1.27,15.18,9.43,1.9,0.4,0.51,TANPA_HELM,MELANGGAR,PELANGGARAN_HELM
1789815771.185,2026-09-19 18:02:51.185,282,Perempatan Jl. Jendral Sudirman,202,3515,Golongan VI-A,Sepeda Motor (Taat Helm),0.405,275,335,369,412,322.5,373.8,1.27,16.02,4.63,2.33,0.4,1.22,HELM,TAAT_HUKUM,KENDARAAN_BERHENTI
1789815771.185,2026-09-19 18:02:51.185,282,Perempatan Jl. Jendral Sudirman,202,3408,Golongan VI-B,Sepeda Motor (Tanpa Helm),0.417,479,145,510,178,494.7,162.3,3.5,-1.12,3.5,1.02,0.1,0.95,TANPA_HELM,MELANGGAR,KENDARAAN_BERHENTI
1789815771.185,2026-09-19 18:02:51.185,282,Perempatan Jl. Jendral Sudirman,202,3751,Golongan VI-B,Sepeda Motor (Tanpa Helm),0.579,262,301,370,409,316.7,355.8,1.1,15.88,6.81,2.74,0.4,1.0,TANPA_HELM,MELANGGAR,PELANGGARAN_HELM
1789815771.185,2026-09-19 18:02:51.185,282,Perempatan Jl. Jendral Sudirman,202,3729,Golongan VI-A,Sepeda Motor (Taat Helm),0.33,230,293,368,404,299.6,348.5,0.64,15.57,7.13,3.5,0.4,1.24,HELM,TAAT_HUKUM,KENDARAAN_BERHENTI
1789815771.185,2026-09-19 18:02:51.185,282,Perempatan Jl. Jendral Sudirman,202,3686,Golongan VI-A,Sepeda Motor (Taat Helm),0.339,271,298,354,400,313.3,349.1,0.92,15.34,6.53,2.12,1.2,0.82,HELM,TAAT_HUKUM,KENDARAAN_BERHENTI
1789815771.185,2026-09-19 18:02:51.185,282,Perempatan Jl. Jendral Sudirman,202,3521,Golongan VI-B,Sepeda Motor (Tanpa Helm),0.397,293,256,365,396,329.8,326.9,1.28,15.17,9.51,1.9,0.3,0.51,TANPA_HELM,MELANGGAR,PELANGGARAN_HELM
1789815771.36,2026-09-19 18:02:51.360,282,Perempatan Jl. Jendral Sudirman,203,3515,Golongan VI-A,Sepeda Motor (Taat Helm),0.417,275,336,369,412,322.3,374.5,1.27,16.04,4.57,2.32,0.3,1.22,HELM,TAAT_HUKUM,KENDARAAN_BERHENTI
1789815771.36,2026-09-19 18:02:51.360,282,Perempatan Jl. Jendral Sudirman,203,3408,Golongan VI-B,Sepeda Motor (Tanpa Helm),0.426,479,145,510,178,494.7,162.3,3.5,-1.12,3.5,1.02,0.1,0.95,TANPA_HELM,MELANGGAR,KENDARAAN_BERHENTI
1789815771.36,2026-09-19 18:02:51.360,282,Perempatan Jl. Jendral Sudirman,203,3751,Golongan VI-B,Sepeda Motor (Tanpa Helm),0.568,261,301,370,409,316.1,355.7,1.09,15.88,6.81,2.76,0.3,1.0,TANPA_HELM,MELANGGAR,PELANGGARAN_HELM
1789815771.36,2026-09-19 18:02:51.360,282,Perempatan Jl. Jendral Sudirman,203,3729,Golongan VI-A,Sepeda Motor (Taat Helm),0.363,230,293,368,404,299.3,348.9,0.64,15.6,7.13,3.5,0.4,1.24,HELM,TAAT_HUKUM,KENDARAAN_BERHENTI
1789815771.36,2026-09-19 18:02:51.360,282,Perempatan Jl. Jendral Sudirman,203,3686,Golongan VI-A,Sepeda Motor (Taat Helm),0.338,271,298,355,400,313.5,349.4,0.92,15.35,6.53,2.15,1.0,0.84,HELM,TAAT_HUKUM,KENDARAAN_BERHENTI
1789815771.36,2026-09-19 18:02:51.360,282,Perempatan Jl. Jendral Sudirman,203,3521,Golongan VI-B,Sepeda Motor (Tanpa Helm),0.388,294,257,365,397,329.9,327.2,1.29,15.19,9.48,1.87,0.3,0.51,TANPA_HELM,MELANGGAR,PELANGGARAN_HELM
1789815771.565,2026-09-19 18:02:51.565,282,Perempatan Jl. Jendral Sudirman,204,3515,Golongan VI-A,Sepeda Motor (Taat Helm),0.446,275,336,369,412,322.6,374.7,1.27,16.04,4.57,2.32,0.2,1.23,HELM,TAAT_HUKUM,KENDARAAN_BERHENTI
1789815771.565,2026-09-19 18:02:51.565,282,Perempatan Jl. Jendral Sudirman,204,3408,Golongan VI-B,Sepeda Motor (Tanpa Helm),0.42,479,145,510,178,494.7,162.3,3.5,-1.12,3.5,1.02,0.1,0.95,TANPA_HELM,MELANGGAR,KENDARAAN_BERHENTI
1789815771.565,2026-09-19 18:02:51.565,282,Perempatan Jl. Jendral Sudirman,204,3751,Golongan VI-B,Sepeda Motor (Tanpa Helm),0.525,261,301,370,409,316.0,355.4,1.08,15.87,6.81,2.76,0.3,1.0,TANPA_HELM,MELANGGAR,PELANGGARAN_HELM
1789815771.565,2026-09-19 18:02:51.565,282,Perempatan Jl. Jendral Sudirman,204,3729,Golongan VI-A,Sepeda Motor (Taat Helm),0.418,230,293,367,404,298.7,349.0,0.62,15.6,7.13,3.5,0.3,1.23,HELM,TAAT_HUKUM,KENDARAAN_BERHENTI
1789815771.565,2026-09-19 18:02:51.565,282,Perempatan Jl. Jendral Sudirman,204,3686,Golongan VI-A,Sepeda Motor (Taat Helm),0.342,273,294,360,398,316.6,346.8,0.98,15.27,6.7,2.23,0.8,0.84,HELM,TAAT_HUKUM,KENDARAAN_BERHENTI
1789815771.565,2026-09-19 18:02:51.565,282,Perempatan Jl. Jendral Sudirman,204,3521,Golongan VI-B,Sepeda Motor (Tanpa Helm),0.379,294,257,365,397,329.8,327.3,1.28,15.18,9.48,1.87,0.2,0.51,TANPA_HELM,MELANGGAR,PELANGGARAN_HELM
1789815771.764,2026-09-19 18:02:51.764,282,Perempatan Jl. Jendral Sudirman,205,3515,Golongan VI-A,Sepeda Motor (Taat Helm),0.458,276,337,368,412,322.8,375.3,1.28,16.04,4.5,2.27,0.2,1.23,HELM,TAAT_HUKUM,KENDARAAN_BERHENTI
1789815771.764,2026-09-19 18:02:51.764,282,Perempatan Jl. Jendral Sudirman,205,3408,Golongan VI-B,Sepeda Motor (Tanpa Helm),0.422,479,145,510,178,494.7,162.3,3.5,-1.12,3.5,1.02,0.1,0.95,TANPA_HELM,MELANGGAR,KENDARAAN_BERHENTI
1789815771.764,2026-09-19 18:02:51.764,282,Perempatan Jl. Jendral Sudirman,205,3751,Golongan VI-B,Sepeda Motor (Tanpa Helm),0.479,261,301,369,409,315.6,355.6,1.08,15.88,6.81,2.74,0.2,1.0,TANPA_HELM,MELANGGAR,PELANGGARAN_HELM
1789815771.764,2026-09-19 18:02:51.764,282,Perempatan Jl. Jendral Sudirman,205,3729,Golongan VI-A,Sepeda Motor (Taat Helm),0.44,228,293,367,405,298.0,349.3,0.61,15.65,7.19,3.5,0.3,1.23,HELM,TAAT_HUKUM,KENDARAAN_BERHENTI
1789815771.764,2026-09-19 18:02:51.764,282,Perempatan Jl. Jendral Sudirman,205,3686,Golongan VI-A,Sepeda Motor (Taat Helm),0.366,276,292,364,398,320.8,345.5,1.08,15.27,6.85,2.26,0.6,0.83,HELM,TAAT_HUKUM,KENDARAAN_BERHENTI
1789815771.764,2026-09-19 18:02:51.764,282,Perempatan Jl. Jendral Sudirman,205,3521,Golongan VI-B,Sepeda Motor (Tanpa Helm),0.407,294,257,365,397,329.6,327.6,1.28,15.2,9.48,1.87,0.2,0.51,TANPA_HELM,MELANGGAR,PELANGGARAN_HELM
1789815771.764,2026-09-19 18:02:51.764,282,Perempatan Jl. Jendral Sudirman,205,3604,Golongan I,Sedan/Jip/Pick-up,0.253,349,137,421,177,385.3,157.6,-0.03,-1.21,4.33,2.4,0.0,1.79,N/A,NORMAL,KENDARAAN_BERHENTI
1789815771.924,2026-09-19 18:02:51.924,282,Perempatan Jl. Jendral Sudirman,206,3515,Golongan VI-A,Sepeda Motor (Taat Helm),0.436,276,337,369,412,323.3,374.8,1.29,16.03,4.5,2.3,0.1,1.23,HELM,TAAT_HUKUM,KENDARAAN_BERHENTI
1789815771.924,2026-09-19 18:02:51.924,282,Perempatan Jl. Jendral Sudirman,206,3408,Golongan VI-B,Sepeda Motor (Tanpa Helm),0.438,479,145,510,178,494.7,162.3,3.5,-1.11,3.5,1.02,0.0,0.95,TANPA_HELM,MELANGGAR,KENDARAAN_BERHENTI
1789815771.924,2026-09-19 18:02:51.924,282,Perempatan Jl. Jendral Sudirman,206,3751,Golongan VI-B,Sepeda Motor (Tanpa Helm),0.505,262,301,369,409,316.0,355.5,1.09,15.88,6.81,2.71,0.2,0.99,TANPA_HELM,MELANGGAR,PELANGGARAN_HELM
1789815771.924,2026-09-19 18:02:51.924,282,Perempatan Jl. Jendral Sudirman,206,3729,Golongan VI-A,Sepeda Motor (Taat Helm),0.453,228,293,366,405,297.7,349.0,0.6,15.62,7.19,3.5,0.3,1.23,HELM,TAAT_HUKUM,KENDARAAN_BERHENTI
1789815771.924,2026-09-19 18:02:51.924,282,Perempatan Jl. Jendral Sudirman,206,3686,Golongan VI-A,Sepeda Motor (Taat Helm),0.376,274,295,361,399,317.6,347.3,1.01,15.3,6.69,2.23,0.5,0.84,HELM,TAAT_HUKUM,KENDARAAN_BERHENTI
1789815771.924,2026-09-19 18:02:51.924,282,Perempatan Jl. Jendral Sudirman,206,3521,Golongan VI-B,Sepeda Motor (Tanpa Helm),0.407,294,257,365,396,329.6,327.3,1.27,15.17,9.43,1.87,0.2,0.51,TANPA_HELM,MELANGGAR,PELANGGARAN_HELM
1789815771.924,2026-09-19 18:02:51.924,282,Perempatan Jl. Jendral Sudirman,206,3604,Golongan I,Sedan/Jip/Pick-up,0.263,348,137,420,177,384.8,157.7,-0.04,-1.2,4.33,2.4,0.0,1.8,N/A,NORMAL,KENDARAAN_BERHENTI
1789815772.105,2026-09-19 18:02:52.104,282,Perempatan Jl. Jendral Sudirman,207,3515,Golongan VI-A,Sepeda Motor (Taat Helm),0.426,275,333,371,411,323.2,372.6,1.28,15.99,4.71,2.38,0.1,1.22,HELM,TAAT_HUKUM,KENDARAAN_BERHENTI
1789815772.105,2026-09-19 18:02:52.104,282,Perempatan Jl. Jendral Sudirman,207,3408,Golongan VI-B,Sepeda Motor (Tanpa Helm),0.439,479,145,510,178,494.7,162.3,3.5,-1.11,3.5,1.02,0.0,0.95,TANPA_HELM,MELANGGAR,KENDARAAN_BERHENTI
1789815772.105,2026-09-19 18:02:52.104,282,Perempatan Jl. Jendral Sudirman,207,3751,Golongan VI-B,Sepeda Motor (Tanpa Helm),0.537,263,300,370,409,317.0,355.1,1.11,15.88,6.88,2.72,0.2,0.99,TANPA_HELM,MELANGGAR,PELANGGARAN_HELM
1789815772.105,2026-09-19 18:02:52.104,282,Perempatan Jl. Jendral Sudirman,207,3729,Golongan VI-A,Sepeda Motor (Taat Helm),0.441,228,292,366,405,297.6,348.8,0.6,15.62,7.26,3.5,0.4,1.23,HELM,TAAT_HUKUM,KENDARAAN_BERHENTI
1789815772.105,2026-09-19 18:02:52.104,282,Perempatan Jl. Jendral Sudirman,207,3686,Golongan VI-A,Sepeda Motor (Taat Helm),0.291,272,296,360,399,316.7,347.9,0.99,15.32,6.61,2.25,0.3,0.85,HELM,TAAT_HUKUM,KENDARAAN_BERHENTI
1789815772.105,2026-09-19 18:02:52.104,282,Perempatan Jl. Jendral Sudirman,207,3521,Golongan VI-B,Sepeda Motor (Tanpa Helm),0.433,294,257,365,396,329.6,327.1,1.27,15.16,9.43,1.87,0.1,0.51,TANPA_HELM,MELANGGAR,PELANGGARAN_HELM
1789815772.105,2026-09-19 18:02:52.104,282,Perempatan Jl. Jendral Sudirman,207,3604,Golongan I,Sedan/Jip/Pick-up,0.269,348,137,420,178,384.5,157.8,-0.05,-1.17,4.43,2.39,0.5,1.8,N/A,NORMAL,KENDARAAN_BERHENTI
1789815772.325,2026-09-19 18:02:52.324,282,Perempatan Jl. Jendral Sudirman,208,3515,Golongan VI-A,Sepeda Motor (Taat Helm),0.435,275,331,372,411,323.8,371.6,1.29,15.98,4.84,2.41,0.1,1.22,HELM,TAAT_HUKUM,KENDARAAN_BERHENTI
1789815772.325,2026-09-19 18:02:52.324,282,Perempatan Jl. Jendral Sudirman,208,3408,Golongan VI-B,Sepeda Motor (Tanpa Helm),0.449,479,145,510,178,494.6,162.4,3.5,-1.11,3.5,1.02,0.0,0.94,TANPA_HELM,MELANGGAR,KENDARAAN_BERHENTI
1789815772.325,2026-09-19 18:02:52.324,282,Perempatan Jl. Jendral Sudirman,208,3751,Golongan VI-B,Sepeda Motor (Tanpa Helm),0.519,264,300,371,409,317.9,355.0,1.13,15.88,6.88,2.72,0.2,0.98,TANPA_HELM,MELANGGAR,PELANGGARAN_HELM
1789815772.325,2026-09-19 18:02:52.324,282,Perempatan Jl. Jendral Sudirman,208,3729,Golongan VI-A,Sepeda Motor (Taat Helm),0.44,228,292,366,404,297.5,348.6,0.59,15.6,7.2,3.5,0.3,1.22,HELM,TAAT_HUKUM,KENDARAAN_BERHENTI
1789815772.325,2026-09-19 18:02:52.324,282,Perempatan Jl. Jendral Sudirman,208,3686,Golongan VI-A,Sepeda Motor (Taat Helm),0.308,273,296,360,399,316.8,348.1,1.0,15.33,6.61,2.23,0.3,0.85,HELM,TAAT_HUKUM,KENDARAAN_BERHENTI
1789815772.325,2026-09-19 18:02:52.324,282,Perempatan Jl. Jendral Sudirman,208,3521,Golongan VI-B,Sepeda Motor (Tanpa Helm),0.425,294,257,364,396,329.4,327.2,1.27,15.17,9.43,1.85,0.1,0.51,TANPA_HELM,MELANGGAR,PELANGGARAN_HELM
1789815772.325,2026-09-19 18:02:52.324,282,Perempatan Jl. Jendral Sudirman,208,3604,Golongan I,Sedan/Jip/Pick-up,0.349,347,137,420,178,384.3,157.9,-0.05,-1.17,4.43,2.43,0.4,1.81,N/A,NORMAL,KENDARAAN_BERHENTI
1789815772.517,2026-09-19 18:02:52.517,282,Perempatan Jl. Jendral Sudirman,209,3515,Golongan VI-B,Sepeda Motor (Tanpa Helm),0.441,275,330,372,411,323.6,371.1,1.28,15.96,4.91,2.41,0.1,1.21,TANPA_HELM,MELANGGAR,KENDARAAN_BERHENTI
1789815772.517,2026-09-19 18:02:52.517,282,Perempatan Jl. Jendral Sudirman,209,3408,Golongan VI-B,Sepeda Motor (Tanpa Helm),0.445,479,145,510,178,494.6,162.4,3.5,-1.1,3.5,1.02,0.0,0.94,TANPA_HELM,MELANGGAR,KENDARAAN_BERHENTI
1789815772.517,2026-09-19 18:02:52.517,282,Perempatan Jl. Jendral Sudirman,209,3751,Golongan VI-B,Sepeda Motor (Tanpa Helm),0.525,264,300,371,409,318.3,355.1,1.14,15.88,6.88,2.72,0.1,0.97,TANPA_HELM,MELANGGAR,PELANGGARAN_HELM
1789815772.517,2026-09-19 18:02:52.517,282,Perempatan Jl. Jendral Sudirman,209,3729,Golongan VI-A,Sepeda Motor (Taat Helm),0.437,228,292,365,404,297.3,348.5,0.58,15.59,7.2,3.5,0.2,1.22,HELM,TAAT_HUKUM,KENDARAAN_BERHENTI
1789815772.517,2026-09-19 18:02:52.517,282,Perempatan Jl. Jendral Sudirman,209,3686,Golongan VI-A,Sepeda Motor (Taat Helm),0.331,273,296,361,399,317.4,348.1,1.01,15.31,6.61,2.25,0.2,0.85,HELM,TAAT_HUKUM,KENDARAAN_BERHENTI
1789815772.517,2026-09-19 18:02:52.517,282,Perempatan Jl. Jendral Sudirman,209,3521,Golongan VI-B,Sepeda Motor (Tanpa Helm),0.42,294,257,364,396,329.4,327.3,1.27,15.16,9.43,1.85,0.1,0.51,TANPA_HELM,MELANGGAR,PELANGGARAN_HELM
1789815772.727,2026-09-19 18:02:52.726,282,Perempatan Jl. Jendral Sudirman,210,3515,Golongan VI-B,Sepeda Motor (Tanpa Helm),0.431,275,330,372,411,323.7,370.8,1.28,15.95,4.91,2.41,0.1,1.2,TANPA_HELM,MELANGGAR,KENDARAAN_BERHENTI
1789815772.727,2026-09-19 18:02:52.726,282,Perempatan Jl. Jendral Sudirman,210,3408,Golongan VI-B,Sepeda Motor (Tanpa Helm),0.451,479,145,510,178,494.6,162.4,3.5,-1.1,3.5,1.02,0.0,0.94,TANPA_HELM,MELANGGAR,KENDARAAN_BERHENTI
1789815772.727,2026-09-19 18:02:52.726,282,Perempatan Jl. Jendral Sudirman,210,3751,Golongan VI-B,Sepeda Motor (Tanpa Helm),0.518,265,300,371,409,318.4,355.1,1.14,15.88,6.88,2.69,0.1,0.97,TANPA_HELM,MELANGGAR,PELANGGARAN_HELM
1789815772.727,2026-09-19 18:02:52.726,282,Perempatan Jl. Jendral Sudirman,210,3729,Golongan VI-A,Sepeda Motor (Taat Helm),0.432,228,292,365,404,297.1,348.5,0.58,15.59,7.2,3.5,0.2,1.22,HELM,TAAT_HUKUM,KENDARAAN_BERHENTI
1789815772.727,2026-09-19 18:02:52.726,282,Perempatan Jl. Jendral Sudirman,210,3686,Golongan VI-A,Sepeda Motor (Taat Helm),0.324,273,297,360,399,316.8,348.1,0.99,15.3,6.54,2.22,0.2,0.85,HELM,TAAT_HUKUM,KENDARAAN_BERHENTI
1789815772.727,2026-09-19 18:02:52.726,282,Perempatan Jl. Jendral Sudirman,210,3521,Golongan VI-B,Sepeda Motor (Tanpa Helm),0.39,294,257,364,396,329.4,327.1,1.27,15.16,9.43,1.85,0.1,0.51,TANPA_HELM,MELANGGAR,PELANGGARAN_HELM
1789815772.727,2026-09-19 18:02:52.726,282,Perempatan Jl. Jendral Sudirman,210,3604,Golongan I,Sedan/Jip/Pick-up,0.251,346,137,420,177,383.5,157.8,-0.08,-1.2,4.33,2.46,0.0,1.84,N/A,NORMAL,KENDARAAN_BERHENTI
1789815772.939,2026-09-19 18:02:52.939,282,Perempatan Jl. Jendral Sudirman,211,3515,Golongan VI-B,Sepeda Motor (Tanpa Helm),0.434,277,333,371,411,324.1,372.8,1.3,16.0,4.71,2.33,0.1,1.2,TANPA_HELM,MELANGGAR,KENDARAAN_BERHENTI
1789815772.939,2026-09-19 18:02:52.939,282,Perempatan Jl. Jendral Sudirman,211,3408,Golongan VI-B,Sepeda Motor (Tanpa Helm),0.452,479,145,510,178,494.6,162.4,3.5,-1.1,3.5,1.02,0.0,0.94,TANPA_HELM,MELANGGAR,KENDARAAN_BERHENTI
1789815772.939,2026-09-19 18:02:52.939,282,Perempatan Jl. Jendral Sudirman,211,3751,Golongan VI-B,Sepeda Motor (Tanpa Helm),0.504,265,300,371,409,318.5,355.0,1.15,15.88,6.88,2.69,0.1,0.96,TANPA_HELM,MELANGGAR,PELANGGARAN_HELM
1789815772.939,2026-09-19 18:02:52.939,282,Perempatan Jl. Jendral Sudirman,211,3729,Golongan VI-A,Sepeda Motor (Taat Helm),0.414,228,292,365,404,297.1,348.5,0.58,15.59,7.2,3.5,0.2,1.22,HELM,TAAT_HUKUM,KENDARAAN_BERHENTI
1789815772.939,2026-09-19 18:02:52.939,282,Perempatan Jl. Jendral Sudirman,211,3686,Golongan VI-A,Sepeda Motor (Taat Helm),0.33,273,296,361,399,317.3,347.9,1.0,15.3,6.61,2.25,0.2,0.85,HELM,TAAT_HUKUM,KENDARAAN_BERHENTI
1789815772.939,2026-09-19 18:02:52.939,282,Perempatan Jl. Jendral Sudirman,211,3521,Golongan VI-B,Sepeda Motor (Tanpa Helm),0.375,294,258,364,396,329.3,327.4,1.27,15.16,9.35,1.84,0.1,0.51,TANPA_HELM,MELANGGAR,PELANGGARAN_HELM
1789815772.939,2026-09-19 18:02:52.939,282,Perempatan Jl. Jendral Sudirman,211,3604,Golongan I,Sedan/Jip/Pick-up,0.261,345,137,420,177,382.8,157.9,-0.1,-1.19,4.33,2.5,0.0,1.86,N/A,NORMAL,KENDARAAN_BERHENTI
1789815773.153,2026-09-19 18:02:53.153,282,Perempatan Jl. Jendral Sudirman,212,3515,Golongan VI-B,Sepeda Motor (Tanpa Helm),0.451,276,331,371,411,323.9,371.7,1.29,15.97,4.84,2.36,0.1,1.2,TANPA_HELM,MELANGGAR,KENDARAAN_BERHENTI
1789815773.153,2026-09-19 18:02:53.153,282,Perempatan Jl. Jendral Sudirman,212,3408,Golongan VI-B,Sepeda Motor (Tanpa Helm),0.448,479,145,510,178,494.6,162.4,3.5,-1.1,3.5,1.02,0.0,0.94,TANPA_HELM,MELANGGAR,KENDARAAN_BERHENTI
1789815773.153,2026-09-19 18:02:53.153,282,Perempatan Jl. Jendral Sudirman,212,3751,Golongan VI-B,Sepeda Motor (Tanpa Helm),0.513,266,300,371,409,318.7,355.4,1.15,15.89,6.88,2.66,0.1,0.96,TANPA_HELM,MELANGGAR,PELANGGARAN_HELM
1789815773.153,2026-09-19 18:02:53.153,282,Perempatan Jl. Jendral Sudirman,212,3729,Golongan VI-A,Sepeda Motor (Taat Helm),0.359,229,292,365,403,297.3,348.4,0.58,15.56,7.15,3.48,0.2,1.22,HELM,TAAT_HUKUM,KENDARAAN_BERHENTI
1789815773.153,2026-09-19 18:02:53.153,282,Perempatan Jl. Jendral Sudirman,212,3686,Golongan VI-A,Sepeda Motor (Taat Helm),0.389,274,297,360,398,317.6,347.9,1.01,15.27,6.48,2.2,0.2,0.85,HELM,TAAT_HUKUM,KENDARAAN_BERHENTI
1789815773.153,2026-09-19 18:02:53.153,282,Perempatan Jl. Jendral Sudirman,212,3521,Golongan VI-B,Sepeda Motor (Tanpa Helm),0.386,294,258,364,396,329.2,327.6,1.26,15.14,9.35,1.84,0.1,0.51,TANPA_HELM,MELANGGAR,PELANGGARAN_HELM
1789815773.335,2026-09-19 18:02:53.335,282,Perempatan Jl. Jendral Sudirman,213,3515,Golongan VI-B,Sepeda Motor (Tanpa Helm),0.454,277,333,370,412,324.0,373.0,1.3,16.0,4.76,2.3,0.1,1.2,TANPA_HELM,MELANGGAR,KENDARAAN_BERHENTI
1789815773.335,2026-09-19 18:02:53.335,282,Perempatan Jl. Jendral Sudirman,213,3408,Golongan VI-B,Sepeda Motor (Tanpa Helm),0.449,479,145,510,178,494.6,162.4,3.5,-1.1,3.5,1.02,0.0,0.94,TANPA_HELM,MELANGGAR,KENDARAAN_BERHENTI
1789815773.335,2026-09-19 18:02:53.335,282,Perempatan Jl. Jendral Sudirman,213,3751,Golongan VI-B,Sepeda Motor (Tanpa Helm),0.507,266,301,370,409,318.8,355.6,1.15,15.88,6.81,2.64,0.1,0.96,TANPA_HELM,MELANGGAR,PELANGGARAN_HELM
1789815773.335,2026-09-19 18:02:53.335,282,Perempatan Jl. Jendral Sudirman,213,3729,Golongan VI-A,Sepeda Motor (Taat Helm),0.342,229,292,365,404,297.4,348.6,0.59,15.58,7.2,3.48,0.1,1.22,HELM,TAAT_HUKUM,KENDARAAN_BERHENTI
1789815773.335,2026-09-19 18:02:53.335,282,Perempatan Jl. Jendral Sudirman,213,3686,Golongan VI-A,Sepeda Motor (Taat Helm),0.354,275,296,362,398,319.1,347.7,1.04,15.26,6.56,2.23,0.2,0.85,HELM,TAAT_HUKUM,KENDARAAN_BERHENTI
1789815773.335,2026-09-19 18:02:53.335,282,Perempatan Jl. Jendral Sudirman,213,3521,Golongan VI-B,Sepeda Motor (Tanpa Helm),0.392,294,258,364,396,329.2,327.8,1.26,15.16,9.35,1.84,0.1,0.51,TANPA_HELM,MELANGGAR,PELANGGARAN_HELM
1789815773.524,2026-09-19 18:02:53.523,282,Perempatan Jl. Jendral Sudirman,214,3515,Golongan VI-B,Sepeda Motor (Tanpa Helm),0.514,276,334,370,412,323.6,373.7,1.3,16.03,4.7,2.33,0.1,1.2,TANPA_HELM,MELANGGAR,KENDARAAN_BERHENTI
1789815773.524,2026-09-19 18:02:53.523,282,Perempatan Jl. Jendral Sudirman,214,3408,Golongan VI-B,Sepeda Motor (Tanpa Helm),0.44,479,147,510,178,495.0,163.1,3.52,-1.09,3.27,1.02,0.0,0.95,TANPA_HELM,MELANGGAR,KENDARAAN_BERHENTI
1789815773.524,2026-09-19 18:02:53.523,282,Perempatan Jl. Jendral Sudirman,214,3751,Golongan VI-B,Sepeda Motor (Tanpa Helm),0.551,269,306,368,409,319.0,357.9,1.16,15.88,6.45,2.5,0.1,0.96,TANPA_HELM,MELANGGAR,PELANGGARAN_HELM
1789815773.524,2026-09-19 18:02:53.523,282,Perempatan Jl. Jendral Sudirman,214,3686,Golongan VI-A,Sepeda Motor (Taat Helm),0.323,276,296,363,398,319.8,347.3,1.06,15.26,6.56,2.23,0.1,0.85,HELM,TAAT_HUKUM,KENDARAAN_BERHENTI
1789815773.524,2026-09-19 18:02:53.523,282,Perempatan Jl. Jendral Sudirman,214,3521,Golongan VI-B,Sepeda Motor (Tanpa Helm),0.286,294,261,363,397,329.1,329.3,1.27,15.19,9.16,1.81,0.1,0.51,TANPA_HELM,MELANGGAR,PELANGGARAN_HELM
1789815773.871,2026-09-19 18:02:53.871,282,Perempatan Jl. Jendral Sudirman,215,3515,Golongan VI-B,Sepeda Motor (Tanpa Helm),0.397,274,328,371,409,322.7,369.3,1.25,15.88,4.93,2.42,0.2,1.19,TANPA_HELM,MELANGGAR,KENDARAAN_BERHENTI
1789815773.871,2026-09-19 18:02:53.871,282,Perempatan Jl. Jendral Sudirman,215,3408,Golongan VI-B,Sepeda Motor (Tanpa Helm),0.378,479,146,510,178,494.8,162.2,3.5,-1.14,3.38,1.02,0.0,0.96,TANPA_HELM,MELANGGAR,KENDARAAN_BERHENTI
1789815773.871,2026-09-19 18:02:53.871,282,Perempatan Jl. Jendral Sudirman,215,3751,Golongan VI-B,Sepeda Motor (Tanpa Helm),0.566,266,306,366,409,316.4,358.1,1.09,15.86,6.45,2.53,0.1,0.97,TANPA_HELM,MELANGGAR,PELANGGARAN_HELM
1789815773.871,2026-09-19 18:02:53.871,282,Perempatan Jl. Jendral Sudirman,215,3686,Golongan VI-A,Sepeda Motor (Taat Helm),0.377,277,289,368,397,322.9,343.5,1.13,15.23,7.01,2.34,0.2,0.83,HELM,TAAT_HUKUM,KENDARAAN_BERHENTI
1789815773.871,2026-09-19 18:02:53.871,282,Perempatan Jl. Jendral Sudirman,215,3729,Golongan VI-A,Sepeda Motor (Taat Helm),0.422,230,294,364,403,297.1,349.3,0.57,15.55,7.0,3.43,0.0,1.23,HELM,TAAT_HUKUM,KENDARAAN_BERHENTI
1789815774.059,2026-09-19 18:02:54.058,282,Perempatan Jl. Jendral Sudirman,216,3515,Golongan VI-B,Sepeda Motor (Tanpa Helm),0.328,274,330,370,411,322.6,371.2,1.26,15.98,4.91,2.39,0.1,1.19,TANPA_HELM,MELANGGAR,KENDARAAN_BERHENTI
1789815774.059,2026-09-19 18:02:54.058,282,Perempatan Jl. Jendral Sudirman,216,3408,Golongan VI-B,Sepeda Motor (Tanpa Helm),0.381,479,146,510,178,495.0,162.6,3.51,-1.13,3.38,1.02,0.0,0.97,TANPA_HELM,MELANGGAR,KENDARAAN_BERHENTI
1789815774.059,2026-09-19 18:02:54.058,282,Perempatan Jl. Jendral Sudirman,216,3751,Golongan VI-B,Sepeda Motor (Tanpa Helm),0.592,265,306,366,409,316.0,358.0,1.08,15.87,6.46,2.55,0.1,0.97,TANPA_HELM,MELANGGAR,PELANGGARAN_HELM
1789815774.059,2026-09-19 18:02:54.058,282,Perempatan Jl. Jendral Sudirman,216,3774,Golongan VI-B,Sepeda Motor (Tanpa Helm),0.666,26,422,115,504,71.0,463.1,-3.25,20.49,4.15,1.99,0.0,1.08,TANPA_HELM,MELANGGAR,PELANGGARAN_HELM
1789815774.059,2026-09-19 18:02:54.058,282,Perempatan Jl. Jendral Sudirman,216,3729,Golongan VI-A,Sepeda Motor (Taat Helm),0.412,229,294,364,403,297.1,348.9,0.57,15.55,7.0,3.45,0.0,1.23,HELM,TAAT_HUKUM,KENDARAAN_BERHENTI
1789815774.059,2026-09-19 18:02:54.058,282,Perempatan Jl. Jendral Sudirman,216,3521,Golongan VI-B,Sepeda Motor (Tanpa Helm),0.389,294,276,357,398,325.7,337.5,1.19,15.24,8.05,1.64,0.0,0.52,TANPA_HELM,MELANGGAR,PELANGGARAN_HELM
1789815774.242,2026-09-19 18:02:54.242,282,Perempatan Jl. Jendral Sudirman,217,3515,Golongan VI-B,Sepeda Motor (Tanpa Helm),0.34,274,331,370,412,322.6,371.8,1.27,16.02,4.9,2.38,0.1,1.19,TANPA_HELM,MELANGGAR,KENDARAAN_BERHENTI
1789815774.242,2026-09-19 18:02:54.242,282,Perempatan Jl. Jendral Sudirman,217,3408,Golongan VI-B,Sepeda Motor (Tanpa Helm),0.404,480,147,510,178,495.2,163.0,3.52,-1.13,3.27,0.99,0.0,0.98,TANPA_HELM,MELANGGAR,KENDARAAN_BERHENTI
1789815774.242,2026-09-19 18:02:54.242,282,Perempatan Jl. Jendral Sudirman,217,3751,Golongan VI-B,Sepeda Motor (Tanpa Helm),0.586,266,307,366,409,316.2,358.5,1.09,15.87,6.38,2.53,0.1,0.98,TANPA_HELM,MELANGGAR,PELANGGARAN_HELM
1789815774.242,2026-09-19 18:02:54.242,282,Perempatan Jl. Jendral Sudirman,217,3774,Golongan VI-B,Sepeda Motor (Tanpa Helm),0.55,31,415,124,501,78.1,458.3,-3.14,20.36,4.4,2.09,0.0,1.08,TANPA_HELM,MELANGGAR,PELANGGARAN_HELM
1789815774.242,2026-09-19 18:02:54.242,282,Perempatan Jl. Jendral Sudirman,217,3729,Golongan VI-A,Sepeda Motor (Taat Helm),0.374,230,293,363,402,297.1,348.3,0.56,15.49,7.02,3.4,0.6,1.23,HELM,TAAT_HUKUM,KENDARAAN_BERHENTI
1789815774.242,2026-09-19 18:02:54.242,282,Perempatan Jl. Jendral Sudirman,217,3521,Golongan VI-B,Sepeda Motor (Tanpa Helm),0.37,293,279,356,397,324.9,338.8,1.17,15.21,7.76,1.63,0.0,0.53,TANPA_HELM,MELANGGAR,PELANGGARAN_HELM
1789815774.456,2026-09-19 18:02:54.456,282,Perempatan Jl. Jendral Sudirman,218,3515,Golongan VI-B,Sepeda Motor (Tanpa Helm),0.417,274,331,370,412,322.8,372.1,1.28,16.03,4.9,2.38,0.1,1.19,TANPA_HELM,MELANGGAR,KENDARAAN_BERHENTI
1789815774.456,2026-09-19 18:02:54.456,282,Perempatan Jl. Jendral Sudirman,218,3408,Golongan VI-B,Sepeda Motor (Tanpa Helm),0.402,480,147,510,178,495.6,163.2,3.53,-1.12,3.27,0.99,0.1,0.99,TANPA_HELM,MELANGGAR,KENDARAAN_BERHENTI
1789815774.456,2026-09-19 18:02:54.456,282,Perempatan Jl. Jendral Sudirman,218,3751,Golongan VI-B,Sepeda Motor (Tanpa Helm),0.567,266,307,366,409,316.7,358.8,1.1,15.87,6.38,2.53,0.1,0.98,TANPA_HELM,MELANGGAR,PELANGGARAN_HELM
1789815774.456,2026-09-19 18:02:54.456,282,Perempatan Jl. Jendral Sudirman,218,3774,Golongan VI-B,Sepeda Motor (Tanpa Helm),0.737,40,412,131,496,86.1,454.3,-3.03,20.15,4.33,2.06,3.7,1.08,TANPA_HELM,MELANGGAR,PELANGGARAN_HELM
1789815774.456,2026-09-19 18:02:54.456,282,Perempatan Jl. Jendral Sudirman,218,3729,Golongan VI-A,Sepeda Motor (Taat Helm),0.311,231,293,362,400,297.0,347.3,0.54,15.39,6.9,3.36,0.8,1.23,HELM,TAAT_HUKUM,KENDARAAN_BERHENTI
1789815774.456,2026-09-19 18:02:54.456,282,Perempatan Jl. Jendral Sudirman,218,3521,Golongan VI-B,Sepeda Motor (Tanpa Helm),0.315,293,282,355,396,324.3,339.4,1.14,15.13,7.48,1.6,1.1,0.54,TANPA_HELM,MELANGGAR,PELANGGARAN_HELM
1789815774.456,2026-09-19 18:02:54.456,282,Perempatan Jl. Jendral Sudirman,218,3604,Golongan I,Sedan/Jip/Pick-up,0.288,349,137,427,178,388.5,157.9,0.09,-1.12,4.43,2.59,0.0,1.88,N/A,NORMAL,KENDARAAN_BERHENTI
1789815774.675,2026-09-19 18:02:54.675,282,Perempatan Jl. Jendral Sudirman,219,3515,Golongan VI-B,Sepeda Motor (Tanpa Helm),0.413,274,331,370,412,322.7,372.2,1.28,16.04,4.9,2.38,0.1,1.19,TANPA_HELM,MELANGGAR,KENDARAAN_BERHENTI
1789815774.675,2026-09-19 18:02:54.675,282,Perempatan Jl. Jendral Sudirman,219,3408,Golongan VI-B,Sepeda Motor (Tanpa Helm),0.414,480,148,511,178,496.0,163.5,3.55,-1.09,3.16,1.02,0.1,0.99,TANPA_HELM,MELANGGAR,KENDARAAN_BERHENTI
1789815774.675,2026-09-19 18:02:54.675,282,Perempatan Jl. Jendral Sudirman,219,3751,Golongan VI-B,Sepeda Motor (Tanpa Helm),0.573,267,308,366,409,317.2,359.0,1.11,15.87,6.31,2.5,0.1,0.98,TANPA_HELM,MELANGGAR,PELANGGARAN_HELM
1789815774.675,2026-09-19 18:02:54.675,282,Perempatan Jl. Jendral Sudirman,219,3774,Golongan VI-A,Sepeda Motor (Taat Helm),0.663,50,408,141,493,96.2,450.9,-2.86,20.0,4.41,2.06,3.7,1.08,HELM,TAAT_HUKUM,PELANGGARAN_HELM
1789815774.675,2026-09-19 18:02:54.675,282,Perempatan Jl. Jendral Sudirman,219,3729,Golongan VI-A,Sepeda Motor (Taat Helm),0.271,231,294,362,399,297.0,346.5,0.52,15.29,6.77,3.36,1.0,1.24,HELM,TAAT_HUKUM,KENDARAAN_BERHENTI
1789815774.675,2026-09-19 18:02:54.675,282,Perempatan Jl. Jendral Sudirman,219,3521,Golongan VI-B,Sepeda Motor (Tanpa Helm),0.319,292,281,355,395,324.0,338.8,1.13,15.11,7.5,1.63,1.0,0.55,TANPA_HELM,MELANGGAR,PELANGGARAN_HELM
1789815774.851,2026-09-19 18:02:54.850,282,Perempatan Jl. Jendral Sudirman,220,3515,Golongan VI-B,Sepeda Motor (Tanpa Helm),0.416,274,331,370,412,322.6,372.1,1.27,16.04,4.9,2.38,0.1,1.19,TANPA_HELM,MELANGGAR,KENDARAAN_BERHENTI
1789815774.851,2026-09-19 18:02:54.850,282,Perempatan Jl. Jendral Sudirman,220,3408,Golongan VI-B,Sepeda Motor (Tanpa Helm),0.442,481,148,511,179,496.5,163.8,3.56,-1.07,3.26,0.99,0.1,1.0,TANPA_HELM,MELANGGAR,KENDARAAN_BERHENTI
1789815774.851,2026-09-19 18:02:54.850,282,Perempatan Jl. Jendral Sudirman,220,3751,Golongan VI-B,Sepeda Motor (Tanpa Helm),0.575,267,309,367,409,317.5,359.6,1.12,15.88,6.24,2.52,0.1,0.99,TANPA_HELM,MELANGGAR,PELANGGARAN_HELM
1789815774.851,2026-09-19 18:02:54.850,282,Perempatan Jl. Jendral Sudirman,220,3774,Golongan VI-A,Sepeda Motor (Taat Helm),0.625,57,405,147,488,102.1,446.7,-2.8,19.78,4.34,2.05,3.7,1.08,HELM,TAAT_HUKUM,PELANGGARAN_HELM
1789815774.851,2026-09-19 18:02:54.850,282,Perempatan Jl. Jendral Sudirman,220,3521,Golongan VI-B,Sepeda Motor (Tanpa Helm),0.257,291,281,356,397,324.4,339.2,1.15,15.19,7.61,1.68,0.7,0.56,TANPA_HELM,MELANGGAR,PELANGGARAN_HELM
1789815775.058,2026-09-19 18:02:55.057,282,Perempatan Jl. Jendral Sudirman,221,3515,Golongan VI-B,Sepeda Motor (Tanpa Helm),0.387,274,331,370,412,322.4,372.0,1.27,16.04,4.9,2.38,0.1,1.19,TANPA_HELM,MELANGGAR,KENDARAAN_BERHENTI
1789815775.058,2026-09-19 18:02:55.057,282,Perempatan Jl. Jendral Sudirman,221,3408,Golongan VI-B,Sepeda Motor (Tanpa Helm),0.439,481,148,511,179,496.6,163.8,3.57,-1.07,3.26,0.99,0.1,1.01,TANPA_HELM,MELANGGAR,KENDARAAN_BERHENTI
1789815775.058,2026-09-19 18:02:55.057,282,Perempatan Jl. Jendral Sudirman,221,3751,Golongan VI-B,Sepeda Motor (Tanpa Helm),0.585,267,309,367,410,317.2,359.7,1.12,15.9,6.3,2.52,0.1,0.99,TANPA_HELM,MELANGGAR,PELANGGARAN_HELM
1789815775.058,2026-09-19 18:02:55.057,282,Perempatan Jl. Jendral Sudirman,221,3774,Golongan VI-A,Sepeda Motor (Taat Helm),0.527,66,403,154,484,110.7,443.9,-2.66,19.61,4.26,2.01,3.8,1.09,HELM,TAAT_HUKUM,PELANGGARAN_HELM
1789815775.058,2026-09-19 18:02:55.057,282,Perempatan Jl. Jendral Sudirman,221,3521,Golongan VI-B,Sepeda Motor (Tanpa Helm),0.267,291,282,356,397,324.3,339.8,1.15,15.19,7.53,1.68,0.5,0.57,TANPA_HELM,MELANGGAR,PELANGGARAN_HELM
1789815775.058,2026-09-19 18:02:55.057,282,Perempatan Jl. Jendral Sudirman,221,3604,Golongan I,Sedan/Jip/Pick-up,0.272,347,137,425,179,386.9,158.2,0.05,-1.07,4.53,2.59,0.0,1.86,N/A,NORMAL,KENDARAAN_BERHENTI
1789815775.285,2026-09-19 18:02:55.285,282,Perempatan Jl. Jendral Sudirman,222,3515,Golongan VI-A,Sepeda Motor (Taat Helm),0.363,273,331,370,413,322.0,372.0,1.26,16.06,4.95,2.41,0.1,1.19,HELM,TAAT_HUKUM,KENDARAAN_BERHENTI
1789815775.285,2026-09-19 18:02:55.285,282,Perempatan Jl. Jendral Sudirman,222,3408,Golongan VI-B,Sepeda Motor (Tanpa Helm),0.487,481,148,512,179,496.7,163.9,3.57,-1.07,3.26,1.02,0.1,1.01,TANPA_HELM,MELANGGAR,KENDARAAN_BERHENTI
1789815775.285,2026-09-19 18:02:55.285,282,Perempatan Jl. Jendral Sudirman,222,3751,Golongan VI-B,Sepeda Motor (Tanpa Helm),0.585,266,308,367,410,317.1,359.6,1.12,15.92,6.37,2.55,0.1,0.99,TANPA_HELM,MELANGGAR,PELANGGARAN_HELM
1789815775.285,2026-09-19 18:02:55.285,282,Perempatan Jl. Jendral Sudirman,222,3774,Golongan VI-A,Sepeda Motor (Taat Helm),0.639,75,400,162,480,118.6,440.2,-2.55,19.41,4.23,2.0,3.8,1.09,HELM,TAAT_HUKUM,PELANGGARAN_HELM
1789815775.285,2026-09-19 18:02:55.285,282,Perempatan Jl. Jendral Sudirman,222,3521,Golongan VI-B,Sepeda Motor (Tanpa Helm),0.293,291,282,357,397,324.3,340.2,1.16,15.22,7.53,1.71,0.4,0.57,TANPA_HELM,MELANGGAR,PELANGGARAN_HELM
1789815775.285,2026-09-19 18:02:55.285,282,Perempatan Jl. Jendral Sudirman,222,3604,Golongan I,Sedan/Jip/Pick-up,0.272,348,137,425,178,386.7,158.0,0.04,-1.1,4.43,2.56,0.0,1.86,N/A,NORMAL,KENDARAAN_BERHENTI
1789815775.507,2026-09-19 18:02:55.506,282,Perempatan Jl. Jendral Sudirman,223,3515,Golongan VI-A,Sepeda Motor (Taat Helm),0.351,272,330,370,413,321.7,371.9,1.26,16.06,5.02,2.43,0.1,1.18,HELM,TAAT_HUKUM,KENDARAAN_BERHENTI
1789815775.507,2026-09-19 18:02:55.506,282,Perempatan Jl. Jendral Sudirman,223,3408,Golongan VI-B,Sepeda Motor (Tanpa Helm),0.506,481,148,512,179,496.9,164.2,3.58,-1.03,3.26,1.02,0.1,1.02,TANPA_HELM,MELANGGAR,KENDARAAN_BERHENTI
1789815775.507,2026-09-19 18:02:55.506,282,Perempatan Jl. Jendral Sudirman,223,3751,Golongan VI-B,Sepeda Motor (Tanpa Helm),0.582,265,306,368,410,316.7,358.6,1.11,15.91,6.51,2.6,0.1,0.99,TANPA_HELM,MELANGGAR,PELANGGARAN_HELM
1789815775.507,2026-09-19 18:02:55.506,282,Perempatan Jl. Jendral Sudirman,223,3774,Golongan VI-A,Sepeda Motor (Taat Helm),0.555,82,396,171,477,127.2,436.9,-2.39,19.3,4.31,2.05,3.7,1.09,HELM,TAAT_HUKUM,PELANGGARAN_HELM
1789815775.507,2026-09-19 18:02:55.506,282,Perempatan Jl. Jendral Sudirman,223,3521,Golongan VI-B,Sepeda Motor (Tanpa Helm),0.336,290,281,357,398,324.4,340.1,1.16,15.25,7.67,1.73,0.3,0.58,TANPA_HELM,MELANGGAR,PELANGGARAN_HELM
1789815775.507,2026-09-19 18:02:55.506,282,Perempatan Jl. Jendral Sudirman,223,3604,Golongan I,Sedan/Jip/Pick-up,0.276,348,137,424,178,386.5,158.0,0.03,-1.11,4.43,2.53,0.3,1.85,N/A,NORMAL,KENDARAAN_BERHENTI
1789815775.507,2026-09-19 18:02:55.506,282,Perempatan Jl. Jendral Sudirman,223,3729,Golongan VI-A,Sepeda Motor (Taat Helm),0.277,228,293,365,404,297.3,349.0,0.58,15.58,7.13,3.5,0.0,1.24,HELM,TAAT_HUKUM,KENDARAAN_BERHENTI
1789815775.715,2026-09-19 18:02:55.715,282,Perempatan Jl. Jendral Sudirman,224,3515,Golongan VI-A,Sepeda Motor (Taat Helm),0.359,273,330,370,412,321.8,371.7,1.26,16.05,4.96,2.41,0.2,1.18,HELM,TAAT_HUKUM,KENDARAAN_BERHENTI
1789815775.715,2026-09-19 18:02:55.715,282,Perempatan Jl. Jendral Sudirman,224,3408,Golongan VI-B,Sepeda Motor (Tanpa Helm),0.538,481,148,513,180,497.2,164.5,3.6,-0.96,3.36,1.05,0.2,1.03,TANPA_HELM,MELANGGAR,KENDARAAN_BERHENTI
1789815775.715,2026-09-19 18:02:55.715,282,Perempatan Jl. Jendral Sudirman,224,3751,Golongan VI-B,Sepeda Motor (Tanpa Helm),0.579,266,307,368,410,317.1,359.0,1.12,15.9,6.44,2.57,0.1,0.99,TANPA_HELM,MELANGGAR,PELANGGARAN_HELM
1789815775.715,2026-09-19 18:02:55.715,282,Perempatan Jl. Jendral Sudirman,224,3774,Golongan VI-B,Sepeda Motor (Tanpa Helm),0.618,89,392,179,474,134.5,433.6,-2.27,19.16,4.4,2.08,3.7,1.09,TANPA_HELM,MELANGGAR,PELANGGARAN_HELM
1789815775.715,2026-09-19 18:02:55.715,282,Perempatan Jl. Jendral Sudirman,224,3521,Golongan VI-B,Sepeda Motor (Tanpa Helm),0.301,290,283,357,398,324.3,341.4,1.17,15.28,7.52,1.73,0.2,0.58,TANPA_HELM,MELANGGAR,PELANGGARAN_HELM
1789815775.715,2026-09-19 18:02:55.715,282,Perempatan Jl. Jendral Sudirman,224,3604,Golongan I,Sedan/Jip/Pick-up,0.291,348,137,425,178,386.7,158.0,0.03,-1.1,4.43,2.56,0.3,1.85,N/A,NORMAL,KENDARAAN_BERHENTI
1789815775.942,2026-09-19 18:02:55.942,282,Perempatan Jl. Jendral Sudirman,225,3515,Golongan VI-A,Sepeda Motor (Taat Helm),0.34,273,330,370,412,321.9,371.7,1.26,16.04,4.96,2.41,0.2,1.18,HELM,TAAT_HUKUM,KENDARAAN_BERHENTI
1789815775.942,2026-09-19 18:02:55.942,282,Perempatan Jl. Jendral Sudirman,225,3408,Golongan VI-B,Sepeda Motor (Tanpa Helm),0.553,481,148,514,180,497.6,164.5,3.61,-0.94,3.36,1.09,0.3,1.04,TANPA_HELM,MELANGGAR,KENDARAAN_BERHENTI
1789815775.942,2026-09-19 18:02:55.942,282,Perempatan Jl. Jendral Sudirman,225,3751,Golongan VI-B,Sepeda Motor (Tanpa Helm),0.582,265,307,368,410,316.8,358.6,1.11,15.9,6.44,2.6,0.1,1.0,TANPA_HELM,MELANGGAR,PELANGGARAN_HELM
1789815775.942,2026-09-19 18:02:55.942,282,Perempatan Jl. Jendral Sudirman,225,3774,Golongan VI-B,Sepeda Motor (Tanpa Helm),0.558,96,388,185,469,140.8,429.2,-2.2,18.93,4.38,2.07,3.6,1.09,TANPA_HELM,MELANGGAR,PELANGGARAN_HELM
1789815775.942,2026-09-19 18:02:55.942,282,Perempatan Jl. Jendral Sudirman,225,3521,Golongan VI-B,Sepeda Motor (Tanpa Helm),0.321,291,285,357,398,324.1,342.0,1.16,15.25,7.36,1.7,0.1,0.59,TANPA_HELM,MELANGGAR,PELANGGARAN_HELM
1789815775.942,2026-09-19 18:02:55.942,282,Perempatan Jl. Jendral Sudirman,225,3604,Golongan I,Sedan/Jip/Pick-up,0.258,348,137,423,178,385.9,157.9,0.0,-1.14,4.43,2.49,0.3,1.84,N/A,NORMAL,KENDARAAN_BERHENTI
1789815776.171,2026-09-19 18:02:56.171,282,Perempatan Jl. Jendral Sudirman,226,3515,Golongan VI-A,Sepeda Motor (Taat Helm),0.338,273,330,370,412,321.6,371.9,1.25,16.05,4.96,2.41,0.1,1.18,HELM,TAAT_HUKUM,KENDARAAN_BERHENTI
1789815776.171,2026-09-19 18:02:56.171,282,Perempatan Jl. Jendral Sudirman,226,3408,Golongan VI-B,Sepeda Motor (Tanpa Helm),0.459,480,147,515,180,498.3,163.9,3.64,-0.92,3.47,1.15,0.4,1.04,TANPA_HELM,MELANGGAR,KENDARAAN_BERHENTI
1789815776.171,2026-09-19 18:02:56.171,282,Perempatan Jl. Jendral Sudirman,226,3751,Golongan VI-B,Sepeda Motor (Tanpa Helm),0.591,265,307,367,409,316.7,358.8,1.1,15.88,6.38,2.58,0.1,1.0,TANPA_HELM,MELANGGAR,PELANGGARAN_HELM
1789815776.171,2026-09-19 18:02:56.171,282,Perempatan Jl. Jendral Sudirman,226,3774,Golongan VI-B,Sepeda Motor (Tanpa Helm),0.466,102,385,191,467,146.7,426.6,-2.1,18.8,4.46,2.07,3.6,1.1,TANPA_HELM,MELANGGAR,PELANGGARAN_HELM
1789815776.171,2026-09-19 18:02:56.171,282,Perempatan Jl. Jendral Sudirman,226,3521,Golongan VI-B,Sepeda Motor (Tanpa Helm),0.29,290,287,356,397,323.6,342.6,1.14,15.22,7.16,1.7,0.1,0.59,TANPA_HELM,MELANGGAR,PELANGGARAN_HELM
1789815776.374,2026-09-19 18:02:56.374,282,Perempatan Jl. Jendral Sudirman,227,3515,Golongan VI-A,Sepeda Motor (Taat Helm),0.349,273,331,370,413,321.7,372.1,1.25,16.05,4.95,2.41,0.1,1.18,HELM,TAAT_HUKUM,KENDARAAN_BERHENTI
1789815776.374,2026-09-19 18:02:56.374,282,Perempatan Jl. Jendral Sudirman,227,3408,Golongan VI-B,Sepeda Motor (Tanpa Helm),0.428,481,147,516,180,499.2,164.1,3.67,-0.91,3.47,1.15,0.4,1.05,TANPA_HELM,MELANGGAR,KENDARAAN_BERHENTI
1789815776.374,2026-09-19 18:02:56.374,282,Perempatan Jl. Jendral Sudirman,227,3751,Golongan VI-B,Sepeda Motor (Tanpa Helm),0.598,266,309,367,409,317.0,359.6,1.11,15.88,6.24,2.55,0.0,1.0,TANPA_HELM,MELANGGAR,PELANGGARAN_HELM
1789815776.374,2026-09-19 18:02:56.374,282,Perempatan Jl. Jendral Sudirman,227,3774,Golongan VI-B,Sepeda Motor (Tanpa Helm),0.465,107,379,199,464,153.4,422.1,-2.0,18.65,4.66,2.15,3.5,1.1,TANPA_HELM,MELANGGAR,PELANGGARAN_HELM
1789815776.374,2026-09-19 18:02:56.374,282,Perempatan Jl. Jendral Sudirman,227,3521,Golongan VI-B,Sepeda Motor (Tanpa Helm),0.257,290,288,356,397,323.4,343.0,1.13,15.2,7.08,1.7,0.1,0.6,TANPA_HELM,MELANGGAR,PELANGGARAN_HELM
1789815776.374,2026-09-19 18:02:56.374,282,Perempatan Jl. Jendral Sudirman,227,3793,Golongan VI-B,Sepeda Motor (Tanpa Helm),0.5,64,206,84,248,74.6,227.7,-8.0,5.21,3.81,0.6,0.0,0.47,TANPA_HELM,MELANGGAR,PELANGGARAN_HELM
1789815776.573,2026-09-19 18:02:56.573,282,Perempatan Jl. Jendral Sudirman,228,3515,Golongan VI-A,Sepeda Motor (Taat Helm),0.337,273,331,370,412,321.6,372.1,1.25,16.05,4.9,2.41,0.1,1.19,HELM,TAAT_HUKUM,KENDARAAN_BERHENTI
1789815776.573,2026-09-19 18:02:56.573,282,Perempatan Jl. Jendral Sudirman,228,3408,Golongan VI-B,Sepeda Motor (Tanpa Helm),0.482,483,147,517,180,500.4,163.9,3.7,-0.96,3.47,1.12,0.4,1.07,TANPA_HELM,MELANGGAR,KENDARAAN_BERHENTI
1789815776.573,2026-09-19 18:02:56.573,282,Perempatan Jl. Jendral Sudirman,228,3751,Golongan VI-B,Sepeda Motor (Tanpa Helm),0.617,266,308,367,409,317.0,359.3,1.11,15.88,6.31,2.55,0.0,1.0,TANPA_HELM,MELANGGAR,PELANGGARAN_HELM
1789815776.573,2026-09-19 18:02:56.573,282,Perempatan Jl. Jendral Sudirman,228,3774,Golongan VI-B,Sepeda Motor (Tanpa Helm),0.552,115,379,205,461,160.3,420.8,-1.87,18.54,4.51,2.11,3.4,1.1,TANPA_HELM,MELANGGAR,PELANGGARAN_HELM
1789815776.573,2026-09-19 18:02:56.573,282,Perempatan Jl. Jendral Sudirman,228,3521,Golongan VI-B,Sepeda Motor (Tanpa Helm),0.292,290,288,356,397,323.4,343.1,1.14,15.23,7.08,1.7,0.2,0.61,TANPA_HELM,MELANGGAR,PELANGGARAN_HELM
1789815776.573,2026-09-19 18:02:56.573,282,Perempatan Jl. Jendral Sudirman,228,3793,Golongan VI-B,Sepeda Motor (Tanpa Helm),0.399,67,205,86,247,76.8,226.5,-7.98,5.06,3.82,0.57,0.0,0.47,TANPA_HELM,MELANGGAR,PELANGGARAN_HELM
1789815776.786,2026-09-19 18:02:56.785,282,Perempatan Jl. Jendral Sudirman,229,3515,Golongan VI-A,Sepeda Motor (Taat Helm),0.361,273,331,370,412,321.6,371.9,1.25,16.04,4.9,2.41,0.1,1.19,HELM,TAAT_HUKUM,KENDARAAN_BERHENTI
1789815776.786,2026-09-19 18:02:56.785,282,Perempatan Jl. Jendral Sudirman,229,3408,Golongan VI-B,Sepeda Motor (Tanpa Helm),0.397,484,147,519,180,501.7,163.6,3.74,-0.97,3.47,1.15,0.4,1.08,TANPA_HELM,MELANGGAR,KENDARAAN_BERHENTI
1789815776.786,2026-09-19 18:02:56.785,282,Perempatan Jl. Jendral Sudirman,229,3751,Golongan VI-B,Sepeda Motor (Tanpa Helm),0.612,266,308,367,409,317.1,359.0,1.11,15.87,6.31,2.55,0.0,1.0,TANPA_HELM,MELANGGAR,PELANGGARAN_HELM
1789815776.786,2026-09-19 18:02:56.785,282,Perempatan Jl. Jendral Sudirman,229,3774,Golongan VI-B,Sepeda Motor (Tanpa Helm),0.458,122,377,212,458,167.4,418.4,-1.75,18.4,4.48,2.12,3.4,1.11,TANPA_HELM,MELANGGAR,PELANGGARAN_HELM
1789815776.786,2026-09-19 18:02:56.785,282,Perempatan Jl. Jendral Sudirman,229,3521,Golongan VI-B,Sepeda Motor (Tanpa Helm),0.276,289,288,356,397,323.4,342.9,1.13,15.22,7.08,1.73,0.1,0.61,TANPA_HELM,MELANGGAR,PELANGGARAN_HELM
1789815776.786,2026-09-19 18:02:56.785,282,Perempatan Jl. Jendral Sudirman,229,3793,Golongan VI-B,Sepeda Motor (Tanpa Helm),0.398,68,202,88,245,78.6,223.7,-7.97,4.92,3.94,0.6,2.5,0.47,TANPA_HELM,MELANGGAR,PELANGGARAN_HELM
1789815777.016,2026-09-19 18:02:57.016,282,Perempatan Jl. Jendral Sudirman,230,3515,Golongan VI-A,Sepeda Motor (Taat Helm),0.383,273,331,369,412,321.7,372.0,1.25,16.03,4.9,2.38,0.1,1.19,HELM,TAAT_HUKUM,KENDARAAN_BERHENTI
1789815777.016,2026-09-19 18:02:57.016,282,Perempatan Jl. Jendral Sudirman,230,3408,Golongan VI-B,Sepeda Motor (Tanpa Helm),0.393,483,146,520,181,501.9,163.8,3.76,-0.87,3.68,1.22,0.4,1.08,TANPA_HELM,MELANGGAR,KENDARAAN_BERHENTI
1789815777.016,2026-09-19 18:02:57.016,282,Perempatan Jl. Jendral Sudirman,230,3751,Golongan VI-B,Sepeda Motor (Tanpa Helm),0.594,267,309,367,409,317.6,359.2,1.12,15.85,6.24,2.52,0.1,1.01,TANPA_HELM,MELANGGAR,PELANGGARAN_HELM
1789815777.016,2026-09-19 18:02:57.016,282,Perempatan Jl. Jendral Sudirman,230,3774,Golongan VI-B,Sepeda Motor (Tanpa Helm),0.438,131,375,219,454,175.5,415.1,-1.63,18.19,4.39,2.08,3.3,1.11,TANPA_HELM,MELANGGAR,PELANGGARAN_HELM
1789815777.016,2026-09-19 18:02:57.016,282,Perempatan Jl. Jendral Sudirman,230,3793,Golongan VI-B,Sepeda Motor (Tanpa Helm),0.331,69,199,89,243,79.6,221.8,-7.98,4.81,4.06,0.6,2.4,0.47,TANPA_HELM,MELANGGAR,PELANGGARAN_HELM
1789815777.552,2026-09-19 18:02:57.552,282,Perempatan Jl. Jendral Sudirman,232,3804,Golongan I,Sedan/Jip/Pick-up,0.637,491,140,590,188,540.8,165.0,5.07,-0.1,5.04,3.26,0.0,2.07,N/A,NORMAL,NORMAL
1789815777.552,2026-09-19 18:02:57.552,282,Perempatan Jl. Jendral Sudirman,232,3805,Golongan VI-A,Sepeda Motor (Taat Helm),0.646,338,350,431,431,385.4,391.1,2.91,17.02,4.66,2.26,0.0,1.16,HELM,TAAT_HUKUM,NORMAL
1789815777.552,2026-09-19 18:02:57.552,282,Perempatan Jl. Jendral Sudirman,232,3808,Golongan VI-A,Sepeda Motor (Taat Helm),0.423,348,321,410,403,379.8,362.2,2.54,15.53,5.05,1.56,0.0,0.75,HELM,TAAT_HUKUM,NORMAL
1789815777.552,2026-09-19 18:02:57.552,282,Perempatan Jl. Jendral Sudirman,232,3521,Golongan VI-B,Sepeda Motor (Tanpa Helm),0.296,292,307,351,401,321.9,354.5,1.14,15.43,5.93,1.5,0.0,0.62,TANPA_HELM,MELANGGAR,PELANGGARAN_HELM
1789815777.776,2026-09-19 18:02:57.775,282,Perempatan Jl. Jendral Sudirman,233,3804,Golongan I,Sedan/Jip/Pick-up,0.69,495,141,594,188,545.1,164.9,5.2,-0.13,4.93,3.26,0.0,2.06,N/A,NORMAL,NORMAL
1789815777.776,2026-09-19 18:02:57.775,282,Perempatan Jl. Jendral Sudirman,233,3805,Golongan VI-A,Sepeda Motor (Taat Helm),0.716,338,351,430,430,384.7,391.1,2.89,16.99,4.54,2.23,0.0,1.16,HELM,TAAT_HUKUM,NORMAL
1789815777.776,2026-09-19 18:02:57.775,282,Perempatan Jl. Jendral Sudirman,233,3808,Golongan VI-A,Sepeda Motor (Taat Helm),0.369,348,321,411,405,380.4,363.2,2.57,15.63,5.16,1.58,0.0,0.75,HELM,TAAT_HUKUM,NORMAL
1789815777.776,2026-09-19 18:02:57.775,282,Perempatan Jl. Jendral Sudirman,233,3818,Golongan VI-A,Sepeda Motor (Taat Helm),0.447,350,320,395,411,373.3,365.6,2.46,15.95,5.56,1.13,0.0,0.49,HELM,TAAT_HUKUM,NORMAL
1789815777.776,2026-09-19 18:02:57.775,282,Perempatan Jl. Jendral Sudirman,233,3521,Golongan VI-B,Sepeda Motor (Tanpa Helm),0.314,293,310,351,402,322.6,356.4,1.17,15.48,5.78,1.47,0.0,0.62,TANPA_HELM,MELANGGAR,PELANGGARAN_HELM
1789815777.973,2026-09-19 18:02:57.973,282,Perempatan Jl. Jendral Sudirman,234,3804,Golongan I,Sedan/Jip/Pick-up,0.771,498,141,596,188,547.5,165.3,5.28,-0.1,4.93,3.22,1.8,2.06,N/A,NORMAL,NORMAL
1789815777.973,2026-09-19 18:02:57.973,282,Perempatan Jl. Jendral Sudirman,234,3805,Golongan VI-A,Sepeda Motor (Taat Helm),0.733,338,351,430,430,384.6,390.8,2.89,16.97,4.54,2.23,0.4,1.16,HELM,TAAT_HUKUM,NORMAL
1789815777.973,2026-09-19 18:02:57.973,282,Perempatan Jl. Jendral Sudirman,234,3808,Golongan VI-A,Sepeda Motor (Taat Helm),0.406,350,321,414,406,382.9,363.7,2.64,15.69,5.21,1.6,1.7,0.75,HELM,TAAT_HUKUM,NORMAL
1789815777.973,2026-09-19 18:02:57.973,282,Perempatan Jl. Jendral Sudirman,234,3818,Golongan VI-A,Sepeda Motor (Taat Helm),0.444,353,320,396,408,374.7,364.9,2.47,15.83,5.39,1.08,0.0,0.49,HELM,TAAT_HUKUM,NORMAL
1789815777.973,2026-09-19 18:02:57.973,282,Perempatan Jl. Jendral Sudirman,234,3521,Golongan VI-B,Sepeda Motor (Tanpa Helm),0.273,295,311,352,401,324.2,356.2,1.19,15.4,5.65,1.44,0.5,0.63,TANPA_HELM,MELANGGAR,PELANGGARAN_HELM
1789815778.15,2026-09-19 18:02:58.150,282,Perempatan Jl. Jendral Sudirman,235,3804,Golongan I,Sedan/Jip/Pick-up,0.729,502,142,600,189,551.2,165.8,5.4,-0.04,4.91,3.22,1.9,2.06,N/A,NORMAL,NORMAL
1789815778.15,2026-09-19 18:02:58.150,282,Perempatan Jl. Jendral Sudirman,235,3805,Golongan VI-A,Sepeda Motor (Taat Helm),0.679,339,352,430,430,384.7,391.7,2.89,16.99,4.48,2.21,0.3,1.16,HELM,TAAT_HUKUM,NORMAL
1789815778.15,2026-09-19 18:02:58.150,282,Perempatan Jl. Jendral Sudirman,235,3808,Golongan VI-A,Sepeda Motor (Taat Helm),0.438,349,321,415,409,382.3,365.5,2.66,15.87,5.38,1.65,1.9,0.75,HELM,TAAT_HUKUM,NORMAL
1789815778.15,2026-09-19 18:02:58.150,282,Perempatan Jl. Jendral Sudirman,235,3521,Golongan VI-B,Sepeda Motor (Tanpa Helm),0.272,297,312,354,402,325.9,357.1,1.24,15.46,5.64,1.44,0.5,0.63,TANPA_HELM,MELANGGAR,PELANGGARAN_HELM
1789815778.15,2026-09-19 18:02:58.150,282,Perempatan Jl. Jendral Sudirman,235,3832,Golongan VI-B,Sepeda Motor (Tanpa Helm),0.455,630,184,661,248,645.9,216.4,8.56,5.19,5.72,0.94,0.0,0.49,TANPA_HELM,MELANGGAR,PELANGGARAN_HELM
1789815778.333,2026-09-19 18:02:58.332,282,Perempatan Jl. Jendral Sudirman,236,3804,Golongan I,Sedan/Jip/Pick-up,0.676,504,142,604,190,554.3,166.3,5.51,0.05,5.01,3.28,2.0,2.06,N/A,NORMAL,NORMAL
1789815778.333,2026-09-19 18:02:58.332,282,Perempatan Jl. Jendral Sudirman,236,3805,Golongan VI-B,Sepeda Motor (Tanpa Helm),0.689,338,351,431,431,384.9,391.4,2.9,17.02,4.6,2.26,0.2,1.16,TANPA_HELM,MELANGGAR,PELANGGARAN_HELM
1789815778.333,2026-09-19 18:02:58.332,282,Perempatan Jl. Jendral Sudirman,236,3808,Golongan VI-A,Sepeda Motor (Taat Helm),0.455,349,321,417,412,383.4,367.0,2.71,16.03,5.54,1.7,2.1,0.74,HELM,TAAT_HUKUM,NORMAL
1789815778.333,2026-09-19 18:02:58.332,282,Perempatan Jl. Jendral Sudirman,236,3832,Golongan VI-A,Sepeda Motor (Taat Helm),0.576,632,188,662,248,647.8,218.7,8.62,5.21,5.33,0.91,0.0,0.49,HELM,TAAT_HUKUM,PELANGGARAN_HELM
1789815778.333,2026-09-19 18:02:58.332,282,Perempatan Jl. Jendral Sudirman,236,3839,Golongan VI-A,Sepeda Motor (Taat Helm),0.372,141,319,201,375,171.6,347.5,-2.85,13.94,3.65,1.53,0.0,1.06,HELM,TAAT_HUKUM,NORMAL
1789815778.531,2026-09-19 18:02:58.531,282,Perempatan Jl. Jendral Sudirman,237,3804,Golongan I,Sedan/Jip/Pick-up,0.696,506,142,607,191,556.6,166.6,5.58,0.11,5.1,3.31,2.0,2.06,N/A,NORMAL,NORMAL
1789815778.531,2026-09-19 18:02:58.531,282,Perempatan Jl. Jendral Sudirman,237,3805,Golongan VI-B,Sepeda Motor (Tanpa Helm),0.63,338,351,431,431,384.9,391.4,2.9,17.03,4.6,2.26,0.2,1.16,TANPA_HELM,MELANGGAR,PELANGGARAN_HELM
1789815778.531,2026-09-19 18:02:58.531,282,Perempatan Jl. Jendral Sudirman,237,3808,Golongan VI-A,Sepeda Motor (Taat Helm),0.495,349,320,418,413,384.3,367.0,2.74,16.09,5.66,1.72,2.1,0.74,HELM,TAAT_HUKUM,NORMAL
1789815778.531,2026-09-19 18:02:58.531,282,Perempatan Jl. Jendral Sudirman,237,3832,Golongan VI-A,Sepeda Motor (Taat Helm),0.582,635,191,667,256,651.8,223.8,8.75,5.78,5.69,0.96,5.9,0.49,HELM,TAAT_HUKUM,PELANGGARAN_HELM
1789815778.531,2026-09-19 18:02:58.531,282,Perempatan Jl. Jendral Sudirman,237,3839,Golongan VI-A,Sepeda Motor (Taat Helm),0.328,145,320,203,375,174.5,347.9,-2.78,13.94,3.58,1.48,0.0,1.07,HELM,TAAT_HUKUM,NORMAL
1789815778.531,2026-09-19 18:02:58.531,282,Perempatan Jl. Jendral Sudirman,237,3515,Golongan VI-A,Sepeda Motor (Taat Helm),0.308,272,319,385,418,329.2,368.7,1.49,16.34,6.03,2.82,0.0,1.14,HELM,TAAT_HUKUM,KENDARAAN_BERHENTI
1789815778.531,2026-09-19 18:02:58.531,282,Perempatan Jl. Jendral Sudirman,237,3774,Golongan VI-B,Sepeda Motor (Tanpa Helm),0.34,177,345,262,425,219.8,385.9,-0.98,16.73,4.73,2.08,0.0,1.07,TANPA_HELM,MELANGGAR,KENDARAAN_BERHENTI
1789815778.806,2026-09-19 18:02:58.806,282,Perempatan Jl. Jendral Sudirman,238,3804,Golongan I,Sedan/Jip/Pick-up,0.637,507,142,608,191,558.3,167.1,5.64,0.16,5.1,3.31,1.9,2.06,N/A,NORMAL,NORMAL
1789815778.806,2026-09-19 18:02:58.806,282,Perempatan Jl. Jendral Sudirman,238,3805,Golongan VI-B,Sepeda Motor (Tanpa Helm),0.679,338,351,431,431,385.2,391.6,2.91,17.04,4.6,2.26,0.1,1.16,TANPA_HELM,MELANGGAR,PELANGGARAN_HELM
1789815778.806,2026-09-19 18:02:58.806,282,Perempatan Jl. Jendral Sudirman,238,3808,Golongan VI-A,Sepeda Motor (Taat Helm),0.512,350,319,419,413,384.7,366.5,2.74,16.06,5.73,1.72,1.9,0.74,HELM,TAAT_HUKUM,NORMAL
1789815778.806,2026-09-19 18:02:58.806,282,Perempatan Jl. Jendral Sudirman,238,3832,Golongan VI-A,Sepeda Motor (Taat Helm),0.367,638,194,671,261,654.8,228.0,8.85,6.19,5.79,0.99,5.8,0.49,HELM,TAAT_HUKUM,PELANGGARAN_HELM
1789815778.806,2026-09-19 18:02:58.806,282,Perempatan Jl. Jendral Sudirman,238,3839,Golongan VI-A,Sepeda Motor (Taat Helm),0.305,145,321,200,373,173.2,347.6,-2.84,13.84,3.39,1.4,0.8,1.07,HELM,TAAT_HUKUM,NORMAL
1789815778.806,2026-09-19 18:02:58.806,282,Perempatan Jl. Jendral Sudirman,238,3848,Golongan VI-A,Sepeda Motor (Taat Helm),0.411,341,325,430,428,386.1,377.0,2.9,16.85,6.13,2.2,0.0,0.87,HELM,TAAT_HUKUM,NORMAL
1789815778.806,2026-09-19 18:02:58.806,282,Perempatan Jl. Jendral Sudirman,238,3774,Golongan VI-B,Sepeda Motor (Tanpa Helm),0.32,181,346,262,424,222.2,385.6,-0.94,16.67,4.61,1.98,0.0,1.04,TANPA_HELM,MELANGGAR,KENDARAAN_BERHENTI
1789815778.994,2026-09-19 18:02:58.993,282,Perempatan Jl. Jendral Sudirman,239,3804,Golongan I,Sedan/Jip/Pick-up,0.486,509,142,610,192,560.0,167.4,5.7,0.21,5.2,3.31,1.9,2.06,N/A,NORMAL,NORMAL
1789815778.994,2026-09-19 18:02:58.993,282,Perempatan Jl. Jendral Sudirman,239,3805,Golongan VI-B,Sepeda Motor (Tanpa Helm),0.694,339,352,431,431,385.4,392.3,2.92,17.05,4.53,2.23,0.1,1.16,TANPA_HELM,MELANGGAR,PELANGGARAN_HELM
1789815778.994,2026-09-19 18:02:58.993,282,Perempatan Jl. Jendral Sudirman,239,3808,Golongan VI-A,Sepeda Motor (Taat Helm),0.509,351,320,418,412,384.7,366.4,2.73,16.01,5.61,1.67,1.7,0.73,HELM,TAAT_HUKUM,NORMAL
1789815778.994,2026-09-19 18:02:58.993,282,Perempatan Jl. Jendral Sudirman,239,3832,Golongan VI-A,Sepeda Motor (Taat Helm),0.574,639,197,672,265,656.0,231.4,8.89,6.5,5.82,0.98,5.8,0.49,HELM,TAAT_HUKUM,PELANGGARAN_HELM
1789815778.994,2026-09-19 18:02:58.993,282,Perempatan Jl. Jendral Sudirman,239,3839,Golongan VI-A,Sepeda Motor (Taat Helm),0.266,144,322,199,372,171.9,347.5,-2.88,13.8,3.26,1.4,0.8,1.07,HELM,TAAT_HUKUM,NORMAL
1789815778.994,2026-09-19 18:02:58.993,282,Perempatan Jl. Jendral Sudirman,239,3848,Golongan VI-A,Sepeda Motor (Taat Helm),0.402,341,325,430,428,386.4,377.0,2.91,16.86,6.13,2.2,0.0,0.87,HELM,TAAT_HUKUM,NORMAL
1789815778.994,2026-09-19 18:02:58.993,282,Perempatan Jl. Jendral Sudirman,239,3774,Golongan VI-B,Sepeda Motor (Tanpa Helm),0.336,184,347,262,424,223.1,385.7,-0.93,16.65,4.55,1.9,0.8,1.01,TANPA_HELM,MELANGGAR,KENDARAAN_BERHENTI
1789815778.994,2026-09-19 18:02:58.993,282,Perempatan Jl. Jendral Sudirman,239,3851,Golongan VI-A,Sepeda Motor (Taat Helm),0.384,144,307,212,372,178.9,340.2,-2.71,13.78,4.31,1.75,0.0,1.05,HELM,TAAT_HUKUM,NORMAL
1789815778.994,2026-09-19 18:02:58.993,282,Perempatan Jl. Jendral Sudirman,239,3751,Golongan VI-B,Sepeda Motor (Tanpa Helm),0.296,279,319,370,412,325.1,366.0,1.33,16.03,5.71,2.28,0.0,0.98,TANPA_HELM,MELANGGAR,PELANGGARAN_HELM
1789815779.199,2026-09-19 18:02:59.199,282,Perempatan Jl. Jendral Sudirman,240,3804,Golongan I,Sedan/Jip/Pick-up,0.531,513,143,614,192,563.9,167.9,5.82,0.22,5.08,3.31,1.8,2.06,N/A,NORMAL,NORMAL
1789815779.199,2026-09-19 18:02:59.199,282,Perempatan Jl. Jendral Sudirman,240,3805,Golongan VI-B,Sepeda Motor (Tanpa Helm),0.716,338,352,431,431,385.1,392.2,2.91,17.05,4.53,2.25,0.1,1.17,TANPA_HELM,MELANGGAR,PELANGGARAN_HELM
1789815779.199,2026-09-19 18:02:59.199,282,Perempatan Jl. Jendral Sudirman,240,3808,Golongan VI-A,Sepeda Motor (Taat Helm),0.465,351,320,416,411,384.0,366.3,2.72,15.99,5.56,1.63,1.4,0.72,HELM,TAAT_HUKUM,NORMAL
1789815779.199,2026-09-19 18:02:59.199,282,Perempatan Jl. Jendral Sudirman,240,3848,Golongan VI-A,Sepeda Motor (Taat Helm),0.274,337,320,429,426,383.3,373.8,2.83,16.79,6.36,2.28,0.9,0.87,HELM,TAAT_HUKUM,NORMAL
1789815779.199,2026-09-19 18:02:59.199,282,Perempatan Jl. Jendral Sudirman,240,3774,Golongan VI-B,Sepeda Motor (Tanpa Helm),0.345,186,350,260,424,223.3,387.2,-0.92,16.65,4.36,1.8,0.7,0.99,TANPA_HELM,MELANGGAR,KENDARAAN_BERHENTI
1789815779.199,2026-09-19 18:02:59.199,282,Perempatan Jl. Jendral Sudirman,240,3851,Golongan VI-A,Sepeda Motor (Taat Helm),0.367,145,307,213,372,179.4,339.5,-2.71,13.74,4.31,1.75,0.0,1.05,HELM,TAAT_HUKUM,NORMAL
1789815779.199,2026-09-19 18:02:59.199,282,Perempatan Jl. Jendral Sudirman,240,3751,Golongan VI-A,Sepeda Motor (Taat Helm),0.289,280,321,368,412,324.6,367.3,1.32,16.04,5.57,2.2,0.0,0.97,HELM,TAAT_HUKUM,PELANGGARAN_HELM
1789815779.375,2026-09-19 18:02:59.375,282,Perempatan Jl. Jendral Sudirman,241,3804,Golongan I,Sedan/Jip/Pick-up,0.544,520,144,618,192,569.8,168.1,6.01,0.2,4.97,3.21,1.9,2.04,N/A,NORMAL,NORMAL
1789815779.375,2026-09-19 18:02:59.375,282,Perempatan Jl. Jendral Sudirman,241,3805,Golongan VI-B,Sepeda Motor (Tanpa Helm),0.706,338,352,431,431,385.1,392.1,2.91,17.05,4.53,2.25,0.1,1.17,TANPA_HELM,MELANGGAR,PELANGGARAN_HELM
1789815779.375,2026-09-19 18:02:59.375,282,Perempatan Jl. Jendral Sudirman,241,3808,Golongan VI-A,Sepeda Motor (Taat Helm),0.446,350,320,416,411,383.8,365.9,2.71,15.98,5.56,1.65,1.3,0.72,HELM,TAAT_HUKUM,NORMAL
1789815779.375,2026-09-19 18:02:59.375,282,Perempatan Jl. Jendral Sudirman,241,3848,Golongan VI-A,Sepeda Motor (Taat Helm),0.287,335,318,429,427,382.4,373.0,2.81,16.8,6.55,2.33,0.8,0.87,HELM,TAAT_HUKUM,NORMAL
1789815779.375,2026-09-19 18:02:59.375,282,Perempatan Jl. Jendral Sudirman,241,3774,Golongan VI-B,Sepeda Motor (Tanpa Helm),0.337,186,349,259,424,223.1,386.7,-0.92,16.66,4.42,1.78,0.6,0.97,TANPA_HELM,MELANGGAR,KENDARAAN_BERHENTI
1789815779.375,2026-09-19 18:02:59.375,282,Perempatan Jl. Jendral Sudirman,241,3851,Golongan VI-A,Sepeda Motor (Taat Helm),0.358,146,307,213,371,179.5,339.3,-2.72,13.7,4.25,1.73,0.8,1.05,HELM,TAAT_HUKUM,NORMAL
1789815779.375,2026-09-19 18:02:59.375,282,Perempatan Jl. Jendral Sudirman,241,3751,Golongan VI-A,Sepeda Motor (Taat Helm),0.291,281,320,368,412,324.7,366.9,1.32,16.04,5.64,2.17,0.1,0.95,HELM,TAAT_HUKUM,PELANGGARAN_HELM
1789815779.375,2026-09-19 18:02:59.375,282,Perempatan Jl. Jendral Sudirman,241,3818,Golongan VI-A,Sepeda Motor (Taat Helm),0.314,356,321,398,406,377.5,363.9,2.51,15.69,5.21,1.05,0.0,0.5,HELM,TAAT_HUKUM,NORMAL
1789815779.375,2026-09-19 18:02:59.375,282,Perempatan Jl. Jendral Sudirman,241,3832,Golongan VI-A,Sepeda Motor (Taat Helm),0.324,643,203,678,273,661.2,238.7,9.05,7.18,5.88,1.03,0.0,0.5,HELM,TAAT_HUKUM,PELANGGARAN_HELM
1789815779.375,2026-09-19 18:02:59.375,282,Perempatan Jl. Jendral Sudirman,241,3839,Golongan VI-B,Sepeda Motor (Tanpa Helm),0.252,143,322,195,371,169.7,347.3,-2.95,13.74,3.2,1.33,0.0,1.07,TANPA_HELM,MELANGGAR,PELANGGARAN_HELM
1789815779.607,2026-09-19 18:02:59.607,282,Perempatan Jl. Jendral Sudirman,242,3804,Golongan I,Sedan/Jip/Pick-up,0.601,525,144,622,192,574.1,168.6,6.15,0.24,4.97,3.17,1.9,2.04,N/A,NORMAL,NORMAL
1789815779.607,2026-09-19 18:02:59.607,282,Perempatan Jl. Jendral Sudirman,242,3805,Golongan VI-B,Sepeda Motor (Tanpa Helm),0.719,338,352,431,431,385.2,392.2,2.91,17.04,4.53,2.25,0.1,1.17,TANPA_HELM,MELANGGAR,PELANGGARAN_HELM
1789815779.607,2026-09-19 18:02:59.607,282,Perempatan Jl. Jendral Sudirman,242,3808,Golongan VI-A,Sepeda Motor (Taat Helm),0.443,350,319,417,412,383.8,366.1,2.72,16.02,5.68,1.68,1.1,0.72,HELM,TAAT_HUKUM,NORMAL
1789815779.607,2026-09-19 18:02:59.607,282,Perempatan Jl. Jendral Sudirman,242,3848,Golongan VI-A,Sepeda Motor (Taat Helm),0.302,335,318,429,427,382.7,373.1,2.82,16.81,6.55,2.33,0.6,0.87,HELM,TAAT_HUKUM,NORMAL
1789815779.607,2026-09-19 18:02:59.607,282,Perempatan Jl. Jendral Sudirman,242,3774,Golongan VI-B,Sepeda Motor (Tanpa Helm),0.321,188,353,256,424,222.6,389.1,-0.93,16.67,4.16,1.65,0.5,0.96,TANPA_HELM,MELANGGAR,KENDARAAN_BERHENTI
1789815779.607,2026-09-19 18:02:59.607,282,Perempatan Jl. Jendral Sudirman,242,3851,Golongan VI-A,Sepeda Motor (Taat Helm),0.333,146,306,213,370,179.9,338.7,-2.72,13.67,4.26,1.73,0.8,1.05,HELM,TAAT_HUKUM,NORMAL
1789815779.607,2026-09-19 18:02:59.607,282,Perempatan Jl. Jendral Sudirman,242,3751,Golongan VI-A,Sepeda Motor (Taat Helm),0.281,282,320,368,412,325.6,366.9,1.35,16.05,5.64,2.15,0.1,0.94,HELM,TAAT_HUKUM,PELANGGARAN_HELM
1789815779.607,2026-09-19 18:02:59.607,282,Perempatan Jl. Jendral Sudirman,242,3818,Golongan VI-A,Sepeda Motor (Taat Helm),0.33,356,321,398,406,377.2,363.9,2.5,15.68,5.21,1.05,0.0,0.5,HELM,TAAT_HUKUM,NORMAL
1789815779.607,2026-09-19 18:02:59.607,282,Perempatan Jl. Jendral Sudirman,242,3832,Golongan VI-A,Sepeda Motor (Taat Helm),0.498,646,207,679,275,662.9,241.2,9.1,7.27,5.66,0.97,0.0,0.5,HELM,TAAT_HUKUM,PELANGGARAN_HELM
1789815779.607,2026-09-19 18:02:59.607,282,Perempatan Jl. Jendral Sudirman,242,3839,Golongan VI-B,Sepeda Motor (Tanpa Helm),0.261,144,321,199,373,172.0,347.2,-2.88,13.81,3.39,1.4,0.0,1.07,TANPA_HELM,MELANGGAR,PELANGGARAN_HELM
1789815779.79,2026-09-19 18:02:59.790,282,Perempatan Jl. Jendral Sudirman,243,3804,Golongan I,Sedan/Jip/Pick-up,0.705,528,144,625,192,576.8,168.7,6.23,0.24,4.97,3.17,1.9,2.03,N/A,NORMAL,NORMAL
1789815779.79,2026-09-19 18:02:59.790,282,Perempatan Jl. Jendral Sudirman,243,3805,Golongan VI-B,Sepeda Motor (Tanpa Helm),0.703,339,352,431,431,385.1,392.4,2.91,17.04,4.53,2.23,0.1,1.17,TANPA_HELM,MELANGGAR,PELANGGARAN_HELM
1789815779.79,2026-09-19 18:02:59.790,282,Perempatan Jl. Jendral Sudirman,243,3808,Golongan VI-A,Sepeda Motor (Taat Helm),0.438,350,319,417,412,383.5,366.2,2.71,16.05,5.68,1.68,0.9,0.72,HELM,TAAT_HUKUM,NORMAL
1789815779.79,2026-09-19 18:02:59.790,282,Perempatan Jl. Jendral Sudirman,243,3848,Golongan VI-A,Sepeda Motor (Taat Helm),0.358,339,323,430,427,384.9,375.5,2.87,16.82,6.21,2.25,0.4,0.87,HELM,TAAT_HUKUM,NORMAL
1789815779.79,2026-09-19 18:02:59.790,282,Perempatan Jl. Jendral Sudirman,243,3774,Golongan VI-B,Sepeda Motor (Tanpa Helm),0.351,191,359,254,425,222.6,392.3,-0.93,16.69,3.84,1.52,0.3,0.96,TANPA_HELM,MELANGGAR,KENDARAAN_BERHENTI
1789815779.79,2026-09-19 18:02:59.790,282,Perempatan Jl. Jendral Sudirman,243,3851,Golongan VI-A,Sepeda Motor (Taat Helm),0.33,146,306,214,371,180.5,338.9,-2.7,13.69,4.32,1.76,0.6,1.05,HELM,TAAT_HUKUM,NORMAL
1789815779.79,2026-09-19 18:02:59.790,282,Perempatan Jl. Jendral Sudirman,243,3751,Golongan VI-A,Sepeda Motor (Taat Helm),0.278,282,320,369,413,326.4,367.0,1.37,16.08,5.69,2.17,0.2,0.93,HELM,TAAT_HUKUM,PELANGGARAN_HELM
1789815779.79,2026-09-19 18:02:59.790,282,Perempatan Jl. Jendral Sudirman,243,3818,Golongan VI-A,Sepeda Motor (Taat Helm),0.355,355,321,398,406,377.1,364.1,2.51,15.71,5.21,1.08,0.2,0.5,HELM,TAAT_HUKUM,NORMAL
1789815779.79,2026-09-19 18:02:59.790,282,Perempatan Jl. Jendral Sudirman,243,3832,Golongan VI-A,Sepeda Motor (Taat Helm),0.549,647,211,682,282,665.0,247.0,9.17,7.81,5.82,1.02,5.6,0.49,HELM,TAAT_HUKUM,PELANGGARAN_HELM
1789815779.79,2026-09-19 18:02:59.790,282,Perempatan Jl. Jendral Sudirman,243,3839,Golongan VI-B,Sepeda Motor (Tanpa Helm),0.263,144,319,202,373,173.4,346.8,-2.83,13.84,3.52,1.48,1.4,1.07,TANPA_HELM,MELANGGAR,PELANGGARAN_HELM
1789815779.79,2026-09-19 18:02:59.790,282,Perempatan Jl. Jendral Sudirman,243,3875,Golongan VI-A,Sepeda Motor (Taat Helm),0.389,646,211,680,281,663.5,246.5,9.13,7.73,5.74,0.99,0.0,0.49,HELM,TAAT_HUKUM,NORMAL
1789815779.981,2026-09-19 18:02:59.981,282,Perempatan Jl. Jendral Sudirman,244,3804,Golongan I,Sedan/Jip/Pick-up,0.679,530,145,627,193,578.8,169.2,6.3,0.3,4.95,3.17,1.9,2.03,N/A,NORMAL,NORMAL
1789815779.981,2026-09-19 18:02:59.981,282,Perempatan Jl. Jendral Sudirman,244,3805,Golongan VI-B,Sepeda Motor (Tanpa Helm),0.673,339,353,431,431,385.3,392.7,2.91,17.04,4.47,2.23,0.1,1.17,TANPA_HELM,MELANGGAR,PELANGGARAN_HELM
1789815779.981,2026-09-19 18:02:59.981,282,Perempatan Jl. Jendral Sudirman,244,3808,Golongan VI-A,Sepeda Motor (Taat Helm),0.445,351,318,417,411,384.9,364.9,2.73,15.95,5.69,1.65,0.7,0.71,HELM,TAAT_HUKUM,NORMAL
1789815779.981,2026-09-19 18:02:59.981,282,Perempatan Jl. Jendral Sudirman,244,3848,Golongan VI-A,Sepeda Motor (Taat Helm),0.346,340,323,430,427,385.8,375.2,2.89,16.8,6.21,2.23,0.3,0.87,HELM,TAAT_HUKUM,NORMAL
1789815779.981,2026-09-19 18:02:59.981,282,Perempatan Jl. Jendral Sudirman,244,3774,Golongan VI-B,Sepeda Motor (Tanpa Helm),0.343,192,365,251,426,222.1,395.8,-0.92,16.76,3.52,1.42,0.3,0.96,TANPA_HELM,MELANGGAR,KENDARAAN_BERHENTI
1789815779.981,2026-09-19 18:02:59.981,282,Perempatan Jl. Jendral Sudirman,244,3851,Golongan VI-A,Sepeda Motor (Taat Helm),0.351,146,306,214,371,180.8,339.0,-2.69,13.7,4.32,1.76,0.5,1.05,HELM,TAAT_HUKUM,NORMAL
1789815779.981,2026-09-19 18:02:59.981,282,Perempatan Jl. Jendral Sudirman,244,3818,Golongan VI-A,Sepeda Motor (Taat Helm),0.415,354,320,398,408,376.5,364.6,2.51,15.81,5.39,1.1,0.4,0.5,HELM,TAAT_HUKUM,NORMAL
1789815779.981,2026-09-19 18:02:59.981,282,Perempatan Jl. Jendral Sudirman,244,3832,Golongan VI-A,Sepeda Motor (Taat Helm),0.259,647,213,684,287,665.9,250.6,9.2,8.17,6.01,1.07,5.8,0.49,HELM,TAAT_HUKUM,PELANGGARAN_HELM
1789815779.981,2026-09-19 18:02:59.981,282,Perempatan Jl. Jendral Sudirman,244,3839,Golongan VI-B,Sepeda Motor (Tanpa Helm),0.273,144,318,203,373,173.8,346.3,-2.82,13.85,3.59,1.51,1.2,1.07,TANPA_HELM,MELANGGAR,PELANGGARAN_HELM
1789815779.981,2026-09-19 18:02:59.981,282,Perempatan Jl. Jendral Sudirman,244,3875,Golongan VI-A,Sepeda Motor (Taat Helm),0.525,647,213,681,283,664.5,248.8,9.16,7.9,5.71,0.99,0.0,0.49,HELM,TAAT_HUKUM,NORMAL
1789815779.981,2026-09-19 18:02:59.981,282,Perempatan Jl. Jendral Sudirman,244,3879,Golongan VI-B,Sepeda Motor (Tanpa Helm),0.348,221,344,288,416,254.8,380.3,-0.28,16.24,4.29,1.65,0.0,0.93,TANPA_HELM,MELANGGAR,PELANGGARAN_HELM
1789815780.202,2026-09-19 18:03:00.202,282,Perempatan Jl. Jendral Sudirman,245,3804,Golongan I,Sedan/Jip/Pick-up,0.774,531,145,628,193,580.0,169.3,6.34,0.34,4.95,3.17,1.8,2.02,N/A,NORMAL,NORMAL
1789815780.202,2026-09-19 18:03:00.202,282,Perempatan Jl. Jendral Sudirman,245,3805,Golongan VI-B,Sepeda Motor (Tanpa Helm),0.716,339,353,431,431,385.1,392.6,2.91,17.05,4.47,2.23,0.1,1.17,TANPA_HELM,MELANGGAR,PELANGGARAN_HELM
1789815780.202,2026-09-19 18:03:00.202,282,Perempatan Jl. Jendral Sudirman,245,3808,Golongan VI-A,Sepeda Motor (Taat Helm),0.438,351,318,416,410,384.1,364.4,2.7,15.9,5.64,1.63,0.5,0.71,HELM,TAAT_HUKUM,NORMAL
1789815780.202,2026-09-19 18:03:00.202,282,Perempatan Jl. Jendral Sudirman,245,3774,Golongan VI-B,Sepeda Motor (Tanpa Helm),0.376,192,367,249,426,221.3,397.0,-0.94,16.78,3.4,1.37,0.2,0.96,TANPA_HELM,MELANGGAR,KENDARAAN_BERHENTI
1789815780.202,2026-09-19 18:03:00.202,282,Perempatan Jl. Jendral Sudirman,245,3851,Golongan VI-A,Sepeda Motor (Taat Helm),0.359,146,306,214,371,180.8,339.3,-2.68,13.72,4.32,1.76,0.4,1.05,HELM,TAAT_HUKUM,NORMAL
1789815780.202,2026-09-19 18:03:00.202,282,Perempatan Jl. Jendral Sudirman,245,3818,Golongan VI-A,Sepeda Motor (Taat Helm),0.432,352,320,397,409,374.9,364.8,2.48,15.85,5.45,1.13,0.5,0.5,HELM,TAAT_HUKUM,NORMAL
1789815780.202,2026-09-19 18:03:00.202,282,Perempatan Jl. Jendral Sudirman,245,3832,Golongan VI-A,Sepeda Motor (Taat Helm),0.397,648,218,686,295,667.4,256.9,9.26,8.73,6.14,1.09,6.2,0.49,HELM,TAAT_HUKUM,PELANGGARAN_HELM
1789815780.202,2026-09-19 18:03:00.202,282,Perempatan Jl. Jendral Sudirman,245,3839,Golongan VI-B,Sepeda Motor (Tanpa Helm),0.286,144,319,203,373,173.7,346.5,-2.82,13.86,3.52,1.51,1.0,1.07,TANPA_HELM,MELANGGAR,PELANGGARAN_HELM
1789815780.202,2026-09-19 18:03:00.202,282,Perempatan Jl. Jendral Sudirman,245,3875,Golongan VI-A,Sepeda Motor (Taat Helm),0.404,647,217,684,293,666.1,255.5,9.22,8.63,6.09,1.07,7.9,0.49,HELM,TAAT_HUKUM,NORMAL
1789815780.202,2026-09-19 18:03:00.202,282,Perempatan Jl. Jendral Sudirman,245,3879,Golongan VI-B,Sepeda Motor (Tanpa Helm),0.375,221,344,288,416,255.2,380.3,-0.27,16.22,4.29,1.65,0.0,0.93,TANPA_HELM,MELANGGAR,PELANGGARAN_HELM
1789815780.202,2026-09-19 18:03:00.202,282,Perempatan Jl. Jendral Sudirman,245,3882,Golongan VI-A,Sepeda Motor (Taat Helm),0.602,2,444,49,519,25.7,482.2,-3.99,21.17,3.67,1.03,0.0,0.63,HELM,TAAT_HUKUM,NORMAL
1789815780.409,2026-09-19 18:03:00.409,282,Perempatan Jl. Jendral Sudirman,246,3804,Golongan I,Sedan/Jip/Pick-up,0.677,533,145,630,193,581.9,169.4,6.4,0.34,4.95,3.17,1.7,2.02,N/A,NORMAL,NORMAL
1789815780.409,2026-09-19 18:03:00.409,282,Perempatan Jl. Jendral Sudirman,246,3805,Golongan VI-B,Sepeda Motor (Tanpa Helm),0.706,338,353,431,431,385.0,392.6,2.91,17.05,4.47,2.25,0.1,1.17,TANPA_HELM,MELANGGAR,PELANGGARAN_HELM
1789815780.409,2026-09-19 18:03:00.409,282,Perempatan Jl. Jendral Sudirman,246,3808,Golongan VI-A,Sepeda Motor (Taat Helm),0.425,351,318,415,409,383.8,364.1,2.69,15.88,5.58,1.6,0.5,0.71,HELM,TAAT_HUKUM,NORMAL
1789815780.409,2026-09-19 18:03:00.409,282,Perempatan Jl. Jendral Sudirman,246,3774,Golongan VI-B,Sepeda Motor (Tanpa Helm),0.35,193,368,250,427,221.6,397.9,-0.92,16.82,3.39,1.37,0.2,0.96,TANPA_HELM,MELANGGAR,KENDARAAN_BERHENTI
1789815780.409,2026-09-19 18:03:00.409,282,Perempatan Jl. Jendral Sudirman,246,3851,Golongan VI-A,Sepeda Motor (Taat Helm),0.34,147,306,215,371,181.5,339.3,-2.66,13.72,4.32,1.76,0.3,1.06,HELM,TAAT_HUKUM,NORMAL
1789815780.409,2026-09-19 18:03:00.409,282,Perempatan Jl. Jendral Sudirman,246,3818,Golongan VI-A,Sepeda Motor (Taat Helm),0.417,352,320,396,409,374.3,364.7,2.46,15.85,5.45,1.1,0.6,0.49,HELM,TAAT_HUKUM,NORMAL
1789815780.409,2026-09-19 18:03:00.409,282,Perempatan Jl. Jendral Sudirman,246,3832,Golongan VI-A,Sepeda Motor (Taat Helm),0.287,649,222,686,298,667.9,260.9,9.28,9.0,6.0,1.06,6.3,0.49,HELM,TAAT_HUKUM,PELANGGARAN_HELM
1789815780.409,2026-09-19 18:03:00.409,282,Perempatan Jl. Jendral Sudirman,246,3839,Golongan VI-A,Sepeda Motor (Taat Helm),0.259,145,318,204,374,175.0,346.3,-2.79,13.87,3.65,1.51,0.9,1.07,HELM,TAAT_HUKUM,PELANGGARAN_HELM
1789815780.409,2026-09-19 18:03:00.409,282,Perempatan Jl. Jendral Sudirman,246,3875,Golongan VI-A,Sepeda Motor (Taat Helm),0.539,648,221,686,300,667.2,260.9,9.26,9.09,6.23,1.09,7.9,0.49,HELM,TAAT_HUKUM,NORMAL
1789815780.409,2026-09-19 18:03:00.409,282,Perempatan Jl. Jendral Sudirman,246,3879,Golongan VI-B,Sepeda Motor (Tanpa Helm),0.371,220,342,289,415,255.1,379.0,-0.29,16.19,4.37,1.7,0.4,0.93,TANPA_HELM,MELANGGAR,PELANGGARAN_HELM
1789815780.409,2026-09-19 18:03:00.409,282,Perempatan Jl. Jendral Sudirman,246,3882,Golongan VI-A,Sepeda Motor (Taat Helm),0.323,5,439,54,517,30.4,478.5,-3.93,21.06,3.85,1.08,0.0,0.63,HELM,TAAT_HUKUM,NORMAL
1789815780.409,2026-09-19 18:03:00.409,282,Perempatan Jl. Jendral Sudirman,246,3848,Golongan VI-A,Sepeda Motor (Taat Helm),0.25,334,318,428,426,381.2,372.7,2.78,16.78,6.5,2.34,0.0,0.87,HELM,TAAT_HUKUM,NORMAL
1789815780.631,2026-09-19 18:03:00.630,282,Perempatan Jl. Jendral Sudirman,247,3804,Golongan I,Sedan/Jip/Pick-up,0.726,535,145,633,193,584.5,169.4,6.48,0.34,4.95,3.2,1.7,2.02,N/A,NORMAL,KENDARAAN_BERHENTI
1789815780.631,2026-09-19 18:03:00.630,282,Perempatan Jl. Jendral Sudirman,247,3805,Golongan VI-B,Sepeda Motor (Tanpa Helm),0.695,338,353,430,431,384.8,392.5,2.9,17.04,4.47,2.23,0.0,1.18,TANPA_HELM,MELANGGAR,KENDARAAN_BERHENTI
1789815780.631,2026-09-19 18:03:00.630,282,Perempatan Jl. Jendral Sudirman,247,3808,Golongan VI-A,Sepeda Motor (Taat Helm),0.424,351,318,415,409,383.3,364.3,2.68,15.87,5.58,1.6,0.4,0.7,HELM,TAAT_HUKUM,KENDARAAN_BERHENTI
1789815780.631,2026-09-19 18:03:00.630,282,Perempatan Jl. Jendral Sudirman,247,3774,Golongan VI-B,Sepeda Motor (Tanpa Helm),0.382,193,368,250,427,221.7,398.2,-0.91,16.84,3.39,1.37,0.3,0.97,TANPA_HELM,MELANGGAR,KENDARAAN_BERHENTI
1789815780.631,2026-09-19 18:03:00.630,282,Perempatan Jl. Jendral Sudirman,247,3851,Golongan VI-A,Sepeda Motor (Taat Helm),0.343,147,308,214,371,181.2,339.9,-2.68,13.7,4.18,1.73,0.3,1.06,HELM,TAAT_HUKUM,NORMAL
1789815780.631,2026-09-19 18:03:00.630,282,Perempatan Jl. Jendral Sudirman,247,3818,Golongan VI-A,Sepeda Motor (Taat Helm),0.363,353,320,396,408,375.1,364.6,2.47,15.8,5.39,1.08,0.5,0.49,HELM,TAAT_HUKUM,NORMAL
1789815780.631,2026-09-19 18:03:00.630,282,Perempatan Jl. Jendral Sudirman,247,3832,Golongan VI-A,Sepeda Motor (Taat Helm),0.285,649,226,687,303,668.5,265.2,9.3,9.33,6.01,1.08,6.3,0.49,HELM,TAAT_HUKUM,PELANGGARAN_HELM
1789815780.631,2026-09-19 18:03:00.630,282,Perempatan Jl. Jendral Sudirman,247,3875,Golongan VI-A,Sepeda Motor (Taat Helm),0.502,647,224,687,306,667.9,265.8,9.29,9.55,6.39,1.14,7.9,0.49,HELM,TAAT_HUKUM,NORMAL
1789815780.631,2026-09-19 18:03:00.630,282,Perempatan Jl. Jendral Sudirman,247,3879,Golongan VI-B,Sepeda Motor (Tanpa Helm),0.377,220,340,289,415,255.0,378.0,-0.29,16.18,4.5,1.7,0.4,0.93,TANPA_HELM,MELANGGAR,PELANGGARAN_HELM
1789815780.86,2026-09-19 18:03:00.860,282,Perempatan Jl. Jendral Sudirman,248,3804,Golongan I,Sedan/Jip/Pick-up,0.728,537,145,636,194,586.8,169.9,6.56,0.42,5.05,3.23,1.7,2.02,N/A,NORMAL,KENDARAAN_BERHENTI
1789815780.86,2026-09-19 18:03:00.860,282,Perempatan Jl. Jendral Sudirman,248,3805,Golongan VI-B,Sepeda Motor (Tanpa Helm),0.691,338,353,431,431,385.0,392.5,2.91,17.04,4.47,2.25,0.0,1.18,TANPA_HELM,MELANGGAR,KENDARAAN_BERHENTI
1789815780.86,2026-09-19 18:03:00.860,282,Perempatan Jl. Jendral Sudirman,248,3808,Golongan VI-A,Sepeda Motor (Taat Helm),0.292,350,319,415,412,382.7,366.0,2.69,16.03,5.68,1.63,0.3,0.7,HELM,TAAT_HUKUM,KENDARAAN_BERHENTI
1789815780.86,2026-09-19 18:03:00.860,282,Perempatan Jl. Jendral Sudirman,248,3774,Golongan VI-B,Sepeda Motor (Tanpa Helm),0.355,193,368,250,427,221.7,398.4,-0.91,16.84,3.39,1.37,0.3,0.97,TANPA_HELM,MELANGGAR,KENDARAAN_BERHENTI
1789815780.86,2026-09-19 18:03:00.860,282,Perempatan Jl. Jendral Sudirman,248,3851,Golongan VI-A,Sepeda Motor (Taat Helm),0.311,147,307,215,371,181.5,339.6,-2.67,13.72,4.25,1.75,0.2,1.07,HELM,TAAT_HUKUM,NORMAL
1789815780.86,2026-09-19 18:03:00.860,282,Perempatan Jl. Jendral Sudirman,248,3818,Golongan VI-A,Sepeda Motor (Taat Helm),0.422,353,320,397,409,375.2,365.1,2.49,15.87,5.45,1.1,0.5,0.49,HELM,TAAT_HUKUM,KENDARAAN_BERHENTI
1789815780.86,2026-09-19 18:03:00.860,282,Perempatan Jl. Jendral Sudirman,248,3832,Golongan VI-A,Sepeda Motor (Taat Helm),0.321,651,231,685,301,668.6,266.6,9.3,9.2,5.44,0.96,5.7,0.49,HELM,TAAT_HUKUM,PELANGGARAN_HELM
1789815780.86,2026-09-19 18:03:00.860,282,Perempatan Jl. Jendral Sudirman,248,3875,Golongan VI-A,Sepeda Motor (Taat Helm),0.549,648,229,688,313,668.4,271.5,9.31,10.02,6.44,1.13,7.8,0.49,HELM,TAAT_HUKUM,NORMAL
1789815780.86,2026-09-19 18:03:00.860,282,Perempatan Jl. Jendral Sudirman,248,3879,Golongan VI-B,Sepeda Motor (Tanpa Helm),0.319,219,339,289,415,254.6,377.3,-0.3,16.18,4.56,1.73,0.3,0.93,TANPA_HELM,MELANGGAR,PELANGGARAN_HELM
1789815780.86,2026-09-19 18:03:00.860,282,Perempatan Jl. Jendral Sudirman,248,3882,Golongan VI-A,Sepeda Motor (Taat Helm),0.362,16,436,63,509,40.3,473.1,-3.83,20.72,3.64,1.04,0.0,0.65,HELM,TAAT_HUKUM,NORMAL
1789815781.231,2026-09-19 18:03:01.231,282,Perempatan Jl. Jendral Sudirman,249,3805,Golongan VI-B,Sepeda Motor (Tanpa Helm),0.676,338,353,431,431,384.8,392.5,2.9,17.03,4.47,2.25,0.0,1.18,TANPA_HELM,MELANGGAR,KENDARAAN_BERHENTI
1789815781.231,2026-09-19 18:03:01.231,282,Perempatan Jl. Jendral Sudirman,249,3851,Golongan VI-A,Sepeda Motor (Taat Helm),0.256,145,308,213,371,179.7,340.1,-2.71,13.74,4.18,1.75,0.1,1.07,HELM,TAAT_HUKUM,NORMAL
1789815781.231,2026-09-19 18:03:01.231,282,Perempatan Jl. Jendral Sudirman,249,3818,Golongan VI-A,Sepeda Motor (Taat Helm),0.423,354,321,398,411,376.7,366.7,2.54,15.96,5.49,1.1,0.5,0.5,HELM,TAAT_HUKUM,KENDARAAN_BERHENTI
1789815781.452,2026-09-19 18:03:01.452,282,Perempatan Jl. Jendral Sudirman,250,3805,Golongan VI-B,Sepeda Motor (Tanpa Helm),0.644,338,353,430,431,384.7,392.7,2.9,17.02,4.47,2.23,0.0,1.19,TANPA_HELM,MELANGGAR,KENDARAAN_BERHENTI
1789815781.452,2026-09-19 18:03:01.452,282,Perempatan Jl. Jendral Sudirman,250,3851,Golongan VI-A,Sepeda Motor (Taat Helm),0.336,144,309,212,372,178.2,340.9,-2.73,13.79,4.17,1.75,0.1,1.07,HELM,TAAT_HUKUM,NORMAL
1789815781.452,2026-09-19 18:03:01.452,282,Perempatan Jl. Jendral Sudirman,250,3818,Golongan VI-A,Sepeda Motor (Taat Helm),0.427,355,322,400,411,377.7,367.0,2.56,15.98,5.42,1.12,0.5,0.5,HELM,TAAT_HUKUM,KENDARAAN_BERHENTI
1789815781.452,2026-09-19 18:03:01.452,282,Perempatan Jl. Jendral Sudirman,250,3897,Golongan I,Sedan/Jip/Pick-up,0.798,624,161,713,222,668.8,191.7,9.18,2.95,5.87,2.81,0.0,1.46,N/A,NORMAL,NORMAL
1789815781.452,2026-09-19 18:03:01.452,282,Perempatan Jl. Jendral Sudirman,250,3898,Golongan VI-A,Sepeda Motor (Taat Helm),0.608,155,385,255,465,205.3,425.2,-0.83,18.69,4.33,2.33,0.0,1.26,HELM,TAAT_HUKUM,NORMAL
1789815781.452,2026-09-19 18:03:01.452,282,Perempatan Jl. Jendral Sudirman,250,3902,Golongan I,Sedan/Jip/Pick-up,0.392,504,141,613,189,558.8,165.4,5.64,-0.07,5.02,3.5,0.0,2.28,N/A,NORMAL,NORMAL
1789815781.638,2026-09-19 18:03:01.637,282,Perempatan Jl. Jendral Sudirman,251,3805,Golongan VI-B,Sepeda Motor (Tanpa Helm),0.673,338,353,430,431,384.7,392.7,2.9,17.02,4.47,2.23,0.0,1.19,TANPA_HELM,MELANGGAR,KENDARAAN_BERHENTI
1789815781.638,2026-09-19 18:03:01.637,282,Perempatan Jl. Jendral Sudirman,251,3851,Golongan VI-A,Sepeda Motor (Taat Helm),0.321,144,310,211,372,177.5,341.7,-2.74,13.8,4.1,1.72,0.2,1.07,HELM,TAAT_HUKUM,NORMAL
1789815781.638,2026-09-19 18:03:01.637,282,Perempatan Jl. Jendral Sudirman,251,3818,Golongan VI-A,Sepeda Motor (Taat Helm),0.338,354,323,396,409,375.5,366.1,2.49,15.84,5.25,1.05,0.4,0.5,HELM,TAAT_HUKUM,KENDARAAN_BERHENTI
1789815781.638,2026-09-19 18:03:01.637,282,Perempatan Jl. Jendral Sudirman,251,3897,Golongan I,Sedan/Jip/Pick-up,0.762,625,162,714,223,670.0,193.1,9.22,3.06,5.85,2.81,0.0,1.45,N/A,NORMAL,NORMAL
1789815781.638,2026-09-19 18:03:01.637,282,Perempatan Jl. Jendral Sudirman,251,3898,Golongan VI-A,Sepeda Motor (Taat Helm),0.584,157,387,255,464,206.2,426.2,-0.81,18.69,4.16,2.28,0.0,1.26,HELM,TAAT_HUKUM,NORMAL
1789815781.638,2026-09-19 18:03:01.637,282,Perempatan Jl. Jendral Sudirman,251,3902,Golongan I,Sedan/Jip/Pick-up,0.592,506,142,615,190,560.9,166.3,5.71,0.01,5.0,3.5,0.0,2.28,N/A,NORMAL,NORMAL
1789815781.638,2026-09-19 18:03:01.637,282,Perempatan Jl. Jendral Sudirman,251,3905,Golongan VI-B,Sepeda Motor (Tanpa Helm),0.373,173,346,244,438,208.7,392.4,-1.08,17.38,5.37,1.72,0.0,0.77,TANPA_HELM,MELANGGAR,PELANGGARAN_HELM
1789815781.638,2026-09-19 18:03:01.637,282,Perempatan Jl. Jendral Sudirman,251,3908,Golongan VI-B,Sepeda Motor (Tanpa Helm),0.307,143,293,178,362,160.7,327.9,-3.33,13.17,4.73,0.92,0.0,0.51,TANPA_HELM,MELANGGAR,PELANGGARAN_HELM
1789815781.638,2026-09-19 18:03:01.637,282,Perempatan Jl. Jendral Sudirman,251,3808,Golongan VI-A,Sepeda Motor (Taat Helm),0.395,350,321,414,414,382.4,368.2,2.7,16.14,5.65,1.6,0.0,0.69,HELM,TAAT_HUKUM,KENDARAAN_BERHENTI
1789815781.901,2026-09-19 18:03:01.900,282,Perempatan Jl. Jendral Sudirman,252,3805,Golongan VI-B,Sepeda Motor (Tanpa Helm),0.704,338,354,430,431,384.7,392.9,2.9,17.03,4.41,2.23,0.0,1.2,TANPA_HELM,MELANGGAR,KENDARAAN_BERHENTI
1789815781.901,2026-09-19 18:03:01.900,282,Perempatan Jl. Jendral Sudirman,252,3851,Golongan VI-A,Sepeda Motor (Taat Helm),0.367,143,310,210,373,176.9,342.0,-2.76,13.81,4.16,1.72,0.2,1.07,HELM,TAAT_HUKUM,NORMAL
1789815781.901,2026-09-19 18:03:01.900,282,Perempatan Jl. Jendral Sudirman,252,3818,Golongan VI-A,Sepeda Motor (Taat Helm),0.412,355,322,398,409,376.8,366.3,2.53,15.88,5.31,1.08,0.4,0.5,HELM,TAAT_HUKUM,KENDARAAN_BERHENTI
1789815781.901,2026-09-19 18:03:01.900,282,Perempatan Jl. Jendral Sudirman,252,3897,Golongan I,Sedan/Jip/Pick-up,0.795,628,163,718,225,673.3,194.5,9.32,3.23,5.92,2.83,2.5,1.45,N/A,NORMAL,NORMAL
1789815781.901,2026-09-19 18:03:01.900,282,Perempatan Jl. Jendral Sudirman,252,3898,Golongan VI-A,Sepeda Motor (Taat Helm),0.602,157,386,254,463,206.1,425.3,-0.83,18.63,4.17,2.26,0.5,1.26,HELM,TAAT_HUKUM,NORMAL
1789815781.901,2026-09-19 18:03:01.900,282,Perempatan Jl. Jendral Sudirman,252,3902,Golongan I,Sedan/Jip/Pick-up,0.336,511,142,620,190,566.1,166.7,5.88,0.05,5.0,3.5,2.2,2.28,N/A,NORMAL,NORMAL
1789815781.901,2026-09-19 18:03:01.900,282,Perempatan Jl. Jendral Sudirman,252,3905,Golongan VI-A,Sepeda Motor (Taat Helm),0.342,173,351,242,440,208.1,396.3,-1.06,17.51,5.15,1.67,0.0,0.77,HELM,TAAT_HUKUM,PELANGGARAN_HELM
1789815781.901,2026-09-19 18:03:01.900,282,Perempatan Jl. Jendral Sudirman,252,3908,Golongan VI-B,Sepeda Motor (Tanpa Helm),0.283,143,293,177,359,160.7,326.3,-3.38,12.99,4.54,0.89,0.0,0.51,TANPA_HELM,MELANGGAR,PELANGGARAN_HELM
1789815781.901,2026-09-19 18:03:01.900,282,Perempatan Jl. Jendral Sudirman,252,3839,Golongan VI-A,Sepeda Motor (Taat Helm),0.33,140,320,195,372,168.2,346.2,-2.99,13.75,3.4,1.41,0.0,1.06,HELM,TAAT_HUKUM,KENDARAAN_BERHENTI
1789815782.108,2026-09-19 18:03:02.107,282,Perempatan Jl. Jendral Sudirman,253,3805,Golongan VI-B,Sepeda Motor (Tanpa Helm),0.706,338,354,431,431,384.7,392.9,2.9,17.03,4.41,2.25,0.0,1.2,TANPA_HELM,MELANGGAR,KENDARAAN_BERHENTI
1789815782.108,2026-09-19 18:03:02.107,282,Perempatan Jl. Jendral Sudirman,253,3851,Golongan VI-A,Sepeda Motor (Taat Helm),0.371,142,309,210,373,176.6,341.5,-2.76,13.8,4.23,1.75,0.2,1.07,HELM,TAAT_HUKUM,KENDARAAN_BERHENTI
1789815782.108,2026-09-19 18:03:02.107,282,Perempatan Jl. Jendral Sudirman,253,3818,Golongan VI-A,Sepeda Motor (Taat Helm),0.369,355,323,398,408,376.7,365.8,2.51,15.81,5.19,1.07,0.2,0.5,HELM,TAAT_HUKUM,KENDARAAN_BERHENTI
1789815782.108,2026-09-19 18:03:02.107,282,Perempatan Jl. Jendral Sudirman,253,3897,Golongan I,Sedan/Jip/Pick-up,0.78,628,164,719,226,673.7,195.4,9.33,3.35,5.9,2.86,2.4,1.45,N/A,NORMAL,NORMAL
1789815782.108,2026-09-19 18:03:02.107,282,Perempatan Jl. Jendral Sudirman,253,3898,Golongan VI-A,Sepeda Motor (Taat Helm),0.561,157,387,254,463,206.0,425.2,-0.83,18.61,4.11,2.26,0.5,1.26,HELM,TAAT_HUKUM,NORMAL
1789815782.108,2026-09-19 18:03:02.107,282,Perempatan Jl. Jendral Sudirman,253,3902,Golongan I,Sedan/Jip/Pick-up,0.269,517,142,625,189,571.2,166.1,6.04,-0.01,4.91,3.5,2.2,2.27,N/A,NORMAL,NORMAL
1789815782.108,2026-09-19 18:03:02.107,282,Perempatan Jl. Jendral Sudirman,253,3905,Golongan VI-A,Sepeda Motor (Taat Helm),0.352,173,349,247,445,210.2,397.6,-0.95,17.75,5.54,1.78,3.0,0.77,HELM,TAAT_HUKUM,PELANGGARAN_HELM
1789815782.108,2026-09-19 18:03:02.107,282,Perempatan Jl. Jendral Sudirman,253,3908,Golongan VI-B,Sepeda Motor (Tanpa Helm),0.286,143,293,177,359,160.7,326.3,-3.38,12.99,4.54,0.89,1.5,0.51,TANPA_HELM,MELANGGAR,PELANGGARAN_HELM
1789815782.108,2026-09-19 18:03:02.107,282,Perempatan Jl. Jendral Sudirman,253,3839,Golongan VI-A,Sepeda Motor (Taat Helm),0.32,139,320,193,372,166.7,346.3,-3.03,13.75,3.4,1.38,0.0,1.04,HELM,TAAT_HUKUM,KENDARAAN_BERHENTI
1789815782.108,2026-09-19 18:03:02.107,282,Perempatan Jl. Jendral Sudirman,253,3751,Golongan VI-A,Sepeda Motor (Taat Helm),0.272,281,323,364,412,323.1,368.2,1.29,16.04,5.44,2.07,0.0,0.93,HELM,TAAT_HUKUM,PELANGGARAN_HELM
1789815782.108,2026-09-19 18:03:02.107,282,Perempatan Jl. Jendral Sudirman,253,3808,Golongan VI-A,Sepeda Motor (Taat Helm),0.42,350,322,414,414,382.6,368.5,2.71,16.15,5.58,1.6,0.0,0.68,HELM,TAAT_HUKUM,KENDARAAN_BERHENTI
1789815782.314,2026-09-19 18:03:02.314,282,Perempatan Jl. Jendral Sudirman,254,3805,Golongan VI-B,Sepeda Motor (Tanpa Helm),0.722,338,354,431,431,384.8,393.1,2.9,17.03,4.41,2.25,0.0,1.21,TANPA_HELM,MELANGGAR,KENDARAAN_BERHENTI
1789815782.314,2026-09-19 18:03:02.314,282,Perempatan Jl. Jendral Sudirman,254,3851,Golongan VI-A,Sepeda Motor (Taat Helm),0.349,143,310,210,373,176.7,341.9,-2.76,13.8,4.16,1.72,0.2,1.07,HELM,TAAT_HUKUM,KENDARAAN_BERHENTI
1789815782.314,2026-09-19 18:03:02.314,282,Perempatan Jl. Jendral Sudirman,254,3818,Golongan VI-A,Sepeda Motor (Taat Helm),0.406,355,322,399,409,377.2,366.1,2.53,15.87,5.31,1.1,0.2,0.51,HELM,TAAT_HUKUM,KENDARAAN_BERHENTI
1789815782.314,2026-09-19 18:03:02.314,282,Perempatan Jl. Jendral Sudirman,254,3897,Golongan I,Sedan/Jip/Pick-up,0.747,629,164,721,227,675.8,196.0,9.4,3.44,5.99,2.89,2.3,1.45,N/A,NORMAL,NORMAL
1789815782.314,2026-09-19 18:03:02.314,282,Perempatan Jl. Jendral Sudirman,254,3898,Golongan VI-A,Sepeda Motor (Taat Helm),0.626,158,387,254,463,206.3,425.4,-0.82,18.62,4.11,2.24,0.4,1.26,HELM,TAAT_HUKUM,NORMAL
1789815782.314,2026-09-19 18:03:02.314,282,Perempatan Jl. Jendral Sudirman,254,3905,Golongan VI-A,Sepeda Motor (Taat Helm),0.368,171,341,247,440,209.9,390.9,-1.02,17.49,5.8,1.85,2.1,0.76,HELM,TAAT_HUKUM,PELANGGARAN_HELM
1789815782.314,2026-09-19 18:03:02.314,282,Perempatan Jl. Jendral Sudirman,254,3908,Golongan VI-B,Sepeda Motor (Tanpa Helm),0.263,144,293,176,355,160.6,324.2,-3.45,12.73,4.28,0.84,1.9,0.51,TANPA_HELM,MELANGGAR,PELANGGARAN_HELM
1789815782.314,2026-09-19 18:03:02.314,282,Perempatan Jl. Jendral Sudirman,254,3839,Golongan VI-A,Sepeda Motor (Taat Helm),0.283,138,321,190,372,164.6,346.9,-3.08,13.74,3.33,1.33,0.8,1.02,HELM,TAAT_HUKUM,KENDARAAN_BERHENTI
1789815782.314,2026-09-19 18:03:02.314,282,Perempatan Jl. Jendral Sudirman,254,3751,Golongan VI-A,Sepeda Motor (Taat Helm),0.277,281,323,364,412,322.8,368.0,1.28,16.04,5.44,2.07,0.0,0.93,HELM,TAAT_HUKUM,PELANGGARAN_HELM
1789815782.492,2026-09-19 18:03:02.492,282,Perempatan Jl. Jendral Sudirman,255,3805,Golongan VI-B,Sepeda Motor (Tanpa Helm),0.725,338,354,431,431,384.8,393.0,2.9,17.03,4.41,2.25,0.0,1.21,TANPA_HELM,MELANGGAR,KENDARAAN_BERHENTI
1789815782.492,2026-09-19 18:03:02.492,282,Perempatan Jl. Jendral Sudirman,255,3851,Golongan VI-A,Sepeda Motor (Taat Helm),0.365,143,311,210,373,176.7,342.2,-2.76,13.82,4.09,1.72,0.2,1.07,HELM,TAAT_HUKUM,KENDARAAN_BERHENTI
1789815782.492,2026-09-19 18:03:02.492,282,Perempatan Jl. Jendral Sudirman,255,3818,Golongan VI-A,Sepeda Motor (Taat Helm),0.422,355,322,400,409,377.7,366.3,2.55,15.89,5.31,1.13,0.2,0.51,HELM,TAAT_HUKUM,KENDARAAN_BERHENTI
1789815782.492,2026-09-19 18:03:02.492,282,Perempatan Jl. Jendral Sudirman,255,3897,Golongan I,Sedan/Jip/Pick-up,0.724,630,164,722,228,676.1,196.2,9.41,3.48,6.07,2.89,2.2,1.44,N/A,NORMAL,NORMAL
1789815782.492,2026-09-19 18:03:02.492,282,Perempatan Jl. Jendral Sudirman,255,3898,Golongan VI-A,Sepeda Motor (Taat Helm),0.607,158,387,254,463,206.3,425.4,-0.82,18.63,4.11,2.24,0.3,1.26,HELM,TAAT_HUKUM,NORMAL
1789815782.492,2026-09-19 18:03:02.492,282,Perempatan Jl. Jendral Sudirman,255,3905,Golongan VI-A,Sepeda Motor (Taat Helm),0.381,171,340,245,438,208.6,389.5,-1.08,17.37,5.76,1.8,1.2,0.76,HELM,TAAT_HUKUM,PELANGGARAN_HELM
1789815782.492,2026-09-19 18:03:02.492,282,Perempatan Jl. Jendral Sudirman,255,3908,Golongan VI-B,Sepeda Motor (Tanpa Helm),0.271,143,293,177,359,160.7,326.2,-3.38,12.98,4.54,0.89,1.5,0.51,TANPA_HELM,MELANGGAR,PELANGGARAN_HELM
1789815782.492,2026-09-19 18:03:02.492,282,Perempatan Jl. Jendral Sudirman,255,3839,Golongan VI-A,Sepeda Motor (Taat Helm),0.31,139,321,190,372,164.8,346.9,-3.07,13.75,3.33,1.3,0.7,1.01,HELM,TAAT_HUKUM,KENDARAAN_BERHENTI
1789815782.492,2026-09-19 18:03:02.492,282,Perempatan Jl. Jendral Sudirman,255,3879,Golongan VI-B,Sepeda Motor (Tanpa Helm),0.253,218,329,287,403,253.2,366.7,-0.48,15.54,4.56,1.72,0.0,0.93,TANPA_HELM,MELANGGAR,PELANGGARAN_HELM
1789815782.701,2026-09-19 18:03:02.701,282,Perempatan Jl. Jendral Sudirman,256,3805,Golongan VI-B,Sepeda Motor (Tanpa Helm),0.722,338,354,431,431,384.8,392.9,2.9,17.03,4.41,2.25,0.0,1.21,TANPA_HELM,MELANGGAR,KENDARAAN_BERHENTI
1789815782.701,2026-09-19 18:03:02.701,282,Perempatan Jl. Jendral Sudirman,256,3851,Golongan VI-A,Sepeda Motor (Taat Helm),0.392,142,309,210,373,176.5,341.6,-2.76,13.83,4.23,1.75,0.2,1.07,HELM,TAAT_HUKUM,KENDARAAN_BERHENTI
1789815782.701,2026-09-19 18:03:02.701,282,Perempatan Jl. Jendral Sudirman,256,3818,Golongan VI-A,Sepeda Motor (Taat Helm),0.381,354,322,398,408,376.6,365.8,2.51,15.82,5.26,1.1,0.1,0.51,HELM,TAAT_HUKUM,KENDARAAN_BERHENTI
1789815782.701,2026-09-19 18:03:02.701,282,Perempatan Jl. Jendral Sudirman,256,3897,Golongan I,Sedan/Jip/Pick-up,0.675,630,163,722,228,676.5,196.4,9.42,3.53,6.18,2.89,2.0,1.43,N/A,NORMAL,NORMAL
1789815782.701,2026-09-19 18:03:02.701,282,Perempatan Jl. Jendral Sudirman,256,3898,Golongan VI-A,Sepeda Motor (Taat Helm),0.623,158,387,254,463,206.5,425.4,-0.82,18.63,4.11,2.24,0.3,1.26,HELM,TAAT_HUKUM,NORMAL
1789815782.701,2026-09-19 18:03:02.701,282,Perempatan Jl. Jendral Sudirman,256,3905,Golongan VI-A,Sepeda Motor (Taat Helm),0.378,173,341,245,437,209.7,389.5,-1.07,17.34,5.64,1.75,0.8,0.75,HELM,TAAT_HUKUM,PELANGGARAN_HELM
1789815782.701,2026-09-19 18:03:02.701,282,Perempatan Jl. Jendral Sudirman,256,3908,Golongan VI-A,Sepeda Motor (Taat Helm),0.257,143,292,177,359,160.6,326.1,-3.39,12.97,4.61,0.89,1.2,0.51,HELM,TAAT_HUKUM,PELANGGARAN_HELM
1789815782.701,2026-09-19 18:03:02.701,282,Perempatan Jl. Jendral Sudirman,256,3839,Golongan VI-A,Sepeda Motor (Taat Helm),0.303,139,321,190,372,165.1,346.7,-3.06,13.75,3.33,1.3,0.5,1.0,HELM,TAAT_HUKUM,KENDARAAN_BERHENTI
1789815782.701,2026-09-19 18:03:02.701,282,Perempatan Jl. Jendral Sudirman,256,3921,Golongan II,Truk 2 Gandar,0.574,632,163,719,228,676.2,196.3,9.41,3.52,6.18,2.73,0.0,1.35,N/A,NORMAL,NORMAL
1789815782.701,2026-09-19 18:03:02.701,282,Perempatan Jl. Jendral Sudirman,256,3808,Golongan VI-A,Sepeda Motor (Taat Helm),0.418,350,322,413,414,382.1,368.4,2.69,16.14,5.58,1.57,0.0,0.68,HELM,TAAT_HUKUM,KENDARAAN_BERHENTI
1789815782.916,2026-09-19 18:03:02.915,282,Perempatan Jl. Jendral Sudirman,257,3805,Golongan VI-B,Sepeda Motor (Tanpa Helm),0.707,338,354,431,431,384.9,392.9,2.9,17.03,4.41,2.25,0.0,1.21,TANPA_HELM,MELANGGAR,KENDARAAN_BERHENTI
1789815782.916,2026-09-19 18:03:02.915,282,Perempatan Jl. Jendral Sudirman,257,3851,Golongan VI-A,Sepeda Motor (Taat Helm),0.422,142,309,210,373,176.3,341.5,-2.77,13.81,4.23,1.75,0.2,1.07,HELM,TAAT_HUKUM,KENDARAAN_BERHENTI
1789815782.916,2026-09-19 18:03:02.915,282,Perempatan Jl. Jendral Sudirman,257,3897,Golongan II,Truk 2 Gandar,0.386,630,163,724,229,677.2,196.9,9.44,3.63,6.26,2.95,1.9,1.43,N/A,NORMAL,NORMAL
1789815782.916,2026-09-19 18:03:02.915,282,Perempatan Jl. Jendral Sudirman,257,3898,Golongan VI-A,Sepeda Motor (Taat Helm),0.622,158,387,254,463,206.6,425.4,-0.82,18.6,4.11,2.24,0.3,1.26,HELM,TAAT_HUKUM,NORMAL
1789815782.916,2026-09-19 18:03:02.915,282,Perempatan Jl. Jendral Sudirman,257,3905,Golongan VI-A,Sepeda Motor (Taat Helm),0.398,174,340,248,438,211.4,389.9,-1.01,17.4,5.76,1.8,0.6,0.75,HELM,TAAT_HUKUM,PELANGGARAN_HELM
1789815782.916,2026-09-19 18:03:02.915,282,Perempatan Jl. Jendral Sudirman,257,3908,Golongan VI-B,Sepeda Motor (Tanpa Helm),0.256,143,292,177,358,160.5,325.7,-3.4,12.93,4.55,0.89,1.0,0.51,TANPA_HELM,MELANGGAR,PELANGGARAN_HELM
1789815782.916,2026-09-19 18:03:02.915,282,Perempatan Jl. Jendral Sudirman,257,3839,Golongan VI-A,Sepeda Motor (Taat Helm),0.313,141,320,193,372,167.8,346.5,-2.99,13.76,3.4,1.33,0.3,1.0,HELM,TAAT_HUKUM,KENDARAAN_BERHENTI
1789815782.916,2026-09-19 18:03:02.915,282,Perempatan Jl. Jendral Sudirman,257,3921,Golongan I,Sedan/Jip/Pick-up,0.713,632,163,721,229,677.1,196.4,9.44,3.59,6.26,2.79,0.0,1.35,N/A,NORMAL,NORMAL
1789815782.916,2026-09-19 18:03:02.915,282,Perempatan Jl. Jendral Sudirman,257,3923,Golongan VI-A,Sepeda Motor (Taat Helm),0.389,178,354,230,443,204.4,399.0,-1.11,17.66,5.12,1.25,0.0,0.59,HELM,TAAT_HUKUM,NORMAL
1789815782.916,2026-09-19 18:03:02.915,282,Perempatan Jl. Jendral Sudirman,257,3808,Golongan VI-A,Sepeda Motor (Taat Helm),0.435,350,322,413,414,382.2,368.6,2.7,16.16,5.58,1.57,0.0,0.67,HELM,TAAT_HUKUM,KENDARAAN_BERHENTI
1789815782.916,2026-09-19 18:03:02.915,282,Perempatan Jl. Jendral Sudirman,257,3902,Golongan I,Sedan/Jip/Pick-up,0.399,527,143,633,190,580.7,166.6,6.34,0.01,4.89,3.48,0.0,2.26,N/A,NORMAL,NORMAL
1789815783.115,2026-09-19 18:03:03.115,282,Perempatan Jl. Jendral Sudirman,258,3805,Golongan VI-B,Sepeda Motor (Tanpa Helm),0.707,338,354,431,431,384.9,392.9,2.9,17.03,4.41,2.25,0.0,1.21,TANPA_HELM,MELANGGAR,KENDARAAN_BERHENTI
1789815783.115,2026-09-19 18:03:03.115,282,Perempatan Jl. Jendral Sudirman,258,3851,Golongan VI-A,Sepeda Motor (Taat Helm),0.417,142,309,210,373,176.2,341.5,-2.77,13.81,4.23,1.75,0.2,1.07,HELM,TAAT_HUKUM,KENDARAAN_BERHENTI
1789815783.115,2026-09-19 18:03:03.115,282,Perempatan Jl. Jendral Sudirman,258,3897,Golongan II,Truk 2 Gandar,0.409,631,162,725,229,678.6,196.4,9.48,3.62,6.37,2.95,1.8,1.42,N/A,NORMAL,NORMAL
1789815783.115,2026-09-19 18:03:03.115,282,Perempatan Jl. Jendral Sudirman,258,3898,Golongan VI-A,Sepeda Motor (Taat Helm),0.568,159,387,254,462,206.6,425.2,-0.83,18.58,4.06,2.22,0.2,1.27,HELM,TAAT_HUKUM,NORMAL
1789815783.115,2026-09-19 18:03:03.115,282,Perempatan Jl. Jendral Sudirman,258,3905,Golongan VI-A,Sepeda Motor (Taat Helm),0.386,174,342,246,440,210.5,391.3,-1.02,17.46,5.73,1.75,0.4,0.74,HELM,TAAT_HUKUM,PELANGGARAN_HELM
1789815783.115,2026-09-19 18:03:03.115,282,Perempatan Jl. Jendral Sudirman,258,3908,Golongan VI-B,Sepeda Motor (Tanpa Helm),0.261,144,292,176,356,160.4,324.9,-3.43,12.83,4.42,0.84,0.9,0.51,TANPA_HELM,MELANGGAR,PELANGGARAN_HELM
1789815783.115,2026-09-19 18:03:03.115,282,Perempatan Jl. Jendral Sudirman,258,3839,Golongan VI-A,Sepeda Motor (Taat Helm),0.324,143,320,195,372,169.3,346.3,-2.95,13.77,3.4,1.33,0.3,1.0,HELM,TAAT_HUKUM,KENDARAAN_BERHENTI
1789815783.115,2026-09-19 18:03:03.115,282,Perempatan Jl. Jendral Sudirman,258,3921,Golongan I,Sedan/Jip/Pick-up,0.642,633,162,724,230,678.7,196.4,9.49,3.65,6.45,2.86,1.3,1.35,N/A,NORMAL,NORMAL
1789815783.115,2026-09-19 18:03:03.115,282,Perempatan Jl. Jendral Sudirman,258,3923,Golongan VI-A,Sepeda Motor (Taat Helm),0.444,177,354,230,445,204.0,399.5,-1.1,17.71,5.22,1.27,0.0,0.59,HELM,TAAT_HUKUM,NORMAL
1789815783.115,2026-09-19 18:03:03.115,282,Perempatan Jl. Jendral Sudirman,258,3808,Golongan VI-A,Sepeda Motor (Taat Helm),0.437,351,322,413,415,382.3,368.6,2.7,16.17,5.64,1.55,0.3,0.67,HELM,TAAT_HUKUM,KENDARAAN_BERHENTI
1789815783.115,2026-09-19 18:03:03.115,282,Perempatan Jl. Jendral Sudirman,258,3902,Golongan I,Sedan/Jip/Pick-up,0.376,530,142,636,190,583.0,166.6,6.41,0.01,5.0,3.48,0.0,2.25,N/A,NORMAL,NORMAL
1789815783.316,2026-09-19 18:03:03.316,282,Perempatan Jl. Jendral Sudirman,259,3805,Golongan VI-B,Sepeda Motor (Tanpa Helm),0.69,338,354,431,431,384.9,392.9,2.9,17.03,4.41,2.25,0.0,1.22,TANPA_HELM,MELANGGAR,KENDARAAN_BERHENTI
1789815783.316,2026-09-19 18:03:03.316,282,Perempatan Jl. Jendral Sudirman,259,3851,Golongan VI-A,Sepeda Motor (Taat Helm),0.398,141,309,209,373,175.9,341.3,-2.78,13.81,4.23,1.75,0.2,1.07,HELM,TAAT_HUKUM,KENDARAAN_BERHENTI
1789815783.316,2026-09-19 18:03:03.316,282,Perempatan Jl. Jendral Sudirman,259,3897,Golongan I,Sedan/Jip/Pick-up,0.42,631,162,728,231,680.2,197.0,9.54,3.77,6.54,3.04,1.8,1.41,N/A,NORMAL,NORMAL
1789815783.316,2026-09-19 18:03:03.316,282,Perempatan Jl. Jendral Sudirman,259,3898,Golongan VI-A,Sepeda Motor (Taat Helm),0.574,158,388,253,462,206.3,425.4,-0.83,18.59,4.0,2.21,0.2,1.27,HELM,TAAT_HUKUM,NORMAL
1789815783.316,2026-09-19 18:03:03.316,282,Perempatan Jl. Jendral Sudirman,259,3905,Golongan VI-A,Sepeda Motor (Taat Helm),0.373,175,345,246,442,210.9,394.2,-0.97,17.61,5.64,1.72,0.5,0.74,HELM,TAAT_HUKUM,PELANGGARAN_HELM
1789815783.316,2026-09-19 18:03:03.316,282,Perempatan Jl. Jendral Sudirman,259,3908,Golongan VI-B,Sepeda Motor (Tanpa Helm),0.27,143,292,177,356,160.5,325.0,-3.43,12.83,4.42,0.89,0.9,0.52,TANPA_HELM,MELANGGAR,PELANGGARAN_HELM
1789815783.316,2026-09-19 18:03:03.316,282,Perempatan Jl. Jendral Sudirman,259,3839,Golongan VI-A,Sepeda Motor (Taat Helm),0.328,142,320,194,372,168.8,346.4,-2.97,13.77,3.4,1.33,0.2,1.0,HELM,TAAT_HUKUM,KENDARAAN_BERHENTI
1789815783.316,2026-09-19 18:03:03.316,282,Perempatan Jl. Jendral Sudirman,259,3921,Golongan II,Truk 2 Gandar,0.576,633,162,725,230,679.9,196.6,9.52,3.7,6.45,2.89,1.3,1.34,N/A,NORMAL,NORMAL
1789815783.316,2026-09-19 18:03:03.316,282,Perempatan Jl. Jendral Sudirman,259,3923,Golongan VI-A,Sepeda Motor (Taat Helm),0.426,176,354,230,446,203.9,400.8,-1.08,17.81,5.27,1.3,1.4,0.58,HELM,TAAT_HUKUM,NORMAL
1789815783.316,2026-09-19 18:03:03.316,282,Perempatan Jl. Jendral Sudirman,259,3808,Golongan VI-A,Sepeda Motor (Taat Helm),0.41,351,322,413,414,382.4,368.7,2.7,16.16,5.58,1.55,0.2,0.67,HELM,TAAT_HUKUM,KENDARAAN_BERHENTI
1789815783.316,2026-09-19 18:03:03.316,282,Perempatan Jl. Jendral Sudirman,259,3902,Golongan I,Sedan/Jip/Pick-up,0.38,531,143,637,190,584.4,167.0,6.46,0.09,4.89,3.48,1.3,2.23,N/A,NORMAL,NORMAL
1789815783.316,2026-09-19 18:03:03.316,282,Perempatan Jl. Jendral Sudirman,259,3751,Golongan VI-A,Sepeda Motor (Taat Helm),0.276,278,311,365,409,321.8,360.7,1.22,15.88,6.1,2.19,0.0,0.89,HELM,TAAT_HUKUM,PELANGGARAN_HELM
1789815783.5,2026-09-19 18:03:03.500,282,Perempatan Jl. Jendral Sudirman,260,3805,Golongan VI-B,Sepeda Motor (Tanpa Helm),0.7,338,354,431,431,385.0,393.2,2.91,17.03,4.41,2.25,0.0,1.22,TANPA_HELM,MELANGGAR,KENDARAAN_BERHENTI
1789815783.5,2026-09-19 18:03:03.500,282,Perempatan Jl. Jendral Sudirman,260,3851,Golongan VI-A,Sepeda Motor (Taat Helm),0.377,141,308,209,373,175.6,340.8,-2.79,13.81,4.3,1.75,0.1,1.06,HELM,TAAT_HUKUM,KENDARAAN_BERHENTI
1789815783.5,2026-09-19 18:03:03.500,282,Perempatan Jl. Jendral Sudirman,260,3897,Golongan I,Sedan/Jip/Pick-up,0.621,632,162,729,232,681.4,197.8,9.57,3.86,6.62,3.04,1.7,1.39,N/A,NORMAL,NORMAL
1789815783.5,2026-09-19 18:03:03.500,282,Perempatan Jl. Jendral Sudirman,260,3898,Golongan VI-A,Sepeda Motor (Taat Helm),0.562,158,387,253,462,206.2,425.3,-0.83,18.59,4.06,2.22,0.2,1.27,HELM,TAAT_HUKUM,NORMAL
1789815783.5,2026-09-19 18:03:03.500,282,Perempatan Jl. Jendral Sudirman,260,3905,Golongan VI-A,Sepeda Motor (Taat Helm),0.363,176,346,248,443,212.4,394.6,-0.94,17.62,5.63,1.74,0.5,0.74,HELM,TAAT_HUKUM,PELANGGARAN_HELM
1789815783.5,2026-09-19 18:03:03.500,282,Perempatan Jl. Jendral Sudirman,260,3908,Golongan VI-B,Sepeda Motor (Tanpa Helm),0.27,143,292,177,357,160.5,325.5,-3.41,12.9,4.49,0.89,0.7,0.52,TANPA_HELM,MELANGGAR,PELANGGARAN_HELM
1789815783.5,2026-09-19 18:03:03.500,282,Perempatan Jl. Jendral Sudirman,260,3839,Golongan VI-A,Sepeda Motor (Taat Helm),0.323,142,319,196,372,169.1,345.9,-2.95,13.79,3.47,1.38,0.1,1.0,HELM,TAAT_HUKUM,KENDARAAN_BERHENTI
1789815783.5,2026-09-19 18:03:03.500,282,Perempatan Jl. Jendral Sudirman,260,3921,Golongan II,Truk 2 Gandar,0.506,634,163,726,231,680.9,197.5,9.56,3.79,6.43,2.88,1.3,1.34,N/A,NORMAL,NORMAL
1789815783.5,2026-09-19 18:03:03.500,282,Perempatan Jl. Jendral Sudirman,260,3923,Golongan VI-A,Sepeda Motor (Taat Helm),0.364,176,355,230,446,203.4,401.1,-1.1,17.81,5.21,1.3,1.2,0.58,HELM,TAAT_HUKUM,NORMAL
1789815783.5,2026-09-19 18:03:03.500,282,Perempatan Jl. Jendral Sudirman,260,3808,Golongan VI-A,Sepeda Motor (Taat Helm),0.44,351,322,413,415,382.6,368.8,2.71,16.17,5.64,1.55,0.2,0.66,HELM,TAAT_HUKUM,KENDARAAN_BERHENTI
1789815783.5,2026-09-19 18:03:03.500,282,Perempatan Jl. Jendral Sudirman,260,3902,Golongan I,Sedan/Jip/Pick-up,0.385,533,143,641,192,587.6,167.8,6.57,0.22,5.08,3.5,1.6,2.2,N/A,NORMAL,NORMAL
1789815783.5,2026-09-19 18:03:03.500,282,Perempatan Jl. Jendral Sudirman,260,3751,Golongan VI-A,Sepeda Motor (Taat Helm),0.293,278,310,364,409,321.5,359.9,1.22,15.88,6.17,2.17,0.0,0.87,HELM,TAAT_HUKUM,PELANGGARAN_HELM
1789815783.725,2026-09-19 18:03:03.724,282,Perempatan Jl. Jendral Sudirman,261,3805,Golongan VI-B,Sepeda Motor (Tanpa Helm),0.697,338,355,431,431,384.9,393.5,2.9,17.03,4.34,2.25,0.0,1.22,TANPA_HELM,MELANGGAR,KENDARAAN_BERHENTI
1789815783.725,2026-09-19 18:03:03.724,282,Perempatan Jl. Jendral Sudirman,261,3851,Golongan VI-A,Sepeda Motor (Taat Helm),0.373,141,308,209,373,175.6,340.7,-2.79,13.81,4.3,1.75,0.1,1.06,HELM,TAAT_HUKUM,KENDARAAN_BERHENTI
1789815783.725,2026-09-19 18:03:03.724,282,Perempatan Jl. Jendral Sudirman,261,3897,Golongan I,Sedan/Jip/Pick-up,0.641,633,163,730,233,682.0,198.3,9.59,3.94,6.6,3.03,1.6,1.38,N/A,NORMAL,NORMAL
1789815783.725,2026-09-19 18:03:03.724,282,Perempatan Jl. Jendral Sudirman,261,3898,Golongan VI-A,Sepeda Motor (Taat Helm),0.549,157,387,253,462,205.9,425.1,-0.84,18.59,4.06,2.24,0.2,1.27,HELM,TAAT_HUKUM,NORMAL
1789815783.725,2026-09-19 18:03:03.724,282,Perempatan Jl. Jendral Sudirman,261,3905,Golongan VI-A,Sepeda Motor (Taat Helm),0.368,177,347,245,441,211.2,394.5,-0.99,17.52,5.46,1.64,0.4,0.73,HELM,TAAT_HUKUM,PELANGGARAN_HELM
1789815783.725,2026-09-19 18:03:03.724,282,Perempatan Jl. Jendral Sudirman,261,3908,Golongan VI-B,Sepeda Motor (Tanpa Helm),0.282,143,293,177,359,160.5,326.3,-3.38,13.0,4.54,0.89,0.5,0.52,TANPA_HELM,MELANGGAR,PELANGGARAN_HELM
1789815783.725,2026-09-19 18:03:03.724,282,Perempatan Jl. Jendral Sudirman,261,3839,Golongan VI-A,Sepeda Motor (Taat Helm),0.301,141,320,193,372,167.9,346.3,-2.99,13.77,3.4,1.33,0.1,1.0,HELM,TAAT_HUKUM,KENDARAAN_BERHENTI
1789815783.725,2026-09-19 18:03:03.724,282,Perempatan Jl. Jendral Sudirman,261,3921,Golongan II,Truk 2 Gandar,0.529,635,163,728,232,681.6,198.0,9.58,3.87,6.52,2.91,1.3,1.34,N/A,NORMAL,NORMAL
1789815783.725,2026-09-19 18:03:03.724,282,Perempatan Jl. Jendral Sudirman,261,3923,Golongan VI-A,Sepeda Motor (Taat Helm),0.344,176,356,228,445,202.9,401.1,-1.12,17.76,5.09,1.25,0.9,0.58,HELM,TAAT_HUKUM,NORMAL
1789815783.725,2026-09-19 18:03:03.724,282,Perempatan Jl. Jendral Sudirman,261,3808,Golongan VI-A,Sepeda Motor (Taat Helm),0.459,352,322,413,414,382.5,368.3,2.7,16.12,5.58,1.52,0.1,0.66,HELM,TAAT_HUKUM,KENDARAAN_BERHENTI
1789815783.725,2026-09-19 18:03:03.724,282,Perempatan Jl. Jendral Sudirman,261,3902,Golongan I,Sedan/Jip/Pick-up,0.437,536,143,643,192,590.1,167.9,6.65,0.22,5.08,3.5,1.6,2.18,N/A,NORMAL,NORMAL
1789815783.975,2026-09-19 18:03:03.975,282,Perempatan Jl. Jendral Sudirman,262,3805,Golongan VI-B,Sepeda Motor (Tanpa Helm),0.723,338,355,431,431,384.9,393.5,2.9,17.04,4.34,2.25,0.0,1.23,TANPA_HELM,MELANGGAR,KENDARAAN_BERHENTI
1789815783.975,2026-09-19 18:03:03.975,282,Perempatan Jl. Jendral Sudirman,262,3851,Golongan VI-A,Sepeda Motor (Taat Helm),0.362,141,308,210,373,176.4,340.7,-2.77,13.81,4.3,1.78,0.1,1.06,HELM,TAAT_HUKUM,KENDARAAN_BERHENTI
1789815783.975,2026-09-19 18:03:03.975,282,Perempatan Jl. Jendral Sudirman,262,3897,Golongan I,Sedan/Jip/Pick-up,0.649,633,163,731,234,682.2,198.8,9.6,4.02,6.69,3.06,1.5,1.37,N/A,NORMAL,NORMAL
1789815783.975,2026-09-19 18:03:03.975,282,Perempatan Jl. Jendral Sudirman,262,3898,Golongan VI-A,Sepeda Motor (Taat Helm),0.583,157,384,256,462,207.2,423.4,-0.82,18.58,4.24,2.31,0.1,1.27,HELM,TAAT_HUKUM,NORMAL
1789815783.975,2026-09-19 18:03:03.975,282,Perempatan Jl. Jendral Sudirman,262,3905,Golongan VI-A,Sepeda Motor (Taat Helm),0.356,179,351,243,438,211.3,395.1,-1.02,17.4,5.04,1.55,0.5,0.74,HELM,TAAT_HUKUM,PELANGGARAN_HELM
1789815783.975,2026-09-19 18:03:03.975,282,Perempatan Jl. Jendral Sudirman,262,3908,Golongan VI-A,Sepeda Motor (Taat Helm),0.288,142,292,178,361,160.7,327.2,-3.35,13.1,4.74,0.94,0.4,0.52,HELM,TAAT_HUKUM,PELANGGARAN_HELM
1789815783.975,2026-09-19 18:03:03.975,282,Perempatan Jl. Jendral Sudirman,262,3839,Golongan VI-A,Sepeda Motor (Taat Helm),0.303,141,319,195,372,168.6,346.0,-2.97,13.79,3.47,1.38,0.1,1.0,HELM,TAAT_HUKUM,KENDARAAN_BERHENTI
1789815783.975,2026-09-19 18:03:03.975,282,Perempatan Jl. Jendral Sudirman,262,3921,Golongan II,Truk 2 Gandar,0.534,635,163,728,233,682.2,198.6,9.6,3.95,6.6,2.91,1.3,1.33,N/A,NORMAL,NORMAL
1789815783.975,2026-09-19 18:03:03.975,282,Perempatan Jl. Jendral Sudirman,262,3923,Golongan VI-A,Sepeda Motor (Taat Helm),0.328,177,356,227,442,202.8,399.6,-1.16,17.59,4.94,1.2,0.7,0.58,HELM,TAAT_HUKUM,NORMAL
1789815783.975,2026-09-19 18:03:03.975,282,Perempatan Jl. Jendral Sudirman,262,3808,Golongan VI-A,Sepeda Motor (Taat Helm),0.458,352,322,412,413,382.6,368.0,2.7,16.1,5.53,1.5,0.1,0.66,HELM,TAAT_HUKUM,KENDARAAN_BERHENTI
1789815783.975,2026-09-19 18:03:03.975,282,Perempatan Jl. Jendral Sudirman,262,3902,Golongan I,Sedan/Jip/Pick-up,0.401,541,143,647,192,594.1,168.0,6.78,0.25,5.08,3.47,1.6,2.16,N/A,NORMAL,NORMAL
1789815784.157,2026-09-19 18:03:04.156,282,Perempatan Jl. Jendral Sudirman,263,3805,Golongan VI-B,Sepeda Motor (Tanpa Helm),0.727,337,355,431,431,384.8,393.5,2.9,17.04,4.34,2.27,0.0,1.23,TANPA_HELM,MELANGGAR,KENDARAAN_BERHENTI
1789815784.157,2026-09-19 18:03:04.156,282,Perempatan Jl. Jendral Sudirman,263,3851,Golongan VI-A,Sepeda Motor (Taat Helm),0.353,142,308,210,373,176.6,340.8,-2.76,13.81,4.3,1.75,0.1,1.06,HELM,TAAT_HUKUM,KENDARAAN_BERHENTI
1789815784.157,2026-09-19 18:03:04.156,282,Perempatan Jl. Jendral Sudirman,263,3897,Golongan I,Sedan/Jip/Pick-up,0.553,633,163,731,235,682.5,199.3,9.61,4.07,6.77,3.06,1.4,1.36,N/A,NORMAL,NORMAL
1789815784.157,2026-09-19 18:03:04.156,282,Perempatan Jl. Jendral Sudirman,263,3898,Golongan VI-A,Sepeda Motor (Taat Helm),0.57,157,383,256,462,207.1,423.2,-0.82,18.58,4.3,2.32,0.1,1.26,HELM,TAAT_HUKUM,NORMAL
1789815784.157,2026-09-19 18:03:04.156,282,Perempatan Jl. Jendral Sudirman,263,3905,Golongan VI-A,Sepeda Motor (Taat Helm),0.353,178,352,241,438,209.8,395.1,-1.06,17.36,4.98,1.52,0.4,0.74,HELM,TAAT_HUKUM,PELANGGARAN_HELM
1789815784.157,2026-09-19 18:03:04.156,282,Perempatan Jl. Jendral Sudirman,263,3908,Golongan VI-A,Sepeda Motor (Taat Helm),0.289,142,293,178,361,160.7,327.4,-3.34,13.13,4.66,0.94,0.5,0.52,HELM,TAAT_HUKUM,PELANGGARAN_HELM
1789815784.157,2026-09-19 18:03:04.156,282,Perempatan Jl. Jendral Sudirman,263,3839,Golongan VI-A,Sepeda Motor (Taat Helm),0.291,141,318,195,372,168.8,345.8,-2.96,13.79,3.54,1.38,0.2,0.99,HELM,TAAT_HUKUM,KENDARAAN_BERHENTI
1789815784.157,2026-09-19 18:03:04.156,282,Perempatan Jl. Jendral Sudirman,263,3921,Golongan II,Truk 2 Gandar,0.58,636,164,729,234,682.7,199.2,9.61,3.99,6.58,2.91,1.3,1.33,N/A,NORMAL,NORMAL
1789815784.157,2026-09-19 18:03:04.156,282,Perempatan Jl. Jendral Sudirman,263,3808,Golongan VI-A,Sepeda Motor (Taat Helm),0.453,352,321,412,413,382.5,367.8,2.7,16.09,5.6,1.5,0.1,0.66,HELM,TAAT_HUKUM,KENDARAAN_BERHENTI
1789815784.157,2026-09-19 18:03:04.156,282,Perempatan Jl. Jendral Sudirman,263,3902,Golongan I,Sedan/Jip/Pick-up,0.43,543,143,649,193,596.2,168.4,6.85,0.3,5.17,3.47,1.7,2.13,N/A,NORMAL,NORMAL
1789815784.331,2026-09-19 18:03:04.331,282,Perempatan Jl. Jendral Sudirman,264,3805,Golongan VI-B,Sepeda Motor (Tanpa Helm),0.716,337,355,432,431,384.9,393.4,2.91,17.04,4.34,2.3,0.0,1.23,TANPA_HELM,MELANGGAR,KENDARAAN_BERHENTI
1789815784.331,2026-09-19 18:03:04.331,282,Perempatan Jl. Jendral Sudirman,264,3851,Golongan VI-A,Sepeda Motor (Taat Helm),0.372,142,308,210,373,176.6,340.9,-2.76,13.81,4.3,1.75,0.0,1.05,HELM,TAAT_HUKUM,KENDARAAN_BERHENTI
1789815784.331,2026-09-19 18:03:04.331,282,Perempatan Jl. Jendral Sudirman,264,3897,Golongan I,Sedan/Jip/Pick-up,0.649,634,163,731,235,683.0,199.8,9.62,4.14,6.77,3.03,1.4,1.35,N/A,NORMAL,NORMAL
1789815784.331,2026-09-19 18:03:04.331,282,Perempatan Jl. Jendral Sudirman,264,3898,Golongan VI-A,Sepeda Motor (Taat Helm),0.573,157,385,255,462,206.1,424.2,-0.84,18.59,4.18,2.29,0.1,1.27,HELM,TAAT_HUKUM,NORMAL
1789815784.331,2026-09-19 18:03:04.331,282,Perempatan Jl. Jendral Sudirman,264,3905,Golongan VI-A,Sepeda Motor (Taat Helm),0.347,178,353,240,437,209.0,395.6,-1.08,17.35,4.86,1.5,0.3,0.74,HELM,TAAT_HUKUM,PELANGGARAN_HELM
1789815784.331,2026-09-19 18:03:04.331,282,Perempatan Jl. Jendral Sudirman,264,3908,Golongan VI-A,Sepeda Motor (Taat Helm),0.291,142,293,178,362,160.6,327.8,-3.33,13.16,4.73,0.94,0.5,0.52,HELM,TAAT_HUKUM,PELANGGARAN_HELM
1789815784.331,2026-09-19 18:03:04.331,282,Perempatan Jl. Jendral Sudirman,264,3839,Golongan VI-A,Sepeda Motor (Taat Helm),0.299,140,319,192,372,166.7,346.1,-3.02,13.77,3.47,1.33,0.1,0.98,HELM,TAAT_HUKUM,KENDARAAN_BERHENTI
1789815784.331,2026-09-19 18:03:04.331,282,Perempatan Jl. Jendral Sudirman,264,3921,Golongan II,Truk 2 Gandar,0.481,636,164,730,235,683.5,200.0,9.64,4.08,6.67,2.93,1.3,1.32,N/A,NORMAL,NORMAL
1789815784.331,2026-09-19 18:03:04.331,282,Perempatan Jl. Jendral Sudirman,264,3808,Golongan VI-A,Sepeda Motor (Taat Helm),0.448,352,321,412,413,382.5,367.8,2.7,16.09,5.6,1.5,0.1,0.66,HELM,TAAT_HUKUM,KENDARAAN_BERHENTI
1789815784.331,2026-09-19 18:03:04.331,282,Perempatan Jl. Jendral Sudirman,264,3902,Golongan I,Sedan/Jip/Pick-up,0.289,546,143,651,193,599.4,168.7,6.95,0.34,5.17,3.44,1.7,2.11,N/A,NORMAL,NORMAL
1789815784.331,2026-09-19 18:03:04.331,282,Perempatan Jl. Jendral Sudirman,264,3818,Golongan VI-A,Sepeda Motor (Taat Helm),0.263,354,322,397,403,376.2,363.1,2.46,15.55,4.98,1.08,0.0,0.52,HELM,TAAT_HUKUM,KENDARAAN_BERHENTI
1789815784.331,2026-09-19 18:03:04.331,282,Perempatan Jl. Jendral Sudirman,264,3751,Golongan VI-A,Sepeda Motor (Taat Helm),0.284,277,309,362,409,320.2,359.2,1.18,15.85,6.24,2.14,0.0,0.85,HELM,TAAT_HUKUM,PELANGGARAN_HELM
1789815784.546,2026-09-19 18:03:04.545,282,Perempatan Jl. Jendral Sudirman,265,3805,Golongan VI-B,Sepeda Motor (Tanpa Helm),0.717,337,355,431,431,384.9,393.6,2.91,17.04,4.34,2.27,0.0,1.23,TANPA_HELM,MELANGGAR,KENDARAAN_BERHENTI
1789815784.546,2026-09-19 18:03:04.545,282,Perempatan Jl. Jendral Sudirman,265,3851,Golongan VI-A,Sepeda Motor (Taat Helm),0.362,142,308,211,373,176.7,340.7,-2.76,13.82,4.3,1.78,0.0,1.05,HELM,TAAT_HUKUM,KENDARAAN_BERHENTI
1789815784.546,2026-09-19 18:03:04.545,282,Perempatan Jl. Jendral Sudirman,265,3897,Golongan I,Sedan/Jip/Pick-up,0.597,634,163,732,236,683.6,199.8,9.64,4.17,6.86,3.06,1.4,1.34,N/A,NORMAL,KENDARAAN_BERHENTI
1789815784.546,2026-09-19 18:03:04.545,282,Perempatan Jl. Jendral Sudirman,265,3898,Golongan VI-A,Sepeda Motor (Taat Helm),0.569,156,382,257,462,206.7,422.7,-0.82,18.59,4.36,2.36,0.1,1.26,HELM,TAAT_HUKUM,KENDARAAN_BERHENTI
1789815784.546,2026-09-19 18:03:04.545,282,Perempatan Jl. Jendral Sudirman,265,3905,Golongan VI-A,Sepeda Motor (Taat Helm),0.306,178,354,240,438,209.8,396.8,-1.05,17.4,4.85,1.49,0.2,0.74,HELM,TAAT_HUKUM,PELANGGARAN_HELM
1789815784.546,2026-09-19 18:03:04.545,282,Perempatan Jl. Jendral Sudirman,265,3908,Golongan VI-A,Sepeda Motor (Taat Helm),0.29,142,293,178,363,160.7,328.4,-3.31,13.24,4.79,0.94,0.5,0.51,HELM,TAAT_HUKUM,PELANGGARAN_HELM
1789815784.546,2026-09-19 18:03:04.545,282,Perempatan Jl. Jendral Sudirman,265,3839,Golongan VI-A,Sepeda Motor (Taat Helm),0.296,140,319,191,372,165.8,346.1,-3.04,13.76,3.47,1.3,0.1,0.97,HELM,TAAT_HUKUM,KENDARAAN_BERHENTI
1789815784.546,2026-09-19 18:03:04.545,282,Perempatan Jl. Jendral Sudirman,265,3921,Golongan II,Truk 2 Gandar,0.453,637,164,731,235,684.1,200.3,9.66,4.13,6.67,2.93,1.3,1.32,N/A,NORMAL,NORMAL
1789815784.546,2026-09-19 18:03:04.545,282,Perempatan Jl. Jendral Sudirman,265,3808,Golongan VI-A,Sepeda Motor (Taat Helm),0.461,352,321,412,413,382.5,367.9,2.7,16.1,5.6,1.5,0.1,0.66,HELM,TAAT_HUKUM,KENDARAAN_BERHENTI
1789815784.546,2026-09-19 18:03:04.545,282,Perempatan Jl. Jendral Sudirman,265,3902,Golongan I,Sedan/Jip/Pick-up,0.474,551,143,656,193,603.9,168.9,7.09,0.37,5.17,3.44,1.8,2.1,N/A,NORMAL,KENDARAAN_BERHENTI
1789815784.546,2026-09-19 18:03:04.545,282,Perempatan Jl. Jendral Sudirman,265,3818,Golongan VI-A,Sepeda Motor (Taat Helm),0.277,354,322,397,403,376.1,362.8,2.45,15.52,4.98,1.08,0.0,0.53,HELM,TAAT_HUKUM,KENDARAAN_BERHENTI
1789815784.546,2026-09-19 18:03:04.545,282,Perempatan Jl. Jendral Sudirman,265,3751,Golongan VI-A,Sepeda Motor (Taat Helm),0.302,278,309,361,409,320.3,359.3,1.18,15.84,6.24,2.09,0.0,0.83,HELM,TAAT_HUKUM,PELANGGARAN_HELM
1789815784.759,2026-09-19 18:03:04.758,282,Perempatan Jl. Jendral Sudirman,266,3805,Golongan VI-B,Sepeda Motor (Tanpa Helm),0.722,337,355,431,431,384.8,393.7,2.9,17.04,4.34,2.27,0.0,1.24,TANPA_HELM,MELANGGAR,KENDARAAN_BERHENTI
1789815784.759,2026-09-19 18:03:04.758,282,Perempatan Jl. Jendral Sudirman,266,3851,Golongan VI-A,Sepeda Motor (Taat Helm),0.354,142,307,211,373,176.7,340.7,-2.76,13.83,4.37,1.78,0.0,1.05,HELM,TAAT_HUKUM,KENDARAAN_BERHENTI
1789815784.759,2026-09-19 18:03:04.758,282,Perempatan Jl. Jendral Sudirman,266,3897,Golongan I,Sedan/Jip/Pick-up,0.568,635,162,734,236,685.1,199.9,9.68,4.21,6.96,3.09,1.3,1.33,N/A,NORMAL,KENDARAAN_BERHENTI
1789815784.759,2026-09-19 18:03:04.758,282,Perempatan Jl. Jendral Sudirman,266,3898,Golongan VI-A,Sepeda Motor (Taat Helm),0.535,155,380,258,462,207.0,421.8,-0.82,18.58,4.48,2.41,0.1,1.26,HELM,TAAT_HUKUM,KENDARAAN_BERHENTI
1789815784.759,2026-09-19 18:03:04.758,282,Perempatan Jl. Jendral Sudirman,266,3905,Golongan VI-A,Sepeda Motor (Taat Helm),0.278,178,354,243,440,211.1,398.0,-0.99,17.51,4.96,1.57,0.2,0.75,HELM,TAAT_HUKUM,KENDARAAN_BERHENTI
1789815784.759,2026-09-19 18:03:04.758,282,Perempatan Jl. Jendral Sudirman,266,3908,Golongan VI-A,Sepeda Motor (Taat Helm),0.292,142,293,178,363,160.7,328.2,-3.32,13.21,4.79,0.94,0.5,0.51,HELM,TAAT_HUKUM,KENDARAAN_BERHENTI
1789815784.759,2026-09-19 18:03:04.758,282,Perempatan Jl. Jendral Sudirman,266,3839,Golongan VI-A,Sepeda Motor (Taat Helm),0.287,140,319,191,372,165.8,345.8,-3.04,13.75,3.47,1.3,0.1,0.97,HELM,TAAT_HUKUM,KENDARAAN_BERHENTI
1789815784.759,2026-09-19 18:03:04.758,282,Perempatan Jl. Jendral Sudirman,266,3921,Golongan II,Truk 2 Gandar,0.535,638,164,732,236,685.8,200.5,9.71,4.18,6.75,2.93,1.3,1.31,N/A,NORMAL,NORMAL
1789815784.759,2026-09-19 18:03:04.758,282,Perempatan Jl. Jendral Sudirman,266,3808,Golongan VI-A,Sepeda Motor (Taat Helm),0.456,352,322,412,413,382.6,368.0,2.7,16.1,5.53,1.5,0.1,0.66,HELM,TAAT_HUKUM,KENDARAAN_BERHENTI
1789815784.759,2026-09-19 18:03:04.758,282,Perempatan Jl. Jendral Sudirman,266,3902,Golongan I,Sedan/Jip/Pick-up,0.528,554,144,660,195,607.7,169.6,7.21,0.49,5.25,3.46,1.8,2.08,N/A,NORMAL,KENDARAAN_BERHENTI
1789815784.759,2026-09-19 18:03:04.758,282,Perempatan Jl. Jendral Sudirman,266,3751,Golongan VI-A,Sepeda Motor (Taat Helm),0.269,283,309,361,405,322.2,357.6,1.19,15.64,6.02,1.97,1.8,0.82,HELM,TAAT_HUKUM,PELANGGARAN_HELM
1789815784.973,2026-09-19 18:03:04.972,282,Perempatan Jl. Jendral Sudirman,267,3805,Golongan VI-B,Sepeda Motor (Tanpa Helm),0.715,337,355,431,431,384.8,393.8,2.9,17.04,4.34,2.27,0.0,1.24,TANPA_HELM,MELANGGAR,KENDARAAN_BERHENTI
1789815784.973,2026-09-19 18:03:04.972,282,Perempatan Jl. Jendral Sudirman,267,3851,Golongan VI-A,Sepeda Motor (Taat Helm),0.369,142,307,211,373,176.8,340.6,-2.75,13.84,4.37,1.78,0.0,1.05,HELM,TAAT_HUKUM,KENDARAAN_BERHENTI
1789815784.973,2026-09-19 18:03:04.972,282,Perempatan Jl. Jendral Sudirman,267,3897,Golongan I,Sedan/Jip/Pick-up,0.506,636,163,734,237,685.6,200.5,9.7,4.26,6.94,3.06,1.3,1.33,N/A,NORMAL,KENDARAAN_BERHENTI
1789815784.973,2026-09-19 18:03:04.972,282,Perempatan Jl. Jendral Sudirman,267,3898,Golongan VI-A,Sepeda Motor (Taat Helm),0.53,158,387,254,463,206.5,425.4,-0.82,18.62,4.11,2.24,0.1,1.27,HELM,TAAT_HUKUM,KENDARAAN_BERHENTI
1789815784.973,2026-09-19 18:03:04.972,282,Perempatan Jl. Jendral Sudirman,267,3905,Golongan VI-A,Sepeda Motor (Taat Helm),0.278,178,356,244,442,211.5,399.3,-0.97,17.58,4.93,1.59,0.2,0.76,HELM,TAAT_HUKUM,KENDARAAN_BERHENTI
1789815784.973,2026-09-19 18:03:04.972,282,Perempatan Jl. Jendral Sudirman,267,3908,Golongan VI-A,Sepeda Motor (Taat Helm),0.305,142,293,178,364,160.6,329.0,-3.29,13.31,4.85,0.94,0.7,0.51,HELM,TAAT_HUKUM,KENDARAAN_BERHENTI
1789815784.973,2026-09-19 18:03:04.972,282,Perempatan Jl. Jendral Sudirman,267,3839,Golongan VI-A,Sepeda Motor (Taat Helm),0.289,140,318,191,372,166.3,345.6,-3.03,13.76,3.54,1.31,0.1,0.96,HELM,TAAT_HUKUM,KENDARAAN_BERHENTI
1789815784.973,2026-09-19 18:03:04.972,282,Perempatan Jl. Jendral Sudirman,267,3921,Golongan II,Truk 2 Gandar,0.516,639,165,733,236,686.7,201.0,9.73,4.22,6.65,2.93,1.3,1.31,N/A,NORMAL,NORMAL
1789815784.973,2026-09-19 18:03:04.972,282,Perempatan Jl. Jendral Sudirman,267,3808,Golongan VI-A,Sepeda Motor (Taat Helm),0.463,352,321,412,414,382.6,368.1,2.7,16.12,5.65,1.5,0.1,0.66,HELM,TAAT_HUKUM,KENDARAAN_BERHENTI
1789815784.973,2026-09-19 18:03:04.972,282,Perempatan Jl. Jendral Sudirman,267,3902,Golongan I,Sedan/Jip/Pick-up,0.511,556,144,662,195,609.8,170.1,7.28,0.56,5.25,3.46,1.9,2.06,N/A,NORMAL,KENDARAAN_BERHENTI
1789815784.973,2026-09-19 18:03:04.972,282,Perempatan Jl. Jendral Sudirman,267,3751,Golongan VI-A,Sepeda Motor (Taat Helm),0.258,282,309,361,407,322.1,358.5,1.21,15.76,6.13,1.99,1.3,0.81,HELM,TAAT_HUKUM,PELANGGARAN_HELM
1789815785.255,2026-09-19 18:03:05.255,282,Perempatan Jl. Jendral Sudirman,268,3805,Golongan VI-B,Sepeda Motor (Tanpa Helm),0.661,337,354,432,431,384.9,392.8,2.9,17.02,4.41,2.3,0.0,1.24,TANPA_HELM,MELANGGAR,KENDARAAN_BERHENTI
1789815785.255,2026-09-19 18:03:05.255,282,Perempatan Jl. Jendral Sudirman,268,3851,Golongan VI-A,Sepeda Motor (Taat Helm),0.356,144,310,211,373,177.8,342.1,-2.72,13.84,4.16,1.72,0.1,1.05,HELM,TAAT_HUKUM,KENDARAAN_BERHENTI
1789815785.255,2026-09-19 18:03:05.255,282,Perempatan Jl. Jendral Sudirman,268,3898,Golongan VI-A,Sepeda Motor (Taat Helm),0.58,154,380,258,462,206.6,421.4,-0.83,18.58,4.48,2.44,0.1,1.26,HELM,TAAT_HUKUM,KENDARAAN_BERHENTI
1789815785.255,2026-09-19 18:03:05.255,282,Perempatan Jl. Jendral Sudirman,268,3921,Golongan I,Sedan/Jip/Pick-up,0.567,644,174,754,259,699.7,217.1,10.13,6.09,7.6,3.35,2.6,1.28,N/A,NORMAL,NORMAL
1789815785.255,2026-09-19 18:03:05.255,282,Perempatan Jl. Jendral Sudirman,268,3808,Golongan VI-A,Sepeda Motor (Taat Helm),0.44,352,321,413,413,383.1,367.7,2.71,16.08,5.6,1.52,0.1,0.66,HELM,TAAT_HUKUM,KENDARAAN_BERHENTI
1789815785.539,2026-09-19 18:03:05.539,282,Perempatan Jl. Jendral Sudirman,269,3805,Golongan VI-B,Sepeda Motor (Tanpa Helm),0.684,336,353,433,431,385.2,392.3,2.91,17.03,4.47,2.35,0.0,1.24,TANPA_HELM,MELANGGAR,KENDARAAN_BERHENTI
1789815785.539,2026-09-19 18:03:05.539,282,Perempatan Jl. Jendral Sudirman,269,3898,Golongan VI-A,Sepeda Motor (Taat Helm),0.503,154,379,258,462,206.2,421.0,-0.84,18.57,4.54,2.44,0.0,1.25,HELM,TAAT_HUKUM,KENDARAAN_BERHENTI
1789815785.539,2026-09-19 18:03:05.539,282,Perempatan Jl. Jendral Sudirman,269,3921,Golongan I,Sedan/Jip/Pick-up,0.44,637,186,761,286,699.2,236.1,10.12,8.08,8.47,3.5,4.6,1.24,N/A,NORMAL,NORMAL
1789815785.539,2026-09-19 18:03:05.539,282,Perempatan Jl. Jendral Sudirman,269,3808,Golongan VI-A,Sepeda Motor (Taat Helm),0.395,354,322,413,411,383.8,366.9,2.71,15.96,5.42,1.47,0.2,0.66,HELM,TAAT_HUKUM,KENDARAAN_BERHENTI
1789815785.539,2026-09-19 18:03:05.539,282,Perempatan Jl. Jendral Sudirman,269,3950,Golongan VI-A,Sepeda Motor (Taat Helm),0.34,308,308,353,385,331.4,346.8,1.19,14.5,4.94,1.15,0.0,0.59,HELM,TAAT_HUKUM,NORMAL
1789815785.727,2026-09-19 18:03:05.726,282,Perempatan Jl. Jendral Sudirman,270,3805,Golongan VI-B,Sepeda Motor (Tanpa Helm),0.701,336,352,433,431,385.3,392.2,2.91,17.03,4.53,2.35,0.0,1.24,TANPA_HELM,MELANGGAR,KENDARAAN_BERHENTI
1789815785.727,2026-09-19 18:03:05.726,282,Perempatan Jl. Jendral Sudirman,270,3898,Golongan VI-A,Sepeda Motor (Taat Helm),0.56,153,377,259,462,206.8,419.6,-0.83,18.56,4.66,2.49,0.1,1.24,HELM,TAAT_HUKUM,KENDARAAN_BERHENTI
1789815785.727,2026-09-19 18:03:05.726,282,Perempatan Jl. Jendral Sudirman,270,3921,Golongan I,Sedan/Jip/Pick-up,0.535,632,195,759,300,696.3,248.1,10.05,9.11,8.61,3.5,6.6,1.21,N/A,NORMAL,NORMAL
1789815785.727,2026-09-19 18:03:05.726,282,Perempatan Jl. Jendral Sudirman,270,3808,Golongan VI-A,Sepeda Motor (Taat Helm),0.414,355,322,413,410,384.4,366.5,2.71,15.9,5.36,1.45,0.3,0.66,HELM,TAAT_HUKUM,KENDARAAN_BERHENTI
1789815785.727,2026-09-19 18:03:05.726,282,Perempatan Jl. Jendral Sudirman,270,3950,Golongan VI-A,Sepeda Motor (Taat Helm),0.381,308,308,354,387,331.6,347.7,1.22,14.61,5.06,1.18,0.0,0.59,HELM,TAAT_HUKUM,NORMAL
1789815785.727,2026-09-19 18:03:05.726,282,Perempatan Jl. Jendral Sudirman,270,3897,Golongan I,Sedan/Jip/Pick-up,0.391,651,157,732,215,692.0,186.6,9.87,2.4,5.67,2.58,0.0,1.39,N/A,NORMAL,KENDARAAN_BERHENTI
1789815785.727,2026-09-19 18:03:05.726,282,Perempatan Jl. Jendral Sudirman,270,3751,Golongan VI-A,Sepeda Motor (Taat Helm),0.288,283,308,362,406,322.8,357.9,1.22,15.72,6.14,2.0,0.0,0.8,HELM,TAAT_HUKUM,PELANGGARAN_HELM
1789815785.915,2026-09-19 18:03:05.915,282,Perempatan Jl. Jendral Sudirman,271,3805,Golongan VI-B,Sepeda Motor (Tanpa Helm),0.723,336,352,433,431,385.5,392.2,2.92,17.02,4.53,2.35,0.0,1.24,TANPA_HELM,MELANGGAR,KENDARAAN_BERHENTI
1789815785.915,2026-09-19 18:03:05.915,282,Perempatan Jl. Jendral Sudirman,271,3898,Golongan VI-A,Sepeda Motor (Taat Helm),0.585,153,375,260,462,207.1,418.9,-0.82,18.55,4.78,2.51,0.1,1.23,HELM,TAAT_HUKUM,KENDARAAN_BERHENTI
1789815785.915,2026-09-19 18:03:05.915,282,Perempatan Jl. Jendral Sudirman,271,3921,Golongan I,Sedan/Jip/Pick-up,0.497,630,199,758,308,694.3,254.4,10.0,9.7,8.79,3.5,8.2,1.18,N/A,NORMAL,NORMAL
1789815785.915,2026-09-19 18:03:05.915,282,Perempatan Jl. Jendral Sudirman,271,3808,Golongan VI-A,Sepeda Motor (Taat Helm),0.415,355,322,412,409,384.0,366.1,2.7,15.87,5.31,1.43,0.4,0.67,HELM,TAAT_HUKUM,KENDARAAN_BERHENTI
1789815785.915,2026-09-19 18:03:05.915,282,Perempatan Jl. Jendral Sudirman,271,3950,Golongan VI-A,Sepeda Motor (Taat Helm),0.384,308,308,353,384,330.8,346.4,1.17,14.46,4.88,1.15,0.4,0.59,HELM,TAAT_HUKUM,NORMAL
1789815785.915,2026-09-19 18:03:05.915,282,Perempatan Jl. Jendral Sudirman,271,3897,Golongan I,Sedan/Jip/Pick-up,0.301,650,156,737,217,693.9,187.3,9.93,2.58,5.96,2.77,0.0,1.42,N/A,NORMAL,KENDARAAN_BERHENTI
1789815785.915,2026-09-19 18:03:05.915,282,Perempatan Jl. Jendral Sudirman,271,3751,Golongan VI-A,Sepeda Motor (Taat Helm),0.294,284,309,361,406,322.9,358.0,1.22,15.72,6.07,1.95,0.0,0.79,HELM,TAAT_HUKUM,PELANGGARAN_HELM
1789815785.915,2026-09-19 18:03:05.915,282,Perempatan Jl. Jendral Sudirman,271,3818,Golongan VI-A,Sepeda Motor (Taat Helm),0.255,354,323,397,403,376.1,363.4,2.45,15.52,4.91,1.08,0.0,0.54,HELM,TAAT_HUKUM,KENDARAAN_BERHENTI
1789815786.145,2026-09-19 18:03:06.144,282,Perempatan Jl. Jendral Sudirman,272,3805,Golongan VI-A,Sepeda Motor (Taat Helm),0.727,337,352,434,431,385.5,392.2,2.92,17.03,4.53,2.35,0.0,1.24,HELM,TAAT_HUKUM,KENDARAAN_BERHENTI
1789815786.145,2026-09-19 18:03:06.144,282,Perempatan Jl. Jendral Sudirman,272,3898,Golongan VI-A,Sepeda Motor (Taat Helm),0.511,155,376,260,461,207.8,419.1,-0.81,18.55,4.67,2.47,0.1,1.22,HELM,TAAT_HUKUM,KENDARAAN_BERHENTI
1789815786.145,2026-09-19 18:03:06.144,282,Perempatan Jl. Jendral Sudirman,272,3921,Golongan I,Sedan/Jip/Pick-up,0.648,626,203,757,315,692.0,259.5,9.94,10.19,8.9,3.5,9.4,1.16,N/A,NORMAL,NORMAL
1789815786.145,2026-09-19 18:03:06.144,282,Perempatan Jl. Jendral Sudirman,272,3808,Golongan VI-A,Sepeda Motor (Taat Helm),0.421,354,322,413,409,384.1,365.9,2.7,15.86,5.31,1.48,0.4,0.67,HELM,TAAT_HUKUM,KENDARAAN_BERHENTI
1789815786.145,2026-09-19 18:03:06.144,282,Perempatan Jl. Jendral Sudirman,272,3950,Golongan VI-A,Sepeda Motor (Taat Helm),0.386,306,308,355,390,330.9,349.4,1.24,14.81,5.23,1.25,1.0,0.59,HELM,TAAT_HUKUM,NORMAL
1789815786.145,2026-09-19 18:03:06.144,282,Perempatan Jl. Jendral Sudirman,272,3897,Golongan I,Sedan/Jip/Pick-up,0.502,654,156,738,214,696.5,185.1,10.01,2.25,5.69,2.68,1.7,1.45,N/A,NORMAL,KENDARAAN_BERHENTI
1789815786.145,2026-09-19 18:03:06.144,282,Perempatan Jl. Jendral Sudirman,272,3751,Golongan VI-A,Sepeda Motor (Taat Helm),0.329,284,309,361,407,323.0,358.2,1.23,15.74,6.13,1.94,0.2,0.79,HELM,TAAT_HUKUM,PELANGGARAN_HELM
1789815786.145,2026-09-19 18:03:06.144,282,Perempatan Jl. Jendral Sudirman,272,3818,Golongan VI-A,Sepeda Motor (Taat Helm),0.255,354,323,397,403,376.3,363.7,2.46,15.54,4.91,1.08,0.0,0.54,HELM,TAAT_HUKUM,KENDARAAN_BERHENTI
1789815786.315,2026-09-19 18:03:06.315,282,Perempatan Jl. Jendral Sudirman,273,3805,Golongan VI-A,Sepeda Motor (Taat Helm),0.717,336,352,434,431,385.4,391.9,2.92,17.03,4.53,2.37,0.0,1.23,HELM,TAAT_HUKUM,KENDARAAN_BERHENTI
1789815786.315,2026-09-19 18:03:06.315,282,Perempatan Jl. Jendral Sudirman,273,3898,Golongan VI-A,Sepeda Motor (Taat Helm),0.506,154,375,259,461,207.0,418.5,-0.83,18.55,4.73,2.47,0.1,1.22,HELM,TAAT_HUKUM,KENDARAAN_BERHENTI
1789815786.315,2026-09-19 18:03:06.315,282,Perempatan Jl. Jendral Sudirman,273,3921,Golongan I,Sedan/Jip/Pick-up,0.676,625,205,756,321,690.6,263.4,9.91,10.54,9.12,3.5,10.3,1.13,N/A,NORMAL,NORMAL
1789815786.315,2026-09-19 18:03:06.315,282,Perempatan Jl. Jendral Sudirman,273,3808,Golongan VI-A,Sepeda Motor (Taat Helm),0.42,354,322,413,409,384.0,365.8,2.69,15.86,5.31,1.48,0.4,0.67,HELM,TAAT_HUKUM,KENDARAAN_BERHENTI
1789815786.315,2026-09-19 18:03:06.315,282,Perempatan Jl. Jendral Sudirman,273,3950,Golongan VI-A,Sepeda Motor (Taat Helm),0.369,306,308,353,387,330.1,347.9,1.19,14.65,5.06,1.2,0.9,0.59,HELM,TAAT_HUKUM,NORMAL
1789815786.315,2026-09-19 18:03:06.315,282,Perempatan Jl. Jendral Sudirman,273,3897,Golongan I,Sedan/Jip/Pick-up,0.558,654,156,743,216,699.3,186.3,10.1,2.46,5.87,2.83,1.6,1.47,N/A,NORMAL,KENDARAAN_BERHENTI
1789815786.315,2026-09-19 18:03:06.315,282,Perempatan Jl. Jendral Sudirman,273,3751,Golongan VI-A,Sepeda Motor (Taat Helm),0.287,283,309,359,407,321.5,358.7,1.2,15.78,6.13,1.92,0.3,0.78,HELM,TAAT_HUKUM,PELANGGARAN_HELM
1789815786.315,2026-09-19 18:03:06.315,282,Perempatan Jl. Jendral Sudirman,273,3963,Golongan VI-B,Sepeda Motor (Tanpa Helm),0.401,93,333,264,448,178.8,391.0,-1.63,17.88,6.77,3.5,0.0,1.5,TANPA_HELM,MELANGGAR,PELANGGARAN_HELM
1789815786.509,2026-09-19 18:03:06.508,282,Perempatan Jl. Jendral Sudirman,274,3805,Golongan VI-A,Sepeda Motor (Taat Helm),0.723,336,351,434,431,385.4,391.7,2.92,17.03,4.6,2.38,0.0,1.23,HELM,TAAT_HUKUM,KENDARAAN_BERHENTI
1789815786.509,2026-09-19 18:03:06.508,282,Perempatan Jl. Jendral Sudirman,274,3898,Golongan VI-A,Sepeda Motor (Taat Helm),0.461,153,374,258,461,206.5,418.1,-0.85,18.52,4.79,2.47,0.1,1.21,HELM,TAAT_HUKUM,KENDARAAN_BERHENTI
1789815786.509,2026-09-19 18:03:06.508,282,Perempatan Jl. Jendral Sudirman,274,3921,Golongan I,Sedan/Jip/Pick-up,0.71,623,209,752,325,688.4,267.0,9.85,10.8,9.02,3.5,11.1,1.11,N/A,NORMAL,NORMAL
1789815786.509,2026-09-19 18:03:06.508,282,Perempatan Jl. Jendral Sudirman,274,3808,Golongan VI-A,Sepeda Motor (Taat Helm),0.443,354,321,413,408,384.1,365.1,2.69,15.81,5.32,1.48,0.4,0.67,HELM,TAAT_HUKUM,KENDARAAN_BERHENTI
1789815786.509,2026-09-19 18:03:06.508,282,Perempatan Jl. Jendral Sudirman,274,3950,Golongan VI-A,Sepeda Motor (Taat Helm),0.389,308,308,353,384,330.6,346.3,1.17,14.47,4.88,1.15,0.6,0.59,HELM,TAAT_HUKUM,NORMAL
1789815786.509,2026-09-19 18:03:06.508,282,Perempatan Jl. Jendral Sudirman,274,3897,Golongan I,Sedan/Jip/Pick-up,0.723,653,156,749,222,701.8,189.6,10.17,2.97,6.4,3.04,2.1,1.48,N/A,NORMAL,KENDARAAN_BERHENTI
1789815786.509,2026-09-19 18:03:06.508,282,Perempatan Jl. Jendral Sudirman,274,3751,Golongan VI-A,Sepeda Motor (Taat Helm),0.253,283,309,359,408,321.6,358.7,1.2,15.79,6.18,1.92,0.3,0.77,HELM,TAAT_HUKUM,PELANGGARAN_HELM
1789815786.509,2026-09-19 18:03:06.508,282,Perempatan Jl. Jendral Sudirman,274,3963,Golongan VI-A,Sepeda Motor (Taat Helm),0.406,97,337,266,450,182.2,393.9,-1.53,18.0,6.6,3.5,0.0,1.49,HELM,TAAT_HUKUM,PELANGGARAN_HELM
1789815786.509,2026-09-19 18:03:06.508,282,Perempatan Jl. Jendral Sudirman,274,3964,Golongan VI-A,Sepeda Motor (Taat Helm),0.433,127,363,253,460,190.4,411.7,-1.22,18.47,5.42,2.99,0.0,1.29,HELM,TAAT_HUKUM,NORMAL
1789815786.713,2026-09-19 18:03:06.712,282,Perempatan Jl. Jendral Sudirman,275,3805,Golongan VI-A,Sepeda Motor (Taat Helm),0.736,336,352,434,431,385.3,392.2,2.91,17.04,4.53,2.37,0.0,1.23,HELM,TAAT_HUKUM,KENDARAAN_BERHENTI
1789815786.713,2026-09-19 18:03:06.712,282,Perempatan Jl. Jendral Sudirman,275,3898,Golongan VI-A,Sepeda Motor (Taat Helm),0.384,156,378,256,461,206.4,420.4,-0.84,18.54,4.55,2.35,0.1,1.21,HELM,TAAT_HUKUM,KENDARAAN_BERHENTI
1789815786.713,2026-09-19 18:03:06.712,282,Perempatan Jl. Jendral Sudirman,275,3921,Golongan I,Sedan/Jip/Pick-up,0.767,621,211,749,328,685.6,270.0,9.78,11.02,9.04,3.5,11.7,1.1,N/A,NORMAL,NORMAL
1789815786.713,2026-09-19 18:03:06.712,282,Perempatan Jl. Jendral Sudirman,275,3808,Golongan VI-A,Sepeda Motor (Taat Helm),0.478,355,321,413,407,384.4,364.6,2.69,15.77,5.27,1.45,0.5,0.67,HELM,TAAT_HUKUM,KENDARAAN_BERHENTI
1789815786.713,2026-09-19 18:03:06.712,282,Perempatan Jl. Jendral Sudirman,275,3950,Golongan VI-A,Sepeda Motor (Taat Helm),0.374,308,308,353,385,330.8,346.8,1.18,14.52,4.94,1.15,0.4,0.59,HELM,TAAT_HUKUM,NORMAL
1789815786.713,2026-09-19 18:03:06.712,282,Perempatan Jl. Jendral Sudirman,275,3897,Golongan I,Sedan/Jip/Pick-up,0.758,653,156,754,224,704.0,190.9,10.24,3.19,6.57,3.2,2.5,1.47,N/A,NORMAL,KENDARAAN_BERHENTI
1789815786.713,2026-09-19 18:03:06.712,282,Perempatan Jl. Jendral Sudirman,275,3963,Golongan VI-B,Sepeda Motor (Tanpa Helm),0.479,100,340,270,455,185.6,397.7,-1.39,18.21,6.66,3.5,3.7,1.48,TANPA_HELM,MELANGGAR,PELANGGARAN_HELM
1789815786.713,2026-09-19 18:03:06.712,282,Perempatan Jl. Jendral Sudirman,275,3964,Golongan VI-A,Sepeda Motor (Taat Helm),0.315,132,365,253,458,193.0,412.4,-1.18,18.4,5.2,2.87,0.0,1.29,HELM,TAAT_HUKUM,NORMAL
1789815786.713,2026-09-19 18:03:06.712,282,Perempatan Jl. Jendral Sudirman,275,3818,Golongan VI-A,Sepeda Motor (Taat Helm),0.256,354,322,398,403,376.6,363.0,2.46,15.54,4.98,1.1,0.0,0.54,HELM,TAAT_HUKUM,KENDARAAN_BERHENTI
1789815786.91,2026-09-19 18:03:06.910,282,Perempatan Jl. Jendral Sudirman,276,3805,Golongan VI-A,Sepeda Motor (Taat Helm),0.756,336,352,433,431,385.2,392.1,2.91,17.04,4.53,2.35,0.0,1.23,HELM,TAAT_HUKUM,KENDARAAN_BERHENTI
1789815786.91,2026-09-19 18:03:06.910,282,Perempatan Jl. Jendral Sudirman,276,3898,Golongan VI-A,Sepeda Motor (Taat Helm),0.315,154,378,256,462,205.6,420.4,-0.86,18.55,4.6,2.39,0.1,1.22,HELM,TAAT_HUKUM,KENDARAAN_BERHENTI
1789815786.91,2026-09-19 18:03:06.910,282,Perempatan Jl. Jendral Sudirman,276,3921,Golongan I,Sedan/Jip/Pick-up,0.719,618,214,745,333,682.1,273.9,9.69,11.32,9.1,3.5,12.3,1.08,N/A,NORMAL,NORMAL
1789815786.91,2026-09-19 18:03:06.910,282,Perempatan Jl. Jendral Sudirman,276,3808,Golongan VI-A,Sepeda Motor (Taat Helm),0.475,355,321,413,407,384.3,364.5,2.68,15.75,5.27,1.45,0.6,0.68,HELM,TAAT_HUKUM,KENDARAAN_BERHENTI
1789815786.91,2026-09-19 18:03:06.910,282,Perempatan Jl. Jendral Sudirman,276,3950,Golongan VI-A,Sepeda Motor (Taat Helm),0.379,308,308,351,380,330.4,344.6,1.12,14.27,4.65,1.1,0.5,0.59,HELM,TAAT_HUKUM,NORMAL
1789815786.91,2026-09-19 18:03:06.910,282,Perempatan Jl. Jendral Sudirman,276,3897,Golongan I,Sedan/Jip/Pick-up,0.789,655,156,756,225,705.8,191.4,10.29,3.28,6.66,3.2,2.7,1.47,N/A,NORMAL,KENDARAAN_BERHENTI
1789815786.91,2026-09-19 18:03:06.910,282,Perempatan Jl. Jendral Sudirman,276,3964,Golongan VI-A,Sepeda Motor (Taat Helm),0.527,127,363,254,461,191.2,412.3,-1.19,18.52,5.47,3.01,0.5,1.29,HELM,TAAT_HUKUM,NORMAL
1789815786.91,2026-09-19 18:03:06.910,282,Perempatan Jl. Jendral Sudirman,276,3818,Golongan VI-A,Sepeda Motor (Taat Helm),0.269,354,322,398,403,376.8,363.0,2.47,15.51,4.98,1.1,0.0,0.54,HELM,TAAT_HUKUM,KENDARAAN_BERHENTI
1789815786.91,2026-09-19 18:03:06.910,282,Perempatan Jl. Jendral Sudirman,276,3751,Golongan VI-A,Sepeda Motor (Taat Helm),0.26,283,309,358,407,321.1,358.3,1.18,15.74,6.13,1.89,0.0,0.77,HELM,TAAT_HUKUM,PELANGGARAN_HELM
1789815787.112,2026-09-19 18:03:07.112,282,Perempatan Jl. Jendral Sudirman,277,3805,Golongan VI-A,Sepeda Motor (Taat Helm),0.737,336,352,433,431,385.0,392.0,2.91,17.03,4.53,2.35,0.0,1.23,HELM,TAAT_HUKUM,KENDARAAN_BERHENTI
1789815787.112,2026-09-19 18:03:07.112,282,Perempatan Jl. Jendral Sudirman,277,3921,Golongan I,Sedan/Jip/Pick-up,0.746,614,217,743,338,679.5,278.1,9.63,11.69,9.15,3.5,11.7,1.07,N/A,NORMAL,NORMAL
1789815787.112,2026-09-19 18:03:07.112,282,Perempatan Jl. Jendral Sudirman,277,3808,Golongan VI-A,Sepeda Motor (Taat Helm),0.478,355,321,413,407,384.1,364.3,2.68,15.75,5.27,1.45,0.6,0.67,HELM,TAAT_HUKUM,KENDARAAN_BERHENTI
1789815787.112,2026-09-19 18:03:07.112,282,Perempatan Jl. Jendral Sudirman,277,3950,Golongan VI-A,Sepeda Motor (Taat Helm),0.365,308,308,351,381,330.1,345.0,1.13,14.31,4.71,1.1,0.5,0.59,HELM,TAAT_HUKUM,NORMAL
1789815787.112,2026-09-19 18:03:07.112,282,Perempatan Jl. Jendral Sudirman,277,3897,Golongan I,Sedan/Jip/Pick-up,0.82,658,158,759,227,709.3,192.9,10.4,3.39,6.62,3.19,2.8,1.47,N/A,NORMAL,KENDARAAN_BERHENTI
1789815787.112,2026-09-19 18:03:07.112,282,Perempatan Jl. Jendral Sudirman,277,3964,Golongan VI-A,Sepeda Motor (Taat Helm),0.574,131,365,256,462,194.2,414.4,-1.1,18.59,5.4,2.96,0.7,1.29,HELM,TAAT_HUKUM,NORMAL
1789815787.32,2026-09-19 18:03:07.320,282,Perempatan Jl. Jendral Sudirman,278,3805,Golongan VI-A,Sepeda Motor (Taat Helm),0.725,335,352,433,431,384.9,391.8,2.9,17.03,4.53,2.37,0.0,1.23,HELM,TAAT_HUKUM,KENDARAAN_BERHENTI
1789815787.32,2026-09-19 18:03:07.320,282,Perempatan Jl. Jendral Sudirman,278,3921,Golongan I,Sedan/Jip/Pick-up,0.753,612,220,741,343,677.0,281.8,9.57,11.99,9.2,3.5,10.2,1.05,N/A,NORMAL,NORMAL
1789815787.32,2026-09-19 18:03:07.320,282,Perempatan Jl. Jendral Sudirman,278,3808,Golongan VI-A,Sepeda Motor (Taat Helm),0.492,354,320,413,407,384.0,364.2,2.68,15.76,5.34,1.48,0.5,0.67,HELM,TAAT_HUKUM,KENDARAAN_BERHENTI
1789815787.32,2026-09-19 18:03:07.320,282,Perempatan Jl. Jendral Sudirman,278,3950,Golongan VI-A,Sepeda Motor (Taat Helm),0.373,308,308,351,381,330.0,345.1,1.12,14.31,4.71,1.1,0.4,0.59,HELM,TAAT_HUKUM,NORMAL
1789815787.32,2026-09-19 18:03:07.320,282,Perempatan Jl. Jendral Sudirman,278,3897,Golongan I,Sedan/Jip/Pick-up,0.837,662,159,761,226,712.0,193.3,10.48,3.36,6.43,3.12,2.7,1.48,N/A,NORMAL,KENDARAAN_BERHENTI
1789815787.32,2026-09-19 18:03:07.320,282,Perempatan Jl. Jendral Sudirman,278,3964,Golongan VI-A,Sepeda Motor (Taat Helm),0.55,138,369,260,463,199.3,416.5,-0.98,18.64,5.2,2.88,0.9,1.29,HELM,TAAT_HUKUM,NORMAL
1789815787.32,2026-09-19 18:03:07.320,282,Perempatan Jl. Jendral Sudirman,278,3966,Golongan VI-A,Sepeda Motor (Taat Helm),0.49,2,471,39,553,21.4,512.2,-3.6,22.55,3.77,0.79,0.0,0.45,HELM,TAAT_HUKUM,NORMAL
1789815787.543,2026-09-19 18:03:07.543,282,Perempatan Jl. Jendral Sudirman,279,3805,Golongan VI-A,Sepeda Motor (Taat Helm),0.728,335,351,433,431,384.8,391.6,2.9,17.03,4.6,2.38,0.0,1.23,HELM,TAAT_HUKUM,KENDARAAN_BERHENTI
1789815787.543,2026-09-19 18:03:07.543,282,Perempatan Jl. Jendral Sudirman,279,3921,Golongan I,Sedan/Jip/Pick-up,0.728,608,223,739,349,673.9,286.5,9.5,12.39,9.32,3.5,8.8,1.04,N/A,NORMAL,NORMAL
1789815787.543,2026-09-19 18:03:07.543,282,Perempatan Jl. Jendral Sudirman,279,3808,Golongan VI-A,Sepeda Motor (Taat Helm),0.481,354,321,412,407,383.9,364.2,2.67,15.75,5.27,1.45,0.4,0.67,HELM,TAAT_HUKUM,KENDARAAN_BERHENTI
1789815787.543,2026-09-19 18:03:07.543,282,Perempatan Jl. Jendral Sudirman,279,3950,Golongan VI-A,Sepeda Motor (Taat Helm),0.364,308,308,352,382,330.4,345.6,1.14,14.37,4.77,1.13,0.5,0.59,HELM,TAAT_HUKUM,NORMAL
1789815787.543,2026-09-19 18:03:07.543,282,Perempatan Jl. Jendral Sudirman,279,3897,Golongan I,Sedan/Jip/Pick-up,0.785,662,160,764,229,713.5,195.0,10.52,3.59,6.58,3.21,2.7,1.47,N/A,NORMAL,KENDARAAN_BERHENTI
1789815787.543,2026-09-19 18:03:07.543,282,Perempatan Jl. Jendral Sudirman,279,3966,Golongan VI-A,Sepeda Motor (Taat Helm),0.57,8,470,44,550,26.1,510.5,-3.55,22.44,3.69,0.77,0.0,0.45,HELM,TAAT_HUKUM,NORMAL
1789815787.543,2026-09-19 18:03:07.543,282,Perempatan Jl. Jendral Sudirman,279,3898,Golongan VI-A,Sepeda Motor (Taat Helm),0.553,148,371,258,462,203.5,417.2,-0.9,18.57,5.02,2.59,0.0,1.21,HELM,TAAT_HUKUM,KENDARAAN_BERHENTI
1789815787.753,2026-09-19 18:03:07.753,282,Perempatan Jl. Jendral Sudirman,280,3805,Golongan VI-A,Sepeda Motor (Taat Helm),0.72,335,351,433,431,384.7,391.5,2.9,17.03,4.6,2.38,0.0,1.23,HELM,TAAT_HUKUM,KENDARAAN_BERHENTI
1789815787.753,2026-09-19 18:03:07.753,282,Perempatan Jl. Jendral Sudirman,280,3921,Golongan I,Sedan/Jip/Pick-up,0.818,603,226,737,356,670.2,291.7,9.41,12.81,9.49,3.5,7.7,1.03,N/A,NORMAL,NORMAL
1789815787.753,2026-09-19 18:03:07.753,282,Perempatan Jl. Jendral Sudirman,280,3808,Golongan VI-A,Sepeda Motor (Taat Helm),0.486,354,321,413,407,384.0,364.3,2.68,15.76,5.27,1.48,0.4,0.67,HELM,TAAT_HUKUM,KENDARAAN_BERHENTI
1789815787.753,2026-09-19 18:03:07.753,282,Perempatan Jl. Jendral Sudirman,280,3950,Golongan VI-A,Sepeda Motor (Taat Helm),0.381,307,308,353,384,330.5,346.7,1.17,14.49,4.88,1.18,0.3,0.59,HELM,TAAT_HUKUM,NORMAL
1789815787.753,2026-09-19 18:03:07.753,282,Perempatan Jl. Jendral Sudirman,280,3897,Golongan I,Sedan/Jip/Pick-up,0.746,664,161,768,232,716.5,197.0,10.61,3.88,6.73,3.26,2.8,1.46,N/A,NORMAL,KENDARAAN_BERHENTI
1789815787.753,2026-09-19 18:03:07.753,282,Perempatan Jl. Jendral Sudirman,280,3966,Golongan VI-A,Sepeda Motor (Taat Helm),0.625,13,465,51,548,32.2,506.8,-3.45,22.35,3.86,0.81,2.1,0.46,HELM,TAAT_HUKUM,NORMAL
1789815787.753,2026-09-19 18:03:07.753,282,Perempatan Jl. Jendral Sudirman,280,3898,Golongan VI-A,Sepeda Motor (Taat Helm),0.553,148,370,258,462,203.2,416.5,-0.91,18.56,5.08,2.59,0.0,1.2,HELM,TAAT_HUKUM,KENDARAAN_BERHENTI
1789815787.934,2026-09-19 18:03:07.933,282,Perempatan Jl. Jendral Sudirman,281,3805,Golongan VI-A,Sepeda Motor (Taat Helm),0.722,336,352,433,431,384.8,391.8,2.9,17.03,4.53,2.35,0.0,1.23,HELM,TAAT_HUKUM,KENDARAAN_BERHENTI
1789815787.934,2026-09-19 18:03:07.933,282,Perempatan Jl. Jendral Sudirman,281,3921,Golongan I,Sedan/Jip/Pick-up,0.747,597,229,735,364,666.2,297.0,9.32,13.31,9.72,3.5,7.2,1.02,N/A,NORMAL,NORMAL
1789815787.934,2026-09-19 18:03:07.933,282,Perempatan Jl. Jendral Sudirman,281,3808,Golongan VI-A,Sepeda Motor (Taat Helm),0.488,355,321,413,407,384.2,364.3,2.68,15.76,5.27,1.45,0.3,0.67,HELM,TAAT_HUKUM,KENDARAAN_BERHENTI
1789815787.934,2026-09-19 18:03:07.933,282,Perempatan Jl. Jendral Sudirman,281,3950,Golongan VI-A,Sepeda Motor (Taat Helm),0.396,308,308,352,383,330.5,345.8,1.15,14.4,4.82,1.13,0.5,0.59,HELM,TAAT_HUKUM,NORMAL
1789815787.934,2026-09-19 18:03:07.933,282,Perempatan Jl. Jendral Sudirman,281,3897,Golongan I,Sedan/Jip/Pick-up,0.723,665,161,771,235,718.6,198.8,10.67,4.11,6.98,3.32,3.3,1.45,N/A,NORMAL,KENDARAAN_BERHENTI
1789815787.934,2026-09-19 18:03:07.933,282,Perempatan Jl. Jendral Sudirman,281,3966,Golongan VI-A,Sepeda Motor (Taat Helm),0.413,18,465,56,543,37.3,504.6,-3.41,22.18,3.64,0.81,2.3,0.48,HELM,TAAT_HUKUM,NORMAL
1789815787.934,2026-09-19 18:03:07.933,282,Perempatan Jl. Jendral Sudirman,281,3898,Golongan VI-A,Sepeda Motor (Taat Helm),0.557,148,371,257,461,203.1,416.6,-0.91,18.54,4.97,2.57,0.3,1.2,HELM,TAAT_HUKUM,KENDARAAN_BERHENTI
1789815787.934,2026-09-19 18:03:07.933,282,Perempatan Jl. Jendral Sudirman,281,3818,Golongan VI-A,Sepeda Motor (Taat Helm),0.261,355,322,398,399,376.9,360.9,2.44,15.32,4.76,1.08,0.0,0.55,HELM,TAAT_HUKUM,KENDARAAN_BERHENTI
1789815788.183,2026-09-19 18:03:08.183,282,Perempatan Jl. Jendral Sudirman,282,3805,Golongan VI-A,Sepeda Motor (Taat Helm),0.728,336,352,433,431,385.0,392.0,2.91,17.03,4.53,2.35,0.0,1.23,HELM,TAAT_HUKUM,KENDARAAN_BERHENTI
1789815788.183,2026-09-19 18:03:08.183,282,Perempatan Jl. Jendral Sudirman,282,3921,Golongan I,Sedan/Jip/Pick-up,0.804,591,231,733,372,662.6,301.9,9.24,13.77,10.03,3.5,6.9,1.0,N/A,NORMAL,NORMAL
1789815788.183,2026-09-19 18:03:08.183,282,Perempatan Jl. Jendral Sudirman,282,3808,Golongan VI-A,Sepeda Motor (Taat Helm),0.472,355,321,413,407,384.3,364.2,2.68,15.74,5.27,1.45,0.3,0.67,HELM,TAAT_HUKUM,KENDARAAN_BERHENTI
1789815788.183,2026-09-19 18:03:08.183,282,Perempatan Jl. Jendral Sudirman,282,3950,Golongan VI-A,Sepeda Motor (Taat Helm),0.382,308,308,351,380,330.3,344.4,1.11,14.23,4.65,1.1,0.6,0.59,HELM,TAAT_HUKUM,NORMAL
1789815788.183,2026-09-19 18:03:08.183,282,Perempatan Jl. Jendral Sudirman,282,3897,Golongan I,Sedan/Jip/Pick-up,0.713,667,162,774,237,721.1,199.6,10.75,4.23,7.05,3.34,3.4,1.44,N/A,NORMAL,KENDARAAN_BERHENTI
1789815788.183,2026-09-19 18:03:08.183,282,Perempatan Jl. Jendral Sudirman,282,3898,Golongan VI-A,Sepeda Motor (Taat Helm),0.543,149,372,257,461,203.4,417.0,-0.91,18.54,4.91,2.54,0.2,1.2,HELM,TAAT_HUKUM,KENDARAAN_BERHENTI
1789815788.183,2026-09-19 18:03:08.183,282,Perempatan Jl. Jendral Sudirman,282,3818,Golongan VI-A,Sepeda Motor (Taat Helm),0.251,355,321,398,398,377.2,360.4,2.44,15.28,4.77,1.08,0.0,0.55,HELM,TAAT_HUKUM,KENDARAAN_BERHENTI
1789815788.407,2026-09-19 18:03:08.407,282,Perempatan Jl. Jendral Sudirman,283,3805,Golongan VI-A,Sepeda Motor (Taat Helm),0.729,337,353,432,431,385.1,392.6,2.91,17.03,4.47,2.3,0.0,1.23,HELM,TAAT_HUKUM,KENDARAAN_BERHENTI
1789815788.407,2026-09-19 18:03:08.407,282,Perempatan Jl. Jendral Sudirman,283,3921,Golongan I,Sedan/Jip/Pick-up,0.777,587,233,729,375,658.6,304.9,9.15,13.97,10.04,3.5,6.6,1.0,N/A,NORMAL,NORMAL
1789815788.407,2026-09-19 18:03:08.407,282,Perempatan Jl. Jendral Sudirman,283,3808,Golongan VI-A,Sepeda Motor (Taat Helm),0.458,356,321,412,403,384.6,362.6,2.66,15.55,5.05,1.41,0.4,0.68,HELM,TAAT_HUKUM,KENDARAAN_BERHENTI
1789815788.407,2026-09-19 18:03:08.407,282,Perempatan Jl. Jendral Sudirman,283,3950,Golongan VI-A,Sepeda Motor (Taat Helm),0.382,309,308,350,377,330.1,343.2,1.08,14.08,4.47,1.05,0.7,0.6,HELM,TAAT_HUKUM,NORMAL
1789815788.407,2026-09-19 18:03:08.407,282,Perempatan Jl. Jendral Sudirman,283,3897,Golongan I,Sedan/Jip/Pick-up,0.73,669,163,776,238,723.1,200.6,10.8,4.33,7.03,3.34,3.2,1.43,N/A,NORMAL,KENDARAAN_BERHENTI
1789815788.407,2026-09-19 18:03:08.407,282,Perempatan Jl. Jendral Sudirman,283,3898,Golongan VI-A,Sepeda Motor (Taat Helm),0.523,152,374,257,462,204.8,418.1,-0.88,18.55,4.84,2.47,0.2,1.19,HELM,TAAT_HUKUM,KENDARAAN_BERHENTI
1789815788.407,2026-09-19 18:03:08.407,282,Perempatan Jl. Jendral Sudirman,283,3818,Golongan VI-A,Sepeda Motor (Taat Helm),0.257,356,322,396,395,376.6,358.9,2.39,15.07,4.53,1.01,2.0,0.56,HELM,TAAT_HUKUM,KENDARAAN_BERHENTI
1789815788.407,2026-09-19 18:03:08.407,282,Perempatan Jl. Jendral Sudirman,283,3976,Golongan VI-B,Sepeda Motor (Tanpa Helm),0.525,3,461,91,543,47.5,502.4,-3.2,22.17,3.84,1.89,0.0,1.06,TANPA_HELM,MELANGGAR,PELANGGARAN_HELM
1789815788.407,2026-09-19 18:03:08.407,282,Perempatan Jl. Jendral Sudirman,283,3977,Golongan VI-A,Sepeda Motor (Taat Helm),0.317,308,310,355,394,332.3,352.1,1.31,15.02,5.32,1.19,0.0,0.56,HELM,TAAT_HUKUM,NORMAL
1789815788.585,2026-09-19 18:03:08.585,282,Perempatan Jl. Jendral Sudirman,284,3805,Golongan VI-A,Sepeda Motor (Taat Helm),0.724,337,353,433,431,385.1,392.5,2.91,17.03,4.47,2.32,0.0,1.23,HELM,TAAT_HUKUM,KENDARAAN_BERHENTI
1789815788.585,2026-09-19 18:03:08.585,282,Perempatan Jl. Jendral Sudirman,284,3921,Golongan I,Sedan/Jip/Pick-up,0.754,582,236,727,383,654.9,310.1,9.07,14.41,10.25,3.5,6.6,0.99,N/A,NORMAL,NORMAL
1789815788.585,2026-09-19 18:03:08.585,282,Perempatan Jl. Jendral Sudirman,284,3808,Golongan VI-A,Sepeda Motor (Taat Helm),0.492,357,321,413,404,385.4,363.2,2.68,15.58,5.1,1.4,0.4,0.68,HELM,TAAT_HUKUM,KENDARAAN_BERHENTI
1789815788.585,2026-09-19 18:03:08.585,282,Perempatan Jl. Jendral Sudirman,284,3950,Golongan VI-A,Sepeda Motor (Taat Helm),0.37,309,309,349,375,329.2,342.4,1.04,13.96,4.28,1.03,0.9,0.6,HELM,TAAT_HUKUM,KENDARAAN_BERHENTI
1789815788.585,2026-09-19 18:03:08.585,282,Perempatan Jl. Jendral Sudirman,284,3897,Golongan I,Sedan/Jip/Pick-up,0.758,671,164,778,240,725.1,202.3,10.86,4.48,7.09,3.33,3.0,1.42,N/A,NORMAL,KENDARAAN_BERHENTI
1789815788.585,2026-09-19 18:03:08.585,282,Perempatan Jl. Jendral Sudirman,284,3898,Golongan VI-A,Sepeda Motor (Taat Helm),0.506,154,379,255,463,205.3,421.1,-0.85,18.61,4.59,2.37,0.2,1.2,HELM,TAAT_HUKUM,KENDARAAN_BERHENTI
1789815788.585,2026-09-19 18:03:08.585,282,Perempatan Jl. Jendral Sudirman,284,3976,Golongan VI-B,Sepeda Motor (Tanpa Helm),0.383,8,460,95,542,52.1,501.3,-3.13,22.11,3.84,1.87,0.0,1.06,TANPA_HELM,MELANGGAR,PELANGGARAN_HELM
1789815788.585,2026-09-19 18:03:08.585,282,Perempatan Jl. Jendral Sudirman,284,3977,Golongan VI-A,Sepeda Motor (Taat Helm),0.309,307,310,355,396,331.9,353.3,1.33,15.14,5.43,1.22,0.0,0.56,HELM,TAAT_HUKUM,NORMAL
1789815788.805,2026-09-19 18:03:08.804,282,Perempatan Jl. Jendral Sudirman,285,3805,Golongan VI-A,Sepeda Motor (Taat Helm),0.734,336,353,433,431,385.2,392.4,2.91,17.04,4.47,2.35,0.0,1.23,HELM,TAAT_HUKUM,KENDARAAN_BERHENTI
1789815788.805,2026-09-19 18:03:08.804,282,Perempatan Jl. Jendral Sudirman,285,3921,Golongan I,Sedan/Jip/Pick-up,0.715,576,240,724,389,650.4,315.1,8.97,14.78,10.26,3.5,6.6,0.99,N/A,NORMAL,NORMAL
1789815788.805,2026-09-19 18:03:08.804,282,Perempatan Jl. Jendral Sudirman,285,3808,Golongan VI-A,Sepeda Motor (Taat Helm),0.464,357,322,414,405,385.7,363.6,2.7,15.62,5.09,1.43,0.3,0.68,HELM,TAAT_HUKUM,KENDARAAN_BERHENTI
1789815788.805,2026-09-19 18:03:08.804,282,Perempatan Jl. Jendral Sudirman,285,3950,Golongan VI-A,Sepeda Motor (Taat Helm),0.367,309,308,348,375,329.0,342.2,1.03,13.95,4.35,1.0,0.8,0.6,HELM,TAAT_HUKUM,KENDARAAN_BERHENTI
1789815788.805,2026-09-19 18:03:08.804,282,Perempatan Jl. Jendral Sudirman,285,3897,Golongan I,Sedan/Jip/Pick-up,0.739,673,165,781,242,727.6,203.8,10.93,4.67,7.15,3.35,3.0,1.4,N/A,NORMAL,KENDARAAN_BERHENTI
1789815788.805,2026-09-19 18:03:08.804,282,Perempatan Jl. Jendral Sudirman,285,3898,Golongan VI-A,Sepeda Motor (Taat Helm),0.48,155,381,254,463,205.4,422.3,-0.84,18.62,4.47,2.32,0.2,1.2,HELM,TAAT_HUKUM,KENDARAAN_BERHENTI
1789815788.805,2026-09-19 18:03:08.804,282,Perempatan Jl. Jendral Sudirman,285,3976,Golongan VI-B,Sepeda Motor (Tanpa Helm),0.472,10,460,104,547,57.7,504.0,-2.93,22.34,4.05,2.02,2.9,1.07,TANPA_HELM,MELANGGAR,PELANGGARAN_HELM
1789815788.805,2026-09-19 18:03:08.804,282,Perempatan Jl. Jendral Sudirman,285,3977,Golongan VI-A,Sepeda Motor (Taat Helm),0.293,307,309,355,397,331.6,353.5,1.32,15.18,5.56,1.22,1.4,0.55,HELM,TAAT_HUKUM,NORMAL
1789815788.805,2026-09-19 18:03:08.804,282,Perempatan Jl. Jendral Sudirman,285,3981,Golongan VI-B,Sepeda Motor (Tanpa Helm),0.455,9,433,90,516,50.4,474.7,-3.52,21.02,4.11,1.79,0.0,0.98,TANPA_HELM,MELANGGAR,PELANGGARAN_HELM
1789815789.001,2026-09-19 18:03:09.001,282,Perempatan Jl. Jendral Sudirman,286,3805,Golongan VI-A,Sepeda Motor (Taat Helm),0.734,336,352,433,431,385.3,392.3,2.91,17.04,4.53,2.35,0.0,1.23,HELM,TAAT_HUKUM,KENDARAAN_BERHENTI
1789815789.001,2026-09-19 18:03:09.001,282,Perempatan Jl. Jendral Sudirman,286,3921,Golongan I,Sedan/Jip/Pick-up,0.767,570,244,721,397,645.9,320.5,8.88,15.18,10.38,3.5,6.7,0.98,N/A,NORMAL,NORMAL
1789815789.001,2026-09-19 18:03:09.001,282,Perempatan Jl. Jendral Sudirman,286,3808,Golongan VI-A,Sepeda Motor (Taat Helm),0.459,357,322,414,404,385.9,363.7,2.7,15.61,5.03,1.43,0.3,0.69,HELM,TAAT_HUKUM,KENDARAAN_BERHENTI
1789815789.001,2026-09-19 18:03:09.001,282,Perempatan Jl. Jendral Sudirman,286,3950,Golongan VI-A,Sepeda Motor (Taat Helm),0.365,308,309,349,378,329.0,343.6,1.06,14.1,4.46,1.05,0.6,0.59,HELM,TAAT_HUKUM,KENDARAAN_BERHENTI
1789815789.001,2026-09-19 18:03:09.001,282,Perempatan Jl. Jendral Sudirman,286,3897,Golongan I,Sedan/Jip/Pick-up,0.756,676,166,783,243,729.8,204.7,11.0,4.76,7.13,3.32,2.9,1.39,N/A,NORMAL,KENDARAAN_BERHENTI
1789815789.001,2026-09-19 18:03:09.001,282,Perempatan Jl. Jendral Sudirman,286,3898,Golongan VI-A,Sepeda Motor (Taat Helm),0.475,156,382,254,463,205.2,423.1,-0.85,18.64,4.41,2.29,0.2,1.21,HELM,TAAT_HUKUM,KENDARAAN_BERHENTI
1789815789.001,2026-09-19 18:03:09.001,282,Perempatan Jl. Jendral Sudirman,286,3976,Golongan VI-B,Sepeda Motor (Tanpa Helm),0.52,17,460,111,547,64.5,504.2,-2.79,22.35,4.05,2.02,2.8,1.08,TANPA_HELM,MELANGGAR,PELANGGARAN_HELM
1789815789.001,2026-09-19 18:03:09.001,282,Perempatan Jl. Jendral Sudirman,286,3977,Golongan VI-A,Sepeda Motor (Taat Helm),0.29,307,309,355,397,331.7,353.6,1.33,15.19,5.56,1.22,1.3,0.55,HELM,TAAT_HUKUM,NORMAL
1789815789.001,2026-09-19 18:03:09.001,282,Perempatan Jl. Jendral Sudirman,286,3981,Golongan VI-B,Sepeda Motor (Tanpa Helm),0.513,12,430,98,518,55.4,474.3,-3.38,21.1,4.36,1.9,0.0,0.97,TANPA_HELM,MELANGGAR,PELANGGARAN_HELM
1789815789.186,2026-09-19 18:03:09.186,282,Perempatan Jl. Jendral Sudirman,287,3805,Golongan VI-A,Sepeda Motor (Taat Helm),0.743,337,353,433,431,385.3,392.6,2.91,17.05,4.47,2.32,0.0,1.23,HELM,TAAT_HUKUM,KENDARAAN_BERHENTI
1789815789.186,2026-09-19 18:03:09.186,282,Perempatan Jl. Jendral Sudirman,287,3921,Golongan I,Sedan/Jip/Pick-up,0.722,564,247,718,403,641.5,325.5,8.78,15.55,10.47,3.5,6.8,0.98,N/A,NORMAL,NORMAL
1789815789.186,2026-09-19 18:03:09.186,282,Perempatan Jl. Jendral Sudirman,287,3808,Golongan VI-A,Sepeda Motor (Taat Helm),0.45,357,322,414,405,386.0,364.0,2.7,15.62,5.09,1.43,0.3,0.69,HELM,TAAT_HUKUM,KENDARAAN_BERHENTI
1789815789.186,2026-09-19 18:03:09.186,282,Perempatan Jl. Jendral Sudirman,287,3950,Golongan VI-A,Sepeda Motor (Taat Helm),0.359,308,309,349,379,329.2,344.4,1.08,14.18,4.52,1.05,0.5,0.59,HELM,TAAT_HUKUM,KENDARAAN_BERHENTI
1789815789.186,2026-09-19 18:03:09.186,282,Perempatan Jl. Jendral Sudirman,287,3897,Golongan I,Sedan/Jip/Pick-up,0.636,678,166,784,244,731.5,205.8,11.05,4.86,7.21,3.28,3.0,1.37,N/A,NORMAL,KENDARAAN_BERHENTI
1789815789.186,2026-09-19 18:03:09.186,282,Perempatan Jl. Jendral Sudirman,287,3898,Golongan VI-A,Sepeda Motor (Taat Helm),0.47,155,378,256,461,206.1,420.0,-0.85,18.53,4.55,2.37,0.2,1.2,HELM,TAAT_HUKUM,KENDARAAN_BERHENTI
1789815789.186,2026-09-19 18:03:09.186,282,Perempatan Jl. Jendral Sudirman,287,3976,Golongan VI-B,Sepeda Motor (Tanpa Helm),0.591,25,456,121,544,73.5,500.3,-2.66,22.2,4.12,2.07,2.7,1.1,TANPA_HELM,MELANGGAR,PELANGGARAN_HELM
1789815789.186,2026-09-19 18:03:09.186,282,Perempatan Jl. Jendral Sudirman,287,3981,Golongan VI-B,Sepeda Motor (Tanpa Helm),0.449,23,425,112,516,67.8,470.8,-3.15,21.03,4.54,1.98,3.5,0.97,TANPA_HELM,MELANGGAR,PELANGGARAN_HELM
1789815789.42,2026-09-19 18:03:09.420,282,Perempatan Jl. Jendral Sudirman,288,3805,Golongan VI-A,Sepeda Motor (Taat Helm),0.747,337,353,433,431,385.3,393.0,2.92,17.05,4.47,2.32,0.0,1.23,HELM,TAAT_HUKUM,KENDARAAN_BERHENTI
1789815789.42,2026-09-19 18:03:09.420,282,Perempatan Jl. Jendral Sudirman,288,3921,Golongan I,Sedan/Jip/Pick-up,0.706,557,250,714,411,635.7,331.1,8.66,15.98,10.66,3.5,6.9,0.98,N/A,NORMAL,NORMAL
1789815789.42,2026-09-19 18:03:09.420,282,Perempatan Jl. Jendral Sudirman,288,3808,Golongan VI-A,Sepeda Motor (Taat Helm),0.416,358,322,413,402,385.8,362.7,2.67,15.48,4.92,1.38,0.4,0.69,HELM,TAAT_HUKUM,KENDARAAN_BERHENTI
1789815789.42,2026-09-19 18:03:09.420,282,Perempatan Jl. Jendral Sudirman,288,3950,Golongan VI-A,Sepeda Motor (Taat Helm),0.367,308,309,349,380,329.1,344.8,1.08,14.22,4.58,1.05,0.4,0.59,HELM,TAAT_HUKUM,KENDARAAN_BERHENTI
1789815789.42,2026-09-19 18:03:09.420,282,Perempatan Jl. Jendral Sudirman,288,3897,Golongan I,Sedan/Jip/Pick-up,0.821,680,168,786,247,733.3,208.0,11.1,5.07,7.25,3.27,3.0,1.36,N/A,NORMAL,KENDARAAN_BERHENTI
1789815789.42,2026-09-19 18:03:09.420,282,Perempatan Jl. Jendral Sudirman,288,3898,Golongan VI-A,Sepeda Motor (Taat Helm),0.456,156,377,256,460,206.6,418.8,-0.85,18.48,4.56,2.35,0.2,1.2,HELM,TAAT_HUKUM,KENDARAAN_BERHENTI
1789815789.42,2026-09-19 18:03:09.420,282,Perempatan Jl. Jendral Sudirman,288,3976,Golongan VI-B,Sepeda Motor (Tanpa Helm),0.533,34,453,130,540,82.7,497.2,-2.52,22.04,4.1,2.07,2.6,1.11,TANPA_HELM,MELANGGAR,PELANGGARAN_HELM
1789815789.42,2026-09-19 18:03:09.420,282,Perempatan Jl. Jendral Sudirman,288,3981,Golongan VI-B,Sepeda Motor (Tanpa Helm),0.528,35,424,119,510,77.3,467.7,-3.02,20.79,4.31,1.87,3.4,0.97,TANPA_HELM,MELANGGAR,PELANGGARAN_HELM
1789815789.42,2026-09-19 18:03:09.420,282,Perempatan Jl. Jendral Sudirman,288,3923,Golongan VI-A,Sepeda Motor (Taat Helm),0.283,172,355,224,444,198.7,399.7,-1.24,17.67,5.11,1.25,0.0,0.59,HELM,TAAT_HUKUM,NORMAL
1789815789.659,2026-09-19 18:03:09.659,282,Perempatan Jl. Jendral Sudirman,289,3805,Golongan VI-A,Sepeda Motor (Taat Helm),0.697,337,352,434,431,385.8,392.4,2.93,17.05,4.53,2.35,0.0,1.23,HELM,TAAT_HUKUM,KENDARAAN_BERHENTI
1789815789.659,2026-09-19 18:03:09.659,282,Perempatan Jl. Jendral Sudirman,289,3921,Golongan I,Sedan/Jip/Pick-up,0.62,599,244,750,399,674.8,321.9,9.57,15.29,10.49,3.5,6.0,0.98,N/A,NORMAL,NORMAL
1789815789.659,2026-09-19 18:03:09.659,282,Perempatan Jl. Jendral Sudirman,289,3808,Golongan VI-A,Sepeda Motor (Taat Helm),0.36,354,322,412,406,383.4,364.3,2.65,15.69,5.14,1.45,0.3,0.69,HELM,TAAT_HUKUM,KENDARAAN_BERHENTI
1789815789.659,2026-09-19 18:03:09.659,282,Perempatan Jl. Jendral Sudirman,289,3950,Golongan VI-A,Sepeda Motor (Taat Helm),0.299,309,308,348,373,329.3,340.7,1.01,13.82,4.23,1.0,0.8,0.59,HELM,TAAT_HUKUM,KENDARAAN_BERHENTI
1789815789.659,2026-09-19 18:03:09.659,282,Perempatan Jl. Jendral Sudirman,289,3905,Golongan VI-A,Sepeda Motor (Taat Helm),0.436,183,361,254,447,218.9,404.8,-0.73,17.86,4.87,1.7,0.0,0.82,HELM,TAAT_HUKUM,KENDARAAN_BERHENTI
1789815789.659,2026-09-19 18:03:09.659,282,Perempatan Jl. Jendral Sudirman,289,3963,Golongan VI-B,Sepeda Motor (Tanpa Helm),0.592,159,400,286,484,222.8,442.3,-0.22,19.61,4.37,2.91,0.0,1.5,TANPA_HELM,MELANGGAR,KENDARAAN_BERHENTI
1789815789.659,2026-09-19 18:03:09.659,282,Perempatan Jl. Jendral Sudirman,289,3977,Golongan VI-A,Sepeda Motor (Taat Helm),0.278,309,309,353,389,331.8,349.6,1.25,14.75,5.1,1.12,0.0,0.56,HELM,TAAT_HUKUM,NORMAL
1789815789.849,2026-09-19 18:03:09.848,282,Perempatan Jl. Jendral Sudirman,290,3805,Golongan VI-A,Sepeda Motor (Taat Helm),0.706,337,353,433,431,385.8,392.7,2.93,17.05,4.47,2.32,0.1,1.22,HELM,TAAT_HUKUM,KENDARAAN_BERHENTI
1789815789.849,2026-09-19 18:03:09.848,282,Perempatan Jl. Jendral Sudirman,290,3921,Golongan I,Sedan/Jip/Pick-up,0.552,609,245,762,400,686.3,323.2,9.85,15.39,10.46,3.5,5.2,0.98,N/A,NORMAL,NORMAL
1789815789.849,2026-09-19 18:03:09.848,282,Perempatan Jl. Jendral Sudirman,290,3808,Golongan VI-A,Sepeda Motor (Taat Helm),0.356,353,322,411,404,382.5,363.4,2.62,15.61,5.03,1.45,0.3,0.69,HELM,TAAT_HUKUM,KENDARAAN_BERHENTI
1789815789.849,2026-09-19 18:03:09.848,282,Perempatan Jl. Jendral Sudirman,290,3950,Golongan VI-A,Sepeda Motor (Taat Helm),0.302,309,307,348,373,328.9,340.4,1.0,13.8,4.3,1.0,0.9,0.6,HELM,TAAT_HUKUM,KENDARAAN_BERHENTI
1789815789.849,2026-09-19 18:03:09.848,282,Perempatan Jl. Jendral Sudirman,290,3991,Golongan I,Sedan/Jip/Pick-up,0.675,0,599,189,718,94.7,659.0,-0.37,28.26,4.11,3.5,0.0,1.59,N/A,NORMAL,NORMAL
1789815789.849,2026-09-19 18:03:09.848,282,Perempatan Jl. Jendral Sudirman,290,3905,Golongan VI-B,Sepeda Motor (Tanpa Helm),0.473,181,361,256,448,219.0,405.0,-0.72,17.89,4.92,1.79,0.0,0.86,TANPA_HELM,MELANGGAR,KENDARAAN_BERHENTI
1789815789.849,2026-09-19 18:03:09.848,282,Perempatan Jl. Jendral Sudirman,290,3963,Golongan VI-B,Sepeda Motor (Tanpa Helm),0.551,159,400,286,484,223.1,442.8,-0.21,19.63,4.37,2.91,0.0,1.51,TANPA_HELM,MELANGGAR,KENDARAAN_BERHENTI
1789815789.849,2026-09-19 18:03:09.848,282,Perempatan Jl. Jendral Sudirman,290,3977,Golongan VI-A,Sepeda Motor (Taat Helm),0.285,308,309,353,389,331.1,349.3,1.23,14.73,5.1,1.15,0.0,0.56,HELM,TAAT_HUKUM,NORMAL
1789815789.849,2026-09-19 18:03:09.848,282,Perempatan Jl. Jendral Sudirman,290,3923,Golongan VI-A,Sepeda Motor (Taat Helm),0.271,176,359,226,439,201.4,399.5,-1.23,17.43,4.59,1.2,0.0,0.62,HELM,TAAT_HUKUM,NORMAL
1789815790.06,2026-09-19 18:03:10.059,282,Perempatan Jl. Jendral Sudirman,291,3805,Golongan VI-A,Sepeda Motor (Taat Helm),0.717,337,353,433,432,385.9,392.8,2.93,17.06,4.52,2.32,0.1,1.22,HELM,TAAT_HUKUM,KENDARAAN_BERHENTI
1789815790.06,2026-09-19 18:03:10.059,282,Perempatan Jl. Jendral Sudirman,291,3921,Golongan I,Sedan/Jip/Pick-up,0.746,609,249,764,405,686.8,327.4,9.86,15.66,10.41,3.5,4.7,0.99,N/A,NORMAL,NORMAL
1789815790.06,2026-09-19 18:03:10.059,282,Perempatan Jl. Jendral Sudirman,291,3808,Golongan VI-A,Sepeda Motor (Taat Helm),0.372,353,321,410,403,381.9,362.7,2.59,15.54,5.05,1.43,0.3,0.69,HELM,TAAT_HUKUM,KENDARAAN_BERHENTI
1789815790.06,2026-09-19 18:03:10.059,282,Perempatan Jl. Jendral Sudirman,291,3950,Golongan VI-A,Sepeda Motor (Taat Helm),0.318,308,308,349,376,328.7,342.5,1.03,14.01,4.41,1.05,0.7,0.6,HELM,TAAT_HUKUM,KENDARAAN_BERHENTI
1789815790.06,2026-09-19 18:03:10.059,282,Perempatan Jl. Jendral Sudirman,291,3905,Golongan VI-B,Sepeda Motor (Tanpa Helm),0.478,179,361,258,450,218.6,405.9,-0.7,17.99,5.03,1.88,1.2,0.88,TANPA_HELM,MELANGGAR,KENDARAAN_BERHENTI
1789815790.06,2026-09-19 18:03:10.059,282,Perempatan Jl. Jendral Sudirman,291,3963,Golongan VI-B,Sepeda Motor (Tanpa Helm),0.507,159,400,287,485,223.1,443.0,-0.2,19.64,4.42,2.93,0.2,1.52,TANPA_HELM,MELANGGAR,KENDARAAN_BERHENTI
1789815790.06,2026-09-19 18:03:10.059,282,Perempatan Jl. Jendral Sudirman,291,3923,Golongan VI-A,Sepeda Motor (Taat Helm),0.304,177,360,228,439,202.7,399.7,-1.21,17.43,4.53,1.22,0.0,0.64,HELM,TAAT_HUKUM,NORMAL
1789815790.06,2026-09-19 18:03:10.059,282,Perempatan Jl. Jendral Sudirman,291,3908,Golongan VI-A,Sepeda Motor (Taat Helm),0.267,140,293,178,369,159.2,331.4,-3.25,13.58,5.16,0.99,0.0,0.5,HELM,TAAT_HUKUM,KENDARAAN_BERHENTI
1789815790.315,2026-09-19 18:03:10.314,282,Perempatan Jl. Jendral Sudirman,292,3805,Golongan VI-A,Sepeda Motor (Taat Helm),0.724,337,353,434,432,385.9,392.6,2.93,17.06,4.52,2.35,0.1,1.22,HELM,TAAT_HUKUM,KENDARAAN_BERHENTI
1789815790.315,2026-09-19 18:03:10.314,282,Perempatan Jl. Jendral Sudirman,292,3921,Golongan I,Sedan/Jip/Pick-up,0.694,601,252,762,413,682.1,333.3,9.76,16.1,10.6,3.5,4.5,1.0,N/A,NORMAL,NORMAL
1789815790.315,2026-09-19 18:03:10.314,282,Perempatan Jl. Jendral Sudirman,292,3808,Golongan VI-A,Sepeda Motor (Taat Helm),0.368,353,321,410,404,382.0,363.1,2.6,15.57,5.1,1.43,0.3,0.7,HELM,TAAT_HUKUM,KENDARAAN_BERHENTI
1789815790.315,2026-09-19 18:03:10.314,282,Perempatan Jl. Jendral Sudirman,292,3950,Golongan VI-A,Sepeda Motor (Taat Helm),0.321,308,307,350,377,329.3,342.8,1.06,14.07,4.54,1.08,0.5,0.6,HELM,TAAT_HUKUM,KENDARAAN_BERHENTI
1789815790.315,2026-09-19 18:03:10.314,282,Perempatan Jl. Jendral Sudirman,292,3905,Golongan VI-B,Sepeda Motor (Tanpa Helm),0.449,177,360,259,451,218.6,406.1,-0.69,18.04,5.14,1.96,1.1,0.9,TANPA_HELM,MELANGGAR,KENDARAAN_BERHENTI
1789815790.315,2026-09-19 18:03:10.314,282,Perempatan Jl. Jendral Sudirman,292,3963,Golongan VI-B,Sepeda Motor (Tanpa Helm),0.491,159,403,285,485,222.9,444.6,-0.2,19.67,4.24,2.88,0.3,1.53,TANPA_HELM,MELANGGAR,KENDARAAN_BERHENTI
1789815790.315,2026-09-19 18:03:10.314,282,Perempatan Jl. Jendral Sudirman,292,3923,Golongan VI-A,Sepeda Motor (Taat Helm),0.274,177,360,229,438,203.2,399.5,-1.2,17.4,4.48,1.25,0.4,0.66,HELM,TAAT_HUKUM,NORMAL
1789815790.315,2026-09-19 18:03:10.314,282,Perempatan Jl. Jendral Sudirman,292,3908,Golongan VI-A,Sepeda Motor (Taat Helm),0.299,140,292,177,367,159.0,330.2,-3.29,13.47,5.11,0.97,0.0,0.49,HELM,TAAT_HUKUM,KENDARAAN_BERHENTI
1789815790.534,2026-09-19 18:03:10.534,282,Perempatan Jl. Jendral Sudirman,293,3805,Golongan VI-A,Sepeda Motor (Taat Helm),0.713,337,353,434,432,385.9,392.6,2.93,17.06,4.52,2.35,0.1,1.22,HELM,TAAT_HUKUM,KENDARAAN_BERHENTI
1789815790.534,2026-09-19 18:03:10.534,282,Perempatan Jl. Jendral Sudirman,293,3921,Golongan I,Sedan/Jip/Pick-up,0.685,590,256,757,422,673.6,339.8,9.57,16.57,10.76,3.5,4.3,1.01,N/A,NORMAL,NORMAL
1789815790.534,2026-09-19 18:03:10.534,282,Perempatan Jl. Jendral Sudirman,293,3808,Golongan VI-A,Sepeda Motor (Taat Helm),0.357,353,322,410,403,381.9,363.0,2.6,15.56,4.98,1.43,0.2,0.7,HELM,TAAT_HUKUM,KENDARAAN_BERHENTI
1789815790.534,2026-09-19 18:03:10.534,282,Perempatan Jl. Jendral Sudirman,293,3950,Golongan VI-A,Sepeda Motor (Taat Helm),0.318,307,308,351,380,329.3,344.3,1.09,14.24,4.65,1.13,0.5,0.6,HELM,TAAT_HUKUM,KENDARAAN_BERHENTI
1789815790.534,2026-09-19 18:03:10.534,282,Perempatan Jl. Jendral Sudirman,293,3905,Golongan VI-B,Sepeda Motor (Tanpa Helm),0.439,177,360,261,453,219.4,406.8,-0.65,18.12,5.24,2.0,1.1,0.91,TANPA_HELM,MELANGGAR,KENDARAAN_BERHENTI
1789815790.534,2026-09-19 18:03:10.534,282,Perempatan Jl. Jendral Sudirman,293,3963,Golongan VI-A,Sepeda Motor (Taat Helm),0.526,159,404,286,486,222.8,445.1,-0.2,19.69,4.24,2.9,0.3,1.55,HELM,TAAT_HUKUM,KENDARAAN_BERHENTI
1789815790.534,2026-09-19 18:03:10.534,282,Perempatan Jl. Jendral Sudirman,293,3923,Golongan VI-A,Sepeda Motor (Taat Helm),0.281,176,359,229,438,203.0,399.4,-1.21,17.41,4.54,1.27,0.3,0.67,HELM,TAAT_HUKUM,NORMAL
1789815790.534,2026-09-19 18:03:10.534,282,Perempatan Jl. Jendral Sudirman,293,3908,Golongan VI-A,Sepeda Motor (Taat Helm),0.288,141,292,176,365,158.8,329.2,-3.33,13.36,4.99,0.92,1.8,0.48,HELM,TAAT_HUKUM,KENDARAAN_BERHENTI
1789815790.717,2026-09-19 18:03:10.717,282,Perempatan Jl. Jendral Sudirman,294,3805,Golongan VI-A,Sepeda Motor (Taat Helm),0.708,337,353,433,431,385.9,392.7,2.93,17.05,4.47,2.32,0.1,1.22,HELM,TAAT_HUKUM,KENDARAAN_BERHENTI
1789815790.717,2026-09-19 18:03:10.717,282,Perempatan Jl. Jendral Sudirman,294,3921,Golongan I,Sedan/Jip/Pick-up,0.816,576,261,751,433,664.0,347.3,9.36,17.12,10.94,3.5,4.4,1.02,N/A,NORMAL,NORMAL
1789815790.717,2026-09-19 18:03:10.717,282,Perempatan Jl. Jendral Sudirman,294,3808,Golongan VI-A,Sepeda Motor (Taat Helm),0.341,352,321,410,404,381.6,363.0,2.59,15.57,5.1,1.46,0.2,0.7,HELM,TAAT_HUKUM,KENDARAAN_BERHENTI
1789815790.717,2026-09-19 18:03:10.717,282,Perempatan Jl. Jendral Sudirman,294,3950,Golongan VI-A,Sepeda Motor (Taat Helm),0.308,307,308,349,380,328.6,344.3,1.07,14.21,4.65,1.08,0.5,0.6,HELM,TAAT_HUKUM,KENDARAAN_BERHENTI
1789815790.717,2026-09-19 18:03:10.717,282,Perempatan Jl. Jendral Sudirman,294,3905,Golongan VI-B,Sepeda Motor (Tanpa Helm),0.463,175,360,260,452,218.2,406.6,-0.68,18.1,5.19,2.03,1.0,0.92,TANPA_HELM,MELANGGAR,KENDARAAN_BERHENTI
1789815790.717,2026-09-19 18:03:10.717,282,Perempatan Jl. Jendral Sudirman,294,3963,Golongan VI-A,Sepeda Motor (Taat Helm),0.56,159,404,285,485,222.3,445.2,-0.22,19.65,4.19,2.88,0.2,1.56,HELM,TAAT_HUKUM,KENDARAAN_BERHENTI
1789815790.717,2026-09-19 18:03:10.717,282,Perempatan Jl. Jendral Sudirman,294,3923,Golongan VI-A,Sepeda Motor (Taat Helm),0.32,175,359,228,437,202.2,398.6,-1.24,17.33,4.49,1.27,0.4,0.68,HELM,TAAT_HUKUM,NORMAL
1789815790.717,2026-09-19 18:03:10.717,282,Perempatan Jl. Jendral Sudirman,294,3908,Golongan VI-A,Sepeda Motor (Taat Helm),0.261,141,292,175,362,158.6,327.6,-3.38,13.17,4.8,0.89,2.0,0.48,HELM,TAAT_HUKUM,KENDARAAN_BERHENTI
1789815790.95,2026-09-19 18:03:10.950,282,Perempatan Jl. Jendral Sudirman,295,3805,Golongan VI-A,Sepeda Motor (Taat Helm),0.722,337,353,434,431,386.0,392.6,2.93,17.05,4.47,2.35,0.1,1.22,HELM,TAAT_HUKUM,KENDARAAN_BERHENTI
1789815790.95,2026-09-19 18:03:10.950,282,Perempatan Jl. Jendral Sudirman,295,3921,Golongan I,Sedan/Jip/Pick-up,0.796,562,265,744,442,653.4,354.1,9.12,17.59,11.09,3.5,4.4,1.03,N/A,NORMAL,NORMAL
1789815790.95,2026-09-19 18:03:10.950,282,Perempatan Jl. Jendral Sudirman,295,3808,Golongan VI-A,Sepeda Motor (Taat Helm),0.358,353,321,410,402,381.6,362.1,2.58,15.48,4.99,1.43,0.3,0.7,HELM,TAAT_HUKUM,KENDARAAN_BERHENTI
1789815790.95,2026-09-19 18:03:10.950,282,Perempatan Jl. Jendral Sudirman,295,3950,Golongan VI-A,Sepeda Motor (Taat Helm),0.345,306,308,349,381,328.1,344.9,1.07,14.27,4.71,1.1,0.4,0.59,HELM,TAAT_HUKUM,KENDARAAN_BERHENTI
1789815790.95,2026-09-19 18:03:10.950,282,Perempatan Jl. Jendral Sudirman,295,3905,Golongan VI-B,Sepeda Motor (Tanpa Helm),0.466,173,359,259,453,216.4,406.8,-0.72,18.14,5.31,2.05,0.9,0.91,TANPA_HELM,MELANGGAR,KENDARAAN_BERHENTI
1789815790.95,2026-09-19 18:03:10.950,282,Perempatan Jl. Jendral Sudirman,295,3963,Golongan VI-A,Sepeda Motor (Taat Helm),0.54,159,404,285,484,222.1,444.9,-0.23,19.63,4.14,2.88,0.2,1.57,HELM,TAAT_HUKUM,KENDARAAN_BERHENTI
1789815790.95,2026-09-19 18:03:10.950,282,Perempatan Jl. Jendral Sudirman,295,3923,Golongan VI-A,Sepeda Motor (Taat Helm),0.341,174,359,228,439,201.5,399.1,-1.23,17.42,4.59,1.3,0.2,0.68,HELM,TAAT_HUKUM,NORMAL
1789815791.17,2026-09-19 18:03:11.169,282,Perempatan Jl. Jendral Sudirman,296,3805,Golongan VI-A,Sepeda Motor (Taat Helm),0.724,337,353,434,432,386.1,392.6,2.94,17.05,4.52,2.35,0.0,1.22,HELM,TAAT_HUKUM,KENDARAAN_BERHENTI
1789815791.17,2026-09-19 18:03:11.169,282,Perempatan Jl. Jendral Sudirman,296,3921,Golongan I,Sedan/Jip/Pick-up,0.737,547,271,737,454,642.3,362.9,8.89,18.19,11.23,3.5,4.6,1.04,N/A,NORMAL,NORMAL
1789815791.17,2026-09-19 18:03:11.169,282,Perempatan Jl. Jendral Sudirman,296,3808,Golongan VI-A,Sepeda Motor (Taat Helm),0.337,353,321,410,402,381.6,362.3,2.58,15.5,4.99,1.43,0.3,0.7,HELM,TAAT_HUKUM,KENDARAAN_BERHENTI
1789815791.17,2026-09-19 18:03:11.169,282,Perempatan Jl. Jendral Sudirman,296,3950,Golongan VI-A,Sepeda Motor (Taat Helm),0.335,307,308,349,379,328.5,344.2,1.06,14.19,4.59,1.08,0.3,0.59,HELM,TAAT_HUKUM,KENDARAAN_BERHENTI
1789815791.17,2026-09-19 18:03:11.169,282,Perempatan Jl. Jendral Sudirman,296,3905,Golongan VI-B,Sepeda Motor (Tanpa Helm),0.465,175,359,262,452,219.2,406.0,-0.66,18.1,5.25,2.08,0.8,0.93,TANPA_HELM,MELANGGAR,KENDARAAN_BERHENTI
1789815791.17,2026-09-19 18:03:11.169,282,Perempatan Jl. Jendral Sudirman,296,3963,Golongan VI-A,Sepeda Motor (Taat Helm),0.557,158,405,285,485,222.0,445.5,-0.22,19.67,4.13,2.9,0.1,1.58,HELM,TAAT_HUKUM,KENDARAAN_BERHENTI
1789815791.17,2026-09-19 18:03:11.169,282,Perempatan Jl. Jendral Sudirman,296,3923,Golongan VI-A,Sepeda Motor (Taat Helm),0.298,174,358,228,436,201.3,397.5,-1.27,17.29,4.5,1.3,0.3,0.68,HELM,TAAT_HUKUM,NORMAL
1789815791.17,2026-09-19 18:03:11.169,282,Perempatan Jl. Jendral Sudirman,296,4012,Golongan VI-A,Sepeda Motor (Taat Helm),0.492,3,397,30,453,16.7,425.9,-5.22,18.15,3.1,0.63,0.0,0.48,HELM,TAAT_HUKUM,NORMAL
1789815791.17,2026-09-19 18:03:11.169,282,Perempatan Jl. Jendral Sudirman,296,3908,Golongan VI-A,Sepeda Motor (Taat Helm),0.259,141,292,176,364,159.0,328.9,-3.33,13.32,4.93,0.92,0.0,0.48,HELM,TAAT_HUKUM,KENDARAAN_BERHENTI
1789815791.393,2026-09-19 18:03:11.393,282,Perempatan Jl. Jendral Sudirman,297,3805,Golongan VI-B,Sepeda Motor (Tanpa Helm),0.729,338,353,434,432,386.2,392.6,2.94,17.06,4.52,2.32,0.0,1.22,TANPA_HELM,MELANGGAR,KENDARAAN_BERHENTI
1789815791.393,2026-09-19 18:03:11.393,282,Perempatan Jl. Jendral Sudirman,297,3921,Golongan I,Sedan/Jip/Pick-up,0.855,529,278,729,468,629.9,373.5,8.64,18.88,11.38,3.5,4.9,1.05,N/A,NORMAL,NORMAL
1789815791.393,2026-09-19 18:03:11.393,282,Perempatan Jl. Jendral Sudirman,297,3808,Golongan VI-A,Sepeda Motor (Taat Helm),0.32,353,321,409,401,381.7,361.6,2.57,15.42,4.93,1.41,0.3,0.71,HELM,TAAT_HUKUM,KENDARAAN_BERHENTI
1789815791.393,2026-09-19 18:03:11.393,282,Perempatan Jl. Jendral Sudirman,297,3950,Golongan VI-A,Sepeda Motor (Taat Helm),0.267,308,308,349,376,328.9,342.9,1.04,14.03,4.41,1.05,0.3,0.6,HELM,TAAT_HUKUM,KENDARAAN_BERHENTI
1789815791.393,2026-09-19 18:03:11.393,282,Perempatan Jl. Jendral Sudirman,297,3905,Golongan VI-B,Sepeda Motor (Tanpa Helm),0.465,174,358,261,452,217.7,405.8,-0.7,18.09,5.32,2.08,0.7,0.93,TANPA_HELM,MELANGGAR,KENDARAAN_BERHENTI
1789815791.393,2026-09-19 18:03:11.393,282,Perempatan Jl. Jendral Sudirman,297,3963,Golongan VI-A,Sepeda Motor (Taat Helm),0.578,157,404,286,485,222.0,445.2,-0.22,19.68,4.19,2.94,0.1,1.59,HELM,TAAT_HUKUM,KENDARAAN_BERHENTI
1789815791.393,2026-09-19 18:03:11.393,282,Perempatan Jl. Jendral Sudirman,297,3923,Golongan VI-A,Sepeda Motor (Taat Helm),0.27,174,358,229,438,201.7,398.2,-1.24,17.38,4.6,1.32,0.2,0.69,HELM,TAAT_HUKUM,NORMAL
1789815791.393,2026-09-19 18:03:11.393,282,Perempatan Jl. Jendral Sudirman,297,4012,Golongan VI-A,Sepeda Motor (Taat Helm),0.462,7,397,34,453,20.8,425.3,-5.14,18.12,3.1,0.63,0.0,0.49,HELM,TAAT_HUKUM,NORMAL
1789815791.393,2026-09-19 18:03:11.393,282,Perempatan Jl. Jendral Sudirman,297,3908,Golongan VI-A,Sepeda Motor (Taat Helm),0.259,141,293,175,362,158.8,328.0,-3.37,13.2,4.73,0.89,0.0,0.49,HELM,TAAT_HUKUM,KENDARAAN_BERHENTI
1789815791.595,2026-09-19 18:03:11.594,282,Perempatan Jl. Jendral Sudirman,298,3805,Golongan VI-B,Sepeda Motor (Tanpa Helm),0.686,337,352,434,432,386.0,392.4,2.93,17.06,4.58,2.35,0.0,1.22,TANPA_HELM,MELANGGAR,KENDARAAN_BERHENTI
1789815791.595,2026-09-19 18:03:11.594,282,Perempatan Jl. Jendral Sudirman,298,3921,Golongan I,Sedan/Jip/Pick-up,0.897,511,284,720,481,615.9,383.1,8.35,19.48,11.55,3.5,6.2,1.06,N/A,NORMAL,NORMAL
1789815791.595,2026-09-19 18:03:11.594,282,Perempatan Jl. Jendral Sudirman,298,3808,Golongan VI-A,Sepeda Motor (Taat Helm),0.34,353,321,410,400,381.9,361.3,2.57,15.39,4.88,1.43,0.4,0.71,HELM,TAAT_HUKUM,KENDARAAN_BERHENTI
1789815791.595,2026-09-19 18:03:11.594,282,Perempatan Jl. Jendral Sudirman,298,3905,Golongan VI-B,Sepeda Motor (Tanpa Helm),0.435,175,358,266,455,221.0,407.1,-0.59,18.22,5.47,2.17,0.7,0.94,TANPA_HELM,MELANGGAR,KENDARAAN_BERHENTI
1789815791.595,2026-09-19 18:03:11.594,282,Perempatan Jl. Jendral Sudirman,298,3963,Golongan VI-A,Sepeda Motor (Taat Helm),0.577,156,404,287,486,221.8,445.3,-0.22,19.69,4.24,2.99,0.1,1.59,HELM,TAAT_HUKUM,KENDARAAN_BERHENTI
1789815791.595,2026-09-19 18:03:11.594,282,Perempatan Jl. Jendral Sudirman,298,3923,Golongan VI-A,Sepeda Motor (Taat Helm),0.273,173,357,228,438,201.2,398.0,-1.26,17.37,4.67,1.32,0.2,0.69,HELM,TAAT_HUKUM,NORMAL
1789815791.595,2026-09-19 18:03:11.594,282,Perempatan Jl. Jendral Sudirman,298,4012,Golongan VI-A,Sepeda Motor (Taat Helm),0.55,10,391,40,451,25.1,421.2,-5.07,18.03,3.35,0.7,1.6,0.5,HELM,TAAT_HUKUM,NORMAL
1789815791.595,2026-09-19 18:03:11.594,282,Perempatan Jl. Jendral Sudirman,298,3908,Golongan VI-A,Sepeda Motor (Taat Helm),0.253,142,292,175,360,158.9,326.8,-3.4,13.07,4.68,0.87,2.2,0.49,HELM,TAAT_HUKUM,KENDARAAN_BERHENTI
1789815791.783,2026-09-19 18:03:11.782,282,Perempatan Jl. Jendral Sudirman,299,3805,Golongan VI-B,Sepeda Motor (Tanpa Helm),0.634,337,352,434,432,386.0,392.2,2.93,17.05,4.58,2.35,0.0,1.21,TANPA_HELM,MELANGGAR,KENDARAAN_BERHENTI
1789815791.783,2026-09-19 18:03:11.782,282,Perempatan Jl. Jendral Sudirman,299,3921,Golongan I,Sedan/Jip/Pick-up,0.882,491,290,711,496,601.5,393.3,8.08,20.15,11.8,3.5,7.5,1.07,N/A,NORMAL,NORMAL
1789815791.783,2026-09-19 18:03:11.782,282,Perempatan Jl. Jendral Sudirman,299,3808,Golongan VI-A,Sepeda Motor (Taat Helm),0.351,353,321,410,401,382.1,361.8,2.58,15.45,4.93,1.43,0.4,0.72,HELM,TAAT_HUKUM,KENDARAAN_BERHENTI
1789815791.783,2026-09-19 18:03:11.782,282,Perempatan Jl. Jendral Sudirman,299,3905,Golongan VI-B,Sepeda Motor (Tanpa Helm),0.453,174,359,267,457,220.6,408.4,-0.57,18.34,5.5,2.21,0.8,0.94,TANPA_HELM,MELANGGAR,KENDARAAN_BERHENTI
1789815791.783,2026-09-19 18:03:11.782,282,Perempatan Jl. Jendral Sudirman,299,3963,Golongan VI-A,Sepeda Motor (Taat Helm),0.587,155,403,287,486,221.7,444.7,-0.22,19.68,4.29,3.01,0.1,1.6,HELM,TAAT_HUKUM,KENDARAAN_BERHENTI
1789815791.783,2026-09-19 18:03:11.782,282,Perempatan Jl. Jendral Sudirman,299,3923,Golongan VI-A,Sepeda Motor (Taat Helm),0.299,172,358,229,441,201.3,399.6,-1.21,17.52,4.76,1.37,0.2,0.69,HELM,TAAT_HUKUM,NORMAL
1789815791.783,2026-09-19 18:03:11.782,282,Perempatan Jl. Jendral Sudirman,299,4012,Golongan VI-A,Sepeda Motor (Taat Helm),0.477,12,382,46,449,29.7,416.1,-5.0,17.94,3.79,0.8,1.7,0.51,HELM,TAAT_HUKUM,NORMAL
1789815791.783,2026-09-19 18:03:11.782,282,Perempatan Jl. Jendral Sudirman,299,3908,Golongan VI-A,Sepeda Motor (Taat Helm),0.253,141,292,176,362,159.0,327.5,-3.38,13.15,4.8,0.92,1.7,0.5,HELM,TAAT_HUKUM,KENDARAAN_BERHENTI
1789815791.994,2026-09-19 18:03:11.994,282,Perempatan Jl. Jendral Sudirman,300,3805,Golongan VI-B,Sepeda Motor (Tanpa Helm),0.678,338,353,433,432,386.0,392.6,2.93,17.06,4.52,2.3,0.0,1.21,TANPA_HELM,MELANGGAR,KENDARAAN_BERHENTI
1789815791.994,2026-09-19 18:03:11.994,282,Perempatan Jl. Jendral Sudirman,300,3921,Golongan I,Sedan/Jip/Pick-up,0.905,468,294,702,511,585.4,403.5,7.77,20.84,12.18,3.5,8.6,1.08,N/A,NORMAL,NORMAL
1789815791.994,2026-09-19 18:03:11.994,282,Perempatan Jl. Jendral Sudirman,300,3808,Golongan VI-A,Sepeda Motor (Taat Helm),0.367,353,321,412,404,382.6,362.9,2.61,15.57,5.1,1.48,0.2,0.71,HELM,TAAT_HUKUM,KENDARAAN_BERHENTI
1789815791.994,2026-09-19 18:03:11.994,282,Perempatan Jl. Jendral Sudirman,300,3905,Golongan VI-B,Sepeda Motor (Tanpa Helm),0.414,170,358,262,458,216.5,408.6,-0.66,18.36,5.62,2.19,0.7,0.93,TANPA_HELM,MELANGGAR,KENDARAAN_BERHENTI
1789815791.994,2026-09-19 18:03:11.994,282,Perempatan Jl. Jendral Sudirman,300,3963,Golongan VI-A,Sepeda Motor (Taat Helm),0.596,155,403,287,486,221.8,445.1,-0.22,19.69,4.29,3.01,0.1,1.6,HELM,TAAT_HUKUM,KENDARAAN_BERHENTI
