timestamp_epoch,datetime_iso,location_id,location_name,frame_id,track_id,golongan,vehicle_subclass,confidence,bbox_x1,bbox_y1,bbox_x2,bbox_y2,pixel_center_x,pixel_center_y,ground_x_meter,ground_y_meter,length_meter,width_meter,speed_kmh,aspect_ratio,helmet_status,compliance_status,status
1789815991.443,2026-09-19 18:06:31.443,282,Perempatan Jl. Jendral Sudirman,1,3897,Golongan I,Sedan/Jip/Pick-up,0.647,706,181,833,276,770.0,229.4,12.09,7.4,8.22,3.5,0.0,1.35,N/A,NORMAL,NORMAL
1789815991.741,2026-09-19 18:06:31.740,282,Perempatan Jl. Jendral Sudirman,2,4025,Golongan I,Sedan/Jip/Pick-up,0.895,83,378,419,583,251.5,480.8,1.35,23.73,9.9,3.5,0.0,1.64,N/A,NORMAL,NORMAL
1789815991.947,2026-09-19 18:06:31.946,282,Perempatan Jl. Jendral Sudirman,3,4025,Golongan I,Sedan/Jip/Pick-up,0.89,102,371,435,574,268.7,472.9,1.61,23.39,9.95,3.5,0.0,1.64,N/A,NORMAL,NORMAL
1789815992.181,2026-09-19 18:06:32.180,282,Perempatan Jl. Jendral Sudirman,4,4025,Golongan I,Sedan/Jip/Pick-up,0.856,123,362,452,563,288.1,463.0,1.91,22.96,10.05,3.5,7.8,1.64,N/A,NORMAL,NORMAL
1789815992.181,2026-09-19 18:06:32.180,282,Perempatan Jl. Jendral Sudirman,4,3897,Golongan I,Sedan/Jip/Pick-up,0.612,724,187,839,271,781.8,229.4,12.43,7.0,7.25,3.44,0.0,1.35,N/A,NORMAL,NORMAL
1789815992.369,2026-09-19 18:06:32.368,282,Perempatan Jl. Jendral Sudirman,5,4025,Golongan I,Sedan/Jip/Pick-up,0.729,149,356,469,551,309.8,453.6,2.25,22.47,9.91,3.5,8.2,1.64,N/A,NORMAL,NORMAL
1789815992.576,2026-09-19 18:06:32.576,282,Perempatan Jl. Jendral Sudirman,6,4025,Golongan I,Sedan/Jip/Pick-up,0.818,170,350,485,541,327.9,445.8,2.55,22.08,9.86,3.5,8.4,1.64,N/A,NORMAL,NORMAL
1789815992.88,2026-09-19 18:06:32.880,282,Perempatan Jl. Jendral Sudirman,7,4025,Golongan I,Sedan/Jip/Pick-up,0.802,190,341,501,530,346.0,435.9,2.84,21.63,9.96,3.5,8.3,1.64,N/A,NORMAL,NORMAL
1789815993.051,2026-09-19 18:06:33.051,282,Perempatan Jl. Jendral Sudirman,8,4025,Golongan I,Sedan/Jip/Pick-up,0.671,209,332,518,520,363.9,426.4,3.14,21.21,10.1,3.5,8.4,1.64,N/A,NORMAL,NORMAL
1789815993.217,2026-09-19 18:06:33.217,282,Perempatan Jl. Jendral Sudirman,9,4025,Golongan I,Sedan/Jip/Pick-up,0.801,231,327,530,509,381.1,418.3,3.42,20.71,9.94,3.5,8.6,1.65,N/A,NORMAL,NORMAL
1789815993.393,2026-09-19 18:06:33.393,282,Perempatan Jl. Jendral Sudirman,10,4025,Golongan I,Sedan/Jip/Pick-up,0.864,250,320,545,499,397.9,410.3,3.71,20.31,9.95,3.5,8.8,1.65,N/A,NORMAL,NORMAL
1789815993.569,2026-09-19 18:06:33.569,282,Perempatan Jl. Jendral Sudirman,11,4025,Golongan I,Sedan/Jip/Pick-up,0.73,273,315,558,488,416.0,402.1,4.02,19.79,9.77,3.5,9.0,1.65,N/A,NORMAL,NORMAL
1789815993.729,2026-09-19 18:06:33.729,282,Perempatan Jl. Jendral Sudirman,12,4025,Golongan I,Sedan/Jip/Pick-up,0.767,293,310,571,478,432.4,394.5,4.32,19.33,9.64,3.5,9.4,1.65,N/A,NORMAL,NORMAL
1789815993.936,2026-09-19 18:06:33.935,282,Perempatan Jl. Jendral Sudirman,13,4025,Golongan I,Sedan/Jip/Pick-up,0.618,312,303,585,468,449.1,385.8,4.62,18.84,9.64,3.5,9.7,1.66,N/A,NORMAL,NORMAL
1789815993.936,2026-09-19 18:06:33.935,282,Perempatan Jl. Jendral Sudirman,13,4026,Golongan VI-A,Sepeda Motor (Taat Helm),0.757,5,505,54,651,29.8,578.4,-2.22,26.15,5.91,0.98,0.0,0.33,HELM,TAAT_HUKUM,NORMAL
1789815994.085,2026-09-19 18:06:34.084,282,Perempatan Jl. Jendral Sudirman,14,4025,Golongan I,Sedan/Jip/Pick-up,0.649,331,297,598,458,465.0,377.9,4.92,18.37,9.58,3.5,9.9,1.66,N/A,NORMAL,NORMAL
1789815994.085,2026-09-19 18:06:34.084,282,Perempatan Jl. Jendral Sudirman,14,4026,Golongan VI-A,Sepeda Motor (Taat Helm),0.807,14,497,62,640,38.7,568.9,-2.18,25.78,5.89,0.97,0.0,0.34,HELM,TAAT_HUKUM,NORMAL
1789815994.272,2026-09-19 18:06:34.272,282,Perempatan Jl. Jendral Sudirman,15,4025,Golongan I,Sedan/Jip/Pick-up,0.694,350,291,611,448,481.0,370.2,5.22,17.89,9.51,3.5,10.2,1.66,N/A,NORMAL,NORMAL
1789815994.272,2026-09-19 18:06:34.272,282,Perempatan Jl. Jendral Sudirman,15,4026,Golongan VI-A,Sepeda Motor (Taat Helm),0.844,24,489,73,632,49.1,560.8,-2.07,25.5,5.97,1.0,7.2,0.35,HELM,TAAT_HUKUM,NORMAL
1789815994.447,2026-09-19 18:06:34.447,282,Perempatan Jl. Jendral Sudirman,16,4025,Golongan I,Sedan/Jip/Pick-up,0.739,369,286,624,439,496.6,363.4,5.53,17.45,9.41,3.5,10.7,1.67,N/A,NORMAL,NORMAL
1789815994.447,2026-09-19 18:06:34.447,282,Perempatan Jl. Jendral Sudirman,16,4026,Golongan VI-A,Sepeda Motor (Taat Helm),0.872,32,480,85,627,59.0,553.7,-1.94,25.31,6.21,1.08,6.8,0.36,HELM,TAAT_HUKUM,NORMAL
1789815994.681,2026-09-19 18:06:34.680,282,Perempatan Jl. Jendral Sudirman,17,5000,Golongan I,Sedan/Jip/Pick-up,0.843,577,232,756,342,667.1,287.2,9.32,11.92,8.11,3.5,0.0,1.62,N/A,NORMAL,NORMAL
1789815994.681,2026-09-19 18:06:34.680,282,Perempatan Jl. Jendral Sudirman,17,5001,Golongan I,Sedan/Jip/Pick-up,0.773,136,358,421,529,279.0,444.0,1.43,21.58,8.88,3.5,0.0,1.67,N/A,NORMAL,NORMAL
1789815994.84,2026-09-19 18:06:34.840,282,Perempatan Jl. Jendral Sudirman,18,4027,Golongan I,Sedan/Jip/Pick-up,0.821,585,230,760,337,673.1,283.9,9.47,11.62,7.96,3.5,0.0,1.62,N/A,NORMAL,NORMAL
1789815994.84,2026-09-19 18:06:34.840,282,Perempatan Jl. Jendral Sudirman,18,4028,Golongan I,Sedan/Jip/Pick-up,0.858,153,351,432,518,293.0,435.1,1.63,21.12,8.84,3.5,0.0,1.67,N/A,NORMAL,NORMAL
1789815995.003,2026-09-19 18:06:35.002,282,Perempatan Jl. Jendral Sudirman,19,4027,Golongan I,Sedan/Jip/Pick-up,0.867,595,227,765,332,680.6,280.1,9.65,11.28,7.89,3.5,0.0,1.62,N/A,NORMAL,NORMAL
1789815995.003,2026-09-19 18:06:35.002,282,Perempatan Jl. Jendral Sudirman,19,4028,Golongan I,Sedan/Jip/Pick-up,0.867,173,343,450,509,312.1,426.6,1.96,20.74,8.93,3.5,0.0,1.67,N/A,NORMAL,NORMAL
1789815995.16,2026-09-19 18:06:35.159,282,Perempatan Jl. Jendral Sudirman,20,4027,Golongan I,Sedan/Jip/Pick-up,0.781,606,225,771,327,689.3,276.1,9.88,10.93,7.73,3.5,9.1,1.62,N/A,NORMAL,NORMAL
1789815995.16,2026-09-19 18:06:35.159,282,Perempatan Jl. Jendral Sudirman,20,4028,Golongan I,Sedan/Jip/Pick-up,0.881,198,334,469,497,333.7,416.1,2.31,20.19,8.96,3.5,13.1,1.67,N/A,NORMAL,NORMAL
1789815995.329,2026-09-19 18:06:35.328,282,Perempatan Jl. Jendral Sudirman,21,4027,Golongan I,Sedan/Jip/Pick-up,0.854,614,222,778,323,696.4,272.7,10.06,10.68,7.73,3.5,8.7,1.62,N/A,NORMAL,NORMAL
1789815995.329,2026-09-19 18:06:35.328,282,Perempatan Jl. Jendral Sudirman,21,4028,Golongan I,Sedan/Jip/Pick-up,0.785,221,325,488,485,354.7,405.8,2.67,19.67,8.99,3.5,13.1,1.67,N/A,NORMAL,NORMAL
1789815995.494,2026-09-19 18:06:35.493,282,Perempatan Jl. Jendral Sudirman,22,4027,Golongan I,Sedan/Jip/Pick-up,0.856,623,219,783,318,703.8,269.1,10.25,10.36,7.66,3.5,8.5,1.62,N/A,NORMAL,NORMAL
1789815995.494,2026-09-19 18:06:35.493,282,Perempatan Jl. Jendral Sudirman,22,4028,Golongan I,Sedan/Jip/Pick-up,0.726,239,314,506,474,373.0,394.8,2.99,19.16,9.21,3.5,13.1,1.67,N/A,NORMAL,NORMAL
1789815995.679,2026-09-19 18:06:35.678,282,Perempatan Jl. Jendral Sudirman,23,4027,Golongan I,Sedan/Jip/Pick-up,0.838,631,217,789,314,710.4,265.7,10.43,10.07,7.56,3.5,8.3,1.62,N/A,NORMAL,NORMAL
1789815995.679,2026-09-19 18:06:35.678,282,Perempatan Jl. Jendral Sudirman,23,4028,Golongan I,Sedan/Jip/Pick-up,0.721,260,308,521,464,391.4,386.3,3.31,18.67,9.13,3.5,13.0,1.67,N/A,NORMAL,NORMAL
1789815995.92,2026-09-19 18:06:35.920,282,Perempatan Jl. Jendral Sudirman,24,4028,Golongan I,Sedan/Jip/Pick-up,0.791,369,291,596,428,482.5,360.0,5.14,16.85,8.47,3.5,15.2,1.66,N/A,NORMAL,NORMAL
1789815996.089,2026-09-19 18:06:36.088,282,Perempatan Jl. Jendral Sudirman,25,4028,Golongan I,Sedan/Jip/Pick-up,0.804,419,283,628,409,524.2,346.7,6.02,15.87,8.03,3.5,17.0,1.66,N/A,NORMAL,NORMAL
1789815996.225,2026-09-19 18:06:36.225,282,Perempatan Jl. Jendral Sudirman,26,4028,Golongan I,Sedan/Jip/Pick-up,0.879,446,277,646,398,546.8,338.4,6.5,15.27,7.86,3.5,18.1,1.66,N/A,NORMAL,NORMAL
1789815996.399,2026-09-19 18:06:36.398,282,Perempatan Jl. Jendral Sudirman,27,4028,Golongan I,Sedan/Jip/Pick-up,0.876,465,273,658,389,561.9,331.4,6.83,14.76,7.65,3.5,18.5,1.66,N/A,NORMAL,NORMAL
1789815996.57,2026-09-19 18:06:36.569,282,Perempatan Jl. Jendral Sudirman,28,4028,Golongan I,Sedan/Jip/Pick-up,0.853,479,268,669,383,574.6,325.9,7.11,14.4,7.69,3.5,18.6,1.65,N/A,NORMAL,NORMAL
1789815996.732,2026-09-19 18:06:36.731,282,Perempatan Jl. Jendral Sudirman,29,4028,Golongan I,Sedan/Jip/Pick-up,0.889,493,264,678,376,586.3,320.7,7.37,14.03,7.59,3.5,18.5,1.65,N/A,NORMAL,NORMAL
1789815996.885,2026-09-19 18:06:36.884,282,Perempatan Jl. Jendral Sudirman,30,4028,Golongan I,Sedan/Jip/Pick-up,0.91,507,261,687,371,597.7,316.5,7.64,13.71,7.52,3.5,18.3,1.64,N/A,NORMAL,NORMAL
1789815997.014,2026-09-19 18:06:37.014,282,Perempatan Jl. Jendral Sudirman,31,4028,Golongan I,Sedan/Jip/Pick-up,0.902,520,257,696,364,608.2,310.9,7.88,13.31,7.42,3.5,18.2,1.64,N/A,NORMAL,NORMAL
1789815997.182,2026-09-19 18:06:37.181,282,Perempatan Jl. Jendral Sudirman,32,4028,Golongan I,Sedan/Jip/Pick-up,0.863,533,254,704,358,619.0,306.3,8.13,12.93,7.29,3.5,18.1,1.63,N/A,NORMAL,NORMAL
1789815997.341,2026-09-19 18:06:37.341,282,Perempatan Jl. Jendral Sudirman,33,5002,Golongan I,Sedan/Jip/Pick-up,0.832,288,312,553,469,420.9,391.1,4.01,18.91,9.08,3.5,0.0,1.69,N/A,NORMAL,NORMAL
1789815997.341,2026-09-19 18:06:37.341,282,Perempatan Jl. Jendral Sudirman,33,5003,Golongan I,Sedan/Jip/Pick-up,0.635,207,275,443,403,325.2,339.6,1.24,15.52,8.42,3.5,0.0,1.85,N/A,NORMAL,NORMAL
1789815997.491,2026-09-19 18:06:37.490,282,Perempatan Jl. Jendral Sudirman,34,4028,Golongan I,Sedan/Jip/Pick-up,0.827,555,236,730,343,642.8,290.3,8.7,12.02,7.83,3.5,0.0,1.63,N/A,NORMAL,NORMAL
1789815997.627,2026-09-19 18:06:37.627,282,Perempatan Jl. Jendral Sudirman,35,4033,Golongan VI-A,Sepeda Motor (Taat Helm),0.877,4,511,109,659,56.9,585.3,-1.63,26.41,5.89,2.08,0.0,0.71,HELM,TAAT_HUKUM,NORMAL
1789815997.627,2026-09-19 18:06:37.627,282,Perempatan Jl. Jendral Sudirman,35,4034,Golongan I,Sedan/Jip/Pick-up,0.778,494,209,654,301,574.7,255.2,6.76,9.17,7.4,3.5,0.0,1.73,N/A,NORMAL,TABRAKAN
1789815997.627,2026-09-19 18:06:37.627,282,Perempatan Jl. Jendral Sudirman,35,4028,Golongan I,Sedan/Jip/Pick-up,0.766,565,232,739,339,652.5,286.0,8.94,11.72,7.91,3.5,0.0,1.63,N/A,NORMAL,TABRAKAN
1789815997.765,2026-09-19 18:06:37.764,282,Perempatan Jl. Jendral Sudirman,36,4033,Golongan VI-A,Sepeda Motor (Taat Helm),0.89,7,503,117,660,62.4,582.1,-1.52,26.43,6.29,2.19,0.0,0.71,HELM,TAAT_HUKUM,NORMAL
1789815997.765,2026-09-19 18:06:37.764,282,Perempatan Jl. Jendral Sudirman,36,4034,Golongan I,Sedan/Jip/Pick-up,0.715,506,207,663,297,585.0,252.4,7.03,8.92,7.29,3.5,0.0,1.73,N/A,NORMAL,TABRAKAN
1789815997.765,2026-09-19 18:06:37.764,282,Perempatan Jl. Jendral Sudirman,36,4028,Golongan I,Sedan/Jip/Pick-up,0.811,574,229,745,334,660.0,281.7,9.12,11.39,7.85,3.5,10.0,1.63,N/A,NORMAL,TABRAKAN
1789815997.904,2026-09-19 18:06:37.904,282,Perempatan Jl. Jendral Sudirman,37,4033,Golongan VI-A,Sepeda Motor (Taat Helm),0.887,9,497,127,662,68.6,580.0,-1.38,26.53,6.63,2.36,3.6,0.71,HELM,TAAT_HUKUM,NORMAL
1789815997.904,2026-09-19 18:06:37.904,282,Perempatan Jl. Jendral Sudirman,37,4028,Golongan I,Sedan/Jip/Pick-up,0.602,584,226,752,329,668.5,278.0,9.34,11.11,7.78,3.5,9.9,1.63,N/A,NORMAL,TABRAKAN
1789815998.081,2026-09-19 18:06:38.081,282,Perempatan Jl. Jendral Sudirman,38,4033,Golongan VI-A,Sepeda Motor (Taat Helm),0.87,11,490,140,670,75.6,580.5,-1.17,26.76,7.23,2.58,4.0,0.72,HELM,TAAT_HUKUM,NORMAL
1789815998.081,2026-09-19 18:06:38.081,282,Perempatan Jl. Jendral Sudirman,38,4028,Golongan I,Sedan/Jip/Pick-up,0.687,590,225,755,325,672.9,275.4,9.44,10.84,7.6,3.5,9.4,1.64,N/A,NORMAL,TABRAKAN
1789815998.081,2026-09-19 18:06:38.081,282,Perempatan Jl. Jendral Sudirman,38,4034,Golongan I,Sedan/Jip/Pick-up,0.649,538,202,677,282,608.0,242.3,7.59,7.82,6.66,3.5,0.0,1.74,N/A,NORMAL,TABRAKAN
1789815998.229,2026-09-19 18:06:38.228,282,Perempatan Jl. Jendral Sudirman,39,4033,Golongan VI-A,Sepeda Motor (Taat Helm),0.794,15,482,149,666,82.3,574.9,-1.09,26.65,7.47,2.69,3.8,0.73,HELM,TAAT_HUKUM,NORMAL
1789815998.229,2026-09-19 18:06:38.228,282,Perempatan Jl. Jendral Sudirman,39,4028,Golongan I,Sedan/Jip/Pick-up,0.742,601,222,764,321,682.7,272.0,9.7,10.59,7.6,3.5,9.0,1.63,N/A,NORMAL,TABRAKAN
1789815998.229,2026-09-19 18:06:38.228,282,Perempatan Jl. Jendral Sudirman,39,4034,Golongan I,Sedan/Jip/Pick-up,0.612,547,198,687,278,617.4,238.7,7.84,7.53,6.73,3.5,0.0,1.74,N/A,NORMAL,TABRAKAN
1789815998.387,2026-09-19 18:06:38.386,282,Perempatan Jl. Jendral Sudirman,40,5004,Golongan I,Sedan/Jip/Pick-up,0.886,24,397,370,613,197.7,505.4,0.57,24.83,9.98,3.5,0.0,1.6,N/A,NORMAL,NORMAL
1789815998.56,2026-09-19 18:06:38.559,282,Perempatan Jl. Jendral Sudirman,41,4037,Golongan I,Sedan/Jip/Pick-up,0.873,66,382,389,584,227.6,483.3,0.88,23.76,9.73,3.5,0.0,1.6,N/A,NORMAL,NORMAL
1789815998.702,2026-09-19 18:06:38.702,282,Perempatan Jl. Jendral Sudirman,42,4037,Golongan I,Sedan/Jip/Pick-up,0.857,75,378,394,578,234.7,478.4,0.97,23.54,9.72,3.5,0.0,1.6,N/A,NORMAL,NORMAL
1789815998.871,2026-09-19 18:06:38.870,282,Perempatan Jl. Jendral Sudirman,43,4037,Golongan I,Sedan/Jip/Pick-up,0.864,78,376,396,575,237.4,476.4,1.0,23.45,9.72,3.5,3.8,1.6,N/A,NORMAL,NORMAL
1789815999.042,2026-09-19 18:06:39.041,282,Perempatan Jl. Jendral Sudirman,44,4037,Golongan I,Sedan/Jip/Pick-up,0.876,80,376,395,575,238.0,476.1,1.01,23.42,9.72,3.5,3.4,1.59,N/A,NORMAL,NORMAL
1789815999.199,2026-09-19 18:06:39.199,282,Perempatan Jl. Jendral Sudirman,45,4037,Golongan I,Sedan/Jip/Pick-up,0.888,83,377,394,572,239.1,475.3,1.01,23.33,9.54,3.5,3.0,1.59,N/A,NORMAL,NORMAL
1789815999.363,2026-09-19 18:06:39.362,282,Perempatan Jl. Jendral Sudirman,46,4037,Golongan I,Sedan/Jip/Pick-up,0.886,88,378,395,571,241.8,475.0,1.05,23.28,9.44,3.5,2.7,1.59,N/A,NORMAL,NORMAL
1789815999.541,2026-09-19 18:06:39.540,282,Perempatan Jl. Jendral Sudirman,47,4037,Golongan I,Sedan/Jip/Pick-up,0.828,89,376,397,569,243.8,473.0,1.08,23.22,9.47,3.5,2.5,1.59,N/A,NORMAL,NORMAL
1789815999.694,2026-09-19 18:06:39.694,282,Perempatan Jl. Jendral Sudirman,48,4037,Golongan I,Sedan/Jip/Pick-up,0.858,94,373,402,567,248.6,470.8,1.15,23.14,9.57,3.5,2.4,1.59,N/A,NORMAL,NORMAL
1789815999.83,2026-09-19 18:06:39.829,282,Perempatan Jl. Jendral Sudirman,49,4037,Golongan I,Sedan/Jip/Pick-up,0.883,101,373,405,564,253.5,469.1,1.22,23.02,9.44,3.5,2.3,1.58,N/A,NORMAL,NORMAL
1789815999.83,2026-09-19 18:06:39.829,282,Perempatan Jl. Jendral Sudirman,49,4039,Golongan VI-A,Sepeda Motor (Taat Helm),0.612,470,297,516,363,493.5,330.1,5.0,13.21,4.36,1.2,0.0,0.71,HELM,TAAT_HUKUM,NORMAL
1789816000.004,2026-09-19 18:06:40.003,282,Perempatan Jl. Jendral Sudirman,50,4037,Golongan I,Sedan/Jip/Pick-up,0.872,109,373,407,561,258.3,467.6,1.29,22.89,9.32,3.5,2.4,1.59,N/A,NORMAL,NORMAL
1789816000.2,2026-09-19 18:06:40.199,282,Perempatan Jl. Jendral Sudirman,51,4037,Golongan V,Truk 5+ Gandar,0.884,0,289,486,626,243.4,458.3,1.55,25.31,17.55,3.5,3.2,1.44,N/A,NORMAL,NORMAL
1789816000.433,2026-09-19 18:06:40.433,282,Perempatan Jl. Jendral Sudirman,52,4033,Golongan VI-A,Sepeda Motor (Taat Helm),0.781,15,474,170,679,93.1,577.3,-0.76,27.07,8.29,3.11,0.0,0.75,HELM,TAAT_HUKUM,NORMAL
1789816000.593,2026-09-19 18:06:40.593,282,Perempatan Jl. Jendral Sudirman,53,4041,Golongan V,Truk 5+ Gandar,0.9,306,171,692,425,499.3,298.5,5.52,16.74,18.76,3.5,0.0,1.52,N/A,NORMAL,NORMAL
1789816000.593,2026-09-19 18:06:40.593,282,Perempatan Jl. Jendral Sudirman,53,4042,Golongan I,Sedan/Jip/Pick-up,0.764,17,230,105,307,61.6,269.1,-6.95,9.64,6.24,2.49,0.0,1.14,N/A,NORMAL,NORMAL
1789816000.593,2026-09-19 18:06:40.593,282,Perempatan Jl. Jendral Sudirman,53,4033,Golongan VI-A,Sepeda Motor (Taat Helm),0.805,17,468,182,681,100.0,575.1,-0.62,27.12,8.65,3.32,0.0,0.78,HELM,TAAT_HUKUM,NORMAL
1789816000.758,2026-09-19 18:06:40.757,282,Perempatan Jl. Jendral Sudirman,54,4041,Golongan V,Truk 5+ Gandar,0.884,320,169,698,418,509.6,293.8,5.72,16.35,18.58,3.5,0.0,1.52,N/A,NORMAL,NORMAL
1789816000.758,2026-09-19 18:06:40.757,282,Perempatan Jl. Jendral Sudirman,54,4042,Golongan I,Sedan/Jip/Pick-up,0.758,23,227,110,302,67.2,265.1,-6.91,9.29,6.14,2.47,0.0,1.14,N/A,NORMAL,NORMAL
1789816000.758,2026-09-19 18:06:40.757,282,Perempatan Jl. Jendral Sudirman,54,4033,Golongan I,Sedan/Jip/Pick-up,0.778,21,459,197,676,109.3,568.3,-0.5,26.97,8.92,3.5,3.1,0.81,N/A,NORMAL,NORMAL
1789816000.928,2026-09-19 18:06:40.927,282,Perempatan Jl. Jendral Sudirman,55,4041,Golongan V,Truk 5+ Gandar,0.885,333,163,710,412,521.9,287.9,5.97,16.01,18.87,3.5,9.2,1.52,N/A,NORMAL,NORMAL
1789816000.928,2026-09-19 18:06:40.927,282,Perempatan Jl. Jendral Sudirman,55,4042,Golongan I,Sedan/Jip/Pick-up,0.777,28,222,113,297,70.8,260.1,-6.93,8.91,6.22,2.43,7.8,1.14,N/A,NORMAL,NORMAL
1789816000.928,2026-09-19 18:06:40.927,282,Perempatan Jl. Jendral Sudirman,55,4033,Golongan I,Sedan/Jip/Pick-up,0.802,26,451,212,669,119.4,560.5,-0.38,26.75,9.09,3.5,3.3,0.85,N/A,NORMAL,NORMAL
1789816001.094,2026-09-19 18:06:41.094,282,Perempatan Jl. Jendral Sudirman,56,4041,Golongan V,Truk 5+ Gandar,0.855,351,163,719,405,535.2,284.3,6.26,15.65,18.48,3.5,9.3,1.52,N/A,NORMAL,NORMAL
1789816001.094,2026-09-19 18:06:41.094,282,Perempatan Jl. Jendral Sudirman,56,4042,Golongan I,Sedan/Jip/Pick-up,0.762,33,218,116,292,74.8,255.3,-6.95,8.51,6.21,2.39,7.9,1.13,N/A,NORMAL,NORMAL
1789816001.094,2026-09-19 18:06:41.094,282,Perempatan Jl. Jendral Sudirman,56,4033,Golongan I,Sedan/Jip/Pick-up,0.835,32,443,227,660,130.3,552.1,-0.26,26.45,9.18,3.5,3.7,0.9,N/A,NORMAL,NORMAL
1789816001.255,2026-09-19 18:06:41.254,282,Perempatan Jl. Jendral Sudirman,57,4041,Golongan V,Truk 5+ Gandar,0.844,365,163,726,401,545.8,282.2,6.49,15.41,18.24,3.5,9.2,1.52,N/A,NORMAL,NORMAL
1789816001.255,2026-09-19 18:06:41.254,282,Perempatan Jl. Jendral Sudirman,57,4042,Golongan I,Sedan/Jip/Pick-up,0.736,38,215,118,286,78.6,250.9,-6.97,8.12,6.03,2.32,8.1,1.13,N/A,NORMAL,NORMAL
1789816001.255,2026-09-19 18:06:41.254,282,Perempatan Jl. Jendral Sudirman,57,4033,Golongan I,Sedan/Jip/Pick-up,0.881,39,433,242,647,141.2,540.9,-0.18,26.02,9.25,3.5,4.3,0.95,N/A,NORMAL,NORMAL
1789816001.459,2026-09-19 18:06:41.458,282,Perempatan Jl. Jendral Sudirman,58,4033,Golongan I,Sedan/Jip/Pick-up,0.879,101,398,305,599,203.6,498.9,0.55,24.32,9.38,3.5,6.9,1.02,N/A,NORMAL,NORMAL
1789816001.648,2026-09-19 18:06:41.648,282,Perempatan Jl. Jendral Sudirman,59,4033,Golongan I,Sedan/Jip/Pick-up,0.878,121,385,332,580,227.4,483.3,0.85,23.64,9.38,3.5,8.6,1.08,N/A,NORMAL,NORMAL
1789816001.797,2026-09-19 18:06:41.796,282,Perempatan Jl. Jendral Sudirman,60,4033,Golongan I,Sedan/Jip/Pick-up,0.876,125,381,345,574,235.6,477.9,0.95,23.4,9.37,3.5,9.5,1.13,N/A,NORMAL,NORMAL
1789816001.936,2026-09-19 18:06:41.935,282,Perempatan Jl. Jendral Sudirman,61,4033,Golongan I,Sedan/Jip/Pick-up,0.873,123,379,351,572,237.9,476.2,0.98,23.32,9.41,3.5,9.6,1.18,N/A,NORMAL,NORMAL
1789816002.087,2026-09-19 18:06:42.086,282,Perempatan Jl. Jendral Sudirman,62,4033,Golongan I,Sedan/Jip/Pick-up,0.872,120,379,356,572,238.3,475.8,0.99,23.3,9.41,3.5,9.8,1.22,N/A,NORMAL,NORMAL
1789816002.227,2026-09-19 18:06:42.227,282,Perempatan Jl. Jendral Sudirman,63,4033,Golongan I,Sedan/Jip/Pick-up,0.877,116,379,359,572,238.0,475.9,0.98,23.31,9.41,3.5,9.7,1.26,N/A,NORMAL,NORMAL
1789816002.355,2026-09-19 18:06:42.354,282,Perempatan Jl. Jendral Sudirman,64,4033,Golongan I,Sedan/Jip/Pick-up,0.878,111,378,361,572,236.8,475.6,0.96,23.31,9.47,3.5,9.6,1.29,N/A,NORMAL,NORMAL
1789816002.494,2026-09-19 18:06:42.494,282,Perempatan Jl. Jendral Sudirman,65,4033,Golongan I,Sedan/Jip/Pick-up,0.879,109,379,364,572,237.0,476.4,0.97,23.33,9.41,3.5,9.2,1.32,N/A,NORMAL,NORMAL
1789816002.625,2026-09-19 18:06:42.624,282,Perempatan Jl. Jendral Sudirman,66,4033,Golongan I,Sedan/Jip/Pick-up,0.879,106,380,366,573,236.9,477.0,0.97,23.35,9.39,3.5,8.6,1.35,N/A,NORMAL,NORMAL
1789816002.76,2026-09-19 18:06:42.759,282,Perempatan Jl. Jendral Sudirman,67,4033,Golongan I,Sedan/Jip/Pick-up,0.878,104,380,368,573,236.6,477.3,0.97,23.36,9.39,3.5,6.3,1.37,N/A,NORMAL,NORMAL
1789816002.9,2026-09-19 18:06:42.900,282,Perempatan Jl. Jendral Sudirman,68,4033,Golongan I,Sedan/Jip/Pick-up,0.878,101,380,370,573,236.3,477.4,0.96,23.37,9.4,3.5,4.1,1.39,N/A,NORMAL,NORMAL
1789816003.026,2026-09-19 18:06:43.025,282,Perempatan Jl. Jendral Sudirman,69,4033,Golongan I,Sedan/Jip/Pick-up,0.876,99,381,372,574,235.8,478.0,0.96,23.4,9.38,3.5,2.5,1.41,N/A,NORMAL,NORMAL
1789816003.151,2026-09-19 18:06:43.150,282,Perempatan Jl. Jendral Sudirman,70,4033,Golongan I,Sedan/Jip/Pick-up,0.879,97,381,373,575,235.3,478.2,0.95,23.41,9.42,3.5,1.6,1.43,N/A,NORMAL,NORMAL
1789816003.276,2026-09-19 18:06:43.276,282,Perempatan Jl. Jendral Sudirman,71,4033,Golongan I,Sedan/Jip/Pick-up,0.883,94,380,374,574,234.4,477.3,0.93,23.39,9.44,3.5,1.1,1.44,N/A,NORMAL,NORMAL
1789816003.413,2026-09-19 18:06:43.413,282,Perempatan Jl. Jendral Sudirman,72,4033,Golongan I,Sedan/Jip/Pick-up,0.881,92,380,375,574,233.9,477.2,0.92,23.38,9.44,3.5,0.8,1.46,N/A,NORMAL,NORMAL
1789816003.546,2026-09-19 18:06:43.546,282,Perempatan Jl. Jendral Sudirman,73,4033,Golongan I,Sedan/Jip/Pick-up,0.879,90,379,376,574,233.7,477.2,0.92,23.39,9.5,3.5,0.6,1.47,N/A,NORMAL,NORMAL
1789816003.677,2026-09-19 18:06:43.677,282,Perempatan Jl. Jendral Sudirman,74,4033,Golongan I,Sedan/Jip/Pick-up,0.883,89,379,377,574,233.9,477.2,0.92,23.4,9.5,3.5,0.4,1.48,N/A,NORMAL,NORMAL
1789816003.81,2026-09-19 18:06:43.809,282,Perempatan Jl. Jendral Sudirman,75,4033,Golongan I,Sedan/Jip/Pick-up,0.882,88,379,378,574,233.7,477.0,0.92,23.4,9.5,3.5,0.3,1.49,N/A,NORMAL,NORMAL
1789816003.961,2026-09-19 18:06:43.960,282,Perempatan Jl. Jendral Sudirman,76,4033,Golongan I,Sedan/Jip/Pick-up,0.882,88,379,380,575,234.4,477.8,0.94,23.43,9.54,3.5,0.3,1.5,N/A,NORMAL,NORMAL
1789816004.098,2026-09-19 18:06:44.097,282,Perempatan Jl. Jendral Sudirman,77,4033,Golongan I,Sedan/Jip/Pick-up,0.881,87,379,381,576,234.4,477.9,0.94,23.45,9.58,3.5,0.3,1.5,N/A,NORMAL,NORMAL
1789816004.249,2026-09-19 18:06:44.248,282,Perempatan Jl. Jendral Sudirman,78,4033,Golongan I,Sedan/Jip/Pick-up,0.87,85,379,382,576,234.1,477.7,0.94,23.45,9.58,3.5,0.2,1.51,N/A,NORMAL,NORMAL
1789816004.378,2026-09-19 18:06:44.377,282,Perempatan Jl. Jendral Sudirman,79,4033,Golongan I,Sedan/Jip/Pick-up,0.879,88,382,380,575,234.5,479.0,0.94,23.44,9.36,3.5,0.2,1.52,N/A,NORMAL,NORMAL
1789816004.515,2026-09-19 18:06:44.514,282,Perempatan Jl. Jendral Sudirman,80,4033,Golongan I,Sedan/Jip/Pick-up,0.877,88,383,380,575,234.5,479.6,0.94,23.43,9.3,3.5,0.2,1.52,N/A,NORMAL,NORMAL
1789816004.659,2026-09-19 18:06:44.659,282,Perempatan Jl. Jendral Sudirman,81,4033,Golongan I,Sedan/Jip/Pick-up,0.875,89,384,381,576,235.5,480.4,0.97,23.45,9.28,3.5,0.2,1.53,N/A,NORMAL,NORMAL
1789816004.815,2026-09-19 18:06:44.815,282,Perempatan Jl. Jendral Sudirman,82,4033,Golongan I,Sedan/Jip/Pick-up,0.873,89,385,382,576,235.9,480.7,0.98,23.46,9.22,3.5,0.2,1.53,N/A,NORMAL,NORMAL
1789816004.998,2026-09-19 18:06:44.998,282,Perempatan Jl. Jendral Sudirman,83,4033,Golongan I,Sedan/Jip/Pick-up,0.903,86,383,383,576,235.0,480.1,0.96,23.47,9.34,3.5,0.2,1.54,N/A,NORMAL,NORMAL
1789816005.15,2026-09-19 18:06:45.149,282,Perempatan Jl. Jendral Sudirman,84,4033,Golongan I,Sedan/Jip/Pick-up,0.912,84,383,383,577,233.9,480.9,0.95,23.52,9.38,3.5,0.3,1.54,N/A,NORMAL,NORMAL
1789816005.15,2026-09-19 18:06:45.149,282,Perempatan Jl. Jendral Sudirman,84,4044,Golongan I,Sedan/Jip/Pick-up,0.753,285,395,627,713,456.6,554.6,5.95,28.11,13.17,3.5,0.0,1.07,N/A,NORMAL,NORMAL
1789816005.323,2026-09-19 18:06:45.323,282,Perempatan Jl. Jendral Sudirman,85,4033,Golongan I,Sedan/Jip/Pick-up,0.905,83,384,384,578,233.9,481.4,0.96,23.54,9.36,3.5,0.3,1.55,N/A,NORMAL,NORMAL
1789816005.323,2026-09-19 18:06:45.323,282,Perempatan Jl. Jendral Sudirman,85,4044,Golongan I,Sedan/Jip/Pick-up,0.843,267,410,596,715,432.2,562.8,5.53,28.16,12.42,3.5,0.0,1.08,N/A,NORMAL,NORMAL
1789816005.493,2026-09-19 18:06:45.493,282,Perempatan Jl. Jendral Sudirman,86,4033,Golongan I,Sedan/Jip/Pick-up,0.921,83,386,382,578,233.3,482.6,0.95,23.56,9.24,3.5,0.3,1.55,N/A,NORMAL,NORMAL
1789816005.493,2026-09-19 18:06:45.493,282,Perempatan Jl. Jendral Sudirman,86,4044,Golongan I,Sedan/Jip/Pick-up,0.899,244,427,558,715,401.4,571.5,4.99,28.17,11.52,3.5,10.1,1.09,N/A,NORMAL,NORMAL
1789816005.682,2026-09-19 18:06:45.681,282,Perempatan Jl. Jendral Sudirman,87,4033,Golongan I,Sedan/Jip/Pick-up,0.919,84,388,382,579,233.3,483.6,0.95,23.57,9.17,3.5,0.3,1.56,N/A,NORMAL,NORMAL
1789816005.682,2026-09-19 18:06:45.681,282,Perempatan Jl. Jendral Sudirman,87,4044,Golongan I,Sedan/Jip/Pick-up,0.922,222,442,522,715,372.5,579.0,4.48,28.17,10.76,3.5,10.0,1.1,N/A,NORMAL,NORMAL
1789816005.832,2026-09-19 18:06:45.832,282,Perempatan Jl. Jendral Sudirman,88,4033,Golongan I,Sedan/Jip/Pick-up,0.922,83,386,384,578,234.0,482.4,0.96,23.55,9.24,3.5,0.3,1.56,N/A,NORMAL,NORMAL
1789816005.832,2026-09-19 18:06:45.832,282,Perempatan Jl. Jendral Sudirman,88,4044,Golongan I,Sedan/Jip/Pick-up,0.917,196,457,486,716,341.6,587.1,3.95,28.2,10.06,3.5,10.3,1.12,N/A,NORMAL,NORMAL
1789816005.98,2026-09-19 18:06:45.979,282,Perempatan Jl. Jendral Sudirman,89,4033,Golongan I,Sedan/Jip/Pick-up,0.92,84,385,386,578,235.3,481.7,0.98,23.53,9.3,3.5,0.3,1.56,N/A,NORMAL,NORMAL
1789816005.98,2026-09-19 18:06:45.979,282,Perempatan Jl. Jendral Sudirman,89,4044,Golongan I,Sedan/Jip/Pick-up,0.957,167,471,451,717,309.4,594.9,3.39,28.23,9.43,3.5,10.6,1.15,N/A,NORMAL,NORMAL
1789816006.123,2026-09-19 18:06:46.122,282,Perempatan Jl. Jendral Sudirman,90,4033,Golongan I,Sedan/Jip/Pick-up,0.887,83,384,386,578,234.8,481.4,0.97,23.53,9.36,3.5,0.2,1.57,N/A,NORMAL,KENDARAAN_BERHENTI
1789816006.123,2026-09-19 18:06:46.122,282,Perempatan Jl. Jendral Sudirman,90,4044,Golongan I,Sedan/Jip/Pick-up,0.938,145,491,416,717,280.9,604.6,2.89,28.23,8.51,3.5,10.9,1.2,N/A,NORMAL,NORMAL
1789816006.29,2026-09-19 18:06:46.289,282,Perempatan Jl. Jendral Sudirman,91,4033,Golongan I,Sedan/Jip/Pick-up,0.828,82,385,386,578,234.4,481.8,0.97,23.55,9.3,3.5,0.2,1.57,N/A,NORMAL,KENDARAAN_BERHENTI
1789816006.29,2026-09-19 18:06:46.289,282,Perempatan Jl. Jendral Sudirman,91,4044,Golongan I,Sedan/Jip/Pick-up,0.929,128,511,385,717,257.1,614.7,2.47,28.23,7.61,3.5,10.9,1.25,N/A,NORMAL,NORMAL
1789816006.502,2026-09-19 18:06:46.502,282,Perempatan Jl. Jendral Sudirman,92,4033,Golongan I,Sedan/Jip/Pick-up,0.808,81,384,386,577,234.0,481.1,0.95,23.52,9.32,3.5,0.2,1.57,N/A,NORMAL,KENDARAAN_BERHENTI
1789816006.502,2026-09-19 18:06:46.502,282,Perempatan Jl. Jendral Sudirman,92,4044,Golongan I,Sedan/Jip/Pick-up,0.875,107,530,352,717,229.8,624.5,1.99,28.24,6.8,3.5,10.8,1.31,N/A,NORMAL,NORMAL
1789816006.688,2026-09-19 18:06:46.688,282,Perempatan Jl. Jendral Sudirman,93,4033,Golongan I,Sedan/Jip/Pick-up,0.865,81,382,387,577,234.4,480.1,0.96,23.5,9.44,3.5,0.1,1.57,N/A,NORMAL,KENDARAAN_BERHENTI
1789816006.688,2026-09-19 18:06:46.688,282,Perempatan Jl. Jendral Sudirman,93,4044,Golongan I,Sedan/Jip/Pick-up,0.822,89,548,323,719,206.4,634.2,1.6,28.28,6.11,3.5,10.6,1.37,N/A,NORMAL,NORMAL
1789816006.869,2026-09-19 18:06:46.868,282,Perempatan Jl. Jendral Sudirman,94,4033,Golongan I,Sedan/Jip/Pick-up,0.882,80,383,387,578,233.9,480.6,0.95,23.53,9.42,3.5,0.1,1.57,N/A,NORMAL,KENDARAAN_BERHENTI
1789816006.869,2026-09-19 18:06:46.868,282,Perempatan Jl. Jendral Sudirman,94,4044,Golongan I,Sedan/Jip/Pick-up,0.845,69,570,283,718,176.7,644.6,1.07,28.25,5.2,3.5,10.5,1.45,N/A,NORMAL,NORMAL
1789816007.018,2026-09-19 18:06:47.018,282,Perempatan Jl. Jendral Sudirman,95,4033,Golongan I,Sedan/Jip/Pick-up,0.881,79,382,386,578,233.3,480.6,0.94,23.54,9.48,3.5,0.1,1.57,N/A,NORMAL,KENDARAAN_BERHENTI
1789816007.018,2026-09-19 18:06:47.018,282,Perempatan Jl. Jendral Sudirman,95,4044,Golongan I,Sedan/Jip/Pick-up,0.828,57,594,247,718,152.4,656.8,0.64,28.26,4.27,3.5,10.4,1.53,N/A,NORMAL,NORMAL
1789816007.194,2026-09-19 18:06:47.194,282,Perempatan Jl. Jendral Sudirman,96,4033,Golongan I,Sedan/Jip/Pick-up,0.88,79,382,386,577,233.4,480.1,0.94,23.52,9.44,3.5,0.1,1.57,N/A,NORMAL,KENDARAAN_BERHENTI
1789816007.194,2026-09-19 18:06:47.194,282,Perempatan Jl. Jendral Sudirman,96,4044,Golongan I,Sedan/Jip/Pick-up,0.775,47,617,211,718,129.8,668.0,0.25,28.26,3.41,3.01,10.3,1.62,N/A,NORMAL,NORMAL
1789816007.377,2026-09-19 18:06:47.376,282,Perempatan Jl. Jendral Sudirman,97,4033,Golongan I,Sedan/Jip/Pick-up,0.893,80,382,386,577,233.6,480.1,0.94,23.51,9.44,3.5,0.1,1.57,N/A,NORMAL,KENDARAAN_BERHENTI
1789816007.56,2026-09-19 18:06:47.559,282,Perempatan Jl. Jendral Sudirman,98,4033,Golongan I,Sedan/Jip/Pick-up,0.893,80,382,386,577,233.6,480.0,0.94,23.5,9.44,3.5,0.1,1.57,N/A,NORMAL,KENDARAAN_BERHENTI
1789816007.71,2026-09-19 18:06:47.710,282,Perempatan Jl. Jendral Sudirman,99,4033,Golongan I,Sedan/Jip/Pick-up,0.889,79,381,386,576,233.0,479.1,0.92,23.47,9.46,3.5,0.1,1.57,N/A,NORMAL,KENDARAAN_BERHENTI
1789816007.851,2026-09-19 18:06:47.851,282,Perempatan Jl. Jendral Sudirman,100,4033,Golongan I,Sedan/Jip/Pick-up,0.885,79,381,386,576,233.0,479.3,0.92,23.48,9.46,3.5,0.2,1.57,N/A,NORMAL,KENDARAAN_BERHENTI
1789816008.004,2026-09-19 18:06:48.004,282,Perempatan Jl. Jendral Sudirman,101,4033,Golongan I,Sedan/Jip/Pick-up,0.883,79,382,385,576,232.8,479.6,0.92,23.48,9.4,3.5,0.1,1.57,N/A,NORMAL,KENDARAAN_BERHENTI
1789816008.182,2026-09-19 18:06:48.181,282,Perempatan Jl. Jendral Sudirman,102,4033,Golongan I,Sedan/Jip/Pick-up,0.892,78,381,385,576,232.0,478.8,0.9,23.46,9.46,3.5,0.2,1.57,N/A,NORMAL,KENDARAAN_BERHENTI
1789816008.386,2026-09-19 18:06:48.385,282,Perempatan Jl. Jendral Sudirman,103,4033,Golongan I,Sedan/Jip/Pick-up,0.891,79,382,385,576,232.3,479.4,0.91,23.47,9.4,3.5,0.2,1.57,N/A,NORMAL,KENDARAAN_BERHENTI
1789816008.561,2026-09-19 18:06:48.561,282,Perempatan Jl. Jendral Sudirman,104,5005,Golongan I,Sedan/Jip/Pick-up,0.901,267,326,536,484,402.2,405.3,3.7,19.6,8.85,3.5,0.0,1.71,N/A,NORMAL,NORMAL
1789816008.561,2026-09-19 18:06:48.561,282,Perempatan Jl. Jendral Sudirman,104,5006,Golongan V,Truk 5+ Gandar,0.832,535,142,801,324,668.6,233.3,9.33,10.76,15.76,3.5,0.0,1.46,N/A,NORMAL,NORMAL
1789816008.561,2026-09-19 18:06:48.561,282,Perempatan Jl. Jendral Sudirman,104,5007,Golongan I,Sedan/Jip/Pick-up,0.661,80,188,125,236,102.7,212.1,-7.5,4.15,4.53,1.38,0.0,0.93,N/A,NORMAL,NORMAL
1789816008.733,2026-09-19 18:06:48.733,282,Perempatan Jl. Jendral Sudirman,105,4045,Golongan I,Sedan/Jip/Pick-up,0.883,283,323,542,475,413.3,399.8,3.88,19.21,8.61,3.5,0.0,1.71,N/A,NORMAL,NORMAL
1789816008.733,2026-09-19 18:06:48.733,282,Perempatan Jl. Jendral Sudirman,105,4046,Golongan V,Truk 5+ Gandar,0.824,543,143,804,321,673.7,232.3,9.46,10.57,15.44,3.5,0.0,1.46,N/A,NORMAL,NORMAL
1789816008.733,2026-09-19 18:06:48.733,282,Perempatan Jl. Jendral Sudirman,105,4047,Golongan I,Sedan/Jip/Pick-up,0.642,79,187,124,235,101.7,211.4,-7.54,4.12,4.54,1.38,0.0,0.93,N/A,NORMAL,NORMAL
1789816008.923,2026-09-19 18:06:48.922,282,Perempatan Jl. Jendral Sudirman,106,4045,Golongan I,Sedan/Jip/Pick-up,0.832,300,317,555,466,427.9,392.1,4.14,18.78,8.58,3.5,0.0,1.71,N/A,NORMAL,NORMAL
1789816008.923,2026-09-19 18:06:48.922,282,Perempatan Jl. Jendral Sudirman,106,4046,Golongan V,Truk 5+ Gandar,0.858,552,142,809,318,680.7,230.4,9.64,10.36,15.35,3.5,0.0,1.46,N/A,NORMAL,NORMAL
1789816008.923,2026-09-19 18:06:48.922,282,Perempatan Jl. Jendral Sudirman,106,4047,Golongan I,Sedan/Jip/Pick-up,0.631,78,186,123,234,101.3,210.4,-7.58,4.03,4.56,1.38,0.0,0.93,N/A,NORMAL,NORMAL
1789816009.099,2026-09-19 18:06:49.098,282,Perempatan Jl. Jendral Sudirman,107,4045,Golongan I,Sedan/Jip/Pick-up,0.839,318,311,568,458,443.6,385.3,4.44,18.39,8.6,3.5,9.8,1.71,N/A,NORMAL,NORMAL
1789816009.099,2026-09-19 18:06:49.098,282,Perempatan Jl. Jendral Sudirman,107,4046,Golongan V,Truk 5+ Gandar,0.845,561,140,813,312,687.2,226.5,9.81,9.98,15.16,3.5,6.8,1.46,N/A,NORMAL,NORMAL
1789816009.099,2026-09-19 18:06:49.098,282,Perempatan Jl. Jendral Sudirman,107,4047,Golongan I,Sedan/Jip/Pick-up,0.66,78,185,122,232,100.6,208.7,-7.67,3.82,4.48,1.35,3.3,0.93,N/A,NORMAL,NORMAL
1789816009.341,2026-09-19 18:06:49.340,282,Perempatan Jl. Jendral Sudirman,108,4046,Golongan I,Sedan/Jip/Pick-up,0.777,604,207,770,321,687.8,264.3,9.83,10.53,8.94,3.5,4.9,1.47,N/A,NORMAL,NORMAL
1789816009.341,2026-09-19 18:06:49.340,282,Perempatan Jl. Jendral Sudirman,108,4033,Golongan I,Sedan/Jip/Pick-up,0.915,174,362,440,530,307.3,446.3,2.03,21.61,8.65,3.5,0.0,1.59,N/A,NORMAL,KENDARAAN_BERHENTI
1789816009.5,2026-09-19 18:06:49.500,282,Perempatan Jl. Jendral Sudirman,109,4046,Golongan I,Sedan/Jip/Pick-up,0.808,622,227,759,320,691.0,273.7,9.92,10.48,7.09,3.5,3.8,1.47,N/A,NORMAL,NORMAL
1789816009.5,2026-09-19 18:06:49.500,282,Perempatan Jl. Jendral Sudirman,109,4050,Golongan I,Sedan/Jip/Pick-up,0.741,11,616,148,716,80.1,666.9,-0.64,28.21,3.41,2.52,0.0,1.37,N/A,NORMAL,NORMAL
1789816009.5,2026-09-19 18:06:49.500,282,Perempatan Jl. Jendral Sudirman,109,4033,Golongan I,Sedan/Jip/Pick-up,0.836,193,356,454,519,323.8,438.1,2.28,21.15,8.54,3.5,0.0,1.6,N/A,NORMAL,KENDARAAN_BERHENTI
1789816009.667,2026-09-19 18:06:49.666,282,Perempatan Jl. Jendral Sudirman,110,4046,Golongan I,Sedan/Jip/Pick-up,0.813,630,230,759,317,695.1,273.9,10.02,10.27,6.63,3.5,3.3,1.49,N/A,NORMAL,NORMAL
1789816009.667,2026-09-19 18:06:49.666,282,Perempatan Jl. Jendral Sudirman,110,4050,Golongan I,Sedan/Jip/Pick-up,0.789,18,597,183,716,101.4,657.0,-0.27,28.2,4.12,3.06,0.0,1.38,N/A,NORMAL,NORMAL
1789816009.667,2026-09-19 18:06:49.666,282,Perempatan Jl. Jendral Sudirman,110,4033,Golongan I,Sedan/Jip/Pick-up,0.887,210,350,468,509,339.8,429.8,2.54,20.73,8.46,3.5,11.3,1.62,N/A,NORMAL,KENDARAAN_BERHENTI
1789816009.833,2026-09-19 18:06:49.833,282,Perempatan Jl. Jendral Sudirman,111,4046,Golongan I,Sedan/Jip/Pick-up,0.725,635,229,763,314,699.5,271.8,10.14,10.09,6.51,3.5,3.1,1.5,N/A,NORMAL,NORMAL
1789816009.833,2026-09-19 18:06:49.833,282,Perempatan Jl. Jendral Sudirman,111,4050,Golongan I,Sedan/Jip/Pick-up,0.701,29,578,223,717,126.7,647.8,0.18,28.22,4.88,3.5,8.9,1.39,N/A,NORMAL,NORMAL
1789816009.833,2026-09-19 18:06:49.833,282,Perempatan Jl. Jendral Sudirman,111,4033,Golongan I,Sedan/Jip/Pick-up,0.916,228,344,482,500,355.1,422.2,2.8,20.32,8.43,3.5,11.2,1.63,N/A,NORMAL,KENDARAAN_BERHENTI
1789816010.017,2026-09-19 18:06:50.016,282,Perempatan Jl. Jendral Sudirman,112,4046,Golongan I,Sedan/Jip/Pick-up,0.803,641,227,768,311,705.1,269.4,10.29,9.86,6.48,3.5,3.1,1.51,N/A,NORMAL,NORMAL
1789816010.017,2026-09-19 18:06:50.016,282,Perempatan Jl. Jendral Sudirman,112,4050,Golongan I,Sedan/Jip/Pick-up,0.858,39,559,261,716,150.9,637.7,0.6,28.19,5.6,3.5,8.8,1.41,N/A,NORMAL,NORMAL
1789816010.017,2026-09-19 18:06:50.016,282,Perempatan Jl. Jendral Sudirman,112,4033,Golongan I,Sedan/Jip/Pick-up,0.879,243,337,495,491,369.9,414.7,3.05,19.94,8.46,3.5,10.9,1.64,N/A,NORMAL,KENDARAAN_BERHENTI
1789816010.202,2026-09-19 18:06:50.202,282,Perempatan Jl. Jendral Sudirman,113,4046,Golongan I,Sedan/Jip/Pick-up,0.815,645,225,773,308,709.5,266.9,10.4,9.69,6.44,3.5,3.1,1.52,N/A,NORMAL,NORMAL
1789816010.202,2026-09-19 18:06:50.202,282,Perempatan Jl. Jendral Sudirman,113,4050,Golongan I,Sedan/Jip/Pick-up,0.891,49,540,301,715,175.1,628.3,1.02,28.18,6.35,3.5,8.7,1.44,N/A,NORMAL,NORMAL
1789816010.202,2026-09-19 18:06:50.202,282,Perempatan Jl. Jendral Sudirman,113,4033,Golongan I,Sedan/Jip/Pick-up,0.897,259,331,510,484,384.9,408.0,3.32,19.61,8.52,3.5,10.5,1.64,N/A,NORMAL,KENDARAAN_BERHENTI
1789816010.375,2026-09-19 18:06:50.375,282,Perempatan Jl. Jendral Sudirman,114,4046,Golongan I,Sedan/Jip/Pick-up,0.633,648,220,777,305,712.7,263.2,10.49,9.46,6.67,3.5,3.2,1.53,N/A,NORMAL,NORMAL
1789816010.375,2026-09-19 18:06:50.375,282,Perempatan Jl. Jendral Sudirman,114,4050,Golongan I,Sedan/Jip/Pick-up,0.891,55,522,340,716,198.3,619.5,1.43,28.19,7.15,3.5,8.6,1.47,N/A,NORMAL,NORMAL
1789816010.375,2026-09-19 18:06:50.375,282,Perempatan Jl. Jendral Sudirman,114,4033,Golongan I,Sedan/Jip/Pick-up,0.821,276,326,522,475,399.6,401.0,3.57,19.18,8.42,3.5,10.3,1.65,N/A,NORMAL,KENDARAAN_BERHENTI
1789816010.555,2026-09-19 18:06:50.554,282,Perempatan Jl. Jendral Sudirman,115,4050,Golongan I,Sedan/Jip/Pick-up,0.879,62,504,379,715,221.0,610.0,1.82,28.16,7.91,3.5,8.5,1.51,N/A,NORMAL,NORMAL
1789816010.555,2026-09-19 18:06:50.554,282,Perempatan Jl. Jendral Sudirman,115,4033,Golongan I,Sedan/Jip/Pick-up,0.844,294,322,534,466,414.4,394.7,3.84,18.78,8.25,3.5,10.2,1.66,N/A,NORMAL,KENDARAAN_BERHENTI
1789816010.725,2026-09-19 18:06:50.725,282,Perempatan Jl. Jendral Sudirman,116,4050,Golongan I,Sedan/Jip/Pick-up,0.857,78,487,427,714,252.9,601.2,2.38,28.14,8.64,3.5,8.7,1.54,N/A,NORMAL,NORMAL
1789816010.725,2026-09-19 18:06:50.725,282,Perempatan Jl. Jendral Sudirman,116,4033,Golongan I,Sedan/Jip/Pick-up,0.84,309,317,546,459,428.0,388.7,4.1,18.44,8.24,3.5,10.0,1.67,N/A,NORMAL,KENDARAAN_BERHENTI
1789816010.892,2026-09-19 18:06:50.892,282,Perempatan Jl. Jendral Sudirman,117,4050,Golongan I,Sedan/Jip/Pick-up,0.69,104,471,480,713,292.8,592.5,3.07,28.11,9.34,3.5,9.0,1.55,N/A,NORMAL,NORMAL
1789816010.892,2026-09-19 18:06:50.892,282,Perempatan Jl. Jendral Sudirman,117,4033,Golongan I,Sedan/Jip/Pick-up,0.826,325,313,556,450,440.7,382.1,4.32,17.99,8.06,3.5,10.0,1.68,N/A,NORMAL,KENDARAAN_BERHENTI
1789816011.087,2026-09-19 18:06:51.087,282,Perempatan Jl. Jendral Sudirman,118,4050,Golongan I,Sedan/Jip/Pick-up,0.742,132,453,535,712,334.2,583.3,3.79,28.08,10.17,3.5,9.4,1.56,N/A,NORMAL,NORMAL
1789816011.087,2026-09-19 18:06:51.087,282,Perempatan Jl. Jendral Sudirman,118,4033,Golongan I,Sedan/Jip/Pick-up,0.875,336,307,568,444,452.7,376.2,4.56,17.71,8.17,3.5,9.7,1.69,N/A,NORMAL,KENDARAAN_BERHENTI
1789816011.246,2026-09-19 18:06:51.245,282,Perempatan Jl. Jendral Sudirman,119,4050,Golongan I,Sedan/Jip/Pick-up,0.759,168,436,580,700,374.5,568.7,4.44,27.72,10.64,3.5,10.0,1.56,N/A,NORMAL,NORMAL
1789816011.246,2026-09-19 18:06:51.245,282,Perempatan Jl. Jendral Sudirman,119,4033,Golongan I,Sedan/Jip/Pick-up,0.87,349,303,578,438,464.2,370.6,4.78,17.37,8.14,3.5,9.5,1.69,N/A,NORMAL,KENDARAAN_BERHENTI
1789816011.419,2026-09-19 18:06:51.419,282,Perempatan Jl. Jendral Sudirman,120,4033,Golongan I,Sedan/Jip/Pick-up,0.879,363,298,588,430,475.8,364.6,5.0,16.99,8.08,3.5,9.3,1.7,N/A,NORMAL,KENDARAAN_BERHENTI
1789816011.589,2026-09-19 18:06:51.588,282,Perempatan Jl. Jendral Sudirman,121,4033,Golongan I,Sedan/Jip/Pick-up,0.857,380,294,591,418,486.3,356.4,5.17,16.32,7.72,3.5,9.4,1.71,N/A,NORMAL,KENDARAAN_BERHENTI
1789816011.751,2026-09-19 18:06:51.750,282,Perempatan Jl. Jendral Sudirman,122,4033,Golongan I,Sedan/Jip/Pick-up,0.869,394,291,600,410,497.8,351.0,5.4,15.92,7.5,3.5,9.6,1.73,N/A,NORMAL,KENDARAAN_BERHENTI
1789816011.906,2026-09-19 18:06:51.906,282,Perempatan Jl. Jendral Sudirman,123,4033,Golongan I,Sedan/Jip/Pick-up,0.863,406,287,608,402,507.7,344.8,5.59,15.49,7.35,3.5,9.7,1.75,N/A,NORMAL,KENDARAAN_BERHENTI
1789816011.906,2026-09-19 18:06:51.906,282,Perempatan Jl. Jendral Sudirman,123,4052,Golongan I,Sedan/Jip/Pick-up,0.678,34,223,111,291,72.9,257.8,-7.01,8.49,5.68,2.21,0.0,1.12,N/A,NORMAL,NORMAL
1789816011.906,2026-09-19 18:06:51.906,282,Perempatan Jl. Jendral Sudirman,123,4050,Golongan I,Sedan/Jip/Pick-up,0.751,333,386,694,616,513.9,501.5,6.66,24.96,10.46,3.5,0.0,1.56,N/A,NORMAL,NORMAL
1789816012.081,2026-09-19 18:06:52.081,282,Perempatan Jl. Jendral Sudirman,124,4033,Golongan I,Sedan/Jip/Pick-up,0.822,414,281,619,397,516.7,339.4,5.78,15.21,7.52,3.5,9.7,1.76,N/A,NORMAL,KENDARAAN_BERHENTI
1789816012.081,2026-09-19 18:06:52.081,282,Perempatan Jl. Jendral Sudirman,124,4052,Golongan I,Sedan/Jip/Pick-up,0.669,39,222,109,283,74.4,253.1,-7.15,7.92,5.15,2.02,0.0,1.13,N/A,NORMAL,NORMAL
1789816012.081,2026-09-19 18:06:52.081,282,Perempatan Jl. Jendral Sudirman,124,4050,Golongan I,Sedan/Jip/Pick-up,0.792,374,371,722,594,548.3,483.1,7.25,24.15,10.52,3.5,0.0,1.56,N/A,NORMAL,NORMAL
1789816012.081,2026-09-19 18:06:52.081,282,Perempatan Jl. Jendral Sudirman,124,4046,Golongan I,Sedan/Jip/Pick-up,0.603,688,198,816,282,752.2,240.9,11.59,7.84,7.02,3.5,0.0,1.53,N/A,NORMAL,NORMAL
1789816012.238,2026-09-19 18:06:52.238,282,Perempatan Jl. Jendral Sudirman,125,4033,Golongan I,Sedan/Jip/Pick-up,0.842,424,276,628,392,526.6,334.6,5.99,14.91,7.61,3.5,9.6,1.76,N/A,NORMAL,KENDARAAN_BERHENTI
1789816012.238,2026-09-19 18:06:52.238,282,Perempatan Jl. Jendral Sudirman,125,4052,Golongan I,Sedan/Jip/Pick-up,0.643,41,218,110,280,75.8,249.6,-7.19,7.65,5.29,2.0,9.4,1.12,N/A,NORMAL,NORMAL
1789816012.238,2026-09-19 18:06:52.238,282,Perempatan Jl. Jendral Sudirman,125,4050,Golongan I,Sedan/Jip/Pick-up,0.785,408,358,742,571,575.8,465.3,7.73,23.29,10.42,3.5,21.5,1.57,N/A,NORMAL,NORMAL
1789816012.396,2026-09-19 18:06:52.395,282,Perempatan Jl. Jendral Sudirman,126,4033,Golongan I,Sedan/Jip/Pick-up,0.797,435,276,635,389,535.8,332.8,6.19,14.74,7.43,3.5,9.4,1.77,N/A,NORMAL,KENDARAAN_BERHENTI
1789816012.396,2026-09-19 18:06:52.395,282,Perempatan Jl. Jendral Sudirman,126,4050,Golongan I,Sedan/Jip/Pick-up,0.755,442,348,764,553,603.4,451.1,8.25,22.58,10.32,3.5,21.3,1.57,N/A,NORMAL,NORMAL
1789816012.396,2026-09-19 18:06:52.395,282,Perempatan Jl. Jendral Sudirman,126,4046,Golongan I,Sedan/Jip/Pick-up,0.619,697,200,821,280,759.7,240.3,11.8,7.65,6.69,3.5,0.0,1.54,N/A,NORMAL,NORMAL
1789816012.561,2026-09-19 18:06:52.560,282,Perempatan Jl. Jendral Sudirman,127,4033,Golongan I,Sedan/Jip/Pick-up,0.722,444,273,642,385,543.6,329.4,6.36,14.51,7.43,3.5,9.2,1.78,N/A,NORMAL,KENDARAAN_BERHENTI
1789816012.561,2026-09-19 18:06:52.560,282,Perempatan Jl. Jendral Sudirman,127,4050,Golongan I,Sedan/Jip/Pick-up,0.766,474,338,782,534,628.3,436.4,8.72,21.8,10.17,3.5,21.1,1.57,N/A,NORMAL,NORMAL
1789816012.713,2026-09-19 18:06:52.713,282,Perempatan Jl. Jendral Sudirman,128,4033,Golongan I,Sedan/Jip/Pick-up,0.767,449,270,653,385,551.1,327.9,6.55,14.53,7.66,3.5,8.8,1.77,N/A,NORMAL,KENDARAAN_BERHENTI
1789816012.865,2026-09-19 18:06:52.865,282,Perempatan Jl. Jendral Sudirman,129,4033,Golongan I,Sedan/Jip/Pick-up,0.829,457,266,659,380,558.8,323.5,6.71,14.26,7.67,3.5,8.5,1.77,N/A,NORMAL,KENDARAAN_BERHENTI
1789816012.865,2026-09-19 18:06:52.865,282,Perempatan Jl. Jendral Sudirman,129,4046,Golongan I,Sedan/Jip/Pick-up,0.723,708,195,830,274,769.7,234.9,12.09,7.21,6.71,3.5,0.0,1.55,N/A,NORMAL,KENDARAAN_BERHENTI
1789816012.865,2026-09-19 18:06:52.865,282,Perempatan Jl. Jendral Sudirman,129,4050,Golongan I,Sedan/Jip/Pick-up,0.822,530,320,817,504,674.3,412.5,9.65,20.49,10.05,3.5,0.0,1.56,N/A,NORMAL,NORMAL
1789816013.009,2026-09-19 18:06:53.009,282,Perempatan Jl. Jendral Sudirman,130,4033,Golongan I,Sedan/Jip/Pick-up,0.789,465,263,667,379,566.4,321.3,6.89,14.15,7.85,3.5,7.9,1.76,N/A,NORMAL,KENDARAAN_BERHENTI
1789816013.009,2026-09-19 18:06:53.009,282,Perempatan Jl. Jendral Sudirman,130,4046,Golongan I,Sedan/Jip/Pick-up,0.632,714,195,831,271,772.9,233.3,12.19,6.95,6.48,3.48,0.0,1.56,N/A,NORMAL,KENDARAAN_BERHENTI
1789816013.009,2026-09-19 18:06:53.009,282,Perempatan Jl. Jendral Sudirman,130,4050,Golongan I,Sedan/Jip/Pick-up,0.75,557,312,834,489,695.8,401.1,10.11,19.85,9.92,3.5,0.0,1.56,N/A,NORMAL,NORMAL
1789816013.168,2026-09-19 18:06:53.167,282,Perempatan Jl. Jendral Sudirman,131,4033,Golongan I,Sedan/Jip/Pick-up,0.76,473,260,673,375,573.4,317.9,7.05,13.92,7.85,3.5,7.4,1.75,N/A,NORMAL,KENDARAAN_BERHENTI
1789816013.168,2026-09-19 18:06:53.167,282,Perempatan Jl. Jendral Sudirman,131,4046,Golongan I,Sedan/Jip/Pick-up,0.656,718,195,834,269,776.2,232.5,12.28,6.84,6.32,3.45,5.0,1.56,N/A,NORMAL,KENDARAAN_BERHENTI
1789816013.168,2026-09-19 18:06:53.167,282,Perempatan Jl. Jendral Sudirman,131,4050,Golongan I,Sedan/Jip/Pick-up,0.769,581,303,850,476,716.4,389.7,10.55,19.23,9.94,3.5,18.5,1.55,N/A,NORMAL,NORMAL
1789816013.335,2026-09-19 18:06:53.334,282,Perempatan Jl. Jendral Sudirman,132,4033,Golongan I,Sedan/Jip/Pick-up,0.821,481,258,680,372,581.0,315.2,7.23,13.74,7.83,3.5,6.8,1.74,N/A,NORMAL,KENDARAAN_BERHENTI
1789816013.335,2026-09-19 18:06:53.334,282,Perempatan Jl. Jendral Sudirman,132,4046,Golongan I,Sedan/Jip/Pick-up,0.726,721,195,835,267,778.4,231.5,12.35,6.69,6.17,3.4,4.8,1.58,N/A,NORMAL,KENDARAAN_BERHENTI
1789816013.335,2026-09-19 18:06:53.334,282,Perempatan Jl. Jendral Sudirman,132,4050,Golongan I,Sedan/Jip/Pick-up,0.857,605,296,864,463,735.0,379.8,10.97,18.6,9.82,3.5,18.2,1.55,N/A,NORMAL,NORMAL
1789816013.493,2026-09-19 18:06:53.492,282,Perempatan Jl. Jendral Sudirman,133,4033,Golongan I,Sedan/Jip/Pick-up,0.835,491,256,684,367,588.0,312.0,7.38,13.47,7.69,3.5,6.5,1.74,N/A,NORMAL,KENDARAAN_BERHENTI
1789816013.493,2026-09-19 18:06:53.492,282,Perempatan Jl. Jendral Sudirman,133,4050,Golongan I,Sedan/Jip/Pick-up,0.806,627,290,876,451,752.0,371.3,11.36,18.06,9.67,3.5,17.7,1.54,N/A,NORMAL,NORMAL
1789816013.65,2026-09-19 18:06:53.649,282,Perempatan Jl. Jendral Sudirman,134,4033,Golongan I,Sedan/Jip/Pick-up,0.836,498,254,690,366,594.6,310.4,7.54,13.39,7.78,3.5,6.1,1.73,N/A,NORMAL,KENDARAAN_BERHENTI
1789816013.65,2026-09-19 18:06:53.649,282,Perempatan Jl. Jendral Sudirman,134,4050,Golongan I,Sedan/Jip/Pick-up,0.861,649,285,888,440,769.0,362.9,11.76,17.5,9.48,3.5,17.4,1.54,N/A,NORMAL,NORMAL
1789816013.65,2026-09-19 18:06:53.649,282,Perempatan Jl. Jendral Sudirman,134,4046,Golongan I,Sedan/Jip/Pick-up,0.65,726,192,840,264,783.6,228.9,12.51,6.47,6.22,3.41,0.0,1.59,N/A,NORMAL,KENDARAAN_BERHENTI
1789816013.805,2026-09-19 18:06:53.805,282,Perempatan Jl. Jendral Sudirman,135,4033,Golongan I,Sedan/Jip/Pick-up,0.811,505,252,693,361,599.8,306.5,7.66,13.08,7.64,3.5,5.9,1.72,N/A,NORMAL,KENDARAAN_BERHENTI
1789816013.805,2026-09-19 18:06:53.805,282,Perempatan Jl. Jendral Sudirman,135,4050,Golongan I,Sedan/Jip/Pick-up,0.88,668,280,898,430,783.4,356.0,12.11,17.0,9.34,3.5,17.0,1.53,N/A,NORMAL,NORMAL
1789816013.805,2026-09-19 18:06:53.805,282,Perempatan Jl. Jendral Sudirman,135,4046,Golongan I,Sedan/Jip/Pick-up,0.676,729,192,843,264,786.8,228.3,12.6,6.45,6.23,3.41,0.0,1.58,N/A,NORMAL,KENDARAAN_BERHENTI
1789816013.805,2026-09-19 18:06:53.805,282,Perempatan Jl. Jendral Sudirman,135,4052,Golongan I,Sedan/Jip/Pick-up,0.605,70,200,126,249,98.6,224.9,-7.29,5.26,4.46,1.68,0.0,1.14,N/A,NORMAL,NORMAL
1789816013.986,2026-09-19 18:06:53.986,282,Perempatan Jl. Jendral Sudirman,136,4033,Golongan I,Sedan/Jip/Pick-up,0.805,514,250,698,357,606.1,304.3,7.8,12.88,7.56,3.5,5.8,1.72,N/A,NORMAL,KENDARAAN_BERHENTI
1789816013.986,2026-09-19 18:06:53.986,282,Perempatan Jl. Jendral Sudirman,136,4050,Golongan I,Sedan/Jip/Pick-up,0.784,686,276,908,420,797.6,348.6,12.46,16.48,9.12,3.5,16.5,1.53,N/A,NORMAL,NORMAL
1789816013.986,2026-09-19 18:06:53.986,282,Perempatan Jl. Jendral Sudirman,136,4052,Golongan I,Sedan/Jip/Pick-up,0.614,72,199,128,248,100.5,224.0,-7.25,5.2,4.47,1.68,0.0,1.15,N/A,NORMAL,NORMAL
1789816014.172,2026-09-19 18:06:54.171,282,Perempatan Jl. Jendral Sudirman,137,4045,Golongan I,Sedan/Jip/Pick-up,0.757,646,213,785,294,716.1,254.1,10.58,8.72,6.52,3.5,0.0,1.69,N/A,NORMAL,NORMAL
1789816014.336,2026-09-19 18:06:54.335,282,Perempatan Jl. Jendral Sudirman,138,4054,Golongan I,Sedan/Jip/Pick-up,0.905,381,304,610,439,495.9,372.0,5.51,17.42,8.11,3.5,0.0,1.71,N/A,NORMAL,NORMAL
1789816014.336,2026-09-19 18:06:54.335,282,Perempatan Jl. Jendral Sudirman,138,4045,Golongan I,Sedan/Jip/Pick-up,0.884,652,211,789,292,720.9,251.8,10.72,8.54,6.55,3.5,0.0,1.68,N/A,NORMAL,NORMAL
1789816014.508,2026-09-19 18:06:54.508,282,Perempatan Jl. Jendral Sudirman,139,4054,Golongan I,Sedan/Jip/Pick-up,0.887,398,299,622,430,510.4,364.8,5.8,16.97,7.99,3.5,0.0,1.71,N/A,NORMAL,NORMAL
1789816014.508,2026-09-19 18:06:54.508,282,Perempatan Jl. Jendral Sudirman,139,4045,Golongan I,Sedan/Jip/Pick-up,0.793,660,210,792,289,726.2,249.5,10.86,8.29,6.43,3.5,5.5,1.67,N/A,NORMAL,NORMAL
1789816014.66,2026-09-19 18:06:54.660,282,Perempatan Jl. Jendral Sudirman,140,4054,Golongan I,Sedan/Jip/Pick-up,0.855,421,294,636,420,529.1,357.8,6.18,16.46,7.81,3.5,13.0,1.71,N/A,NORMAL,NORMAL
1789816014.66,2026-09-19 18:06:54.660,282,Perempatan Jl. Jendral Sudirman,140,4045,Golongan I,Sedan/Jip/Pick-up,0.759,665,208,794,285,730.1,247.0,10.97,8.04,6.32,3.5,5.6,1.67,N/A,NORMAL,NORMAL
1789816014.817,2026-09-19 18:06:54.817,282,Perempatan Jl. Jendral Sudirman,141,4054,Golongan I,Sedan/Jip/Pick-up,0.857,440,288,650,411,545.8,350.0,6.54,15.97,7.76,3.5,13.1,1.71,N/A,NORMAL,NORMAL
1789816014.817,2026-09-19 18:06:54.817,282,Perempatan Jl. Jendral Sudirman,141,4045,Golongan I,Sedan/Jip/Pick-up,0.846,670,206,799,283,735.4,245.3,11.12,7.92,6.35,3.5,5.5,1.66,N/A,NORMAL,NORMAL
1789816014.989,2026-09-19 18:06:54.988,282,Perempatan Jl. Jendral Sudirman,142,4054,Golongan I,Sedan/Jip/Pick-up,0.89,460,283,662,402,561.3,342.8,6.86,15.46,7.63,3.5,13.1,1.71,N/A,NORMAL,NORMAL
1789816014.989,2026-09-19 18:06:54.988,282,Perempatan Jl. Jendral Sudirman,142,4045,Golongan I,Sedan/Jip/Pick-up,0.832,675,205,802,282,738.9,243.6,11.22,7.78,6.37,3.5,5.3,1.66,N/A,NORMAL,NORMAL
1789816015.134,2026-09-19 18:06:55.134,282,Perempatan Jl. Jendral Sudirman,143,4054,Golongan I,Sedan/Jip/Pick-up,0.885,477,278,672,392,575.1,335.6,7.16,14.93,7.44,3.5,13.3,1.71,N/A,NORMAL,NORMAL
1789816015.134,2026-09-19 18:06:55.134,282,Perempatan Jl. Jendral Sudirman,143,4045,Golongan I,Sedan/Jip/Pick-up,0.842,681,204,804,278,742.8,241.6,11.33,7.54,6.16,3.5,5.3,1.66,N/A,NORMAL,NORMAL
1789816015.317,2026-09-19 18:06:55.317,282,Perempatan Jl. Jendral Sudirman,144,4054,Golongan I,Sedan/Jip/Pick-up,0.883,493,273,684,385,589.3,329.8,7.48,14.53,7.42,3.5,13.1,1.71,N/A,NORMAL,NORMAL
1789816015.317,2026-09-19 18:06:55.317,282,Perempatan Jl. Jendral Sudirman,144,4045,Golongan I,Sedan/Jip/Pick-up,0.871,685,202,807,276,746.6,239.5,11.44,7.36,6.2,3.5,5.2,1.65,N/A,NORMAL,NORMAL
1789816015.487,2026-09-19 18:06:55.487,282,Perempatan Jl. Jendral Sudirman,145,4054,Golongan I,Sedan/Jip/Pick-up,0.879,508,268,695,377,601.7,323.1,7.76,14.08,7.33,3.5,12.9,1.71,N/A,NORMAL,NORMAL
1789816015.487,2026-09-19 18:06:55.487,282,Perempatan Jl. Jendral Sudirman,145,4045,Golongan I,Sedan/Jip/Pick-up,0.845,691,202,810,274,751.0,238.3,11.57,7.22,6.05,3.5,5.1,1.65,N/A,NORMAL,NORMAL
1789816015.653,2026-09-19 18:06:55.652,282,Perempatan Jl. Jendral Sudirman,146,4054,Golongan I,Sedan/Jip/Pick-up,0.88,523,264,705,371,614.6,318.1,8.05,13.7,7.29,3.5,12.6,1.71,N/A,NORMAL,NORMAL
1789816015.653,2026-09-19 18:06:55.652,282,Perempatan Jl. Jendral Sudirman,146,4045,Golongan I,Sedan/Jip/Pick-up,0.858,696,200,813,271,755.0,236.2,11.68,6.99,6.01,3.46,5.0,1.65,N/A,NORMAL,NORMAL
1789816015.653,2026-09-19 18:06:55.652,282,Perempatan Jl. Jendral Sudirman,146,4059,Golongan I,Sedan/Jip/Pick-up,0.73,387,245,545,352,466.5,298.9,4.25,12.57,7.7,3.5,0.0,1.47,N/A,NORMAL,NORMAL
1789816015.808,2026-09-19 18:06:55.808,282,Perempatan Jl. Jendral Sudirman,147,4054,Golongan I,Sedan/Jip/Pick-up,0.876,538,260,714,364,626.5,312.6,8.33,13.28,7.18,3.5,12.5,1.71,N/A,NORMAL,NORMAL
1789816015.808,2026-09-19 18:06:55.808,282,Perempatan Jl. Jendral Sudirman,147,4045,Golongan I,Sedan/Jip/Pick-up,0.829,702,199,817,268,759.9,234.3,11.83,6.79,5.87,3.41,5.1,1.65,N/A,NORMAL,NORMAL
1789816015.968,2026-09-19 18:06:55.968,282,Perempatan Jl. Jendral Sudirman,148,4054,Golongan I,Sedan/Jip/Pick-up,0.869,551,256,724,358,637.8,307.2,8.6,12.9,7.13,3.5,12.4,1.71,N/A,NORMAL,NORMAL
1789816015.968,2026-09-19 18:06:55.968,282,Perempatan Jl. Jendral Sudirman,148,4045,Golongan I,Sedan/Jip/Pick-up,0.832,706,197,821,267,763.7,232.3,11.94,6.66,5.98,3.42,5.0,1.65,N/A,NORMAL,NORMAL
1789816015.968,2026-09-19 18:06:55.968,282,Perempatan Jl. Jendral Sudirman,148,4059,Golongan I,Sedan/Jip/Pick-up,0.624,442,235,583,331,513.0,283.4,5.3,11.23,7.17,3.5,0.0,1.47,N/A,NORMAL,NORMAL
1789816016.128,2026-09-19 18:06:56.127,282,Perempatan Jl. Jendral Sudirman,149,4054,Golongan I,Sedan/Jip/Pick-up,0.86,561,251,734,353,648.1,302.3,8.85,12.61,7.22,3.5,12.0,1.7,N/A,NORMAL,NORMAL
1789816016.128,2026-09-19 18:06:56.127,282,Perempatan Jl. Jendral Sudirman,149,4045,Golongan I,Sedan/Jip/Pick-up,0.825,711,195,823,264,767.4,229.9,12.05,6.43,5.94,3.34,4.9,1.65,N/A,NORMAL,NORMAL
1789816016.128,2026-09-19 18:06:56.127,282,Perempatan Jl. Jendral Sudirman,149,4059,Golongan I,Sedan/Jip/Pick-up,0.641,447,231,585,324,516.4,278.1,5.34,10.78,7.05,3.5,0.0,1.48,N/A,NORMAL,NORMAL
1789816016.291,2026-09-19 18:06:56.291,282,Perempatan Jl. Jendral Sudirman,150,4054,Golongan I,Sedan/Jip/Pick-up,0.846,575,249,740,347,658.1,298.7,9.09,12.25,7.01,3.5,11.6,1.7,N/A,NORMAL,NORMAL
1789816016.291,2026-09-19 18:06:56.291,282,Perempatan Jl. Jendral Sudirman,150,4045,Golongan I,Sedan/Jip/Pick-up,0.776,716,195,826,262,771.6,228.7,12.17,6.28,5.78,3.29,4.8,1.64,N/A,NORMAL,NORMAL
1789816016.472,2026-09-19 18:06:56.472,282,Perempatan Jl. Jendral Sudirman,151,4054,Golongan I,Sedan/Jip/Pick-up,0.873,586,246,748,342,667.6,294.3,9.33,11.9,6.93,3.5,11.2,1.69,N/A,NORMAL,NORMAL
1789816016.472,2026-09-19 18:06:56.472,282,Perempatan Jl. Jendral Sudirman,151,4045,Golongan I,Sedan/Jip/Pick-up,0.789,719,193,830,260,775.2,227.1,12.28,6.16,5.81,3.33,4.8,1.64,N/A,NORMAL,NORMAL
1789816016.472,2026-09-19 18:06:56.472,282,Perempatan Jl. Jendral Sudirman,151,4059,Golongan I,Sedan/Jip/Pick-up,0.751,471,222,612,317,542.0,269.7,5.97,10.27,7.35,3.5,0.0,1.5,N/A,NORMAL,NORMAL
1789816016.653,2026-09-19 18:06:56.652,282,Perempatan Jl. Jendral Sudirman,152,4054,Golongan I,Sedan/Jip/Pick-up,0.888,596,243,755,337,676.1,290.6,9.54,11.63,6.86,3.5,10.6,1.69,N/A,NORMAL,NORMAL
1789816016.653,2026-09-19 18:06:56.652,282,Perempatan Jl. Jendral Sudirman,152,4045,Golongan I,Sedan/Jip/Pick-up,0.794,723,191,833,259,778.4,225.6,12.37,6.03,5.93,3.31,4.6,1.64,N/A,NORMAL,NORMAL
1789816016.832,2026-09-19 18:06:56.831,282,Perempatan Jl. Jendral Sudirman,153,4054,Golongan I,Sedan/Jip/Pick-up,0.859,607,241,762,332,684.8,287.1,9.76,11.32,6.7,3.5,10.1,1.69,N/A,NORMAL,NORMAL
1789816016.832,2026-09-19 18:06:56.831,282,Perempatan Jl. Jendral Sudirman,153,4045,Golongan I,Sedan/Jip/Pick-up,0.835,728,190,836,256,782.2,223.7,12.49,5.84,5.79,3.26,4.5,1.64,N/A,NORMAL,NORMAL
1789816016.984,2026-09-19 18:06:56.983,282,Perempatan Jl. Jendral Sudirman,154,4054,Golongan I,Sedan/Jip/Pick-up,0.87,616,237,768,327,692.8,282.5,9.97,10.97,6.71,3.5,9.7,1.68,N/A,NORMAL,NORMAL
1789816016.984,2026-09-19 18:06:56.983,282,Perempatan Jl. Jendral Sudirman,154,4045,Golongan I,Sedan/Jip/Pick-up,0.851,732,188,839,254,786.0,221.2,12.61,5.63,5.82,3.23,4.5,1.63,N/A,NORMAL,NORMAL
1789816017.169,2026-09-19 18:06:57.168,282,Perempatan Jl. Jendral Sudirman,155,4054,Golongan I,Sedan/Jip/Pick-up,0.806,624,235,772,324,698.7,280.0,10.12,10.74,6.67,3.5,9.3,1.68,N/A,NORMAL,NORMAL
1789816017.326,2026-09-19 18:06:57.326,282,Perempatan Jl. Jendral Sudirman,156,4054,Golongan I,Sedan/Jip/Pick-up,0.824,633,232,779,319,706.3,275.8,10.32,10.42,6.59,3.5,8.9,1.67,N/A,NORMAL,NORMAL
1789816017.48,2026-09-19 18:06:57.479,282,Perempatan Jl. Jendral Sudirman,157,4054,Golongan I,Sedan/Jip/Pick-up,0.904,640,230,785,317,712.8,273.7,10.49,10.28,6.63,3.5,8.4,1.67,N/A,NORMAL,NORMAL
1789816017.644,2026-09-19 18:06:57.644,282,Perempatan Jl. Jendral Sudirman,158,4054,Golongan I,Sedan/Jip/Pick-up,0.835,650,228,789,312,719.9,270.7,10.68,9.95,6.46,3.5,8.1,1.67,N/A,NORMAL,NORMAL
1789816021.308,2026-09-19 18:07:01.308,282,Perempatan Jl. Jendral Sudirman,181,5009,Golongan I,Sedan/Jip/Pick-up,0.659,45,205,103,268,74.4,236.8,-7.53,6.72,5.57,1.71,0.0,0.93,N/A,NORMAL,NORMAL
1789816021.308,2026-09-19 18:07:01.308,282,Perempatan Jl. Jendral Sudirman,181,5010,Golongan I,Sedan/Jip/Pick-up,0.618,4,407,305,600,155.5,504.3,-0.37,24.37,8.97,3.5,0.0,1.56,N/A,NORMAL,NORMAL
1789816021.468,2026-09-19 18:07:01.467,282,Perempatan Jl. Jendral Sudirman,182,4062,Golongan I,Sedan/Jip/Pick-up,0.646,47,204,104,266,76.1,235.7,-7.52,6.61,5.5,1.69,0.0,0.93,N/A,NORMAL,NORMAL
1789816021.468,2026-09-19 18:07:01.467,282,Perempatan Jl. Jendral Sudirman,182,4063,Golongan I,Sedan/Jip/Pick-up,0.821,48,416,318,589,183.4,503.0,0.06,23.96,8.01,3.5,0.0,1.56,N/A,NORMAL,NORMAL
1789816021.608,2026-09-19 18:07:01.607,282,Perempatan Jl. Jendral Sudirman,183,4062,Golongan I,Sedan/Jip/Pick-up,0.687,50,203,105,263,77.7,233.6,-7.55,6.36,5.35,1.63,0.0,0.93,N/A,NORMAL,NORMAL
1789816021.608,2026-09-19 18:07:01.607,282,Perempatan Jl. Jendral Sudirman,183,4063,Golongan I,Sedan/Jip/Pick-up,0.809,70,404,342,577,206.4,490.9,0.4,23.51,8.19,3.5,0.0,1.57,N/A,NORMAL,NORMAL
1789816021.758,2026-09-19 18:07:01.758,282,Perempatan Jl. Jendral Sudirman,184,4062,Golongan I,Sedan/Jip/Pick-up,0.667,50,202,106,262,78.5,232.4,-7.54,6.3,5.37,1.67,3.9,0.93,N/A,NORMAL,NORMAL
1789816021.758,2026-09-19 18:07:01.758,282,Perempatan Jl. Jendral Sudirman,184,4063,Golongan I,Sedan/Jip/Pick-up,0.835,93,385,371,562,232.6,474.3,0.79,22.94,8.66,3.5,15.5,1.57,N/A,NORMAL,NORMAL
1789816021.919,2026-09-19 18:07:01.919,282,Perempatan Jl. Jendral Sudirman,185,4062,Golongan I,Sedan/Jip/Pick-up,0.652,53,200,106,258,79.8,229.5,-7.62,5.95,5.23,1.58,4.5,0.93,N/A,NORMAL,NORMAL
1789816021.919,2026-09-19 18:07:01.919,282,Perempatan Jl. Jendral Sudirman,185,4063,Golongan I,Sedan/Jip/Pick-up,0.65,117,369,397,547,257.5,458.7,1.15,22.35,8.98,3.5,15.6,1.57,N/A,NORMAL,NORMAL
1789816022.069,2026-09-19 18:07:02.069,282,Perempatan Jl. Jendral Sudirman,186,4062,Golongan I,Sedan/Jip/Pick-up,0.667,54,199,107,256,81.1,228.2,-7.61,5.84,5.16,1.59,4.6,0.93,N/A,NORMAL,NORMAL
1789816022.069,2026-09-19 18:07:02.069,282,Perempatan Jl. Jendral Sudirman,186,4063,Golongan I,Sedan/Jip/Pick-up,0.818,148,360,422,533,285.3,447.0,1.6,21.77,8.92,3.5,15.7,1.57,N/A,NORMAL,NORMAL
1789816022.217,2026-09-19 18:07:02.216,282,Perempatan Jl. Jendral Sudirman,187,4063,Golongan I,Sedan/Jip/Pick-up,0.781,181,355,440,519,310.8,437.6,2.01,21.16,8.61,3.5,16.0,1.58,N/A,NORMAL,NORMAL
1789816022.364,2026-09-19 18:07:02.364,282,Perempatan Jl. Jendral Sudirman,188,4063,Golongan I,Sedan/Jip/Pick-up,0.813,213,350,460,505,336.6,428.3,2.44,20.58,8.28,3.5,16.3,1.59,N/A,NORMAL,NORMAL
1789816022.364,2026-09-19 18:07:02.364,282,Perempatan Jl. Jendral Sudirman,188,4062,Golongan I,Sedan/Jip/Pick-up,0.66,56,198,109,255,83.1,226.7,-7.59,5.73,5.17,1.59,0.0,0.93,N/A,NORMAL,NORMAL
1789816022.507,2026-09-19 18:07:02.507,282,Perempatan Jl. Jendral Sudirman,189,4063,Golongan I,Sedan/Jip/Pick-up,0.766,233,340,479,494,356.7,417.4,2.78,20.05,8.41,3.5,16.4,1.6,N/A,NORMAL,NORMAL
1789816022.674,2026-09-19 18:07:02.674,282,Perempatan Jl. Jendral Sudirman,190,4063,Golongan I,Sedan/Jip/Pick-up,0.691,249,330,493,481,371.4,405.8,3.0,19.46,8.45,3.5,16.2,1.62,N/A,NORMAL,NORMAL
1789816022.818,2026-09-19 18:07:02.817,282,Perempatan Jl. Jendral Sudirman,191,4063,Golongan I,Sedan/Jip/Pick-up,0.742,278,323,517,470,397.9,396.7,3.5,18.94,8.38,3.5,16.2,1.63,N/A,NORMAL,NORMAL
1789816022.98,2026-09-19 18:07:02.979,282,Perempatan Jl. Jendral Sudirman,192,4063,Golongan I,Sedan/Jip/Pick-up,0.86,301,316,535,459,418.7,387.7,3.89,18.41,8.31,3.5,16.2,1.64,N/A,NORMAL,NORMAL
1789816022.98,2026-09-19 18:07:02.979,282,Perempatan Jl. Jendral Sudirman,192,4062,Golongan I,Sedan/Jip/Pick-up,0.677,55,194,111,255,83.5,225.2,-7.58,5.74,5.57,1.68,0.0,0.92,N/A,NORMAL,NORMAL
1789816023.138,2026-09-19 18:07:03.137,282,Perempatan Jl. Jendral Sudirman,193,4063,Golongan I,Sedan/Jip/Pick-up,0.827,322,309,552,448,437.5,379.3,4.24,17.91,8.24,3.5,16.1,1.65,N/A,NORMAL,NORMAL
1789816023.138,2026-09-19 18:07:03.137,282,Perempatan Jl. Jendral Sudirman,193,4062,Golongan I,Sedan/Jip/Pick-up,0.611,57,194,111,253,84.6,223.8,-7.59,5.59,5.4,1.63,0.0,0.91,N/A,NORMAL,NORMAL
1789816023.297,2026-09-19 18:07:03.297,282,Perempatan Jl. Jendral Sudirman,194,4063,Golongan I,Sedan/Jip/Pick-up,0.786,344,303,567,437,456.4,370.1,4.59,17.32,8.09,3.5,16.0,1.66,N/A,NORMAL,NORMAL
1789816023.452,2026-09-19 18:07:03.452,282,Perempatan Jl. Jendral Sudirman,195,4063,Golongan I,Sedan/Jip/Pick-up,0.803,362,294,585,428,473.8,361.6,4.94,16.87,8.26,3.5,15.8,1.67,N/A,NORMAL,NORMAL
1789816023.601,2026-09-19 18:07:03.601,282,Perempatan Jl. Jendral Sudirman,196,4063,Golongan I,Sedan/Jip/Pick-up,0.772,380,286,602,419,491.6,352.9,5.3,16.4,8.36,3.5,15.5,1.67,N/A,NORMAL,NORMAL
1789816023.765,2026-09-19 18:07:03.765,282,Perempatan Jl. Jendral Sudirman,197,4063,Golongan I,Sedan/Jip/Pick-up,0.766,399,280,616,409,508.1,345.4,5.64,15.89,8.26,3.5,15.1,1.68,N/A,NORMAL,NORMAL
1789816023.92,2026-09-19 18:07:03.920,282,Perempatan Jl. Jendral Sudirman,198,4063,Golongan I,Sedan/Jip/Pick-up,0.877,421,278,627,401,524.5,339.8,5.98,15.4,7.96,3.5,14.8,1.69,N/A,NORMAL,NORMAL
1789816024.07,2026-09-19 18:07:04.069,282,Perempatan Jl. Jendral Sudirman,199,4063,Golongan I,Sedan/Jip/Pick-up,0.831,438,273,640,392,539.8,332.9,6.3,14.92,7.83,3.5,14.7,1.69,N/A,NORMAL,NORMAL
1789816024.237,2026-09-19 18:07:04.236,282,Perempatan Jl. Jendral Sudirman,200,4063,Golongan I,Sedan/Jip/Pick-up,0.818,455,268,653,385,554.7,326.7,6.63,14.51,7.81,3.5,14.3,1.7,N/A,NORMAL,NORMAL
1789816024.383,2026-09-19 18:07:04.382,282,Perempatan Jl. Jendral Sudirman,201,4063,Golongan I,Sedan/Jip/Pick-up,0.801,473,265,662,377,567.9,321.6,6.92,14.04,7.57,3.5,14.1,1.71,N/A,NORMAL,NORMAL
1789816024.55,2026-09-19 18:07:04.550,282,Perempatan Jl. Jendral Sudirman,202,4063,Golongan I,Sedan/Jip/Pick-up,0.846,488,262,674,371,581.8,316.9,7.24,13.71,7.45,3.5,13.7,1.71,N/A,NORMAL,NORMAL
1789816024.705,2026-09-19 18:07:04.705,282,Perempatan Jl. Jendral Sudirman,203,4063,Golongan I,Sedan/Jip/Pick-up,0.832,502,256,687,363,595.1,310.1,7.55,13.26,7.44,3.5,13.4,1.71,N/A,NORMAL,NORMAL
1789816024.868,2026-09-19 18:07:04.868,282,Perempatan Jl. Jendral Sudirman,204,4063,Golongan I,Sedan/Jip/Pick-up,0.827,515,249,698,356,606.9,303.1,7.82,12.82,7.58,3.5,13.1,1.71,N/A,NORMAL,NORMAL
1789816024.868,2026-09-19 18:07:04.868,282,Perempatan Jl. Jendral Sudirman,204,4062,Golongan I,Sedan/Jip/Pick-up,0.601,65,184,110,234,88.1,209.6,-7.97,4.05,4.77,1.38,0.0,0.9,N/A,NORMAL,NORMAL
1789816025.025,2026-09-19 18:07:05.025,282,Perempatan Jl. Jendral Sudirman,205,4063,Golongan I,Sedan/Jip/Pick-up,0.795,531,248,706,350,619.0,299.7,8.11,12.47,7.28,3.5,12.7,1.71,N/A,NORMAL,NORMAL
1789816025.025,2026-09-19 18:07:05.025,282,Perempatan Jl. Jendral Sudirman,205,4062,Golongan I,Sedan/Jip/Pick-up,0.629,68,184,112,232,90.2,208.3,-7.98,3.8,4.59,1.35,0.0,0.93,N/A,NORMAL,NORMAL
1789816025.187,2026-09-19 18:07:05.187,282,Perempatan Jl. Jendral Sudirman,206,4063,Golongan I,Sedan/Jip/Pick-up,0.704,546,245,714,343,630.5,294.9,8.38,12.01,7.08,3.5,12.4,1.72,N/A,NORMAL,NORMAL
1789816025.187,2026-09-19 18:07:05.187,282,Perempatan Jl. Jendral Sudirman,206,4062,Golongan I,Sedan/Jip/Pick-up,0.77,68,183,112,230,90.4,207.3,-8.0,3.7,4.52,1.36,3.9,0.94,N/A,NORMAL,NORMAL
1789816025.349,2026-09-19 18:07:05.349,282,Perempatan Jl. Jendral Sudirman,207,4063,Golongan I,Sedan/Jip/Pick-up,0.804,559,242,723,338,641.4,290.4,8.65,11.67,7.01,3.5,12.1,1.72,N/A,NORMAL,NORMAL
1789816025.349,2026-09-19 18:07:05.349,282,Perempatan Jl. Jendral Sudirman,207,4062,Golongan I,Sedan/Jip/Pick-up,0.658,67,183,112,230,90.0,206.9,-8.02,3.69,4.52,1.39,3.4,0.95,N/A,NORMAL,NORMAL
1789816025.515,2026-09-19 18:07:05.515,282,Perempatan Jl. Jendral Sudirman,208,4063,Golongan I,Sedan/Jip/Pick-up,0.742,569,236,735,333,652.0,284.7,8.91,11.34,7.19,3.5,11.7,1.71,N/A,NORMAL,NORMAL
1789816025.515,2026-09-19 18:07:05.515,282,Perempatan Jl. Jendral Sudirman,208,4062,Golongan I,Sedan/Jip/Pick-up,0.722,66,183,112,230,89.7,206.9,-8.03,3.68,4.52,1.42,2.9,0.97,N/A,NORMAL,KENDARAAN_BERHENTI
1789816025.665,2026-09-19 18:07:05.665,282,Perempatan Jl. Jendral Sudirman,209,4063,Golongan I,Sedan/Jip/Pick-up,0.817,581,231,742,325,661.8,278.4,9.16,10.84,7.08,3.5,11.5,1.7,N/A,NORMAL,NORMAL
1789816025.665,2026-09-19 18:07:05.665,282,Perempatan Jl. Jendral Sudirman,209,4062,Golongan I,Sedan/Jip/Pick-up,0.682,64,181,110,229,87.3,205.7,-8.13,3.61,4.63,1.42,2.6,0.96,N/A,NORMAL,KENDARAAN_BERHENTI
1789816025.836,2026-09-19 18:07:05.836,282,Perempatan Jl. Jendral Sudirman,210,4063,Golongan I,Sedan/Jip/Pick-up,0.74,590,225,753,321,671.9,273.3,9.41,10.56,7.33,3.5,11.1,1.69,N/A,NORMAL,NORMAL
1789816025.995,2026-09-19 18:07:05.994,282,Perempatan Jl. Jendral Sudirman,211,4063,Golongan I,Sedan/Jip/Pick-up,0.831,600,219,762,316,681.5,268.2,9.66,10.24,7.52,3.5,10.9,1.67,N/A,NORMAL,NORMAL
1789816030.398,2026-09-19 18:07:10.397,282,Perempatan Jl. Jendral Sudirman,237,4071,Golongan I,Sedan/Jip/Pick-up,0.904,698,288,883,455,790.8,372.2,12.23,18.24,10.01,3.5,0.0,1.11,N/A,NORMAL,NORMAL
1789816030.547,2026-09-19 18:07:10.546,282,Perempatan Jl. Jendral Sudirman,238,4071,Golongan I,Sedan/Jip/Pick-up,0.879,677,294,871,469,774.6,382.1,11.85,18.91,10.25,3.5,0.0,1.11,N/A,NORMAL,NORMAL
1789816030.704,2026-09-19 18:07:10.704,282,Perempatan Jl. Jendral Sudirman,239,4071,Golongan I,Sedan/Jip/Pick-up,0.885,658,302,859,483,758.9,392.9,11.48,19.55,10.33,3.5,17.8,1.11,N/A,NORMAL,NORMAL
1789816030.866,2026-09-19 18:07:10.866,282,Perempatan Jl. Jendral Sudirman,240,4071,Golongan I,Sedan/Jip/Pick-up,0.877,636,311,846,500,741.8,405.9,11.1,20.33,10.48,3.5,18.0,1.11,N/A,NORMAL,NORMAL
1789816031.051,2026-09-19 18:07:11.050,282,Perempatan Jl. Jendral Sudirman,241,4071,Golongan I,Sedan/Jip/Pick-up,0.939,614,320,834,518,724.4,419.6,10.72,21.12,10.65,3.5,18.0,1.11,N/A,NORMAL,NORMAL
1789816031.249,2026-09-19 18:07:11.249,282,Perempatan Jl. Jendral Sudirman,242,4071,Golongan I,Sedan/Jip/Pick-up,0.902,589,328,819,535,704.6,431.9,10.3,21.83,10.84,3.5,17.7,1.11,N/A,NORMAL,NORMAL
1789816031.401,2026-09-19 18:07:11.400,282,Perempatan Jl. Jendral Sudirman,243,4071,Golongan I,Sedan/Jip/Pick-up,0.843,562,336,805,554,684.1,445.7,9.89,22.63,11.1,3.5,17.8,1.11,N/A,NORMAL,NORMAL
1789816031.555,2026-09-19 18:07:11.554,282,Perempatan Jl. Jendral Sudirman,244,4071,Golongan I,Sedan/Jip/Pick-up,0.913,534,347,788,575,661.3,461.4,9.44,23.42,11.22,3.5,18.0,1.12,N/A,NORMAL,NORMAL
1789816031.719,2026-09-19 18:07:11.719,282,Perempatan Jl. Jendral Sudirman,245,4071,Golongan I,Sedan/Jip/Pick-up,0.886,503,357,771,597,637.2,477.9,8.99,24.28,11.44,3.5,18.3,1.12,N/A,NORMAL,NORMAL
1789816031.879,2026-09-19 18:07:11.879,282,Perempatan Jl. Jendral Sudirman,246,4071,Golongan I,Sedan/Jip/Pick-up,0.866,470,370,752,622,611.5,496.6,8.53,25.15,11.56,3.5,18.6,1.12,N/A,NORMAL,NORMAL
1789816032.036,2026-09-19 18:07:12.035,282,Perempatan Jl. Jendral Sudirman,247,4071,Golongan I,Sedan/Jip/Pick-up,0.855,433,383,730,648,581.8,515.6,8.03,26.04,11.7,3.5,19.0,1.12,N/A,NORMAL,NORMAL
1789816032.218,2026-09-19 18:07:12.218,282,Perempatan Jl. Jendral Sudirman,248,4071,Golongan I,Sedan/Jip/Pick-up,0.881,393,393,709,675,551.4,534.7,7.53,26.93,12.04,3.5,19.3,1.12,N/A,NORMAL,NORMAL
1789816032.395,2026-09-19 18:07:12.395,282,Perempatan Jl. Jendral Sudirman,249,4071,Golongan I,Sedan/Jip/Pick-up,0.897,354,409,682,701,518.8,555.3,7.01,27.75,11.98,3.5,19.6,1.12,N/A,NORMAL,NORMAL
1789816032.562,2026-09-19 18:07:12.562,282,Perempatan Jl. Jendral Sudirman,250,4071,Golongan I,Sedan/Jip/Pick-up,0.884,319,424,648,715,484.1,570.2,6.44,28.17,11.62,3.5,19.6,1.13,N/A,NORMAL,NORMAL
1789816032.734,2026-09-19 18:07:12.734,282,Perempatan Jl. Jendral Sudirman,251,4071,Golongan I,Sedan/Jip/Pick-up,0.918,287,441,607,719,447.3,580.9,5.82,28.3,10.88,3.5,19.4,1.15,N/A,NORMAL,NORMAL
1789816032.908,2026-09-19 18:07:12.907,282,Perempatan Jl. Jendral Sudirman,252,4071,Golongan I,Sedan/Jip/Pick-up,0.893,254,459,564,720,409.2,590.0,5.15,28.3,10.03,3.5,18.7,1.19,N/A,NORMAL,NORMAL
1789816033.073,2026-09-19 18:07:13.072,282,Perempatan Jl. Jendral Sudirman,253,4071,Golongan I,Sedan/Jip/Pick-up,0.863,220,478,518,720,369.5,599.1,4.45,28.3,9.14,3.5,17.8,1.24,N/A,NORMAL,NORMAL
1789816033.246,2026-09-19 18:07:13.245,282,Perempatan Jl. Jendral Sudirman,254,4071,Golongan I,Sedan/Jip/Pick-up,0.842,185,499,469,720,327.6,609.8,3.72,28.3,8.19,3.5,17.0,1.29,N/A,NORMAL,NORMAL
1789816033.418,2026-09-19 18:07:13.417,282,Perempatan Jl. Jendral Sudirman,255,4071,Golongan I,Sedan/Jip/Pick-up,0.687,152,522,419,718,285.8,620.7,2.98,28.27,7.14,3.5,16.1,1.36,N/A,NORMAL,NORMAL
1789816033.591,2026-09-19 18:07:13.590,282,Perempatan Jl. Jendral Sudirman,256,4071,Golongan I,Sedan/Jip/Pick-up,0.749,99,545,352,717,226.0,631.3,1.92,28.23,6.16,3.5,15.7,1.47,N/A,NORMAL,NORMAL
1789816033.812,2026-09-19 18:07:13.811,282,Perempatan Jl. Jendral Sudirman,257,5011,Golongan I,Sedan/Jip/Pick-up,0.801,607,167,736,216,672.2,191.7,9.27,2.45,4.71,3.5,0.0,2.61,N/A,NORMAL,NORMAL
1789816033.969,2026-09-19 18:07:13.968,282,Perempatan Jl. Jendral Sudirman,258,4080,Golongan I,Sedan/Jip/Pick-up,0.761,599,168,729,218,664.4,193.4,9.04,2.61,4.78,3.5,0.0,2.61,N/A,NORMAL,NORMAL
1789816034.133,2026-09-19 18:07:14.132,282,Perempatan Jl. Jendral Sudirman,259,4080,Golongan I,Sedan/Jip/Pick-up,0.797,587,168,719,218,653.4,193.6,8.71,2.66,4.79,3.5,0.0,2.61,N/A,NORMAL,NORMAL
1789816034.301,2026-09-19 18:07:14.301,282,Perempatan Jl. Jendral Sudirman,260,4080,Golongan I,Sedan/Jip/Pick-up,0.78,576,168,706,218,641.8,193.4,8.36,2.6,4.79,3.5,7.4,2.61,N/A,NORMAL,NORMAL
1789816034.483,2026-09-19 18:07:14.483,282,Perempatan Jl. Jendral Sudirman,261,4080,Golongan I,Sedan/Jip/Pick-up,0.694,565,168,696,218,630.8,193.5,8.02,2.65,4.79,3.5,7.3,2.61,N/A,NORMAL,NORMAL
1789816034.657,2026-09-19 18:07:14.657,282,Perempatan Jl. Jendral Sudirman,262,4080,Golongan I,Sedan/Jip/Pick-up,0.732,552,169,685,220,618.8,194.7,7.67,2.78,4.86,3.5,7.3,2.61,N/A,NORMAL,NORMAL
1789816034.807,2026-09-19 18:07:14.806,282,Perempatan Jl. Jendral Sudirman,263,4080,Golongan I,Sedan/Jip/Pick-up,0.805,540,169,674,220,607.5,194.8,7.33,2.81,4.86,3.5,7.3,2.61,N/A,NORMAL,NORMAL
1789816034.963,2026-09-19 18:07:14.963,282,Perempatan Jl. Jendral Sudirman,264,4080,Golongan I,Sedan/Jip/Pick-up,0.614,530,170,663,221,597.0,195.6,7.01,2.86,4.85,3.5,7.3,2.61,N/A,NORMAL,NORMAL
1789816035.122,2026-09-19 18:07:15.122,282,Perempatan Jl. Jendral Sudirman,265,4080,Golongan I,Sedan/Jip/Pick-up,0.704,520,170,653,221,587.1,195.8,6.71,2.88,4.85,3.5,7.3,2.6,N/A,NORMAL,NORMAL
1789816035.303,2026-09-19 18:07:15.303,282,Perempatan Jl. Jendral Sudirman,266,4080,Golongan I,Sedan/Jip/Pick-up,0.787,510,170,643,221,577.2,195.9,6.42,2.89,4.85,3.5,7.2,2.6,N/A,NORMAL,NORMAL
1789816035.479,2026-09-19 18:07:15.479,282,Perempatan Jl. Jendral Sudirman,267,4080,Golongan I,Sedan/Jip/Pick-up,0.805,500,170,632,221,566.5,195.8,6.09,2.89,4.86,3.5,7.2,2.59,N/A,NORMAL,NORMAL
1789816035.646,2026-09-19 18:07:15.646,282,Perempatan Jl. Jendral Sudirman,268,4080,Golongan I,Sedan/Jip/Pick-up,0.805,487,169,621,222,554.6,196.0,5.74,2.95,5.05,3.5,7.1,2.58,N/A,NORMAL,NORMAL
1789816035.812,2026-09-19 18:07:15.812,282,Perempatan Jl. Jendral Sudirman,269,4080,Golongan I,Sedan/Jip/Pick-up,0.78,474,169,612,223,543.4,196.3,5.41,3.05,5.14,3.5,7.1,2.56,N/A,NORMAL,NORMAL
1789816035.966,2026-09-19 18:07:15.965,282,Perempatan Jl. Jendral Sudirman,270,4080,Golongan I,Sedan/Jip/Pick-up,0.804,465,170,600,223,533.0,196.7,5.1,3.04,5.04,3.5,7.1,2.55,N/A,NORMAL,NORMAL
1789816036.114,2026-09-19 18:07:16.114,282,Perempatan Jl. Jendral Sudirman,271,4080,Golongan I,Sedan/Jip/Pick-up,0.84,455,171,587,223,521.7,197.3,4.76,3.06,4.94,3.5,7.2,2.54,N/A,NORMAL,NORMAL
1789816036.313,2026-09-19 18:07:16.313,282,Perempatan Jl. Jendral Sudirman,272,4080,Golongan I,Sedan/Jip/Pick-up,0.833,447,172,575,223,511.7,197.7,4.46,3.03,4.84,3.5,7.1,2.53,N/A,NORMAL,NORMAL
1789816036.483,2026-09-19 18:07:16.483,282,Perempatan Jl. Jendral Sudirman,273,4080,Golongan I,Sedan/Jip/Pick-up,0.825,437,173,564,223,500.7,198.8,4.13,3.1,4.74,3.5,7.0,2.53,N/A,NORMAL,NORMAL
1789816036.646,2026-09-19 18:07:16.646,282,Perempatan Jl. Jendral Sudirman,274,4080,Golongan I,Sedan/Jip/Pick-up,0.832,426,174,552,224,489.4,199.7,3.8,3.18,4.73,3.5,6.9,2.52,N/A,NORMAL,NORMAL
1789816036.809,2026-09-19 18:07:16.809,282,Perempatan Jl. Jendral Sudirman,275,4080,Golongan I,Sedan/Jip/Pick-up,0.826,415,174,540,224,478.1,199.8,3.46,3.19,4.73,3.5,7.0,2.52,N/A,NORMAL,NORMAL
1789816036.982,2026-09-19 18:07:16.982,282,Perempatan Jl. Jendral Sudirman,276,4080,Golongan I,Sedan/Jip/Pick-up,0.827,403,175,529,225,466.5,200.3,3.12,3.24,4.72,3.5,7.1,2.52,N/A,NORMAL,NORMAL
1789816037.191,2026-09-19 18:07:17.190,282,Perempatan Jl. Jendral Sudirman,277,5012,Golongan I,Sedan/Jip/Pick-up,0.745,397,300,713,536,555.4,418.3,7.22,21.88,12.85,3.5,0.0,1.34,N/A,NORMAL,NORMAL
1789816037.355,2026-09-19 18:07:17.354,282,Perempatan Jl. Jendral Sudirman,278,4084,Golongan I,Sedan/Jip/Pick-up,0.843,357,310,691,559,524.8,434.7,6.67,22.8,13.11,3.5,0.0,1.34,N/A,NORMAL,NORMAL
1789816037.509,2026-09-19 18:07:17.509,282,Perempatan Jl. Jendral Sudirman,279,4084,Golongan I,Sedan/Jip/Pick-up,0.861,309,320,665,586,487.7,453.6,6.03,23.86,13.5,3.5,0.0,1.34,N/A,NORMAL,NORMAL
1789816037.672,2026-09-19 18:07:17.671,282,Perempatan Jl. Jendral Sudirman,280,4084,Golongan I,Sedan/Jip/Pick-up,0.69,258,335,627,610,443.1,473.1,5.27,24.74,13.43,3.5,27.1,1.34,N/A,NORMAL,NORMAL
1789816037.992,2026-09-19 18:07:17.991,282,Perempatan Jl. Jendral Sudirman,282,4084,Golongan I,Sedan/Jip/Pick-up,0.644,148,367,562,678,355.4,523.0,3.98,27.03,13.85,3.5,0.0,1.33,N/A,NORMAL,NORMAL
1789816038.327,2026-09-19 18:07:18.326,282,Perempatan Jl. Jendral Sudirman,284,4084,Golongan I,Sedan/Jip/Pick-up,0.758,33,412,438,714,236.1,563.4,2.08,28.13,12.51,3.5,0.0,1.34,N/A,NORMAL,NORMAL
1789816038.482,2026-09-19 18:07:18.482,282,Perempatan Jl. Jendral Sudirman,285,4084,Golongan I,Sedan/Jip/Pick-up,0.841,5,434,388,718,197.3,576.4,1.43,28.25,11.48,3.5,0.0,1.35,N/A,NORMAL,NORMAL
1789816038.652,2026-09-19 18:07:18.651,282,Perempatan Jl. Jendral Sudirman,286,4084,Golongan I,Sedan/Jip/Pick-up,0.729,0,455,344,719,172.0,587.7,0.99,28.28,10.45,3.5,12.1,1.31,N/A,NORMAL,NORMAL
1789816038.815,2026-09-19 18:07:18.814,282,Perempatan Jl. Jendral Sudirman,287,4084,Golongan I,Sedan/Jip/Pick-up,0.819,0,478,290,717,145.2,597.9,0.51,28.22,9.27,3.5,11.9,1.21,N/A,NORMAL,NORMAL
1789816038.981,2026-09-19 18:07:18.980,282,Perempatan Jl. Jendral Sudirman,288,4084,Golongan I,Sedan/Jip/Pick-up,0.825,0,505,236,718,118.4,612.2,0.05,28.27,8.04,3.5,11.6,1.11,N/A,NORMAL,NORMAL
1789816039.145,2026-09-19 18:07:19.145,282,Perempatan Jl. Jendral Sudirman,289,4084,Golongan I,Sedan/Jip/Pick-up,0.731,0,531,191,720,95.5,625.8,-0.34,28.3,6.96,3.5,11.2,1.01,N/A,NORMAL,NORMAL
1789816039.475,2026-09-19 18:07:19.474,282,Perempatan Jl. Jendral Sudirman,291,4089,Golongan I,Sedan/Jip/Pick-up,0.758,704,226,862,353,783.7,290.2,12.28,12.63,9.31,3.5,0.0,1.25,N/A,NORMAL,NORMAL
1789816039.658,2026-09-19 18:07:19.658,282,Perempatan Jl. Jendral Sudirman,292,4089,Golongan I,Sedan/Jip/Pick-up,0.802,691,231,852,359,771.7,295.6,11.97,13.01,9.25,3.5,0.0,1.25,N/A,NORMAL,NORMAL
1789816039.815,2026-09-19 18:07:19.815,282,Perempatan Jl. Jendral Sudirman,293,4089,Golongan I,Sedan/Jip/Pick-up,0.819,674,235,843,370,758.9,303.2,11.63,13.65,9.57,3.5,12.8,1.26,N/A,NORMAL,NORMAL
1789816039.815,2026-09-19 18:07:19.815,282,Perempatan Jl. Jendral Sudirman,293,4092,Golongan I,Sedan/Jip/Pick-up,0.601,115,175,170,217,143.3,196.8,-6.75,2.59,4.13,1.72,0.0,1.29,N/A,NORMAL,NORMAL
1789816039.966,2026-09-19 18:07:19.965,282,Perempatan Jl. Jendral Sudirman,294,4089,Golongan I,Sedan/Jip/Pick-up,0.862,655,240,832,380,744.4,310.5,11.26,14.25,9.74,3.5,13.3,1.26,N/A,NORMAL,NORMAL
1789816040.117,2026-09-19 18:07:20.117,282,Perempatan Jl. Jendral Sudirman,295,4089,Golongan I,Sedan/Jip/Pick-up,0.86,636,245,821,391,728.8,318.9,10.87,14.89,9.96,3.5,13.9,1.27,N/A,NORMAL,NORMAL
1789816040.274,2026-09-19 18:07:20.274,282,Perempatan Jl. Jendral Sudirman,296,4089,Golongan I,Sedan/Jip/Pick-up,0.842,616,251,809,403,712.9,327.4,10.49,15.54,10.14,3.5,14.5,1.27,N/A,NORMAL,NORMAL
1789816040.438,2026-09-19 18:07:20.437,282,Perempatan Jl. Jendral Sudirman,297,4089,Golongan I,Sedan/Jip/Pick-up,0.894,593,256,796,415,695.1,336.4,10.07,16.21,10.39,3.5,15.0,1.28,N/A,NORMAL,NORMAL
1789816040.632,2026-09-19 18:07:20.631,282,Perempatan Jl. Jendral Sudirman,298,4089,Golongan I,Sedan/Jip/Pick-up,0.853,569,262,784,429,676.6,345.9,9.64,16.93,10.66,3.5,15.3,1.28,N/A,NORMAL,NORMAL
1789816040.632,2026-09-19 18:07:20.631,282,Perempatan Jl. Jendral Sudirman,298,4086,Golongan I,Sedan/Jip/Pick-up,0.799,668,327,919,574,794.4,451.0,12.1,23.41,12.48,3.5,0.0,1.01,N/A,NORMAL,NORMAL
1789816040.818,2026-09-19 18:07:20.818,282,Perempatan Jl. Jendral Sudirman,299,4089,Golongan I,Sedan/Jip/Pick-up,0.815,542,269,767,443,655.1,356.4,9.16,17.62,10.84,3.5,15.5,1.29,N/A,NORMAL,NORMAL
1789817795.73,2026-09-19 18:36:35.729,312,Underpass Unila Arah Rajabasa,1,5000,Golongan VI-B,Sepeda Motor (Tanpa Helm),0.743,618,453,691,549,655.0,501.7,7.76,31.58,4.26,2.31,0.0,0.76,TANPA_HELM,MELANGGAR,PELANGGARAN_HELM
1789817795.73,2026-09-19 18:36:35.729,312,Underpass Unila Arah Rajabasa,1,5001,Golongan I,Sedan/Jip/Pick-up,0.68,291,338,410,477,351.3,407.7,2.08,30.69,5.35,2.71,0.0,0.86,N/A,NORMAL,NORMAL
1789817795.994,2026-09-19 18:36:35.994,312,Underpass Unila Arah Rajabasa,2,4096,Golongan I,Sedan/Jip/Pick-up,0.67,287,326,400,458,343.8,392.7,2.03,30.21,5.39,2.67,0.0,0.86,N/A,NORMAL,NORMAL
1789817796.245,2026-09-19 18:36:36.245,312,Underpass Unila Arah Rajabasa,3,4096,Golongan I,Sedan/Jip/Pick-up,0.681,282,315,389,440,335.9,378.1,1.97,29.7,5.39,2.6,0.0,0.86,N/A,NORMAL,NORMAL
1789817796.45,2026-09-19 18:36:36.449,312,Underpass Unila Arah Rajabasa,4,4096,Golongan I,Sedan/Jip/Pick-up,0.654,276,302,377,420,326.9,361.2,1.89,29.1,5.42,2.54,8.8,0.86,N/A,NORMAL,NORMAL
1789817796.45,2026-09-19 18:36:36.449,312,Underpass Unila Arah Rajabasa,4,4099,Golongan I,Sedan/Jip/Pick-up,0.809,676,519,755,621,715.8,570.5,8.0,33.28,3.72,2.25,0.0,0.78,N/A,NORMAL,NORMAL
1789817796.656,2026-09-19 18:36:36.656,312,Underpass Unila Arah Rajabasa,5,4099,Golongan VI-A,Sepeda Motor (Taat Helm),0.654,702,550,785,664,744.2,607.3,7.94,34.17,3.75,2.23,0.0,0.73,HELM,TAAT_HUKUM,NORMAL
1789817796.863,2026-09-19 18:36:36.863,312,Underpass Unila Arah Rajabasa,6,4096,Golongan I,Sedan/Jip/Pick-up,0.721,266,277,358,385,312.3,331.4,1.77,27.93,5.64,2.51,0.0,0.86,N/A,NORMAL,NORMAL
1789817797.058,2026-09-19 18:36:37.057,312,Underpass Unila Arah Rajabasa,7,4096,Golongan I,Sedan/Jip/Pick-up,0.684,264,267,351,368,307.6,317.8,1.75,27.31,5.61,2.47,0.0,0.86,N/A,NORMAL,NORMAL
1789817797.292,2026-09-19 18:36:37.292,312,Underpass Unila Arah Rajabasa,8,4103,Golongan I,Sedan/Jip/Pick-up,0.675,375,214,461,310,418.3,262.3,5.22,22.77,10.47,3.5,0.0,0.91,N/A,NORMAL,NORMAL
1789817797.477,2026-09-19 18:36:37.477,312,Underpass Unila Arah Rajabasa,9,4099,Golongan VI-A,Sepeda Motor (Taat Helm),0.64,655,538,742,650,698.7,594.1,7.17,33.93,3.53,2.22,0.0,0.78,HELM,TAAT_HUKUM,NORMAL
1789817797.808,2026-09-19 18:36:37.807,312,Underpass Unila Arah Rajabasa,11,4103,Golongan I,Sedan/Jip/Pick-up,0.633,388,234,490,346,439.7,290.6,5.27,24.81,10.67,3.5,0.0,0.91,N/A,NORMAL,NORMAL
1789817798.002,2026-09-19 18:36:38.001,312,Underpass Unila Arah Rajabasa,12,4096,Golongan I,Sedan/Jip/Pick-up,0.602,247,222,316,302,282.3,262.2,1.49,24.41,5.8,2.35,0.0,0.86,N/A,NORMAL,LAWAN_ARAH
1789817798.175,2026-09-19 18:36:38.175,312,Underpass Unila Arah Rajabasa,13,4103,Golongan I,Sedan/Jip/Pick-up,0.636,404,253,512,373,458.4,313.5,5.41,26.03,10.28,3.5,0.0,0.9,N/A,NORMAL,NORMAL
1789817798.346,2026-09-19 18:36:38.345,312,Underpass Unila Arah Rajabasa,14,4103,Golongan I,Sedan/Jip/Pick-up,0.624,412,261,524,385,468.2,323.9,5.49,26.57,10.23,3.5,0.0,0.9,N/A,NORMAL,NORMAL
1789817800.839,2026-09-19 18:36:40.839,312,Underpass Unila Arah Rajabasa,29,5002,Golongan I,Sedan/Jip/Pick-up,0.613,410,565,602,719,506.3,642.4,3.28,35.13,2.96,3.13,0.0,1.24,N/A,NORMAL,NORMAL
1789817801.008,2026-09-19 18:36:41.007,312,Underpass Unila Arah Rajabasa,30,4104,Golongan I,Sedan/Jip/Pick-up,0.607,385,544,601,718,493.6,631.4,3.11,35.12,3.45,3.5,0.0,1.24,N/A,NORMAL,NORMAL
1789817801.008,2026-09-19 18:36:41.007,312,Underpass Unila Arah Rajabasa,30,4103,Golongan I,Sedan/Jip/Pick-up,0.626,511,411,591,505,551.5,458.8,5.89,30.69,4.1,2.33,0.0,0.85,N/A,NORMAL,KENDARAAN_BERHENTI
1789817801.167,2026-09-19 18:36:41.166,312,Underpass Unila Arah Rajabasa,31,4104,Golongan I,Sedan/Jip/Pick-up,0.739,356,519,596,714,476.5,617.0,2.91,35.06,4.03,3.5,0.0,1.24,N/A,NORMAL,NORMAL
1789817801.352,2026-09-19 18:36:41.351,312,Underpass Unila Arah Rajabasa,32,4104,Golongan I,Sedan/Jip/Pick-up,0.65,339,494,576,688,458.0,591.4,2.77,34.7,4.28,3.5,5.7,1.23,N/A,NORMAL,NORMAL
1789817801.531,2026-09-19 18:36:41.530,312,Underpass Unila Arah Rajabasa,33,4104,Golongan I,Sedan/Jip/Pick-up,0.673,327,468,553,654,440.2,561.4,2.67,34.2,4.45,3.5,6.2,1.21,N/A,NORMAL,NORMAL
1789817801.704,2026-09-19 18:36:41.704,312,Underpass Unila Arah Rajabasa,34,4104,Golongan I,Sedan/Jip/Pick-up,0.731,318,445,528,621,423.5,533.5,2.58,33.66,4.55,3.5,7.0,1.2,N/A,NORMAL,NORMAL
1789817801.846,2026-09-19 18:36:41.845,312,Underpass Unila Arah Rajabasa,35,4104,Golongan I,Sedan/Jip/Pick-up,0.637,312,425,505,588,408.8,506.6,2.51,33.07,4.55,3.5,7.8,1.18,N/A,NORMAL,LAWAN_ARAH
1789817802.047,2026-09-19 18:36:42.047,312,Underpass Unila Arah Rajabasa,36,4104,Golongan I,Sedan/Jip/Pick-up,0.647,303,403,488,562,395.9,483.1,2.43,32.58,4.8,3.5,8.3,1.16,N/A,NORMAL,LAWAN_ARAH
1789817802.531,2026-09-19 18:36:42.530,312,Underpass Unila Arah Rajabasa,39,4104,Golongan I,Sedan/Jip/Pick-up,0.688,287,353,437,485,362.1,419.6,2.23,30.87,4.93,3.36,0.0,1.14,N/A,NORMAL,LAWAN_ARAH
1789817803.084,2026-09-19 18:36:43.083,312,Underpass Unila Arah Rajabasa,42,5004,Golongan I,Bus,0.692,407,266,532,406,470.3,336.5,5.24,27.52,10.77,3.5,0.0,0.89,N/A,NORMAL,NORMAL
1789817803.793,2026-09-19 18:36:43.793,312,Underpass Unila Arah Rajabasa,46,5005,Golongan I,Sedan/Jip/Pick-up,0.714,214,119,255,161,234.9,140.3,0.77,13.51,6.67,2.69,0.0,1.01,N/A,NORMAL,NORMAL
1789817804.192,2026-09-19 18:36:44.191,312,Underpass Unila Arah Rajabasa,48,5006,Golongan I,Sedan/Jip/Pick-up,0.654,623,526,700,612,662.1,569.2,6.92,33.17,2.78,1.95,0.0,0.9,N/A,NORMAL,NORMAL
1789817804.371,2026-09-19 18:36:44.371,312,Underpass Unila Arah Rajabasa,49,5006,Golongan I,Sedan/Jip/Pick-up,0.687,648,553,726,646,687.5,600.2,6.98,33.87,2.78,1.9,0.0,0.84,N/A,NORMAL,NORMAL
1789817804.556,2026-09-19 18:36:44.555,312,Underpass Unila Arah Rajabasa,50,5006,Golongan I,Sedan/Jip/Pick-up,0.752,672,584,758,683,715.6,634.0,7.05,34.56,2.72,2.0,13.8,0.86,N/A,NORMAL,NORMAL
1789817804.747,2026-09-19 18:36:44.746,312,Underpass Unila Arah Rajabasa,51,5006,Golongan I,Sedan/Jip/Pick-up,0.723,702,614,786,715,744.5,665.0,7.22,35.08,2.6,1.9,13.3,0.84,N/A,NORMAL,NORMAL
1789817804.913,2026-09-19 18:36:44.913,312,Underpass Unila Arah Rajabasa,52,5007,Golongan I,Sedan/Jip/Pick-up,0.632,221,145,259,189,240.7,167.5,0.85,16.63,5.6,2.03,0.0,0.87,N/A,NORMAL,NORMAL
1789817805.078,2026-09-19 18:36:45.077,312,Underpass Unila Arah Rajabasa,53,5008,Golongan VI-A,Sepeda Motor (Taat Helm),0.617,601,498,657,592,629.4,545.3,6.48,32.78,3.16,1.43,0.0,0.59,HELM,TAAT_HUKUM,NORMAL
1789817805.231,2026-09-19 18:36:45.230,312,Underpass Unila Arah Rajabasa,54,5008,Golongan VI-A,Sepeda Motor (Taat Helm),0.7,621,524,684,616,653.0,570.7,6.66,33.28,2.9,1.56,0.0,0.68,HELM,TAAT_HUKUM,NORMAL
1789817805.396,2026-09-19 18:36:45.395,312,Underpass Unila Arah Rajabasa,55,5006,Golongan VI-A,Sepeda Motor (Taat Helm),0.648,697,614,770,716,733.7,665.6,6.99,35.11,2.56,1.61,0.0,0.71,HELM,TAAT_HUKUM,NORMAL
1789817807.085,2026-09-19 18:36:47.085,312,Underpass Unila Arah Rajabasa,64,5009,Golongan I,Sedan/Jip/Pick-up,0.759,568,466,772,686,670.4,576.5,6.15,34.62,7.69,3.5,0.0,0.93,N/A,NORMAL,NORMAL
1789817807.263,2026-09-19 18:36:47.263,312,Underpass Unila Arah Rajabasa,65,4119,Golongan I,Sedan/Jip/Pick-up,0.81,582,481,792,709,687.4,595.6,6.21,34.99,7.63,3.5,0.0,0.93,N/A,NORMAL,NORMAL
1789817807.413,2026-09-19 18:36:47.412,312,Underpass Unila Arah Rajabasa,66,4119,Golongan I,Sedan/Jip/Pick-up,0.79,607,501,807,717,707.4,609.2,6.49,35.12,7.01,3.5,0.0,0.93,N/A,NORMAL,NORMAL
1789817807.583,2026-09-19 18:36:47.583,312,Underpass Unila Arah Rajabasa,67,4119,Golongan I,Sedan/Jip/Pick-up,0.761,641,524,824,719,732.7,622.2,6.93,35.16,6.22,3.5,8.3,0.94,N/A,NORMAL,NORMAL
1789817807.739,2026-09-19 18:36:47.739,312,Underpass Unila Arah Rajabasa,68,4119,Golongan I,Sedan/Jip/Pick-up,0.622,671,547,835,720,753.7,634.0,7.33,35.16,5.38,3.5,8.4,0.95,N/A,NORMAL,NORMAL
1789817810.032,2026-09-19 18:36:50.032,312,Underpass Unila Arah Rajabasa,81,5010,Golongan I,Sedan/Jip/Pick-up,0.683,360,495,531,692,445.8,593.9,2.59,34.76,4.17,2.87,0.0,0.86,N/A,NORMAL,NORMAL
1789817810.203,2026-09-19 18:36:50.202,312,Underpass Unila Arah Rajabasa,82,4120,Golongan I,Sedan/Jip/Pick-up,0.687,353,476,514,664,433.9,570.6,2.55,34.35,4.24,2.78,0.0,0.86,N/A,NORMAL,NORMAL
1789817810.361,2026-09-19 18:36:50.361,312,Underpass Unila Arah Rajabasa,83,4120,Golongan I,Sedan/Jip/Pick-up,0.739,340,458,494,638,417.4,548.4,2.43,33.94,4.3,2.72,0.0,0.86,N/A,NORMAL,NORMAL
1789817810.515,2026-09-19 18:36:50.515,312,Underpass Unila Arah Rajabasa,84,4120,Golongan I,Sedan/Jip/Pick-up,0.67,330,434,475,603,403.2,518.9,2.37,33.36,4.41,2.67,11.6,0.86,N/A,NORMAL,NORMAL
1789817810.667,2026-09-19 18:36:50.667,312,Underpass Unila Arah Rajabasa,85,4120,Golongan I,Sedan/Jip/Pick-up,0.733,322,415,457,571,390.0,493.4,2.3,32.78,4.41,2.58,11.9,0.86,N/A,NORMAL,NORMAL
1789817810.837,2026-09-19 18:36:50.836,312,Underpass Unila Arah Rajabasa,86,5012,Golongan I,Sedan/Jip/Pick-up,0.641,212,98,243,133,228.2,115.9,0.63,9.83,6.86,2.48,0.0,0.88,N/A,NORMAL,NORMAL
1789817810.994,2026-09-19 18:36:50.993,312,Underpass Unila Arah Rajabasa,87,4120,Golongan I,Sedan/Jip/Pick-up,0.664,305,380,427,521,366.7,450.7,2.15,31.75,4.57,2.5,0.0,0.86,N/A,NORMAL,NORMAL
1789817811.153,2026-09-19 18:36:51.152,312,Underpass Unila Arah Rajabasa,88,4120,Golongan I,Sedan/Jip/Pick-up,0.684,298,364,416,501,357.3,432.7,2.08,31.3,4.74,2.51,0.0,0.86,N/A,NORMAL,LAWAN_ARAH
1789817811.312,2026-09-19 18:36:51.311,312,Underpass Unila Arah Rajabasa,89,4120,Golongan I,Sedan/Jip/Pick-up,0.692,290,349,403,480,347.3,414.9,2.0,30.8,4.82,2.48,10.9,0.86,N/A,NORMAL,LAWAN_ARAH
1789817811.477,2026-09-19 18:36:51.476,312,Underpass Unila Arah Rajabasa,90,4120,Golongan I,Sedan/Jip/Pick-up,0.703,285,335,392,458,339.0,396.9,1.95,30.23,4.85,2.44,11.1,0.86,N/A,NORMAL,LAWAN_ARAH
1789817811.634,2026-09-19 18:36:51.633,312,Underpass Unila Arah Rajabasa,91,4120,Golongan I,Sedan/Jip/Pick-up,0.707,280,322,381,439,331.2,381.1,1.89,29.69,4.9,2.38,11.3,0.86,N/A,NORMAL,LAWAN_ARAH
1789817811.973,2026-09-19 18:36:51.973,312,Underpass Unila Arah Rajabasa,93,4120,Golongan I,Sedan/Jip/Pick-up,0.617,273,298,364,404,318.8,351.4,1.81,28.59,5.03,2.32,0.0,0.86,N/A,NORMAL,LAWAN_ARAH
1789817812.138,2026-09-19 18:36:52.137,312,Underpass Unila Arah Rajabasa,94,4120,Golongan I,Sedan/Jip/Pick-up,0.658,268,288,355,389,312.3,339.1,1.75,28.11,5.04,2.28,0.0,0.86,N/A,NORMAL,LAWAN_ARAH
1789817812.309,2026-09-19 18:36:52.308,312,Underpass Unila Arah Rajabasa,95,4120,Golongan I,Sedan/Jip/Pick-up,0.687,265,277,349,374,307.4,325.8,1.72,27.54,5.14,2.29,11.3,0.87,N/A,NORMAL,LAWAN_ARAH
1789817812.486,2026-09-19 18:36:52.486,312,Underpass Unila Arah Rajabasa,96,4120,Golongan I,Sedan/Jip/Pick-up,0.64,262,267,343,361,302.8,314.5,1.68,27.04,5.25,2.29,11.1,0.87,N/A,NORMAL,LAWAN_ARAH
1789817812.76,2026-09-19 18:36:52.759,312,Underpass Unila Arah Rajabasa,97,4124,Golongan I,Sedan/Jip/Pick-up,0.675,627,510,822,715,724.8,613.4,6.83,35.1,6.76,3.5,0.0,0.95,N/A,NORMAL,NORMAL
1789817812.955,2026-09-19 18:36:52.955,312,Underpass Unila Arah Rajabasa,98,4125,Golongan I,Sedan/Jip/Pick-up,0.767,331,426,465,569,398.8,498.1,2.44,32.73,4.0,2.56,0.0,0.93,N/A,NORMAL,NORMAL
1789817813.122,2026-09-19 18:36:53.121,312,Underpass Unila Arah Rajabasa,99,4125,Golongan I,Sedan/Jip/Pick-up,0.64,324,407,451,544,388.3,476.1,2.4,32.21,4.12,2.52,0.0,0.93,N/A,NORMAL,NORMAL
1789817813.305,2026-09-19 18:36:53.304,312,Underpass Unila Arah Rajabasa,100,4125,Golongan I,Sedan/Jip/Pick-up,0.764,316,388,436,517,376.5,453.5,2.32,31.64,4.2,2.48,11.3,0.93,N/A,NORMAL,NORMAL
1789817813.484,2026-09-19 18:36:53.484,312,Underpass Unila Arah Rajabasa,101,4126,Golongan I,Sedan/Jip/Pick-up,0.611,221,125,260,162,240.9,143.7,0.97,13.41,5.8,2.52,0.0,1.04,N/A,NORMAL,NORMAL
1789817813.682,2026-09-19 18:36:53.682,312,Underpass Unila Arah Rajabasa,102,4126,Golongan I,Sedan/Jip/Pick-up,0.605,219,121,257,157,238.7,139.6,0.92,12.91,5.83,2.53,0.0,1.04,N/A,NORMAL,NORMAL
1789817813.682,2026-09-19 18:36:53.682,312,Underpass Unila Arah Rajabasa,102,4125,Golongan I,Sedan/Jip/Pick-up,0.619,302,357,408,471,355.7,414.6,2.18,30.52,4.24,2.34,0.0,0.93,N/A,NORMAL,NORMAL
1789817813.871,2026-09-19 18:36:53.871,312,Underpass Unila Arah Rajabasa,103,4125,Golongan I,Sedan/Jip/Pick-up,0.697,296,343,396,450,346.8,397.2,2.12,29.96,4.25,2.29,0.0,0.93,N/A,NORMAL,NORMAL
1789817814.063,2026-09-19 18:36:54.063,312,Underpass Unila Arah Rajabasa,104,4125,Golongan I,Sedan/Jip/Pick-up,0.764,291,329,386,431,338.9,380.8,2.07,29.41,4.32,2.26,10.6,0.93,N/A,NORMAL,LAWAN_ARAH
1789817814.063,2026-09-19 18:36:54.063,312,Underpass Unila Arah Rajabasa,104,4126,Golongan I,Sedan/Jip/Pick-up,0.642,217,116,253,151,235.6,133.7,0.83,12.17,5.9,2.49,0.0,1.04,N/A,NORMAL,NORMAL
1789817814.231,2026-09-19 18:36:54.230,312,Underpass Unila Arah Rajabasa,105,4125,Golongan I,Sedan/Jip/Pick-up,0.77,285,318,376,414,331.0,366.6,2.0,28.89,4.29,2.23,10.7,0.93,N/A,NORMAL,LAWAN_ARAH
1789817814.725,2026-09-19 18:36:54.724,312,Underpass Unila Arah Rajabasa,108,4125,Golongan I,Sedan/Jip/Pick-up,0.602,270,282,351,368,310.9,325.6,1.81,27.29,4.58,2.22,0.0,0.93,N/A,NORMAL,LAWAN_ARAH
1789817814.906,2026-09-19 18:36:54.906,312,Underpass Unila Arah Rajabasa,109,4125,Golongan I,Sedan/Jip/Pick-up,0.626,267,269,346,354,306.6,312.3,1.79,26.73,4.84,2.27,0.0,0.93,N/A,NORMAL,LAWAN_ARAH
1789817815.75,2026-09-19 18:36:55.750,312,Underpass Unila Arah Rajabasa,114,5013,Golongan I,Sedan/Jip/Pick-up,0.626,256,233,315,296,286.3,264.8,1.61,24.0,4.51,1.98,0.0,0.95,N/A,NORMAL,NORMAL
1789817816.101,2026-09-19 18:36:56.101,312,Underpass Unila Arah Rajabasa,116,5014,Golongan I,Sedan/Jip/Pick-up,0.671,339,435,474,579,407.4,507.6,2.53,32.91,3.93,2.55,0.0,0.94,N/A,NORMAL,NORMAL
1789817816.632,2026-09-19 18:36:56.631,312,Underpass Unila Arah Rajabasa,119,5015,Golongan I,Sedan/Jip/Pick-up,0.604,257,234,320,313,289.0,274.4,1.59,24.95,5.41,2.06,0.0,0.79,N/A,NORMAL,NORMAL
1789817819.231,2026-09-19 18:36:59.231,312,Underpass Unila Arah Rajabasa,135,5016,Golongan I,Sedan/Jip/Pick-up,0.668,280,327,389,453,335.0,390.7,1.9,30.09,5.1,2.53,0.0,0.87,N/A,NORMAL,NORMAL
1789817819.382,2026-09-19 18:36:59.382,312,Underpass Unila Arah Rajabasa,136,4133,Golongan I,Sedan/Jip/Pick-up,0.698,280,319,381,436,330.7,378.1,1.89,29.59,4.98,2.41,0.0,0.87,N/A,NORMAL,NORMAL
1789817820.342,2026-09-19 18:37:00.342,312,Underpass Unila Arah Rajabasa,142,5017,Golongan I,Sedan/Jip/Pick-up,0.616,460,316,607,467,534.1,392.1,6.01,29.51,9.77,3.5,0.0,0.97,N/A,NORMAL,NORMAL
1789817820.657,2026-09-19 18:37:00.656,312,Underpass Unila Arah Rajabasa,144,5017,Golongan I,Sedan/Jip/Pick-up,0.619,481,335,640,500,560.9,417.9,6.2,30.47,9.9,3.5,0.0,0.96,N/A,NORMAL,NORMAL
1789817820.982,2026-09-19 18:37:00.981,312,Underpass Unila Arah Rajabasa,146,5017,Golongan I,Sedan/Jip/Pick-up,0.614,502,356,673,536,588.3,446.5,6.33,31.45,9.93,3.5,0.0,0.95,N/A,NORMAL,NORMAL
1789817821.286,2026-09-19 18:37:01.285,312,Underpass Unila Arah Rajabasa,148,5017,Golongan I,Sedan/Jip/Pick-up,0.733,528,387,709,583,619.4,485.2,6.38,32.58,9.49,3.5,0.0,0.93,N/A,NORMAL,NORMAL
1789817821.286,2026-09-19 18:37:01.285,312,Underpass Unila Arah Rajabasa,148,5018,Golongan VI-B,Sepeda Motor (Tanpa Helm),0.663,341,411,387,500,364.7,456.0,2.2,31.26,2.75,0.9,0.0,0.51,TANPA_HELM,MELANGGAR,PELANGGARAN_HELM
1789817821.447,2026-09-19 18:37:01.447,312,Underpass Unila Arah Rajabasa,149,4137,Golongan I,Sedan/Jip/Pick-up,0.697,544,404,728,603,636.1,503.9,6.48,33.02,9.12,3.5,0.0,0.93,N/A,NORMAL,NORMAL
1789817822.769,2026-09-19 18:37:02.768,312,Underpass Unila Arah Rajabasa,157,5019,Golongan I,Sedan/Jip/Pick-up,0.604,572,421,632,498,602.8,460.5,7.29,30.22,3.72,1.95,0.0,0.78,N/A,NORMAL,NORMAL
1789817823.936,2026-09-19 18:37:03.935,312,Underpass Unila Arah Rajabasa,164,5020,Golongan I,Sedan/Jip/Pick-up,0.698,627,449,689,518,658.6,484.0,8.46,30.6,3.36,2.09,0.0,0.89,N/A,NORMAL,NORMAL
1789817824.294,2026-09-19 18:37:04.293,312,Underpass Unila Arah Rajabasa,166,5021,Golongan II,Truk 2 Gandar,0.691,398,268,496,360,447.9,314.5,5.3,25.49,7.4,3.5,0.0,1.06,N/A,NORMAL,NORMAL
1789817824.641,2026-09-19 18:37:04.640,312,Underpass Unila Arah Rajabasa,168,5022,Golongan I,Sedan/Jip/Pick-up,0.68,694,513,769,597,731.8,555.9,8.82,32.69,3.4,2.31,0.0,0.89,N/A,NORMAL,NORMAL
1789817826.863,2026-09-19 18:37:06.863,312,Underpass Unila Arah Rajabasa,181,5023,Golongan VI-A,Sepeda Motor (Taat Helm),0.674,331,352,358,428,344.8,390.3,2.2,29.26,3.06,0.62,0.0,0.36,HELM,TAAT_HUKUM,NORMAL
1789817827.028,2026-09-19 18:37:07.028,312,Underpass Unila Arah Rajabasa,182,5023,Golongan VI-A,Sepeda Motor (Taat Helm),0.663,318,330,346,403,332.9,367.2,2.09,28.48,3.22,0.68,0.0,0.38,HELM,TAAT_HUKUM,NORMAL
1789817827.184,2026-09-19 18:37:07.183,312,Underpass Unila Arah Rajabasa,183,5023,Golongan VI-A,Sepeda Motor (Taat Helm),0.734,312,315,336,383,324.5,349.4,2.02,27.77,3.23,0.61,16.8,0.34,HELM,TAAT_HUKUM,NORMAL
1789817827.341,2026-09-19 18:37:07.341,312,Underpass Unila Arah Rajabasa,184,5023,Golongan VI-A,Sepeda Motor (Taat Helm),0.77,304,296,327,362,315.8,329.4,1.95,26.98,3.43,0.62,17.0,0.35,HELM,TAAT_HUKUM,NORMAL
1789817827.507,2026-09-19 18:37:07.506,312,Underpass Unila Arah Rajabasa,185,5023,Golongan VI-A,Sepeda Motor (Taat Helm),0.743,296,284,319,347,308.0,315.8,1.86,26.39,3.47,0.64,16.7,0.36,HELM,TAAT_HUKUM,NORMAL
1789817827.665,2026-09-19 18:37:07.664,312,Underpass Unila Arah Rajabasa,186,5023,Golongan VI-A,Sepeda Motor (Taat Helm),0.624,289,269,310,328,300.1,299.1,1.78,25.56,3.52,0.62,16.7,0.37,HELM,TAAT_HUKUM,LAWAN_ARAH
1789817827.826,2026-09-19 18:37:07.825,312,Underpass Unila Arah Rajabasa,187,5023,Golongan VI-A,Sepeda Motor (Taat Helm),0.718,283,255,303,312,293.3,284.0,1.7,24.82,3.66,0.62,16.7,0.35,HELM,TAAT_HUKUM,LAWAN_ARAH
1789817831.719,2026-09-19 18:37:11.718,312,Underpass Unila Arah Rajabasa,211,5026,Golongan I,Sedan/Jip/Pick-up,0.613,716,620,796,718,756.5,669.2,7.41,35.14,2.53,1.82,0.0,0.82,N/A,NORMAL,NORMAL
1789817832.229,2026-09-19 18:37:12.228,312,Underpass Unila Arah Rajabasa,214,5027,Golongan VI-B,Sepeda Motor (Tanpa Helm),0.657,269,433,307,519,288.3,476.5,0.96,31.9,2.2,0.61,0.0,0.44,TANPA_HELM,MELANGGAR,PELANGGARAN_HELM
1789817832.742,2026-09-19 18:37:12.741,312,Underpass Unila Arah Rajabasa,217,5028,Golongan I,Sedan/Jip/Pick-up,0.747,558,480,649,597,604.0,538.7,5.88,32.93,3.89,2.28,0.0,0.78,N/A,NORMAL,NORMAL
1789817832.742,2026-09-19 18:37:12.741,312,Underpass Unila Arah Rajabasa,217,5027,Golongan VI-B,Sepeda Motor (Tanpa Helm),0.69,253,378,286,449,269.7,414.2,0.82,30.28,2.28,0.6,0.0,0.46,TANPA_HELM,MELANGGAR,PELANGGARAN_HELM
1789817833.654,2026-09-19 18:37:13.654,312,Underpass Unila Arah Rajabasa,222,5029,Golongan I,Sedan/Jip/Pick-up,0.622,681,586,762,689,722.2,638.3,7.11,34.65,2.82,1.89,0.0,0.78,N/A,NORMAL,NORMAL
1789817833.813,2026-09-19 18:37:13.813,312,Underpass Unila Arah Rajabasa,223,5029,Golongan I,Sedan/Jip/Pick-up,0.615,706,617,795,717,750.9,667.3,7.31,35.13,2.58,2.02,0.0,0.88,N/A,NORMAL,NORMAL
1789817838.068,2026-09-19 18:37:18.067,312,Underpass Unila Arah Rajabasa,249,5031,Golongan I,Sedan/Jip/Pick-up,0.602,360,224,446,313,403.7,268.9,4.69,23.25,8.72,3.5,0.0,0.97,N/A,NORMAL,NORMAL
1789817838.534,2026-09-19 18:37:18.534,312,Underpass Unila Arah Rajabasa,252,5031,Golongan I,Sedan/Jip/Pick-up,0.628,372,240,463,337,418.0,289.2,4.76,24.57,8.6,3.5,0.0,0.94,N/A,NORMAL,NORMAL
1789817838.685,2026-09-19 18:37:18.685,312,Underpass Unila Arah Rajabasa,253,4164,Golongan I,Sedan/Jip/Pick-up,0.636,374,243,469,345,422.0,294.6,4.77,24.95,8.83,3.5,0.0,0.94,N/A,NORMAL,NORMAL
1789817838.851,2026-09-19 18:37:18.850,312,Underpass Unila Arah Rajabasa,254,4164,Golongan I,Sedan/Jip/Pick-up,0.693,378,249,476,352,427.5,301.0,4.82,25.32,8.66,3.5,0.0,0.94,N/A,NORMAL,NORMAL
1789817839.029,2026-09-19 18:37:19.029,312,Underpass Unila Arah Rajabasa,255,4164,Golongan I,Sedan/Jip/Pick-up,0.651,383,256,481,361,432.5,309.0,4.83,25.74,8.47,3.5,8.3,0.94,N/A,NORMAL,NORMAL
1789817839.208,2026-09-19 18:37:19.208,312,Underpass Unila Arah Rajabasa,256,4164,Golongan I,Sedan/Jip/Pick-up,0.632,388,262,491,372,439.5,317.5,4.88,26.22,8.58,3.5,8.5,0.93,N/A,NORMAL,NORMAL
1789817839.379,2026-09-19 18:37:19.378,312,Underpass Unila Arah Rajabasa,257,4164,Golongan I,Sedan/Jip/Pick-up,0.65,393,268,498,381,445.9,325.1,4.92,26.6,8.54,3.5,8.5,0.93,N/A,NORMAL,NORMAL
1789817839.565,2026-09-19 18:37:19.564,312,Underpass Unila Arah Rajabasa,258,4164,Golongan I,Sedan/Jip/Pick-up,0.652,397,275,505,391,451.4,333.3,4.94,27.0,8.42,3.5,8.5,0.93,N/A,NORMAL,NORMAL
1789817839.735,2026-09-19 18:37:19.734,312,Underpass Unila Arah Rajabasa,259,4164,Golongan I,Sedan/Jip/Pick-up,0.717,402,282,513,402,458.3,342.2,4.98,27.44,8.38,3.5,8.5,0.93,N/A,NORMAL,NORMAL
1789817839.884,2026-09-19 18:37:19.883,312,Underpass Unila Arah Rajabasa,260,4164,Golongan I,Sedan/Jip/Pick-up,0.708,409,289,521,410,465.1,350.4,5.04,27.76,8.22,3.5,8.5,0.92,N/A,NORMAL,NORMAL
1789817840.054,2026-09-19 18:37:20.053,312,Underpass Unila Arah Rajabasa,261,4164,Golongan I,Sedan/Jip/Pick-up,0.669,414,297,528,420,471.7,359.3,5.08,28.13,8.02,3.5,8.4,0.92,N/A,NORMAL,NORMAL
1789817840.244,2026-09-19 18:37:20.243,312,Underpass Unila Arah Rajabasa,262,4164,Golongan I,Sedan/Jip/Pick-up,0.603,420,304,538,433,479.5,368.9,5.11,28.56,8.1,3.5,8.4,0.92,N/A,NORMAL,NORMAL
1789817840.407,2026-09-19 18:37:20.407,312,Underpass Unila Arah Rajabasa,263,4164,Golongan I,Sedan/Jip/Pick-up,0.674,426,312,547,444,487.2,378.2,5.16,28.93,7.99,3.5,8.4,0.92,N/A,NORMAL,NORMAL
1789817840.574,2026-09-19 18:37:20.574,312,Underpass Unila Arah Rajabasa,264,4164,Golongan I,Sedan/Jip/Pick-up,0.645,433,319,557,454,495.1,387.2,5.22,29.27,7.95,3.5,8.4,0.92,N/A,NORMAL,NORMAL
1789817840.926,2026-09-19 18:37:20.925,312,Underpass Unila Arah Rajabasa,266,5032,Golongan I,Sedan/Jip/Pick-up,0.617,345,443,474,592,410.2,517.7,2.52,33.15,3.91,2.39,0.0,0.86,N/A,NORMAL,NORMAL
1789817841.142,2026-09-19 18:37:21.141,312,Underpass Unila Arah Rajabasa,267,4164,Golongan I,Sedan/Jip/Pick-up,0.608,453,346,587,492,520.4,419.6,5.33,30.43,7.62,3.5,0.0,0.92,N/A,NORMAL,NORMAL
1789817842.199,2026-09-19 18:37:22.198,312,Underpass Unila Arah Rajabasa,273,4164,Golongan I,Sedan/Jip/Pick-up,0.721,498,373,660,551,579.8,462.8,5.93,31.89,8.68,3.5,0.0,0.91,N/A,NORMAL,NORMAL
1789817842.381,2026-09-19 18:37:22.381,312,Underpass Unila Arah Rajabasa,274,4164,Golongan I,Sedan/Jip/Pick-up,0.681,510,382,672,561,591.5,471.9,6.06,32.1,8.53,3.5,0.0,0.91,N/A,NORMAL,NORMAL
1789817842.56,2026-09-19 18:37:22.560,312,Underpass Unila Arah Rajabasa,275,4164,Golongan I,Sedan/Jip/Pick-up,0.611,520,393,686,575,603.4,484.3,6.14,32.43,8.37,3.5,5.7,0.91,N/A,NORMAL,NORMAL
1789817842.747,2026-09-19 18:37:22.746,312,Underpass Unila Arah Rajabasa,276,4164,Golongan I,Sedan/Jip/Pick-up,0.668,531,406,699,589,615.8,497.7,6.22,32.74,8.06,3.5,5.8,0.92,N/A,NORMAL,NORMAL
1789817842.993,2026-09-19 18:37:22.992,312,Underpass Unila Arah Rajabasa,277,4164,Golongan I,Sedan/Jip/Pick-up,0.738,541,417,715,606,628.8,512.2,6.28,33.11,8.03,3.5,5.8,0.92,N/A,NORMAL,NORMAL
1789817843.159,2026-09-19 18:37:23.158,312,Underpass Unila Arah Rajabasa,278,4164,Golongan I,Sedan/Jip/Pick-up,0.661,552,429,732,624,642.9,527.0,6.34,33.47,7.97,3.5,5.9,0.92,N/A,NORMAL,NORMAL
1789817843.359,2026-09-19 18:37:23.359,312,Underpass Unila Arah Rajabasa,279,4164,Golongan I,Sedan/Jip/Pick-up,0.671,566,449,747,643,656.9,546.6,6.39,33.84,7.43,3.5,6.0,0.93,N/A,NORMAL,NORMAL
1789817843.521,2026-09-19 18:37:23.520,312,Underpass Unila Arah Rajabasa,280,4164,Golongan I,Sedan/Jip/Pick-up,0.744,581,464,764,659,672.6,562.0,6.5,34.14,7.19,3.5,6.1,0.93,N/A,NORMAL,NORMAL
1789817843.677,2026-09-19 18:37:23.676,312,Underpass Unila Arah Rajabasa,281,4164,Golongan I,Sedan/Jip/Pick-up,0.794,592,478,782,681,687.7,579.7,6.54,34.52,7.14,3.5,6.3,0.94,N/A,NORMAL,NORMAL
1789817843.861,2026-09-19 18:37:23.860,312,Underpass Unila Arah Rajabasa,282,4164,Golongan I,Sedan/Jip/Pick-up,0.685,604,490,801,700,703.2,595.5,6.61,34.84,7.16,3.5,6.4,0.94,N/A,NORMAL,NORMAL
1789817844.022,2026-09-19 18:37:24.021,312,Underpass Unila Arah Rajabasa,283,4164,Golongan I,Sedan/Jip/Pick-up,0.761,619,506,819,717,719.4,612.1,6.71,35.12,6.93,3.5,6.5,0.95,N/A,NORMAL,NORMAL
1789817845.911,2026-09-19 18:37:25.910,312,Underpass Unila Arah Rajabasa,294,5034,Golongan I,Sedan/Jip/Pick-up,0.782,416,570,596,719,506.5,644.7,3.29,35.12,2.83,2.91,0.0,1.21,N/A,NORMAL,NORMAL
1789817846.067,2026-09-19 18:37:26.067,312,Underpass Unila Arah Rajabasa,295,4169,Golongan I,Sedan/Jip/Pick-up,0.701,387,547,592,718,490.1,632.8,3.07,35.11,3.34,3.35,0.0,1.21,N/A,NORMAL,NORMAL
1789817846.241,2026-09-19 18:37:26.240,312,Underpass Unila Arah Rajabasa,296,4169,Golongan I,Sedan/Jip/Pick-up,0.644,366,524,579,701,473.2,613.1,2.92,34.88,3.64,3.5,0.0,1.2,N/A,NORMAL,NORMAL
1789817846.402,2026-09-19 18:37:26.402,312,Underpass Unila Arah Rajabasa,297,4169,Golongan I,Sedan/Jip/Pick-up,0.78,352,497,557,669,454.6,583.1,2.81,34.41,3.83,3.5,8.0,1.19,N/A,NORMAL,NORMAL
1789817846.569,2026-09-19 18:37:26.569,312,Underpass Unila Arah Rajabasa,298,4169,Golongan I,Sedan/Jip/Pick-up,0.774,339,470,533,634,436.6,552.4,2.72,33.87,3.98,3.49,8.5,1.18,N/A,NORMAL,NORMAL
1789817846.569,2026-09-19 18:37:26.569,312,Underpass Unila Arah Rajabasa,298,4170,Golongan I,Sedan/Jip/Pick-up,0.801,468,342,596,479,532.3,410.9,5.8,29.92,7.69,3.5,0.0,0.94,N/A,NORMAL,NORMAL
1789817846.73,2026-09-19 18:37:26.730,312,Underpass Unila Arah Rajabasa,299,4169,Golongan I,Sedan/Jip/Pick-up,0.766,329,447,511,602,420.5,525.2,2.62,33.32,4.07,3.4,9.1,1.17,N/A,NORMAL,NORMAL
1789817846.73,2026-09-19 18:37:26.730,312,Underpass Unila Arah Rajabasa,299,4170,Golongan I,Sedan/Jip/Pick-up,0.662,474,350,609,494,542.1,422.9,5.82,30.39,7.79,3.5,0.0,0.94,N/A,NORMAL,NORMAL
1789817846.887,2026-09-19 18:37:26.886,312,Underpass Unila Arah Rajabasa,300,4169,Golongan I,Sedan/Jip/Pick-up,0.697,322,426,489,571,405.7,499.1,2.54,32.75,4.12,3.23,9.7,1.16,N/A,NORMAL,LAWAN_ARAH
1789817846.887,2026-09-19 18:37:26.886,312,Underpass Unila Arah Rajabasa,300,4170,Golongan I,Sedan/Jip/Pick-up,0.631,485,364,623,512,554.9,438.6,5.88,30.87,7.55,3.5,10.8,0.93,N/A,NORMAL,NORMAL
1789817905.844,2026-09-19 18:38:25.843,312,Underpass Unila Arah Rajabasa,1,4170,Golongan I,Sedan/Jip/Pick-up,0.501,493,372,668,560,581.0,466.3,5.85,32.1,9.11,3.5,0.0,0.93,N/A,NORMAL,NORMAL
1789817906.107,2026-09-19 18:38:26.106,312,Underpass Unila Arah Rajabasa,2,4170,Golongan III,Truk 3 Gandar,0.608,503,383,696,590,599.7,487.1,5.87,32.8,9.6,3.5,0.0,0.93,N/A,NORMAL,NORMAL
1789817906.107,2026-09-19 18:38:26.106,312,Underpass Unila Arah Rajabasa,2,4173,Golongan I,Sedan/Jip/Pick-up,0.394,322,170,381,225,351.8,197.9,4.33,16.96,8.0,3.5,0.0,1.06,N/A,NORMAL,NORMAL
1789817906.107,2026-09-19 18:38:26.106,312,Underpass Unila Arah Rajabasa,2,4175,Golongan I,Sedan/Jip/Pick-up,0.453,503,383,696,591,599.9,487.7,5.86,32.82,9.62,3.5,0.0,0.93,N/A,NORMAL,NORMAL
1789817906.351,2026-09-19 18:38:26.350,312,Underpass Unila Arah Rajabasa,3,4170,Golongan I,Bus,0.376,516,398,720,617,618.4,507.6,5.94,33.34,9.61,3.5,8.8,0.93,N/A,NORMAL,NORMAL
1789817906.351,2026-09-19 18:38:26.350,312,Underpass Unila Arah Rajabasa,3,4175,Golongan III,Truk 3 Gandar,0.333,516,396,715,611,615.9,504.4,5.95,33.24,9.53,3.5,0.0,0.93,N/A,NORMAL,NORMAL
1789817906.542,2026-09-19 18:38:26.542,312,Underpass Unila Arah Rajabasa,4,4170,Golongan I,Sedan/Jip/Pick-up,0.585,530,414,743,642,637.0,528.4,6.01,33.84,9.49,3.5,8.9,0.93,N/A,NORMAL,NORMAL
1789817906.542,2026-09-19 18:38:26.542,312,Underpass Unila Arah Rajabasa,4,4175,Golongan III,Truk 3 Gandar,0.418,532,414,739,637,635.9,526.2,6.04,33.74,9.32,3.5,7.8,0.93,N/A,NORMAL,NORMAL
1789817906.542,2026-09-19 18:38:26.542,312,Underpass Unila Arah Rajabasa,4,4173,Golongan I,Sedan/Jip/Pick-up,0.549,329,179,393,240,361.4,209.7,4.44,18.18,8.28,3.5,0.0,1.06,N/A,NORMAL,NORMAL
1789817906.767,2026-09-19 18:38:26.766,312,Underpass Unila Arah Rajabasa,5,4170,Golongan I,Sedan/Jip/Pick-up,0.533,545,431,765,668,655.8,549.9,6.08,34.3,9.32,3.5,8.8,0.93,N/A,NORMAL,NORMAL
1789817906.767,2026-09-19 18:38:26.766,312,Underpass Unila Arah Rajabasa,5,4173,Golongan III,Truk 3 Gandar,0.342,332,185,399,247,366.1,216.6,4.48,18.79,8.08,3.5,0.0,1.06,N/A,NORMAL,NORMAL
1789817906.987,2026-09-19 18:38:26.987,312,Underpass Unila Arah Rajabasa,6,4170,Golongan I,Sedan/Jip/Pick-up,0.388,561,448,789,694,675.4,571.7,6.15,34.75,9.19,3.5,8.6,0.93,N/A,NORMAL,NORMAL
1789817906.987,2026-09-19 18:38:26.987,312,Underpass Unila Arah Rajabasa,6,4173,Golongan I,Sedan/Jip/Pick-up,0.316,335,189,405,255,370.9,222.4,4.52,19.39,8.33,3.5,9.9,1.06,N/A,NORMAL,NORMAL
1789817906.987,2026-09-19 18:38:26.987,312,Underpass Unila Arah Rajabasa,6,4175,Golongan III,Truk 3 Gandar,0.375,562,447,787,691,675.2,569.4,6.19,34.7,9.17,3.5,0.0,0.92,N/A,NORMAL,NORMAL
1789817907.196,2026-09-19 18:38:27.195,312,Underpass Unila Arah Rajabasa,7,4170,Golongan I,Sedan/Jip/Pick-up,0.655,580,467,813,718,697.2,593.1,6.29,35.14,8.93,3.5,8.4,0.93,N/A,NORMAL,NORMAL
1789817907.196,2026-09-19 18:38:27.195,312,Underpass Unila Arah Rajabasa,7,4173,Golongan I,Sedan/Jip/Pick-up,0.436,340,194,412,262,376.6,228.5,4.62,19.84,8.33,3.5,9.6,1.06,N/A,NORMAL,NORMAL
1789817907.375,2026-09-19 18:38:27.375,312,Underpass Unila Arah Rajabasa,8,4170,Golongan I,Sedan/Jip/Pick-up,0.698,604,486,831,720,718.0,603.2,6.65,35.16,8.2,3.5,8.0,0.97,N/A,NORMAL,NORMAL
1789817907.375,2026-09-19 18:38:27.375,312,Underpass Unila Arah Rajabasa,8,4173,Golongan I,Sedan/Jip/Pick-up,0.352,345,200,419,269,382.4,235.0,4.69,20.36,8.18,3.5,9.6,1.06,N/A,NORMAL,NORMAL
1789817907.567,2026-09-19 18:38:27.567,312,Underpass Unila Arah Rajabasa,9,4170,Golongan I,Sedan/Jip/Pick-up,0.658,633,506,847,720,740.6,613.5,7.08,35.16,7.4,3.5,7.6,1.01,N/A,NORMAL,NORMAL
1789817907.567,2026-09-19 18:38:27.567,312,Underpass Unila Arah Rajabasa,9,4173,Golongan I,Sedan/Jip/Pick-up,0.48,350,207,425,277,388.1,242.2,4.76,20.87,7.95,3.5,9.5,1.06,N/A,NORMAL,NORMAL
1789817907.793,2026-09-19 18:38:27.792,312,Underpass Unila Arah Rajabasa,10,4170,Golongan I,Sedan/Jip/Pick-up,0.463,661,529,858,720,760.1,624.7,7.46,35.17,6.42,3.5,7.1,1.03,N/A,NORMAL,NORMAL
1789817907.793,2026-09-19 18:38:27.792,312,Underpass Unila Arah Rajabasa,10,4173,Golongan I,Sedan/Jip/Pick-up,0.352,355,212,432,284,393.8,248.4,4.83,21.35,7.95,3.5,9.4,1.06,N/A,NORMAL,NORMAL
1789817907.954,2026-09-19 18:38:27.953,312,Underpass Unila Arah Rajabasa,11,4170,Golongan I,Sedan/Jip/Pick-up,0.369,684,551,866,720,775.5,635.7,7.77,35.17,5.51,3.5,6.6,1.07,N/A,NORMAL,NORMAL
1789817907.954,2026-09-19 18:38:27.953,312,Underpass Unila Arah Rajabasa,11,4173,Golongan I,Sedan/Jip/Pick-up,0.536,358,215,439,292,399.3,254.4,4.88,21.87,8.3,3.5,9.4,1.05,N/A,NORMAL,NORMAL
1789817908.131,2026-09-19 18:38:28.130,312,Underpass Unila Arah Rajabasa,12,4170,Golongan I,Sedan/Jip/Pick-up,0.376,712,577,873,720,793.0,648.5,8.13,35.17,4.5,3.5,6.3,1.13,N/A,NORMAL,NORMAL
1789817908.131,2026-09-19 18:38:28.130,312,Underpass Unila Arah Rajabasa,12,4173,Golongan I,Sedan/Jip/Pick-up,0.454,364,221,447,300,405.7,261.3,4.96,22.35,8.26,3.5,9.5,1.05,N/A,NORMAL,NORMAL
1789817908.283,2026-09-19 18:38:28.282,312,Underpass Unila Arah Rajabasa,13,4170,Golongan I,Sedan/Jip/Pick-up,0.469,738,602,878,720,808.8,661.3,8.46,35.17,3.59,3.5,6.1,1.19,N/A,NORMAL,NORMAL
1789817908.283,2026-09-19 18:38:28.282,312,Underpass Unila Arah Rajabasa,13,4173,Golongan I,Sedan/Jip/Pick-up,0.364,368,228,454,310,411.6,269.4,5.0,22.89,8.18,3.5,9.6,1.05,N/A,NORMAL,NORMAL
1789817908.448,2026-09-19 18:38:28.448,312,Underpass Unila Arah Rajabasa,14,4170,Golongan I,Sedan/Jip/Pick-up,0.682,762,628,879,720,821.0,674.3,8.73,35.17,2.69,2.96,6.0,1.28,N/A,NORMAL,NORMAL
1789817908.448,2026-09-19 18:38:28.448,312,Underpass Unila Arah Rajabasa,14,4173,Golongan III,Truk 3 Gandar,0.325,372,232,464,321,418.6,276.8,5.03,23.54,8.62,3.5,9.9,1.04,N/A,NORMAL,NORMAL
1789817908.648,2026-09-19 18:38:28.647,312,Underpass Unila Arah Rajabasa,15,4170,Golongan I,Sedan/Jip/Pick-up,0.448,791,654,881,720,836.8,687.4,9.08,35.18,1.88,2.24,6.2,1.38,N/A,NORMAL,NORMAL
1789817908.829,2026-09-19 18:38:28.829,312,Underpass Unila Arah Rajabasa,16,4173,Golongan III,Truk 3 Gandar,0.479,383,245,481,340,432.6,293.2,5.16,24.54,8.56,3.5,0.0,1.03,N/A,NORMAL,NORMAL
1789817908.987,2026-09-19 18:38:28.986,312,Underpass Unila Arah Rajabasa,17,4173,Golongan III,Truk 3 Gandar,0.371,389,254,489,351,439.2,302.9,5.18,25.1,8.31,3.5,0.0,1.02,N/A,NORMAL,NORMAL
1789817909.151,2026-09-19 18:38:29.151,312,Underpass Unila Arah Rajabasa,18,4173,Golongan III,Truk 3 Gandar,0.432,394,260,498,362,446.7,311.7,5.23,25.62,8.43,3.5,12.2,1.01,N/A,NORMAL,NORMAL
1789817909.399,2026-09-19 18:38:29.399,312,Underpass Unila Arah Rajabasa,19,5000,Golongan II,Truk 2 Gandar,0.578,490,375,638,535,564.5,455.8,5.79,31.51,7.68,3.5,0.0,0.92,N/A,NORMAL,NORMAL
1789817909.555,2026-09-19 18:38:29.555,312,Underpass Unila Arah Rajabasa,20,5000,Golongan II,Truk 2 Gandar,0.538,515,403,673,574,594.4,488.7,5.96,32.42,7.43,3.5,0.0,0.93,N/A,NORMAL,NORMAL
1789817909.724,2026-09-19 18:38:29.724,312,Underpass Unila Arah Rajabasa,21,4224,Golongan I,Sedan/Jip/Pick-up,0.461,523,416,688,593,606.0,504.6,5.97,32.84,7.31,3.5,0.0,0.93,N/A,NORMAL,NORMAL
1789817909.889,2026-09-19 18:38:29.889,312,Underpass Unila Arah Rajabasa,22,4224,Golongan II,Truk 2 Gandar,0.521,536,430,706,612,621.5,521.9,6.05,33.25,7.19,3.5,0.0,0.93,N/A,NORMAL,NORMAL
1789817910.029,2026-09-19 18:38:30.029,312,Underpass Unila Arah Rajabasa,23,4224,Golongan I,Sedan/Jip/Pick-up,0.578,552,449,727,638,640.1,543.7,6.12,33.75,7.0,3.5,10.8,0.93,N/A,NORMAL,NORMAL
1789817910.183,2026-09-19 18:38:30.183,312,Underpass Unila Arah Rajabasa,24,4224,Golongan I,Sedan/Jip/Pick-up,0.762,568,468,750,663,659.2,565.9,6.2,34.22,6.83,3.5,10.9,0.93,N/A,NORMAL,NORMAL
1789817910.337,2026-09-19 18:38:30.337,312,Underpass Unila Arah Rajabasa,25,4224,Golongan I,Sedan/Jip/Pick-up,0.632,583,485,772,688,677.9,586.9,6.27,34.65,6.76,3.5,10.8,0.93,N/A,NORMAL,NORMAL
1789817910.486,2026-09-19 18:38:30.486,312,Underpass Unila Arah Rajabasa,26,4224,Golongan I,Sedan/Jip/Pick-up,0.76,601,505,795,713,698.7,609.2,6.37,35.05,6.56,3.5,10.7,0.93,N/A,NORMAL,NORMAL
1789817910.737,2026-09-19 18:38:30.737,312,Underpass Unila Arah Rajabasa,27,5001,Golongan VI-B,Sepeda Motor (Tanpa Helm),0.41,382,483,439,572,410.6,528.2,2.61,32.77,2.2,1.0,0.0,0.64,TANPA_HELM,MELANGGAR,PELANGGARAN_HELM
1789817910.737,2026-09-19 18:38:30.737,312,Underpass Unila Arah Rajabasa,27,5002,Golongan I,Bus,0.324,334,176,413,263,374.0,219.9,4.5,20.03,11.59,3.5,0.0,0.91,N/A,NORMAL,NORMAL
1789817910.737,2026-09-19 18:38:30.737,312,Underpass Unila Arah Rajabasa,27,5002,Golongan III,Truk 3 Gandar,0.29,332,176,412,261,372.9,219.1,4.49,19.9,11.35,3.5,0.0,0.94,N/A,NORMAL,NORMAL
1789817910.903,2026-09-19 18:38:30.902,312,Underpass Unila Arah Rajabasa,28,5003,Golongan VI-B,Sepeda Motor (Tanpa Helm),0.562,336,398,380,474,358.4,436.3,2.22,30.59,2.53,0.9,0.0,0.57,TANPA_HELM,MELANGGAR,PELANGGARAN_HELM
1789817910.903,2026-09-19 18:38:30.902,312,Underpass Unila Arah Rajabasa,28,5004,Golongan VI-A,Sepeda Motor (Taat Helm),0.443,273,220,291,275,282.6,247.8,1.63,22.78,4.33,0.65,0.0,0.34,HELM,TAAT_HUKUM,NORMAL
1789817911.096,2026-09-19 18:38:31.095,312,Underpass Unila Arah Rajabasa,29,5003,Golongan VI-B,Sepeda Motor (Tanpa Helm),0.675,326,372,368,446,347.6,409.8,2.16,29.83,2.73,0.91,0.0,0.56,TANPA_HELM,MELANGGAR,PELANGGARAN_HELM
1789817911.096,2026-09-19 18:38:31.095,312,Underpass Unila Arah Rajabasa,29,5006,Golongan I,Sedan/Jip/Pick-up,0.381,276,106,315,140,295.9,123.4,3.49,6.92,8.34,3.5,0.0,1.16,N/A,NORMAL,NORMAL
1789817911.096,2026-09-19 18:38:31.095,312,Underpass Unila Arah Rajabasa,29,5004,Golongan VI-A,Sepeda Motor (Taat Helm),0.268,270,210,287,259,278.9,234.8,1.62,21.73,4.17,0.65,0.0,0.35,HELM,TAAT_HUKUM,NORMAL
1789817911.096,2026-09-19 18:38:31.095,312,Underpass Unila Arah Rajabasa,29,5002,Golongan IV,Truk 4 Gandar,0.252,351,195,439,294,395.4,245.1,4.72,22.06,11.6,3.5,0.0,0.89,N/A,NORMAL,NORMAL
1789817911.28,2026-09-19 18:38:31.279,312,Underpass Unila Arah Rajabasa,30,4237,Golongan I,Sedan/Jip/Pick-up,0.519,277,109,315,142,296.6,125.9,3.49,7.26,7.87,3.5,0.0,1.16,N/A,NORMAL,NORMAL
1789817911.453,2026-09-19 18:38:31.453,312,Underpass Unila Arah Rajabasa,31,4237,Golongan I,Sedan/Jip/Pick-up,0.349,278,109,319,145,299.2,127.4,3.55,7.68,8.56,3.5,0.0,1.16,N/A,NORMAL,NORMAL
1789817911.453,2026-09-19 18:38:31.453,312,Underpass Unila Arah Rajabasa,31,4241,Golongan I,Sedan/Jip/Pick-up,0.463,357,207,454,310,405.6,258.6,4.8,23.0,11.2,3.5,0.0,0.94,N/A,NORMAL,NORMAL
1789817911.634,2026-09-19 18:38:31.634,312,Underpass Unila Arah Rajabasa,32,4237,Golongan I,Sedan/Jip/Pick-up,0.407,281,113,321,148,301.5,130.7,3.6,8.16,8.08,3.5,9.2,1.16,N/A,NORMAL,NORMAL
1789817911.634,2026-09-19 18:38:31.634,312,Underpass Unila Arah Rajabasa,32,4241,Golongan III,Truk 3 Gandar,0.428,361,212,463,319,412.6,266.1,4.87,23.54,11.3,3.5,0.0,0.94,N/A,NORMAL,NORMAL
1789817911.789,2026-09-19 18:38:31.789,312,Underpass Unila Arah Rajabasa,33,4241,Golongan IV,Truk 4 Gandar,0.426,366,218,472,332,419.6,275.5,4.89,24.21,11.5,3.5,13.0,0.94,N/A,NORMAL,NORMAL
1789817911.955,2026-09-19 18:38:31.954,312,Underpass Unila Arah Rajabasa,34,4241,Golongan III,Truk 3 Gandar,0.489,372,225,482,343,427.9,284.6,4.97,24.75,11.44,3.5,12.9,0.94,N/A,NORMAL,NORMAL
1789817912.136,2026-09-19 18:38:32.135,312,Underpass Unila Arah Rajabasa,35,4241,Golongan III,Truk 3 Gandar,0.433,379,233,493,355,436.5,294.3,5.05,25.32,11.32,3.5,12.7,0.94,N/A,NORMAL,NORMAL
1789817912.136,2026-09-19 18:38:32.135,312,Underpass Unila Arah Rajabasa,35,4237,Golongan I,Sedan/Jip/Pick-up,0.35,283,119,331,161,307.5,140.2,3.64,10.1,9.02,3.5,0.0,1.15,N/A,NORMAL,NORMAL
1789817912.32,2026-09-19 18:38:32.320,312,Underpass Unila Arah Rajabasa,36,4241,Golongan IV,Truk 4 Gandar,0.408,384,239,504,368,444.2,303.9,5.08,25.93,11.52,3.5,12.5,0.93,N/A,NORMAL,NORMAL
1789817912.32,2026-09-19 18:38:32.320,312,Underpass Unila Arah Rajabasa,36,4237,Golongan I,Sedan/Jip/Pick-up,0.528,285,121,334,164,309.7,143.2,3.68,10.55,9.09,3.5,0.0,1.14,N/A,NORMAL,NORMAL
1789817912.492,2026-09-19 18:38:32.492,312,Underpass Unila Arah Rajabasa,37,4241,Golongan III,Truk 3 Gandar,0.449,390,248,514,381,452.6,314.6,5.12,26.5,11.27,3.5,12.4,0.93,N/A,NORMAL,NORMAL
1789817912.492,2026-09-19 18:38:32.492,312,Underpass Unila Arah Rajabasa,37,4237,Golongan I,Sedan/Jip/Pick-up,0.283,287,125,336,169,311.9,147.1,3.7,11.12,8.94,3.5,10.4,1.12,N/A,NORMAL,NORMAL
1789817912.676,2026-09-19 18:38:32.675,312,Underpass Unila Arah Rajabasa,38,4241,Golongan I,Bus,0.531,397,256,526,395,462.0,326.0,5.17,27.11,11.27,3.5,12.3,0.93,N/A,NORMAL,NORMAL
1789817912.676,2026-09-19 18:38:32.675,312,Underpass Unila Arah Rajabasa,38,4237,Golongan I,Sedan/Jip/Pick-up,0.395,291,130,339,173,315.4,151.9,3.77,11.67,8.44,3.5,10.4,1.12,N/A,NORMAL,NORMAL
1789817912.949,2026-09-19 18:38:32.949,312,Underpass Unila Arah Rajabasa,39,5007,Golongan I,Sedan/Jip/Pick-up,0.718,448,615,632,717,540.6,666.5,3.77,35.11,1.87,2.96,0.0,1.8,N/A,NORMAL,NORMAL
1789817912.949,2026-09-19 18:38:32.949,312,Underpass Unila Arah Rajabasa,39,4237,Golongan I,Sedan/Jip/Pick-up,0.416,329,167,387,226,358.4,197.1,4.57,16.84,8.9,3.5,18.3,0.97,N/A,NORMAL,NORMAL
1789817912.949,2026-09-19 18:38:32.949,312,Underpass Unila Arah Rajabasa,39,4241,Golongan I,Sedan/Jip/Pick-up,0.341,435,319,558,444,497.0,382.3,5.4,28.89,7.57,3.5,13.1,0.99,N/A,NORMAL,NORMAL
1789817913.121,2026-09-19 18:38:33.121,312,Underpass Unila Arah Rajabasa,40,4257,Golongan I,Sedan/Jip/Pick-up,0.714,419,591,646,718,533.1,655.3,3.66,35.12,2.44,3.5,0.0,1.8,N/A,NORMAL,NORMAL
1789817913.276,2026-09-19 18:38:33.275,312,Underpass Unila Arah Rajabasa,41,4257,Golongan I,Sedan/Jip/Pick-up,0.535,390,566,662,718,526.4,642.8,3.56,35.12,3.08,3.5,0.0,1.79,N/A,NORMAL,NORMAL
1789817913.453,2026-09-19 18:38:33.453,312,Underpass Unila Arah Rajabasa,42,4257,Golongan I,Sedan/Jip/Pick-up,0.724,356,539,675,719,516.1,629.1,3.42,35.13,3.85,3.5,2.6,1.77,N/A,NORMAL,NORMAL
1789817913.453,2026-09-19 18:38:33.453,312,Underpass Unila Arah Rajabasa,42,4263,Golongan I,Sedan/Jip/Pick-up,0.436,339,179,403,246,371.1,213.2,4.69,18.56,9.22,3.5,0.0,0.95,N/A,NORMAL,NORMAL
1789817913.62,2026-09-19 18:38:33.620,312,Underpass Unila Arah Rajabasa,43,4257,Golongan I,Sedan/Jip/Pick-up,0.623,317,511,678,719,498.0,615.7,3.17,35.13,4.69,3.5,3.0,1.74,N/A,NORMAL,NORMAL
1789817913.62,2026-09-19 18:38:33.620,312,Underpass Unila Arah Rajabasa,43,4263,Golongan I,Sedan/Jip/Pick-up,0.431,342,184,408,253,375.2,219.0,4.72,19.09,9.15,3.5,0.0,0.95,N/A,NORMAL,NORMAL
1789817913.62,2026-09-19 18:38:33.620,312,Underpass Unila Arah Rajabasa,43,4266,Golongan I,Sedan/Jip/Pick-up,0.486,475,370,614,518,545.0,444.6,5.57,31.11,7.13,3.5,0.0,0.94,N/A,NORMAL,NORMAL
1789817913.775,2026-09-19 18:38:33.774,312,Underpass Unila Arah Rajabasa,44,4257,Golongan I,Sedan/Jip/Pick-up,0.71,286,486,670,712,478.8,599.5,2.95,35.03,5.35,3.5,3.4,1.7,N/A,NORMAL,NORMAL
1789817913.775,2026-09-19 18:38:33.774,312,Underpass Unila Arah Rajabasa,44,4263,Golongan I,Sedan/Jip/Pick-up,0.347,346,189,414,261,380.5,225.7,4.77,19.68,9.2,3.5,12.6,0.95,N/A,NORMAL,NORMAL
1789817913.775,2026-09-19 18:38:33.774,312,Underpass Unila Arah Rajabasa,44,4266,Golongan I,Sedan/Jip/Pick-up,0.407,487,383,634,539,561.4,461.7,5.67,31.64,7.16,3.5,0.0,0.94,N/A,NORMAL,NORMAL
1789817913.937,2026-09-19 18:38:33.936,312,Underpass Unila Arah Rajabasa,45,4257,Golongan I,Sedan/Jip/Pick-up,0.68,274,464,647,688,460.8,576.4,2.81,34.7,5.61,3.5,3.7,1.66,N/A,NORMAL,LAWAN_ARAH
1789817913.937,2026-09-19 18:38:33.936,312,Underpass Unila Arah Rajabasa,45,4263,Golongan I,Sedan/Jip/Pick-up,0.565,352,199,419,269,385.9,234.1,4.82,20.24,8.42,3.5,12.6,0.96,N/A,NORMAL,NORMAL
1789817913.937,2026-09-19 18:38:33.936,312,Underpass Unila Arah Rajabasa,45,4266,Golongan I,Sedan/Jip/Pick-up,0.488,498,398,655,565,576.7,482.2,5.69,32.26,7.2,3.5,13.2,0.94,N/A,NORMAL,NORMAL
1789817914.124,2026-09-19 18:38:34.124,312,Underpass Unila Arah Rajabasa,46,4241,Golongan I,Sedan/Jip/Pick-up,0.748,432,298,542,415,487.6,357.4,5.57,27.78,8.03,3.5,0.0,0.94,N/A,NORMAL,NORMAL
1789817914.376,2026-09-19 18:38:34.375,312,Underpass Unila Arah Rajabasa,47,5008,Golongan VI-B,Sepeda Motor (Tanpa Helm),0.483,272,331,304,400,288.4,365.6,1.25,28.65,2.83,0.7,0.0,0.47,TANPA_HELM,MELANGGAR,PELANGGARAN_HELM
1789817914.376,2026-09-19 18:38:34.375,312,Underpass Unila Arah Rajabasa,47,5009,Golongan I,Sedan/Jip/Pick-up,0.391,211,85,239,111,225.4,98.8,0.6,6.12,6.07,2.64,0.0,1.07,N/A,NORMAL,NORMAL
1789817914.376,2026-09-19 18:38:34.375,312,Underpass Unila Arah Rajabasa,47,5010,Golongan I,Sedan/Jip/Pick-up,0.34,214,173,258,217,236.8,195.4,0.65,19.41,4.44,1.88,0.0,0.99,N/A,NORMAL,NORMAL
1789817914.376,2026-09-19 18:38:34.375,312,Underpass Unila Arah Rajabasa,47,4263,Golongan III,Truk 3 Gandar,0.313,340,193,413,266,376.9,229.8,4.56,20.18,8.88,3.5,0.0,1.0,N/A,NORMAL,NORMAL
1789817914.376,2026-09-19 18:38:34.375,312,Underpass Unila Arah Rajabasa,47,5009,Golongan I,Sedan/Jip/Pick-up,0.311,252,66,285,97,269.1,82.2,2.88,-0.91,11.26,3.5,0.0,1.05,N/A,NORMAL,NORMAL
1789817914.376,2026-09-19 18:38:34.375,312,Underpass Unila Arah Rajabasa,47,4263,Golongan I,Sedan/Jip/Pick-up,0.275,338,193,412,263,375.6,228.5,4.56,19.99,8.57,3.5,0.0,1.05,N/A,NORMAL,NORMAL
1789817914.561,2026-09-19 18:38:34.560,312,Underpass Unila Arah Rajabasa,48,4277,Golongan I,Sedan/Jip/Pick-up,0.355,252,67,286,99,269.5,83.3,2.87,-0.51,11.42,3.5,0.0,1.05,N/A,NORMAL,NORMAL
1789817914.726,2026-09-19 18:38:34.725,312,Underpass Unila Arah Rajabasa,49,4277,Golongan I,Sedan/Jip/Pick-up,0.335,253,68,287,101,270.6,85.0,2.89,-0.02,11.61,3.5,0.0,1.05,N/A,NORMAL,NORMAL
1789817914.726,2026-09-19 18:38:34.725,312,Underpass Unila Arah Rajabasa,49,4279,Golongan III,Truk 3 Gandar,0.429,347,203,422,273,384.9,238.7,4.71,20.64,8.13,3.5,0.0,1.08,N/A,NORMAL,NORMAL
1789817914.726,2026-09-19 18:38:34.725,312,Underpass Unila Arah Rajabasa,49,4281,Golongan I,Sedan/Jip/Pick-up,0.474,213,165,254,209,233.8,187.5,0.59,18.74,4.68,1.84,0.0,0.96,N/A,NORMAL,NORMAL
1789817914.917,2026-09-19 18:38:34.916,312,Underpass Unila Arah Rajabasa,50,4277,Golongan I,Sedan/Jip/Pick-up,0.328,253,67,290,103,271.6,85.4,2.92,0.3,12.74,3.5,8.1,1.05,N/A,NORMAL,NORMAL
1789817914.917,2026-09-19 18:38:34.916,312,Underpass Unila Arah Rajabasa,50,4279,Golongan I,Sedan/Jip/Pick-up,0.492,352,209,428,280,390.5,244.7,4.79,21.08,7.97,3.5,0.0,1.08,N/A,NORMAL,NORMAL
1789817914.917,2026-09-19 18:38:34.916,312,Underpass Unila Arah Rajabasa,50,4281,Golongan I,Sedan/Jip/Pick-up,0.526,211,162,251,204,231.7,183.3,0.54,18.33,4.57,1.82,0.0,0.96,N/A,NORMAL,NORMAL
1789817915.1,2026-09-19 18:38:35.100,312,Underpass Unila Arah Rajabasa,51,4277,Golongan I,Sedan/Jip/Pick-up,0.353,253,67,291,103,272.4,85.5,2.96,0.31,12.78,3.5,7.1,1.05,N/A,NORMAL,NORMAL
1789817915.1,2026-09-19 18:38:35.100,312,Underpass Unila Arah Rajabasa,51,4279,Golongan I,Sedan/Jip/Pick-up,0.401,354,213,436,289,395.4,251.6,4.79,21.72,8.27,3.5,10.5,1.07,N/A,NORMAL,NORMAL
1789817915.1,2026-09-19 18:38:35.100,312,Underpass Unila Arah Rajabasa,51,4281,Golongan I,Sedan/Jip/Pick-up,0.531,208,154,249,196,229.1,175.4,0.48,17.71,4.83,1.96,9.9,0.96,N/A,NORMAL,NORMAL
1789817915.303,2026-09-19 18:38:35.302,312,Underpass Unila Arah Rajabasa,52,4279,Golongan I,Sedan/Jip/Pick-up,0.412,359,218,444,298,402.2,258.3,4.88,22.21,8.43,3.5,10.2,1.07,N/A,NORMAL,NORMAL
1789817915.303,2026-09-19 18:38:35.302,312,Underpass Unila Arah Rajabasa,52,4281,Golongan I,Sedan/Jip/Pick-up,0.614,207,149,247,191,227.6,170.5,0.45,17.26,5.0,1.98,9.7,0.96,N/A,NORMAL,NORMAL
1789817915.303,2026-09-19 18:38:35.302,312,Underpass Unila Arah Rajabasa,52,4263,Golongan III,Truk 3 Gandar,0.365,366,220,441,298,404.0,259.6,4.93,22.22,8.17,3.5,0.0,0.97,N/A,NORMAL,NORMAL
1789817915.497,2026-09-19 18:38:35.497,312,Underpass Unila Arah Rajabasa,53,4241,Golongan II,Truk 2 Gandar,0.491,437,318,555,442,496.8,380.2,5.42,28.8,7.55,3.5,0.0,0.95,N/A,NORMAL,NORMAL
1789817915.714,2026-09-19 18:38:35.714,312,Underpass Unila Arah Rajabasa,54,4277,Golongan I,Sedan/Jip/Pick-up,0.475,204,98,233,124,219.3,111.4,0.32,8.81,5.12,2.3,0.0,1.11,N/A,NORMAL,NORMAL
1789817915.714,2026-09-19 18:38:35.714,312,Underpass Unila Arah Rajabasa,54,4281,Golongan I,Sedan/Jip/Pick-up,0.349,231,151,275,197,253.4,174.2,1.21,17.06,5.77,2.34,0.0,0.95,N/A,NORMAL,NORMAL
1789817915.714,2026-09-19 18:38:35.714,312,Underpass Unila Arah Rajabasa,54,5012,Golongan I,Sedan/Jip/Pick-up,0.297,683,525,760,623,721.8,574.5,8.11,33.32,3.55,2.18,0.0,0.79,N/A,NORMAL,NORMAL
1789817915.867,2026-09-19 18:38:35.866,312,Underpass Unila Arah Rajabasa,55,4302,Golongan I,Sedan/Jip/Pick-up,0.62,228,147,273,194,251.2,171.1,1.16,16.83,6.03,2.44,0.0,0.95,N/A,NORMAL,NORMAL
1789817916.024,2026-09-19 18:38:36.024,312,Underpass Unila Arah Rajabasa,56,4302,Golongan I,Sedan/Jip/Pick-up,0.666,225,144,271,191,248.5,168.1,1.08,16.62,6.14,2.53,0.0,0.95,N/A,NORMAL,NORMAL
1789817916.193,2026-09-19 18:38:36.192,312,Underpass Unila Arah Rajabasa,57,4302,Golongan I,Sedan/Jip/Pick-up,0.594,225,140,269,186,247.2,163.2,1.07,16.06,6.22,2.5,8.6,0.95,N/A,NORMAL,NORMAL
1789817916.359,2026-09-19 18:38:36.359,312,Underpass Unila Arah Rajabasa,58,4302,Golongan I,Sedan/Jip/Pick-up,0.549,225,136,266,180,245.9,158.5,1.06,15.42,6.17,2.41,9.3,0.95,N/A,NORMAL,NORMAL
1789817916.524,2026-09-19 18:38:36.523,312,Underpass Unila Arah Rajabasa,59,4302,Golongan I,Sedan/Jip/Pick-up,0.251,223,130,265,175,244.2,153.1,1.02,14.91,6.6,2.57,9.8,0.95,N/A,NORMAL,NORMAL
1789817916.524,2026-09-19 18:38:36.523,312,Underpass Unila Arah Rajabasa,59,4279,Golongan I,Bus,0.312,381,233,487,333,434.3,283.2,5.33,24.06,9.83,3.5,0.0,1.06,N/A,NORMAL,NORMAL
1789817916.697,2026-09-19 18:38:36.697,312,Underpass Unila Arah Rajabasa,60,4302,Golongan I,Sedan/Jip/Pick-up,0.409,222,126,262,169,242.4,147.8,0.99,14.28,6.55,2.53,10.3,0.94,N/A,NORMAL,NORMAL
1789817916.914,2026-09-19 18:38:36.914,312,Underpass Unila Arah Rajabasa,61,5013,Golongan I,Sedan/Jip/Pick-up,0.676,361,488,531,681,446.5,584.9,2.65,34.6,4.22,2.91,0.0,0.88,N/A,NORMAL,NORMAL
1789817916.914,2026-09-19 18:38:36.914,312,Underpass Unila Arah Rajabasa,61,5014,Golongan I,Sedan/Jip/Pick-up,0.452,697,615,880,720,789.1,667.9,8.05,35.17,3.01,3.5,0.0,1.76,N/A,NORMAL,NORMAL
1789817917.128,2026-09-19 18:38:37.127,312,Underpass Unila Arah Rajabasa,62,5015,Golongan I,Sedan/Jip/Pick-up,0.495,264,276,352,372,308.8,324.5,1.75,27.47,5.14,2.42,0.0,0.92,N/A,NORMAL,NORMAL
1789817917.279,2026-09-19 18:38:37.278,312,Underpass Unila Arah Rajabasa,63,4318,Golongan I,Sedan/Jip/Pick-up,0.493,261,269,345,361,303.6,315.6,1.69,27.05,5.12,2.37,0.0,0.91,N/A,NORMAL,NORMAL
1789817917.443,2026-09-19 18:38:37.442,312,Underpass Unila Arah Rajabasa,64,4318,Golongan I,Sedan/Jip/Pick-up,0.381,259,261,338,347,298.6,304.4,1.65,26.49,5.03,2.3,0.0,0.91,N/A,NORMAL,NORMAL
1789817917.602,2026-09-19 18:38:37.601,312,Underpass Unila Arah Rajabasa,65,4318,Golongan I,Sedan/Jip/Pick-up,0.535,253,248,331,333,292.7,291.3,1.58,25.9,5.31,2.38,12.8,0.91,N/A,NORMAL,NORMAL
1789817917.757,2026-09-19 18:38:37.757,312,Underpass Unila Arah Rajabasa,66,4318,Golongan I,Sedan/Jip/Pick-up,0.488,252,240,324,319,288.5,279.7,1.55,25.24,5.21,2.28,13.1,0.91,N/A,NORMAL,NORMAL
1789817917.928,2026-09-19 18:38:37.927,312,Underpass Unila Arah Rajabasa,67,4318,Golongan I,Sedan/Jip/Pick-up,0.32,252,232,320,306,286.6,269.2,1.57,24.57,5.18,2.25,13.4,0.91,N/A,NORMAL,NORMAL
1789817918.116,2026-09-19 18:38:38.115,312,Underpass Unila Arah Rajabasa,68,4318,Golongan I,Sedan/Jip/Pick-up,0.343,251,224,314,294,282.9,259.9,1.54,23.97,5.17,2.17,13.3,0.9,N/A,NORMAL,LAWAN_ARAH
1789817918.285,2026-09-19 18:38:38.285,312,Underpass Unila Arah Rajabasa,69,4318,Golongan I,Sedan/Jip/Pick-up,0.461,247,215,309,284,278.7,249.9,1.48,23.42,5.36,2.22,13.2,0.89,N/A,NORMAL,LAWAN_ARAH
1789817918.285,2026-09-19 18:38:38.285,312,Underpass Unila Arah Rajabasa,69,4302,Golongan I,Sedan/Jip/Pick-up,0.329,209,90,243,126,226.6,108.9,0.59,8.81,7.6,2.92,0.0,0.94,N/A,NORMAL,LAWAN_ARAH
1789817918.447,2026-09-19 18:38:38.446,312,Underpass Unila Arah Rajabasa,70,4318,Golongan I,Sedan/Jip/Pick-up,0.525,246,207,304,273,275.3,240.1,1.45,22.75,5.41,2.17,13.2,0.89,N/A,NORMAL,LAWAN_ARAH
1789817918.447,2026-09-19 18:38:38.446,312,Underpass Unila Arah Rajabasa,70,4302,Golongan I,Sedan/Jip/Pick-up,0.285,208,88,242,125,225.4,107.0,0.55,8.69,7.91,2.96,0.0,0.92,N/A,NORMAL,LAWAN_ARAH
1789817918.6,2026-09-19 18:38:38.600,312,Underpass Unila Arah Rajabasa,71,4318,Golongan I,Sedan/Jip/Pick-up,0.564,243,200,298,263,271.1,231.8,1.39,22.17,5.41,2.12,13.2,0.88,N/A,NORMAL,LAWAN_ARAH
1789817918.6,2026-09-19 18:38:38.600,312,Underpass Unila Arah Rajabasa,71,4302,Golongan I,Sedan/Jip/Pick-up,0.359,208,86,240,121,224.7,104.0,0.54,7.97,7.68,2.86,9.6,0.92,N/A,NORMAL,LAWAN_ARAH
1789817918.775,2026-09-19 18:38:38.775,312,Underpass Unila Arah Rajabasa,72,4318,Golongan I,Sedan/Jip/Pick-up,0.445,241,193,294,254,267.9,223.7,1.35,21.6,5.49,2.13,13.2,0.87,N/A,NORMAL,LAWAN_ARAH
1789817918.775,2026-09-19 18:38:38.775,312,Underpass Unila Arah Rajabasa,72,4302,Golongan I,Sedan/Jip/Pick-up,0.361,207,84,238,118,223.2,101.1,0.49,7.42,7.62,2.82,9.9,0.92,N/A,NORMAL,LAWAN_ARAH
1789817918.976,2026-09-19 18:38:38.976,312,Underpass Unila Arah Rajabasa,73,4318,Golongan I,Sedan/Jip/Pick-up,0.394,239,185,289,242,264.7,214.2,1.32,20.8,5.45,2.11,13.3,0.87,N/A,NORMAL,LAWAN_ARAH
1789817918.976,2026-09-19 18:38:38.976,312,Underpass Unila Arah Rajabasa,73,4302,Golongan I,Sedan/Jip/Pick-up,0.385,207,81,238,115,223.0,98.8,0.49,7.04,7.88,2.92,9.6,0.92,N/A,NORMAL,LAWAN_ARAH
1789817919.143,2026-09-19 18:38:39.143,312,Underpass Unila Arah Rajabasa,74,4318,Golongan I,Sedan/Jip/Pick-up,0.372,236,181,284,237,260.8,209.3,1.24,20.45,5.47,2.05,13.1,0.87,N/A,NORMAL,LAWAN_ARAH
1789817919.305,2026-09-19 18:38:39.304,312,Underpass Unila Arah Rajabasa,75,4318,Golongan I,Sedan/Jip/Pick-up,0.402,234,176,280,229,257.5,202.9,1.18,19.92,5.38,2.03,12.8,0.87,N/A,NORMAL,LAWAN_ARAH
1789817919.482,2026-09-19 18:38:39.482,312,Underpass Unila Arah Rajabasa,76,4318,Golongan I,Sedan/Jip/Pick-up,0.398,233,170,276,220,255.1,195.5,1.15,19.22,5.33,1.97,12.6,0.86,N/A,NORMAL,LAWAN_ARAH
1789817919.644,2026-09-19 18:38:39.644,312,Underpass Unila Arah Rajabasa,77,4318,Golongan I,Sedan/Jip/Pick-up,0.507,229,164,273,214,251.7,189.5,1.08,18.76,5.53,2.08,12.5,0.87,N/A,NORMAL,LAWAN_ARAH
1789817919.795,2026-09-19 18:38:39.794,312,Underpass Unila Arah Rajabasa,78,4318,Golongan I,Sedan/Jip/Pick-up,0.571,227,158,269,207,248.8,182.9,1.03,18.17,5.65,2.06,12.5,0.87,N/A,NORMAL,LAWAN_ARAH
1789817919.955,2026-09-19 18:38:39.954,312,Underpass Unila Arah Rajabasa,79,4318,Golongan I,Sedan/Jip/Pick-up,0.473,226,153,268,201,247.2,177.2,1.0,17.65,5.77,2.14,12.4,0.87,N/A,NORMAL,LAWAN_ARAH
1789817920.117,2026-09-19 18:38:40.117,312,Underpass Unila Arah Rajabasa,80,4318,Golongan I,Sedan/Jip/Pick-up,0.64,225,148,265,193,245.4,171.0,0.98,16.9,5.66,2.12,12.5,0.88,N/A,NORMAL,LAWAN_ARAH
1789817920.117,2026-09-19 18:38:40.117,312,Underpass Unila Arah Rajabasa,80,4333,Golongan I,Sedan/Jip/Pick-up,0.398,205,70,233,93,219.5,82.0,0.41,2.46,6.33,3.1,0.0,1.3,N/A,NORMAL,NORMAL
1789817920.286,2026-09-19 18:38:40.285,312,Underpass Unila Arah Rajabasa,81,4318,Golongan I,Sedan/Jip/Pick-up,0.671,222,143,262,189,242.8,166.8,0.92,16.59,5.95,2.17,12.3,0.88,N/A,NORMAL,LAWAN_ARAH
1789817920.286,2026-09-19 18:38:40.285,312,Underpass Unila Arah Rajabasa,81,4333,Golongan I,Sedan/Jip/Pick-up,0.386,205,69,233,91,219.5,80.8,0.41,2.13,6.16,3.16,0.0,1.3,N/A,NORMAL,NORMAL
1789817920.657,2026-09-19 18:38:40.656,312,Underpass Unila Arah Rajabasa,83,5017,Golongan I,Sedan/Jip/Pick-up,0.637,610,540,699,649,655.1,595.1,6.28,33.95,3.13,2.07,0.0,0.82,N/A,NORMAL,NORMAL
1789817920.657,2026-09-19 18:38:40.656,312,Underpass Unila Arah Rajabasa,83,5018,Golongan I,Sedan/Jip/Pick-up,0.414,378,514,539,692,458.7,603.8,2.76,34.76,3.68,2.67,0.0,0.9,N/A,NORMAL,NORMAL
1789817920.657,2026-09-19 18:38:40.656,312,Underpass Unila Arah Rajabasa,83,5020,Golongan I,Sedan/Jip/Pick-up,0.315,359,214,457,316,408.5,265.6,4.79,23.41,10.6,3.5,0.0,0.95,N/A,NORMAL,NORMAL
1789817920.657,2026-09-19 18:38:40.656,312,Underpass Unila Arah Rajabasa,83,5021,Golongan I,Sedan/Jip/Pick-up,0.31,277,98,312,122,295.4,110.3,3.83,3.1,6.83,3.5,0.0,1.44,N/A,NORMAL,NORMAL
1789817921.212,2026-09-19 18:38:41.211,312,Underpass Unila Arah Rajabasa,86,4344,Golongan I,Sedan/Jip/Pick-up,0.615,348,465,492,619,420.2,542.6,2.54,33.64,3.74,2.56,0.0,0.93,N/A,NORMAL,NORMAL
1789817921.363,2026-09-19 18:38:41.362,312,Underpass Unila Arah Rajabasa,87,4344,Golongan I,Sedan/Jip/Pick-up,0.686,337,448,476,597,407.3,522.7,2.45,33.25,3.82,2.53,0.0,0.93,N/A,NORMAL,NORMAL
1789817921.363,2026-09-19 18:38:41.362,312,Underpass Unila Arah Rajabasa,87,4347,Golongan I,Sedan/Jip/Pick-up,0.555,233,177,282,220,258.3,199.2,1.25,19.11,4.5,2.2,0.0,1.15,N/A,NORMAL,NORMAL
1789817921.514,2026-09-19 18:38:41.514,312,Underpass Unila Arah Rajabasa,88,4344,Golongan I,Sedan/Jip/Pick-up,0.636,327,426,462,570,394.7,498.5,2.38,32.76,4.0,2.56,10.6,0.93,N/A,NORMAL,NORMAL
1789817921.514,2026-09-19 18:38:41.514,312,Underpass Unila Arah Rajabasa,88,4347,Golongan I,Sedan/Jip/Pick-up,0.539,228,173,282,220,255.7,196.9,1.17,19.17,4.96,2.45,0.0,1.14,N/A,NORMAL,NORMAL
1789817921.67,2026-09-19 18:38:41.670,312,Underpass Unila Arah Rajabasa,89,4344,Golongan I,Sedan/Jip/Pick-up,0.462,318,404,444,540,381.5,472.5,2.3,32.14,4.11,2.49,11.1,0.93,N/A,NORMAL,NORMAL
1789817921.67,2026-09-19 18:38:41.670,312,Underpass Unila Arah Rajabasa,89,4347,Golongan I,Sedan/Jip/Pick-up,0.699,227,169,279,215,253.8,192.2,1.14,18.75,5.0,2.42,4.4,1.14,N/A,NORMAL,NORMAL
1789817921.833,2026-09-19 18:38:41.833,312,Underpass Unila Arah Rajabasa,90,4344,Golongan I,Sedan/Jip/Pick-up,0.464,311,386,429,514,370.1,450.6,2.24,31.57,4.17,2.42,11.5,0.93,N/A,NORMAL,NORMAL
1789817921.833,2026-09-19 18:38:41.833,312,Underpass Unila Arah Rajabasa,90,4347,Golongan I,Sedan/Jip/Pick-up,0.697,225,164,276,208,251.1,186.6,1.09,18.23,4.97,2.45,5.4,1.14,N/A,NORMAL,NORMAL
1789817922.011,2026-09-19 18:38:42.010,312,Underpass Unila Arah Rajabasa,91,4344,Golongan I,Sedan/Jip/Pick-up,0.657,303,368,415,489,359.8,429.0,2.17,30.98,4.25,2.39,11.8,0.93,N/A,NORMAL,LAWAN_ARAH
1789817922.011,2026-09-19 18:38:42.010,312,Underpass Unila Arah Rajabasa,91,4347,Golongan I,Sedan/Jip/Pick-up,0.777,224,159,274,202,249.5,180.8,1.07,17.68,5.05,2.48,6.5,1.14,N/A,NORMAL,NORMAL
1789817922.183,2026-09-19 18:38:42.183,312,Underpass Unila Arah Rajabasa,92,4344,Golongan I,Sedan/Jip/Pick-up,0.674,298,354,401,466,350.0,410.3,2.11,30.39,4.2,2.28,11.9,0.93,N/A,NORMAL,LAWAN_ARAH
1789817922.183,2026-09-19 18:38:42.183,312,Underpass Unila Arah Rajabasa,92,4347,Golongan I,Sedan/Jip/Pick-up,0.642,225,154,271,194,248.5,174.3,1.07,16.89,4.93,2.38,7.8,1.14,N/A,NORMAL,NORMAL
1789817922.341,2026-09-19 18:38:42.340,312,Underpass Unila Arah Rajabasa,93,4344,Golongan I,Sedan/Jip/Pick-up,0.755,290,339,390,446,340.7,393.1,2.03,29.86,4.28,2.29,12.0,0.93,N/A,NORMAL,LAWAN_ARAH
1789817922.341,2026-09-19 18:38:42.340,312,Underpass Unila Arah Rajabasa,93,4347,Golongan I,Sedan/Jip/Pick-up,0.728,224,150,269,189,247.0,170.1,1.05,16.47,4.97,2.4,8.6,1.14,N/A,NORMAL,LAWAN_ARAH
1789817922.521,2026-09-19 18:38:42.520,312,Underpass Unila Arah Rajabasa,94,4344,Golongan I,Sedan/Jip/Pick-up,0.721,287,327,381,427,334.1,377.3,2.0,29.29,4.26,2.24,12.0,0.93,N/A,NORMAL,LAWAN_ARAH
1789817922.521,2026-09-19 18:38:42.520,312,Underpass Unila Arah Rajabasa,94,4347,Golongan I,Sedan/Jip/Pick-up,0.752,222,146,266,185,244.7,165.8,1.0,16.03,5.09,2.4,9.0,1.13,N/A,NORMAL,LAWAN_ARAH
1789817922.697,2026-09-19 18:38:42.697,312,Underpass Unila Arah Rajabasa,95,4344,Golongan I,Sedan/Jip/Pick-up,0.597,281,314,370,410,325.7,362.6,1.92,28.76,4.34,2.19,12.0,0.94,N/A,NORMAL,LAWAN_ARAH
1789817922.697,2026-09-19 18:38:42.697,312,Underpass Unila Arah Rajabasa,95,4347,Golongan I,Sedan/Jip/Pick-up,0.834,221,143,263,180,242.3,161.9,0.94,15.61,4.96,2.34,9.2,1.13,N/A,NORMAL,LAWAN_ARAH
1789817922.87,2026-09-19 18:38:42.869,312,Underpass Unila Arah Rajabasa,96,4344,Golongan I,Sedan/Jip/Pick-up,0.357,276,302,361,393,319.1,348.2,1.86,28.21,4.37,2.17,12.0,0.94,N/A,NORMAL,LAWAN_ARAH
1789817922.87,2026-09-19 18:38:42.869,312,Underpass Unila Arah Rajabasa,96,4347,Golongan I,Sedan/Jip/Pick-up,0.639,218,138,262,177,240.3,157.9,0.89,15.32,5.39,2.52,9.2,1.12,N/A,NORMAL,LAWAN_ARAH
1789817923.043,2026-09-19 18:38:43.042,312,Underpass Unila Arah Rajabasa,97,4344,Golongan I,Truk Kecil,0.407,272,291,353,377,312.9,334.6,1.81,27.65,4.38,2.14,12.1,0.94,N/A,NORMAL,LAWAN_ARAH
1789817923.043,2026-09-19 18:38:43.042,312,Underpass Unila Arah Rajabasa,97,4347,Golongan I,Sedan/Jip/Pick-up,0.631,217,135,260,174,239.4,154.8,0.87,14.98,5.5,2.51,9.4,1.11,N/A,NORMAL,LAWAN_ARAH
1789817923.212,2026-09-19 18:38:43.211,312,Underpass Unila Arah Rajabasa,98,4344,Golongan I,Sedan/Jip/Pick-up,0.489,269,281,346,362,308.0,322.1,1.78,27.07,4.36,2.11,12.0,0.95,N/A,NORMAL,LAWAN_ARAH
1789817923.212,2026-09-19 18:38:43.211,312,Underpass Unila Arah Rajabasa,98,4347,Golongan I,Sedan/Jip/Pick-up,0.627,216,130,259,170,237.6,150.4,0.83,14.53,5.86,2.6,9.6,1.09,N/A,NORMAL,LAWAN_ARAH
1789817923.212,2026-09-19 18:38:43.211,312,Underpass Unila Arah Rajabasa,98,4370,Golongan I,Sedan/Jip/Pick-up,0.544,423,613,648,718,536.0,666.5,3.7,35.13,1.94,3.5,0.0,2.14,N/A,NORMAL,NORMAL
1789817923.378,2026-09-19 18:38:43.377,312,Underpass Unila Arah Rajabasa,99,4344,Golongan I,Truk Kecil,0.446,264,270,340,350,302.1,310.4,1.71,26.58,4.54,2.16,11.9,0.95,N/A,NORMAL,LAWAN_ARAH
1789817923.378,2026-09-19 18:38:43.377,312,Underpass Unila Arah Rajabasa,99,4347,Golongan I,Sedan/Jip/Pick-up,0.44,215,126,257,165,236.4,146.1,0.8,14.06,5.91,2.63,9.7,1.07,N/A,NORMAL,LAWAN_ARAH
1789817923.378,2026-09-19 18:38:43.377,312,Underpass Unila Arah Rajabasa,99,4370,Golongan I,Sedan/Jip/Pick-up,0.647,393,590,665,718,529.8,654.6,3.61,35.12,2.48,3.5,0.0,2.13,N/A,NORMAL,NORMAL
1789817923.549,2026-09-19 18:38:43.548,312,Underpass Unila Arah Rajabasa,100,4344,Golongan I,Sedan/Jip/Pick-up,0.534,262,261,333,335,297.9,298.8,1.69,25.96,4.45,2.1,11.8,0.95,N/A,NORMAL,LAWAN_ARAH
1789817923.549,2026-09-19 18:38:43.548,312,Underpass Unila Arah Rajabasa,100,4347,Golongan I,Sedan/Jip/Pick-up,0.652,214,123,255,162,234.8,143.2,0.76,13.72,6.04,2.62,9.5,1.06,N/A,NORMAL,LAWAN_ARAH
1789817923.549,2026-09-19 18:38:43.548,312,Underpass Unila Arah Rajabasa,100,4370,Golongan I,Sedan/Jip/Pick-up,0.706,353,563,679,718,516.8,640.7,3.43,35.11,3.17,3.5,2.8,2.1,N/A,NORMAL,NORMAL
1789817923.713,2026-09-19 18:38:43.713,312,Underpass Unila Arah Rajabasa,101,4344,Golongan I,Sedan/Jip/Pick-up,0.534,260,252,328,323,294.8,288.0,1.68,25.39,4.51,2.09,11.8,0.95,N/A,NORMAL,LAWAN_ARAH
1789817923.713,2026-09-19 18:38:43.713,312,Underpass Unila Arah Rajabasa,101,4347,Golongan I,Sedan/Jip/Pick-up,0.797,212,118,254,158,233.7,138.7,0.74,13.25,6.44,2.78,9.1,1.05,N/A,NORMAL,LAWAN_ARAH
1789817923.713,2026-09-19 18:38:43.713,312,Underpass Unila Arah Rajabasa,101,4370,Golongan I,Sedan/Jip/Pick-up,0.744,311,536,686,718,498.8,627.7,3.18,35.12,3.92,3.5,3.2,2.06,N/A,NORMAL,NORMAL
1789817923.918,2026-09-19 18:38:43.917,312,Underpass Unila Arah Rajabasa,102,4344,Golongan I,Sedan/Jip/Pick-up,0.484,257,243,322,311,289.7,277.3,1.62,24.82,4.55,2.07,11.7,0.95,N/A,NORMAL,LAWAN_ARAH
1789817923.918,2026-09-19 18:38:43.917,312,Underpass Unila Arah Rajabasa,102,4347,Golongan I,Sedan/Jip/Pick-up,0.835,212,116,252,154,232.6,135.8,0.71,12.75,6.26,2.7,8.9,1.05,N/A,NORMAL,LAWAN_ARAH
1789817923.918,2026-09-19 18:38:43.917,312,Underpass Unila Arah Rajabasa,102,4370,Golongan I,Sedan/Jip/Pick-up,0.735,278,512,681,712,479.6,612.3,2.96,35.03,4.51,3.5,3.4,2.01,N/A,NORMAL,NORMAL
1789817924.087,2026-09-19 18:38:44.087,312,Underpass Unila Arah Rajabasa,103,4344,Golongan I,Sedan/Jip/Pick-up,0.529,253,234,316,299,284.9,266.9,1.56,24.22,4.58,2.09,11.7,0.96,N/A,NORMAL,LAWAN_ARAH
1789817924.087,2026-09-19 18:38:44.087,312,Underpass Unila Arah Rajabasa,103,4347,Golongan I,Sedan/Jip/Pick-up,0.818,211,114,249,150,230.9,132.2,0.67,12.22,6.05,2.61,8.9,1.05,N/A,NORMAL,LAWAN_ARAH
1789817924.087,2026-09-19 18:38:44.087,312,Underpass Unila Arah Rajabasa,103,4370,Golongan I,Sedan/Jip/Pick-up,0.733,264,488,657,689,461.0,588.8,2.81,34.71,4.79,3.5,3.7,1.95,N/A,NORMAL,LAWAN_ARAH
1789817924.357,2026-09-19 18:38:44.356,312,Underpass Unila Arah Rajabasa,104,5022,Golongan VI-B,Sepeda Motor (Tanpa Helm),0.679,700,544,779,646,740.0,595.4,8.13,33.81,3.5,2.18,0.0,0.78,TANPA_HELM,MELANGGAR,PELANGGARAN_HELM
1789817924.357,2026-09-19 18:38:44.356,312,Underpass Unila Arah Rajabasa,104,5024,Golongan I,Sedan/Jip/Pick-up,0.535,599,452,668,531,633.8,492.3,7.52,31.14,3.48,2.14,0.0,0.87,N/A,NORMAL,NORMAL
1789817924.357,2026-09-19 18:38:44.356,312,Underpass Unila Arah Rajabasa,104,4347,Golongan I,Sedan/Jip/Pick-up,0.499,269,80,307,117,288.6,99.1,3.56,2.5,11.95,3.5,16.9,1.02,N/A,NORMAL,LAWAN_ARAH
1789817924.357,2026-09-19 18:38:44.356,312,Underpass Unila Arah Rajabasa,104,5025,Golongan VI-B,Sepeda Motor (Tanpa Helm),0.347,291,317,324,378,307.9,347.7,1.71,27.69,2.83,0.8,0.0,0.53,TANPA_HELM,MELANGGAR,PELANGGARAN_HELM
1789817924.519,2026-09-19 18:38:44.519,312,Underpass Unila Arah Rajabasa,105,4383,Golongan I,Sedan/Jip/Pick-up,0.641,271,80,309,117,290.3,99.0,3.65,2.41,12.08,3.5,0.0,1.02,N/A,NORMAL,NORMAL
1789817924.678,2026-09-19 18:38:44.678,312,Underpass Unila Arah Rajabasa,106,4383,Golongan I,Sedan/Jip/Pick-up,0.565,272,82,309,118,290.9,100.2,3.68,2.45,11.54,3.5,0.0,1.02,N/A,NORMAL,NORMAL
1789817924.867,2026-09-19 18:38:44.866,312,Underpass Unila Arah Rajabasa,107,4383,Golongan I,Sedan/Jip/Pick-up,0.564,277,90,310,122,293.7,106.4,3.74,3.24,9.58,3.5,8.6,1.02,N/A,NORMAL,NORMAL
1789817925.033,2026-09-19 18:38:45.033,312,Underpass Unila Arah Rajabasa,108,4383,Golongan I,Sedan/Jip/Pick-up,0.56,275,86,313,124,294.3,105.6,3.73,3.64,11.63,3.5,8.6,1.03,N/A,NORMAL,NORMAL
1789817925.211,2026-09-19 18:38:45.211,312,Underpass Unila Arah Rajabasa,109,4383,Golongan I,Sedan/Jip/Pick-up,0.616,277,89,316,126,297.0,108.3,3.82,4.03,11.11,3.5,8.6,1.03,N/A,NORMAL,NORMAL
1789817925.211,2026-09-19 18:38:45.211,312,Underpass Unila Arah Rajabasa,109,4398,Golongan I,Sedan/Jip/Pick-up,0.467,399,603,606,720,502.9,661.9,3.23,35.14,2.09,3.19,0.0,1.78,N/A,NORMAL,NORMAL
1789817925.408,2026-09-19 18:38:45.407,312,Underpass Unila Arah Rajabasa,110,4383,Golongan I,Sedan/Jip/Pick-up,0.62,278,91,319,132,299.0,111.9,3.81,5.05,11.86,3.5,9.4,1.03,N/A,NORMAL,NORMAL
1789817925.408,2026-09-19 18:38:45.407,312,Underpass Unila Arah Rajabasa,110,4398,Golongan I,Sedan/Jip/Pick-up,0.322,372,583,614,720,493.4,651.7,3.11,35.14,2.53,3.5,0.0,1.77,N/A,NORMAL,NORMAL
1789817925.408,2026-09-19 18:38:45.407,312,Underpass Unila Arah Rajabasa,110,4400,Golongan I,Sedan/Jip/Pick-up,0.363,253,54,277,82,265.6,68.3,2.99,-5.48,12.11,3.5,0.0,0.9,N/A,NORMAL,NORMAL
1789817925.576,2026-09-19 18:38:45.576,312,Underpass Unila Arah Rajabasa,111,4383,Golongan I,Sedan/Jip/Pick-up,0.604,278,92,322,134,300.6,113.2,3.84,5.42,12.03,3.5,9.8,1.03,N/A,NORMAL,NORMAL
1789817925.79,2026-09-19 18:38:45.789,312,Underpass Unila Arah Rajabasa,112,4383,Golongan I,Sedan/Jip/Pick-up,0.661,281,93,324,136,303.1,115.2,3.93,5.66,12.25,3.5,9.5,1.03,N/A,NORMAL,NORMAL
1789817925.976,2026-09-19 18:38:45.975,312,Underpass Unila Arah Rajabasa,113,4383,Golongan I,Sedan/Jip/Pick-up,0.704,281,93,327,138,304.4,116.2,3.94,6.1,12.8,3.5,9.4,1.03,N/A,NORMAL,NORMAL
1789817925.976,2026-09-19 18:38:45.975,312,Underpass Unila Arah Rajabasa,113,4412,Golongan I,Sedan/Jip/Pick-up,0.486,280,92,323,127,301.6,109.7,4.06,3.73,10.52,3.5,0.0,1.22,N/A,NORMAL,NORMAL
1789817926.136,2026-09-19 18:38:46.136,312,Underpass Unila Arah Rajabasa,114,4383,Golongan I,Sedan/Jip/Pick-up,0.745,281,94,330,142,305.9,118.6,3.94,6.68,13.39,3.5,9.4,1.03,N/A,NORMAL,NORMAL
1789817926.3,2026-09-19 18:38:46.300,312,Underpass Unila Arah Rajabasa,115,4383,Golongan I,Sedan/Jip/Pick-up,0.648,282,96,332,145,307.5,121.2,3.95,7.27,13.36,3.5,9.9,1.03,N/A,NORMAL,NORMAL
1789817926.458,2026-09-19 18:38:46.457,312,Underpass Unila Arah Rajabasa,116,4383,Golongan I,Sedan/Jip/Pick-up,0.766,283,98,335,149,309.4,124.2,3.96,7.93,13.57,3.5,10.2,1.02,N/A,NORMAL,NORMAL
1789817926.624,2026-09-19 18:38:46.624,312,Underpass Unila Arah Rajabasa,117,4383,Golongan I,Sedan/Jip/Pick-up,0.742,285,101,337,152,311.0,127.2,3.98,8.35,13.21,3.5,10.4,1.02,N/A,NORMAL,NORMAL
1789817926.805,2026-09-19 18:38:46.805,312,Underpass Unila Arah Rajabasa,118,4383,Golongan I,Sedan/Jip/Pick-up,0.743,290,107,339,155,314.7,131.5,4.1,8.65,11.93,3.5,10.4,1.02,N/A,NORMAL,NORMAL
1789817926.988,2026-09-19 18:38:46.987,312,Underpass Unila Arah Rajabasa,119,4383,Golongan I,Sedan/Jip/Pick-up,0.744,291,108,343,159,317.3,134.0,4.14,9.19,12.5,3.5,10.0,1.02,N/A,NORMAL,NORMAL
1789817926.988,2026-09-19 18:38:46.987,312,Underpass Unila Arah Rajabasa,119,4431,Golongan I,Sedan/Jip/Pick-up,0.726,308,390,419,514,364.2,452.7,2.14,31.6,3.95,2.23,0.0,0.9,N/A,NORMAL,NORMAL
1789817927.166,2026-09-19 18:38:47.165,312,Underpass Unila Arah Rajabasa,120,4383,Golongan I,Sedan/Jip/Pick-up,0.67,292,109,345,161,319.0,135.7,4.17,9.53,12.63,3.5,9.8,1.02,N/A,NORMAL,NORMAL
1789817927.166,2026-09-19 18:38:47.165,312,Underpass Unila Arah Rajabasa,120,4431,Golongan I,Sedan/Jip/Pick-up,0.421,301,378,404,493,352.8,436.0,2.04,31.11,3.86,2.12,0.0,0.9,N/A,NORMAL,NORMAL
1789817927.368,2026-09-19 18:38:47.368,312,Underpass Unila Arah Rajabasa,121,4383,Golongan I,Sedan/Jip/Pick-up,0.378,294,111,349,166,321.9,138.7,4.22,10.11,13.05,3.5,9.9,1.01,N/A,NORMAL,NORMAL
1789817927.556,2026-09-19 18:38:47.556,312,Underpass Unila Arah Rajabasa,122,4383,Golongan I,Sedan/Jip/Pick-up,0.431,296,115,351,170,323.9,142.9,4.22,10.67,12.57,3.5,10.1,1.01,N/A,NORMAL,NORMAL
1789817927.556,2026-09-19 18:38:47.556,312,Underpass Unila Arah Rajabasa,122,4431,Golongan I,Sedan/Jip/Pick-up,0.357,292,348,385,450,338.7,399.5,1.98,30.0,3.94,2.07,0.0,0.9,N/A,NORMAL,NORMAL
1789817927.722,2026-09-19 18:38:47.722,312,Underpass Unila Arah Rajabasa,123,4383,Golongan I,Sedan/Jip/Pick-up,0.688,297,118,354,173,325.8,146.0,4.23,11.18,12.27,3.5,10.2,1.01,N/A,NORMAL,NORMAL
1789817927.722,2026-09-19 18:38:47.722,312,Underpass Unila Arah Rajabasa,123,4431,Golongan I,Sedan/Jip/Pick-up,0.263,285,331,374,431,330.0,381.9,1.9,29.46,4.14,2.07,0.0,0.9,N/A,NORMAL,NORMAL
1789817927.882,2026-09-19 18:38:47.882,312,Underpass Unila Arah Rajabasa,124,4383,Golongan I,Sedan/Jip/Pick-up,0.484,298,120,357,179,328.2,149.7,4.23,11.89,12.75,3.5,10.3,1.0,N/A,NORMAL,NORMAL
1789817927.882,2026-09-19 18:38:47.882,312,Underpass Unila Arah Rajabasa,124,4431,Golongan I,Sedan/Jip/Pick-up,0.459,279,320,365,415,322.7,367.9,1.84,28.96,4.14,2.05,11.6,0.9,N/A,NORMAL,NORMAL
1789817928.063,2026-09-19 18:38:48.062,312,Underpass Unila Arah Rajabasa,125,4383,Golongan I,Sedan/Jip/Pick-up,0.377,300,123,361,184,330.5,153.8,4.23,12.53,12.82,3.5,10.3,1.0,N/A,NORMAL,NORMAL
1789817928.259,2026-09-19 18:38:48.258,312,Underpass Unila Arah Rajabasa,126,4383,Golongan IV,Truk 4 Gandar,0.353,301,124,364,188,333.1,156.7,4.26,13.02,13.25,3.5,10.3,0.99,N/A,NORMAL,NORMAL
1789817928.434,2026-09-19 18:38:48.434,312,Underpass Unila Arah Rajabasa,127,4383,Golongan IV,Truk 4 Gandar,0.4,304,126,367,190,336.0,158.3,4.35,13.14,13.14,3.5,10.2,0.98,N/A,NORMAL,NORMAL
1789817928.684,2026-09-19 18:38:48.684,312,Underpass Unila Arah Rajabasa,128,5026,Golongan I,Sedan/Jip/Pick-up,0.612,216,134,252,169,234.6,151.6,0.73,14.54,4.98,2.11,0.0,1.04,N/A,NORMAL,NORMAL
1789817928.684,2026-09-19 18:38:48.684,312,Underpass Unila Arah Rajabasa,128,5028,Golongan I,Sedan/Jip/Pick-up,0.36,422,271,552,412,487.7,341.9,5.62,27.63,11.03,3.5,0.0,0.92,N/A,NORMAL,NORMAL
1789817928.684,2026-09-19 18:38:48.684,312,Underpass Unila Arah Rajabasa,128,5028,Golongan I,Bus,0.289,422,271,553,412,487.7,341.7,5.63,27.62,11.05,3.5,0.0,0.93,N/A,NORMAL,NORMAL
1789817928.684,2026-09-19 18:38:48.684,312,Underpass Unila Arah Rajabasa,128,5029,Golongan I,Sedan/Jip/Pick-up,0.255,252,231,312,293,282.8,262.0,1.54,23.87,4.47,2.02,0.0,0.97,N/A,NORMAL,NORMAL
1789817928.833,2026-09-19 18:38:48.833,312,Underpass Unila Arah Rajabasa,129,4450,Golongan I,Sedan/Jip/Pick-up,0.511,213,130,250,165,232.0,147.9,0.66,14.21,5.11,2.22,0.0,1.04,N/A,NORMAL,NORMAL
1789817928.833,2026-09-19 18:38:48.833,312,Underpass Unila Arah Rajabasa,129,4452,Golongan I,Sedan/Jip/Pick-up,0.426,429,280,562,424,496.1,352.5,5.66,28.09,10.77,3.5,0.0,0.92,N/A,NORMAL,NORMAL
1789817928.833,2026-09-19 18:38:48.833,312,Underpass Unila Arah Rajabasa,129,4454,Golongan I,Sedan/Jip/Pick-up,0.458,248,226,307,287,277.6,257.4,1.44,23.64,4.5,2.01,0.0,0.97,N/A,NORMAL,NORMAL
1789817929.002,2026-09-19 18:38:49.001,312,Underpass Unila Arah Rajabasa,130,4450,Golongan I,Sedan/Jip/Pick-up,0.557,212,127,249,162,231.1,145.3,0.64,13.89,5.24,2.27,0.0,1.04,N/A,NORMAL,NORMAL
1789817929.002,2026-09-19 18:38:49.001,312,Underpass Unila Arah Rajabasa,130,4452,Golongan I,Sedan/Jip/Pick-up,0.483,435,287,577,442,506.6,364.9,5.68,28.72,11.11,3.5,0.0,0.92,N/A,NORMAL,NORMAL
1789817929.162,2026-09-19 18:38:49.162,312,Underpass Unila Arah Rajabasa,131,4450,Golongan I,Sedan/Jip/Pick-up,0.584,211,122,247,157,229.4,140.2,0.6,13.28,5.45,2.29,10.3,1.04,N/A,NORMAL,NORMAL
1789817929.162,2026-09-19 18:38:49.162,312,Underpass Unila Arah Rajabasa,131,4452,Golongan I,Sedan/Jip/Pick-up,0.435,445,298,592,458,519.2,378.6,5.77,29.25,10.93,3.5,12.7,0.92,N/A,NORMAL,NORMAL
1789817929.345,2026-09-19 18:38:49.344,312,Underpass Unila Arah Rajabasa,132,4450,Golongan I,Sedan/Jip/Pick-up,0.517,210,120,246,154,228.3,137.6,0.57,12.95,5.4,2.33,9.7,1.04,N/A,NORMAL,NORMAL
1789817929.345,2026-09-19 18:38:49.344,312,Underpass Unila Arah Rajabasa,132,4452,Golongan I,Sedan/Jip/Pick-up,0.409,457,311,607,475,532.5,393.3,5.86,29.78,10.58,3.5,12.4,0.92,N/A,NORMAL,NORMAL
1789817929.505,2026-09-19 18:38:49.505,312,Underpass Unila Arah Rajabasa,133,4450,Golongan I,Sedan/Jip/Pick-up,0.632,209,117,244,151,227.1,134.2,0.54,12.49,5.52,2.32,9.5,1.04,N/A,NORMAL,NORMAL
1789817929.505,2026-09-19 18:38:49.505,312,Underpass Unila Arah Rajabasa,133,4452,Golongan I,Sedan/Jip/Pick-up,0.418,467,322,623,492,545.7,407.9,5.93,30.31,10.48,3.5,12.2,0.92,N/A,NORMAL,NORMAL
1789817929.666,2026-09-19 18:38:49.666,312,Underpass Unila Arah Rajabasa,134,4450,Golongan I,Sedan/Jip/Pick-up,0.46,207,113,243,147,225.7,130.3,0.5,12.05,5.71,2.46,9.5,1.04,N/A,NORMAL,NORMAL
1789817929.666,2026-09-19 18:38:49.666,312,Underpass Unila Arah Rajabasa,134,4452,Golongan I,Sedan/Jip/Pick-up,0.583,479,335,642,513,561.0,424.6,6.01,30.87,10.38,3.5,12.2,0.92,N/A,NORMAL,NORMAL
1789817929.831,2026-09-19 18:38:49.830,312,Underpass Unila Arah Rajabasa,135,4450,Golongan I,Sedan/Jip/Pick-up,0.532,207,110,242,144,224.6,127.9,0.47,11.74,5.86,2.45,9.3,1.03,N/A,NORMAL,NORMAL
1789817929.831,2026-09-19 18:38:49.830,312,Underpass Unila Arah Rajabasa,135,4452,Golongan I,Sedan/Jip/Pick-up,0.485,489,348,660,534,575.1,441.7,6.04,31.45,10.26,3.5,12.2,0.92,N/A,NORMAL,NORMAL
1789817929.994,2026-09-19 18:38:49.994,312,Underpass Unila Arah Rajabasa,136,4450,Golongan I,Sedan/Jip/Pick-up,0.416,206,109,239,140,223.2,125.1,0.43,11.22,5.43,2.34,9.3,1.03,N/A,NORMAL,NORMAL
1789817929.994,2026-09-19 18:38:49.994,312,Underpass Unila Arah Rajabasa,136,4452,Golongan I,Sedan/Jip/Pick-up,0.61,500,363,680,557,590.5,460.4,6.09,32.01,10.06,3.5,12.2,0.92,N/A,NORMAL,NORMAL
1789817930.156,2026-09-19 18:38:50.156,312,Underpass Unila Arah Rajabasa,137,4452,Golongan I,Sedan/Jip/Pick-up,0.574,513,378,699,579,606.8,479.2,6.15,32.53,9.84,3.5,12.2,0.92,N/A,NORMAL,NORMAL
1789817930.156,2026-09-19 18:38:50.156,312,Underpass Unila Arah Rajabasa,137,4477,Golongan I,Sedan/Jip/Pick-up,0.439,234,178,276,221,255.6,200.1,1.16,19.29,4.42,1.86,0.0,0.97,N/A,NORMAL,NORMAL
1789817930.327,2026-09-19 18:38:50.327,312,Underpass Unila Arah Rajabasa,138,4452,Golongan I,Sedan/Jip/Pick-up,0.579,526,394,720,604,623.7,499.5,6.2,33.06,9.67,3.5,12.1,0.93,N/A,NORMAL,NORMAL
1789817930.327,2026-09-19 18:38:50.327,312,Underpass Unila Arah Rajabasa,138,4477,Golongan I,Sedan/Jip/Pick-up,0.525,234,176,272,216,253.3,196.6,1.12,18.88,4.19,1.71,0.0,0.97,N/A,NORMAL,NORMAL
1789817930.327,2026-09-19 18:38:50.327,312,Underpass Unila Arah Rajabasa,138,4450,Golongan I,Sedan/Jip/Pick-up,0.278,205,106,235,135,220.7,120.7,0.35,10.48,5.22,2.18,0.0,1.03,N/A,NORMAL,LAWAN_ARAH
1789817930.519,2026-09-19 18:38:50.518,312,Underpass Unila Arah Rajabasa,139,4452,Golongan I,Sedan/Jip/Pick-up,0.735,541,411,743,630,642.5,520.7,6.27,33.58,9.5,3.5,11.9,0.93,N/A,NORMAL,NORMAL
1789817930.519,2026-09-19 18:38:50.518,312,Underpass Unila Arah Rajabasa,139,4450,Golongan I,Sedan/Jip/Pick-up,0.327,206,105,233,131,219.9,118.6,0.33,9.96,4.78,2.0,0.0,1.03,N/A,NORMAL,LAWAN_ARAH
1789817930.676,2026-09-19 18:38:50.676,312,Underpass Unila Arah Rajabasa,140,4452,Golongan I,Sedan/Jip/Pick-up,0.763,555,427,768,656,662.0,542.2,6.33,34.09,9.45,3.5,11.8,0.93,N/A,NORMAL,NORMAL
1789817930.676,2026-09-19 18:38:50.676,312,Underpass Unila Arah Rajabasa,140,4450,Golongan I,Sedan/Jip/Pick-up,0.458,205,100,234,128,220.2,114.4,0.35,9.4,5.37,2.24,11.1,1.03,N/A,NORMAL,LAWAN_ARAH
1789817930.676,2026-09-19 18:38:50.676,312,Underpass Unila Arah Rajabasa,140,4477,Golongan I,Sedan/Jip/Pick-up,0.609,228,163,268,204,248.4,184.1,1.03,17.91,4.67,1.93,0.0,0.98,N/A,NORMAL,NORMAL
1789817930.834,2026-09-19 18:38:50.833,312,Underpass Unila Arah Rajabasa,141,4452,Golongan I,Sedan/Jip/Pick-up,0.666,572,446,792,683,682.9,564.7,6.42,34.55,9.22,3.5,11.7,0.93,N/A,NORMAL,NORMAL
1789817930.834,2026-09-19 18:38:50.833,312,Underpass Unila Arah Rajabasa,141,4450,Golongan I,Sedan/Jip/Pick-up,0.486,205,98,232,124,218.8,111.6,0.3,8.88,5.12,2.14,11.2,1.03,N/A,NORMAL,LAWAN_ARAH
1789817930.834,2026-09-19 18:38:50.833,312,Underpass Unila Arah Rajabasa,141,4477,Golongan I,Sedan/Jip/Pick-up,0.508,226,157,265,197,246.0,177.5,0.98,17.34,4.77,1.96,0.0,0.98,N/A,NORMAL,NORMAL
1789817931.017,2026-09-19 18:38:51.016,312,Underpass Unila Arah Rajabasa,142,4452,Golongan I,Sedan/Jip/Pick-up,0.747,590,465,817,709,704.4,587.8,6.52,35.0,9.0,3.5,11.5,0.93,N/A,NORMAL,NORMAL
1789817931.017,2026-09-19 18:38:51.016,312,Underpass Unila Arah Rajabasa,142,4450,Golongan I,Sedan/Jip/Pick-up,0.45,204,95,231,121,217.8,108.7,0.27,8.46,5.26,2.2,10.9,1.02,N/A,NORMAL,LAWAN_ARAH
1789817931.017,2026-09-19 18:38:51.016,312,Underpass Unila Arah Rajabasa,142,4477,Golongan I,Sedan/Jip/Pick-up,0.642,224,152,263,191,244.2,172.3,0.95,16.78,4.83,2.02,12.0,0.98,N/A,NORMAL,NORMAL
1789817931.187,2026-09-19 18:38:51.186,312,Underpass Unila Arah Rajabasa,143,4452,Golongan I,Sedan/Jip/Pick-up,0.712,614,485,839,720,727.1,602.8,6.82,35.16,8.43,3.5,11.1,0.96,N/A,NORMAL,NORMAL
1789817931.187,2026-09-19 18:38:51.186,312,Underpass Unila Arah Rajabasa,143,4450,Golongan I,Sedan/Jip/Pick-up,0.329,203,94,230,120,217.1,107.2,0.25,8.2,5.29,2.21,10.4,1.01,N/A,NORMAL,LAWAN_ARAH
1789817931.187,2026-09-19 18:38:51.186,312,Underpass Unila Arah Rajabasa,143,4477,Golongan I,Sedan/Jip/Pick-up,0.723,225,150,260,186,242.7,168.7,0.92,16.26,4.57,1.85,11.8,0.99,N/A,NORMAL,LAWAN_ARAH
1789817931.351,2026-09-19 18:38:51.350,312,Underpass Unila Arah Rajabasa,144,4452,Golongan I,Sedan/Jip/Pick-up,0.587,644,507,856,720,750.3,613.9,7.27,35.16,7.52,3.5,10.3,1.0,N/A,NORMAL,NORMAL
1789817931.351,2026-09-19 18:38:51.350,312,Underpass Unila Arah Rajabasa,144,4477,Golongan I,Sedan/Jip/Pick-up,0.524,224,147,257,180,241.2,163.8,0.9,15.62,4.32,1.79,12.0,1.0,N/A,NORMAL,LAWAN_ARAH
1789817931.514,2026-09-19 18:38:51.514,312,Underpass Unila Arah Rajabasa,145,4452,Golongan I,Sedan/Jip/Pick-up,0.481,673,528,873,720,773.5,624.3,7.73,35.17,6.7,3.5,9.6,1.04,N/A,NORMAL,NORMAL
1789817931.514,2026-09-19 18:38:51.514,312,Underpass Unila Arah Rajabasa,145,4477,Golongan I,Sedan/Jip/Pick-up,0.424,221,142,256,176,238.9,159.7,0.84,15.28,4.59,1.96,11.7,1.01,N/A,NORMAL,LAWAN_ARAH
1789817931.672,2026-09-19 18:38:51.671,312,Underpass Unila Arah Rajabasa,146,4452,Golongan I,Sedan/Jip/Pick-up,0.568,699,550,882,720,791.0,635.4,8.09,35.17,5.77,3.5,8.9,1.08,N/A,NORMAL,NORMAL
1789817931.672,2026-09-19 18:38:51.671,312,Underpass Unila Arah Rajabasa,146,4477,Golongan I,Sedan/Jip/Pick-up,0.527,220,139,255,173,238.0,156.6,0.83,14.91,4.7,2.0,11.4,1.02,N/A,NORMAL,LAWAN_ARAH
1789817931.831,2026-09-19 18:38:51.830,312,Underpass Unila Arah Rajabasa,147,4452,Golongan I,Sedan/Jip/Pick-up,0.559,724,577,886,720,805.3,648.8,8.39,35.17,4.64,3.5,8.2,1.14,N/A,NORMAL,NORMAL
1789817931.831,2026-09-19 18:38:51.830,312,Underpass Unila Arah Rajabasa,147,4477,Golongan I,Sedan/Jip/Pick-up,0.543,217,135,253,170,235.8,152.7,0.77,14.64,4.95,2.1,10.9,1.03,N/A,NORMAL,LAWAN_ARAH
1789817932.001,2026-09-19 18:38:52.001,312,Underpass Unila Arah Rajabasa,148,4452,Golongan I,Sedan/Jip/Pick-up,0.37,750,606,886,720,818.2,663.0,8.67,35.17,3.51,3.5,7.7,1.2,N/A,NORMAL,NORMAL
1789817932.001,2026-09-19 18:38:52.001,312,Underpass Unila Arah Rajabasa,148,4477,Golongan I,Sedan/Jip/Pick-up,0.438,215,130,251,165,234.0,147.9,0.72,14.06,5.14,2.17,10.7,1.04,N/A,NORMAL,LAWAN_ARAH
1789817932.157,2026-09-19 18:38:52.157,312,Underpass Unila Arah Rajabasa,149,4452,Golongan I,Sedan/Jip/Pick-up,0.445,780,634,890,720,835.4,677.4,9.05,35.18,2.56,2.83,7.5,1.28,N/A,NORMAL,NORMAL
1789817932.157,2026-09-19 18:38:52.157,312,Underpass Unila Arah Rajabasa,149,4477,Golongan I,Sedan/Jip/Pick-up,0.516,215,127,250,160,232.9,144.1,0.7,13.58,5.01,2.18,10.7,1.05,N/A,NORMAL,LAWAN_ARAH
1789817932.322,2026-09-19 18:38:52.321,312,Underpass Unila Arah Rajabasa,150,4477,Golongan I,Sedan/Jip/Pick-up,0.535,212,122,249,156,231.2,139.4,0.66,13.11,5.35,2.38,10.5,1.05,N/A,NORMAL,LAWAN_ARAH
1789817932.481,2026-09-19 18:38:52.481,312,Underpass Unila Arah Rajabasa,151,4477,Golongan I,Sedan/Jip/Pick-up,0.548,211,119,247,153,229.5,136.4,0.61,12.75,5.47,2.37,10.3,1.05,N/A,NORMAL,LAWAN_ARAH
1789817932.67,2026-09-19 18:38:52.669,312,Underpass Unila Arah Rajabasa,152,4477,Golongan I,Sedan/Jip/Pick-up,0.675,212,115,245,148,229.0,131.9,0.61,11.99,5.53,2.25,10.3,1.05,N/A,NORMAL,LAWAN_ARAH
1789817932.834,2026-09-19 18:38:52.833,312,Underpass Unila Arah Rajabasa,153,4477,Golongan I,Sedan/Jip/Pick-up,0.657,210,113,244,145,227.8,129.2,0.58,11.66,5.46,2.36,10.1,1.06,N/A,NORMAL,LAWAN_ARAH
1789817932.999,2026-09-19 18:38:52.999,312,Underpass Unila Arah Rajabasa,154,4477,Golongan I,Sedan/Jip/Pick-up,0.43,210,111,242,141,226.3,126.5,0.53,11.15,5.24,2.27,10.1,1.07,N/A,NORMAL,LAWAN_ARAH
1789817933.168,2026-09-19 18:38:53.168,312,Underpass Unila Arah Rajabasa,155,4477,Golongan I,Sedan/Jip/Pick-up,0.277,209,107,242,139,225.9,123.7,0.53,10.87,5.76,2.41,9.9,1.06,N/A,NORMAL,LAWAN_ARAH
1789817933.344,2026-09-19 18:38:53.344,312,Underpass Unila Arah Rajabasa,156,4477,Golongan I,Sedan/Jip/Pick-up,0.371,208,102,241,134,225.0,118.7,0.51,10.13,6.03,2.52,10.3,1.07,N/A,NORMAL,LAWAN_ARAH
1789817933.506,2026-09-19 18:38:53.506,312,Underpass Unila Arah Rajabasa,157,4477,Golongan I,Sedan/Jip/Pick-up,0.476,207,99,241,131,224.1,115.5,0.48,9.7,6.21,2.67,10.3,1.07,N/A,NORMAL,LAWAN_ARAH
1789817933.675,2026-09-19 18:38:53.675,312,Underpass Unila Arah Rajabasa,158,4477,Golongan I,Sedan/Jip/Pick-up,0.434,205,96,240,129,222.7,112.8,0.44,9.44,6.53,2.81,10.1,1.07,N/A,NORMAL,LAWAN_ARAH
1789817933.877,2026-09-19 18:38:53.876,312,Underpass Unila Arah Rajabasa,159,5030,Golongan I,Sedan/Jip/Pick-up,0.647,566,481,762,690,664.6,586.1,6.0,34.69,6.82,3.5,0.0,0.93,N/A,NORMAL,NORMAL
1789817933.877,2026-09-19 18:38:53.876,312,Underpass Unila Arah Rajabasa,159,5031,Golongan VI-B,Sepeda Motor (Tanpa Helm),0.373,301,436,335,503,318.3,469.9,1.45,31.46,1.82,0.58,0.0,0.51,TANPA_HELM,MELANGGAR,PELANGGARAN_HELM
1789817933.877,2026-09-19 18:38:53.876,312,Underpass Unila Arah Rajabasa,159,5032,Golongan I,Sedan/Jip/Pick-up,0.364,506,322,546,368,526.6,345.5,7.71,24.87,3.63,1.78,0.0,0.86,N/A,NORMAL,NORMAL
1789817934.046,2026-09-19 18:38:54.046,312,Underpass Unila Arah Rajabasa,160,4454,Golongan I,Sedan/Jip/Pick-up,0.619,247,199,309,263,278.3,231.7,1.58,22.08,5.63,2.47,0.0,0.96,N/A,NORMAL,NORMAL
1789817934.205,2026-09-19 18:38:54.204,312,Underpass Unila Arah Rajabasa,161,5031,Golongan VI-B,Sepeda Motor (Tanpa Helm),0.419,275,378,311,463,293.2,420.9,1.16,30.55,2.74,0.68,0.0,0.42,TANPA_HELM,MELANGGAR,PELANGGARAN_HELM
1789817934.205,2026-09-19 18:38:54.204,312,Underpass Unila Arah Rajabasa,161,5032,Golongan I,Sedan/Jip/Pick-up,0.357,528,342,570,393,549.6,367.8,7.9,26.03,3.7,1.78,0.0,0.82,N/A,NORMAL,NORMAL
1789817934.378,2026-09-19 18:38:54.377,312,Underpass Unila Arah Rajabasa,162,5031,Golongan VI-B,Sepeda Motor (Tanpa Helm),0.557,264,355,300,434,282.8,395.2,1.06,29.79,2.81,0.71,0.0,0.45,TANPA_HELM,MELANGGAR,PELANGGARAN_HELM
1789817934.378,2026-09-19 18:38:54.377,312,Underpass Unila Arah Rajabasa,162,5032,Golongan VI-A,Sepeda Motor (Taat Helm),0.365,546,357,584,408,565.6,382.7,8.08,26.64,3.51,1.56,0.0,0.75,HELM,TAAT_HUKUM,NORMAL
1789817934.378,2026-09-19 18:38:54.377,312,Underpass Unila Arah Rajabasa,162,5033,Golongan I,Sedan/Jip/Pick-up,0.343,619,538,833,718,726.6,628.6,6.83,35.14,5.53,3.5,0.0,1.19,N/A,NORMAL,NORMAL
1789817934.536,2026-09-19 18:38:54.536,312,Underpass Unila Arah Rajabasa,163,5031,Golongan VI-B,Sepeda Motor (Tanpa Helm),0.502,256,333,290,407,273.3,370.6,0.96,29.0,2.9,0.71,17.1,0.46,TANPA_HELM,MELANGGAR,PELANGGARAN_HELM
1789817934.536,2026-09-19 18:38:54.536,312,Underpass Unila Arah Rajabasa,163,5032,Golongan I,Sedan/Jip/Pick-up,0.471,554,370,600,423,577.6,397.0,8.11,27.3,3.45,1.83,14.0,0.86,N/A,NORMAL,NORMAL
1789817934.536,2026-09-19 18:38:54.536,312,Underpass Unila Arah Rajabasa,163,5033,Golongan I,Sedan/Jip/Pick-up,0.382,638,560,846,720,742.1,640.5,7.11,35.16,4.78,3.5,0.0,1.31,N/A,NORMAL,NORMAL
1789817934.686,2026-09-19 18:38:54.685,312,Underpass Unila Arah Rajabasa,164,5031,Golongan VI-B,Sepeda Motor (Tanpa Helm),0.315,246,313,279,383,262.8,348.4,0.83,28.23,2.99,0.73,17.2,0.47,TANPA_HELM,MELANGGAR,PELANGGARAN_HELM
1789817934.852,2026-09-19 18:38:54.852,312,Underpass Unila Arah Rajabasa,165,5031,Golongan VI-A,Sepeda Motor (Taat Helm),0.521,244,293,271,360,258.2,327.3,0.79,27.41,3.16,0.64,17.4,0.4,HELM,TAAT_HUKUM,LAWAN_ARAH
1789817934.852,2026-09-19 18:38:54.852,312,Underpass Unila Arah Rajabasa,165,5032,Golongan VI-A,Sepeda Motor (Taat Helm),0.437,582,388,632,455,607.2,422.0,8.32,28.49,4.08,1.93,0.0,0.75,HELM,TAAT_HUKUM,NORMAL
1789817934.852,2026-09-19 18:38:54.852,312,Underpass Unila Arah Rajabasa,165,5033,Golongan I,Sedan/Jip/Pick-up,0.26,681,623,787,720,734.9,672.0,6.97,35.16,2.39,2.31,0.0,1.1,N/A,NORMAL,NORMAL
1789817935.015,2026-09-19 18:38:55.015,312,Underpass Unila Arah Rajabasa,166,5031,Golongan VI-B,Sepeda Motor (Tanpa Helm),0.321,238,283,261,341,250.0,312.5,0.67,26.7,2.9,0.56,17.3,0.4,TANPA_HELM,MELANGGAR,LAWAN_ARAH
1789817935.015,2026-09-19 18:38:55.015,312,Underpass Unila Arah Rajabasa,166,5032,Golongan I,Sedan/Jip/Pick-up,0.294,599,411,648,473,623.9,442.3,8.43,29.12,3.48,1.8,0.0,0.79,N/A,NORMAL,NORMAL
1789817935.015,2026-09-19 18:38:55.015,312,Underpass Unila Arah Rajabasa,166,5035,Golongan VI-B,Sepeda Motor (Tanpa Helm),0.273,409,582,473,692,441.4,637.2,2.53,34.76,1.93,0.94,0.0,0.58,TANPA_HELM,MELANGGAR,PELANGGARAN_HELM
1789817935.186,2026-09-19 18:38:55.185,312,Underpass Unila Arah Rajabasa,167,5032,Golongan VI-A,Sepeda Motor (Taat Helm),0.526,612,421,665,491,639.0,456.5,8.49,29.72,3.78,1.91,13.4,0.78,HELM,TAAT_HUKUM,NORMAL
1789817935.186,2026-09-19 18:38:55.185,312,Underpass Unila Arah Rajabasa,167,5036,Golongan I,Sedan/Jip/Pick-up,0.447,226,146,276,195,251.4,171.1,1.16,16.94,6.31,2.72,0.0,1.0,N/A,NORMAL,NORMAL
1789817935.351,2026-09-19 18:38:55.351,312,Underpass Unila Arah Rajabasa,168,4524,Golongan I,Sedan/Jip/Pick-up,0.47,225,142,273,189,249.6,166.1,1.13,16.37,6.27,2.7,0.0,1.0,N/A,NORMAL,NORMAL
1789817935.512,2026-09-19 18:38:55.512,312,Underpass Unila Arah Rajabasa,169,4524,Golongan I,Sedan/Jip/Pick-up,0.606,222,136,269,183,246.0,160.4,1.04,15.85,6.53,2.74,0.0,1.0,N/A,NORMAL,NORMAL
1789817935.677,2026-09-19 18:38:55.676,312,Underpass Unila Arah Rajabasa,170,4524,Golongan I,Sedan/Jip/Pick-up,0.566,218,130,265,176,242.3,153.5,0.95,15.18,6.67,2.84,13.3,1.0,N/A,NORMAL,NORMAL
1789817935.864,2026-09-19 18:38:55.863,312,Underpass Unila Arah Rajabasa,171,4524,Golongan I,Sedan/Jip/Pick-up,0.45,215,124,261,170,238.7,147.5,0.86,14.56,6.96,2.89,13.1,1.0,N/A,NORMAL,NORMAL
1789817936.046,2026-09-19 18:38:56.046,312,Underpass Unila Arah Rajabasa,172,4524,Golongan I,Sedan/Jip/Pick-up,0.489,213,119,259,165,236.6,142.4,0.81,13.95,7.23,3.0,12.9,1.0,N/A,NORMAL,NORMAL
1789817936.224,2026-09-19 18:38:56.223,312,Underpass Unila Arah Rajabasa,173,4524,Golongan I,Sedan/Jip/Pick-up,0.308,212,114,257,159,235.1,137.0,0.78,13.27,7.41,3.06,12.9,1.01,N/A,NORMAL,LAWAN_ARAH
1789817940.112,2026-09-19 18:39:00.112,312,Underpass Unila Arah Rajabasa,197,5039,Golongan III,Truk 3 Gandar,0.379,405,271,517,371,461.5,321.6,5.52,25.93,8.06,3.5,0.0,1.11,N/A,NORMAL,NORMAL
1789817940.263,2026-09-19 18:39:00.263,312,Underpass Unila Arah Rajabasa,198,5039,Golongan II,Truk 2 Gandar,0.4,410,281,527,385,469.2,333.3,5.53,26.52,7.91,3.5,0.0,1.13,N/A,NORMAL,NORMAL
1789817940.41,2026-09-19 18:39:00.409,312,Underpass Unila Arah Rajabasa,199,5039,Golongan II,Truk 2 Gandar,0.338,418,290,541,398,480.4,344.5,5.64,27.06,7.9,3.5,13.8,1.14,N/A,NORMAL,NORMAL
1789817940.568,2026-09-19 18:39:00.568,312,Underpass Unila Arah Rajabasa,200,5039,Golongan II,Truk 2 Gandar,0.403,426,300,552,413,489.4,357.3,5.65,27.68,7.83,3.5,13.8,1.12,N/A,NORMAL,NORMAL
1789817940.568,2026-09-19 18:39:00.568,312,Underpass Unila Arah Rajabasa,200,5039,Golongan I,Bus,0.282,426,301,553,413,489.8,357.4,5.66,27.67,7.75,3.5,13.8,1.13,N/A,NORMAL,NORMAL
1789817940.726,2026-09-19 18:39:00.726,312,Underpass Unila Arah Rajabasa,201,4554,Golongan II,Truk 2 Gandar,0.434,431,309,563,426,497.1,368.3,5.66,28.18,7.75,3.5,0.0,1.13,N/A,NORMAL,NORMAL
1789817940.908,2026-09-19 18:39:00.908,312,Underpass Unila Arah Rajabasa,202,4554,Golongan I,Bus,0.395,437,317,578,441,508.0,379.5,5.72,28.7,7.91,3.5,0.0,1.13,N/A,NORMAL,NORMAL
1789817941.066,2026-09-19 18:39:01.065,312,Underpass Unila Arah Rajabasa,203,4554,Golongan I,Bus,0.375,448,331,591,457,520.1,394.6,5.8,29.23,7.57,3.5,11.3,1.13,N/A,NORMAL,NORMAL
1789817941.284,2026-09-19 18:39:01.284,312,Underpass Unila Arah Rajabasa,204,5041,Golongan I,Sedan/Jip/Pick-up,0.789,254,297,339,401,297.1,349.2,1.41,28.63,4.77,2.06,0.0,0.81,N/A,NORMAL,NORMAL
1789817941.284,2026-09-19 18:39:01.284,312,Underpass Unila Arah Rajabasa,204,5043,Golongan I,Sedan/Jip/Pick-up,0.282,355,189,425,239,390.4,214.8,5.6,17.25,7.24,3.5,0.0,1.39,N/A,NORMAL,NORMAL
1789817941.582,2026-09-19 18:39:01.581,312,Underpass Unila Arah Rajabasa,206,4564,Golongan I,Sedan/Jip/Pick-up,0.749,241,255,314,340,277.8,297.6,1.24,26.36,4.93,2.07,0.0,0.86,N/A,NORMAL,NORMAL
1789817941.582,2026-09-19 18:39:01.581,312,Underpass Unila Arah Rajabasa,206,4565,Golongan I,Sedan/Jip/Pick-up,0.369,276,96,306,125,291.5,110.8,3.56,4.11,8.06,3.5,0.0,1.04,N/A,NORMAL,NORMAL
1789817941.736,2026-09-19 18:39:01.735,312,Underpass Unila Arah Rajabasa,207,4564,Golongan I,Sedan/Jip/Pick-up,0.626,239,246,309,328,274.5,287.4,1.21,25.85,5.01,2.06,0.0,0.86,N/A,NORMAL,NORMAL
1789817941.736,2026-09-19 18:39:01.735,312,Underpass Unila Arah Rajabasa,207,4565,Golongan I,Sedan/Jip/Pick-up,0.306,275,97,310,130,293.0,114.0,3.53,5.14,8.94,3.5,0.0,1.04,N/A,NORMAL,NORMAL
1789817941.887,2026-09-19 18:39:01.887,312,Underpass Unila Arah Rajabasa,208,4564,Golongan I,Sedan/Jip/Pick-up,0.437,236,235,304,314,270.5,274.8,1.17,25.19,5.16,2.1,13.9,0.86,N/A,NORMAL,NORMAL
1789817941.887,2026-09-19 18:39:01.887,312,Underpass Unila Arah Rajabasa,208,4565,Golongan I,Sedan/Jip/Pick-up,0.303,274,97,313,134,293.8,116.4,3.48,6.03,9.86,3.5,22.6,1.04,N/A,NORMAL,NORMAL
1789817942.039,2026-09-19 18:39:02.038,312,Underpass Unila Arah Rajabasa,209,4564,Golongan I,Sedan/Jip/Pick-up,0.346,234,223,300,301,267.4,262.8,1.14,24.58,5.46,2.15,13.9,0.85,N/A,NORMAL,NORMAL
1789817942.039,2026-09-19 18:39:02.038,312,Underpass Unila Arah Rajabasa,209,4565,Golongan I,Sedan/Jip/Pick-up,0.351,276,99,316,138,296.5,119.4,3.54,6.64,10.17,3.5,21.5,1.04,N/A,NORMAL,NORMAL
1789817942.191,2026-09-19 18:39:02.191,312,Underpass Unila Arah Rajabasa,210,4565,Golongan I,Sedan/Jip/Pick-up,0.4,277,102,318,141,298.2,122.0,3.57,7.1,9.88,3.5,20.0,1.03,N/A,NORMAL,NORMAL
1789817942.343,2026-09-19 18:39:02.343,312,Underpass Unila Arah Rajabasa,211,4565,Golongan I,Sedan/Jip/Pick-up,0.444,281,107,318,144,300.0,126.0,3.61,7.47,9.0,3.5,18.3,1.04,N/A,NORMAL,NORMAL
1789817942.518,2026-09-19 18:39:02.518,312,Underpass Unila Arah Rajabasa,212,4564,Golongan VI-A,Sepeda Motor (Taat Helm),0.276,231,201,279,269,255.5,235.3,0.98,22.84,5.48,1.74,0.0,0.72,HELM,TAAT_HUKUM,LAWAN_ARAH
1789817942.518,2026-09-19 18:39:02.518,312,Underpass Unila Arah Rajabasa,212,4564,Golongan II,Truk 2 Gandar,0.267,230,201,277,268,253.9,234.7,0.94,22.79,5.39,1.7,0.0,0.71,N/A,NORMAL,LAWAN_ARAH
1789817942.675,2026-09-19 18:39:02.675,312,Underpass Unila Arah Rajabasa,213,4564,Golongan I,Sedan/Jip/Pick-up,0.331,225,193,280,258,252.8,226.1,0.95,22.17,5.55,2.08,15.3,0.85,N/A,NORMAL,LAWAN_ARAH
1789817942.675,2026-09-19 18:39:02.675,312,Underpass Unila Arah Rajabasa,213,4565,Golongan I,Sedan/Jip/Pick-up,0.313,281,108,326,151,304.1,129.6,3.67,8.51,10.24,3.5,0.0,1.03,N/A,NORMAL,NORMAL
1789817942.837,2026-09-19 18:39:02.837,312,Underpass Unila Arah Rajabasa,214,4564,Golongan I,Sedan/Jip/Pick-up,0.32,223,188,275,249,249.6,219.2,0.89,21.62,5.41,2.03,14.7,0.84,N/A,NORMAL,LAWAN_ARAH
1789817942.837,2026-09-19 18:39:02.837,312,Underpass Unila Arah Rajabasa,214,4565,Golongan I,Sedan/Jip/Pick-up,0.405,282,106,329,153,306.0,129.8,3.72,8.77,11.35,3.5,0.0,1.02,N/A,NORMAL,NORMAL
1789817943.02,2026-09-19 18:39:03.019,312,Underpass Unila Arah Rajabasa,215,4564,Golongan I,Sedan/Jip/Pick-up,0.356,221,182,269,240,245.7,211.1,0.82,21.0,5.36,1.93,14.1,0.84,N/A,NORMAL,LAWAN_ARAH
1789817943.02,2026-09-19 18:39:03.019,312,Underpass Unila Arah Rajabasa,215,4565,Golongan I,Sedan/Jip/Pick-up,0.331,283,106,331,154,307.7,130.5,3.78,8.88,11.62,3.5,4.0,1.0,N/A,NORMAL,NORMAL
1789817943.184,2026-09-19 18:39:03.183,312,Underpass Unila Arah Rajabasa,216,4564,Golongan I,Sedan/Jip/Pick-up,0.449,219,175,266,232,242.9,203.9,0.77,20.49,5.52,1.97,13.6,0.83,N/A,NORMAL,LAWAN_ARAH
1789817943.372,2026-09-19 18:39:03.372,312,Underpass Unila Arah Rajabasa,217,4564,Golongan I,Sedan/Jip/Pick-up,0.582,216,169,262,225,239.5,197.8,0.7,20.02,5.63,1.99,12.9,0.82,N/A,NORMAL,LAWAN_ARAH
1789817943.372,2026-09-19 18:39:03.372,312,Underpass Unila Arah Rajabasa,217,4565,Golongan I,Sedan/Jip/Pick-up,0.262,284,109,338,163,311.5,136.6,3.78,10.25,12.52,3.5,0.0,0.98,N/A,NORMAL,NORMAL
1789817943.555,2026-09-19 18:39:03.555,312,Underpass Unila Arah Rajabasa,218,4564,Golongan I,Sedan/Jip/Pick-up,0.391,215,165,259,218,237.4,192.0,0.66,19.48,5.52,1.95,12.4,0.82,N/A,NORMAL,LAWAN_ARAH
1789817943.905,2026-09-19 18:39:03.905,312,Underpass Unila Arah Rajabasa,220,4564,Golongan I,Sedan/Jip/Pick-up,0.405,210,151,255,206,233.0,179.1,0.57,18.52,6.26,2.16,0.0,0.82,N/A,NORMAL,LAWAN_ARAH
1789817944.068,2026-09-19 18:39:04.067,312,Underpass Unila Arah Rajabasa,221,4564,Golongan I,Sedan/Jip/Pick-up,0.419,209,147,252,200,231.2,174.2,0.53,18.05,6.23,2.13,0.0,0.81,N/A,NORMAL,LAWAN_ARAH
1789817944.253,2026-09-19 18:39:04.253,312,Underpass Unila Arah Rajabasa,222,4564,Golongan I,Sedan/Jip/Pick-up,0.361,209,146,249,194,229.8,170.6,0.51,17.52,5.77,2.01,10.4,0.82,N/A,NORMAL,LAWAN_ARAH
1789817944.253,2026-09-19 18:39:04.253,312,Underpass Unila Arah Rajabasa,222,4565,Golongan I,Sedan/Jip/Pick-up,0.309,296,123,350,178,323.5,151.0,4.04,11.99,11.44,3.5,0.0,0.98,N/A,NORMAL,NORMAL
1789817944.444,2026-09-19 18:39:04.444,312,Underpass Unila Arah Rajabasa,223,5044,Golongan I,Truk Kecil,0.336,302,394,427,523,365.2,459.5,2.11,31.81,4.02,2.48,0.0,0.97,N/A,NORMAL,NORMAL
1789817944.444,2026-09-19 18:39:04.444,312,Underpass Unila Arah Rajabasa,223,5045,Golongan I,Sedan/Jip/Pick-up,0.325,247,54,278,85,262.9,70.0,2.75,-4.03,12.96,3.5,0.0,1.02,N/A,NORMAL,NORMAL
1789817944.444,2026-09-19 18:39:04.444,312,Underpass Unila Arah Rajabasa,223,4564,Golongan I,Sedan/Jip/Pick-up,0.277,203,116,237,152,220.4,134.5,0.3,12.97,5.71,2.19,21.1,0.94,N/A,NORMAL,LAWAN_ARAH
1789817944.643,2026-09-19 18:39:04.643,312,Underpass Unila Arah Rajabasa,224,5046,Golongan I,Bus,0.396,444,305,566,446,505.1,376.1,5.57,28.92,9.17,3.5,0.0,0.86,N/A,NORMAL,NORMAL
1789817944.643,2026-09-19 18:39:04.643,312,Underpass Unila Arah Rajabasa,224,5046,Golongan III,Truk 3 Gandar,0.392,442,305,566,447,504.6,376.5,5.55,28.95,9.2,3.5,0.0,0.87,N/A,NORMAL,NORMAL
1789817944.643,2026-09-19 18:39:04.643,312,Underpass Unila Arah Rajabasa,224,4564,Golongan I,Sedan/Jip/Pick-up,0.366,223,153,269,199,246.4,176.4,0.99,17.44,5.55,2.34,14.9,1.02,N/A,NORMAL,LAWAN_ARAH
1789817944.643,2026-09-19 18:39:04.643,312,Underpass Unila Arah Rajabasa,224,5047,Golongan I,Sedan/Jip/Pick-up,0.363,268,257,328,315,298.0,286.4,1.79,24.92,3.73,1.86,0.0,1.03,N/A,NORMAL,NORMAL
1789817944.643,2026-09-19 18:39:04.643,312,Underpass Unila Arah Rajabasa,224,5046,Golongan I,Sedan/Jip/Pick-up,0.315,443,304,565,446,504.7,375.8,5.57,28.91,9.25,3.5,0.0,0.86,N/A,NORMAL,NORMAL
1789817944.794,2026-09-19 18:39:04.793,312,Underpass Unila Arah Rajabasa,225,5046,Golongan I,Bus,0.42,453,315,581,461,517.3,388.3,5.68,29.38,9.11,3.5,11.3,0.88,N/A,NORMAL,NORMAL
1789817944.794,2026-09-19 18:39:04.793,312,Underpass Unila Arah Rajabasa,225,4564,Golongan I,Sedan/Jip/Pick-up,0.373,223,150,265,193,244.6,172.0,0.96,16.97,5.34,2.19,11.5,0.96,N/A,NORMAL,LAWAN_ARAH
1789817944.794,2026-09-19 18:39:04.793,312,Underpass Unila Arah Rajabasa,225,5045,Golongan I,Sedan/Jip/Pick-up,0.338,274,90,315,125,295.1,107.9,3.75,3.83,10.38,3.5,0.0,1.19,N/A,NORMAL,NORMAL
1789817944.955,2026-09-19 18:39:04.955,312,Underpass Unila Arah Rajabasa,226,4599,Golongan I,Sedan/Jip/Pick-up,0.479,273,93,317,130,295.8,111.6,3.69,4.82,10.48,3.5,0.0,1.19,N/A,NORMAL,NORMAL
1789817945.116,2026-09-19 18:39:05.115,312,Underpass Unila Arah Rajabasa,227,4599,Golongan I,Sedan/Jip/Pick-up,0.447,274,95,318,132,296.6,113.7,3.68,5.22,10.27,3.5,0.0,1.19,N/A,NORMAL,NORMAL
1789817945.277,2026-09-19 18:39:05.276,312,Underpass Unila Arah Rajabasa,228,4599,Golongan I,Sedan/Jip/Pick-up,0.446,276,96,320,133,298.7,114.7,3.77,5.31,10.25,3.5,5.6,1.19,N/A,NORMAL,NORMAL
1789817945.44,2026-09-19 18:39:05.440,312,Underpass Unila Arah Rajabasa,229,4599,Golongan I,Sedan/Jip/Pick-up,0.475,278,99,322,136,300.6,117.6,3.8,5.81,9.97,3.5,6.3,1.19,N/A,NORMAL,NORMAL
1789817945.44,2026-09-19 18:39:05.440,312,Underpass Unila Arah Rajabasa,229,4608,Golongan I,Bus,0.457,494,360,640,533,567.3,447.2,5.88,31.44,8.85,3.5,0.0,0.85,N/A,NORMAL,NORMAL
1789817945.44,2026-09-19 18:39:05.440,312,Underpass Unila Arah Rajabasa,229,4609,Golongan I,Sedan/Jip/Pick-up,0.442,221,133,256,172,239.1,152.9,0.86,14.79,5.59,2.08,0.0,0.91,N/A,NORMAL,NORMAL
1789817945.602,2026-09-19 18:39:05.602,312,Underpass Unila Arah Rajabasa,230,4599,Golongan I,Sedan/Jip/Pick-up,0.34,278,98,327,139,302.8,119.3,3.84,6.43,11.12,3.5,7.4,1.18,N/A,NORMAL,NORMAL
1789817945.602,2026-09-19 18:39:05.602,312,Underpass Unila Arah Rajabasa,230,4608,Golongan I,Sedan/Jip/Pick-up,0.463,505,374,655,551,580.5,463.0,5.95,31.89,8.58,3.5,0.0,0.85,N/A,NORMAL,NORMAL
1789817945.751,2026-09-19 18:39:05.751,312,Underpass Unila Arah Rajabasa,231,4599,Golongan I,Sedan/Jip/Pick-up,0.365,280,99,329,142,304.9,121.0,3.9,6.7,11.51,3.5,7.9,1.17,N/A,NORMAL,NORMAL
1789817945.751,2026-09-19 18:39:05.751,312,Underpass Unila Arah Rajabasa,231,4608,Golongan I,Bus,0.561,520,390,676,573,598.5,481.8,6.06,32.39,8.39,3.5,11.2,0.85,N/A,NORMAL,NORMAL
1789817945.934,2026-09-19 18:39:05.933,312,Underpass Unila Arah Rajabasa,232,4599,Golongan I,Sedan/Jip/Pick-up,0.254,281,101,332,145,307.1,123.6,3.93,7.29,11.55,3.5,8.4,1.17,N/A,NORMAL,NORMAL
1789817945.934,2026-09-19 18:39:05.933,312,Underpass Unila Arah Rajabasa,232,4608,Golongan I,Sedan/Jip/Pick-up,0.49,536,408,696,597,616.8,503.2,6.14,32.92,8.13,3.5,11.1,0.85,N/A,NORMAL,NORMAL
1789817945.934,2026-09-19 18:39:05.933,312,Underpass Unila Arah Rajabasa,232,4617,Golongan I,Sedan/Jip/Pick-up,0.366,247,55,269,81,258.7,68.6,2.57,-4.78,10.72,3.5,0.0,0.86,N/A,NORMAL,NORMAL
1789817946.092,2026-09-19 18:39:06.092,312,Underpass Unila Arah Rajabasa,233,4599,Golongan I,Sedan/Jip/Pick-up,0.425,283,104,335,149,309.6,127.1,3.98,7.83,11.48,3.5,8.9,1.16,N/A,NORMAL,NORMAL
1789817946.092,2026-09-19 18:39:06.092,312,Underpass Unila Arah Rajabasa,233,4608,Golongan I,Sedan/Jip/Pick-up,0.633,551,424,718,621,635.0,523.2,6.22,33.42,8.04,3.5,11.1,0.85,N/A,NORMAL,NORMAL
1789817946.092,2026-09-19 18:39:06.092,312,Underpass Unila Arah Rajabasa,233,4617,Golongan I,Sedan/Jip/Pick-up,0.322,248,55,270,82,259.4,69.0,2.6,-4.66,11.12,3.5,0.0,0.86,N/A,NORMAL,NORMAL
1789817946.264,2026-09-19 18:39:06.263,312,Underpass Unila Arah Rajabasa,234,4599,Golongan I,Sedan/Jip/Pick-up,0.55,285,105,337,150,311.2,128.1,4.03,7.99,11.45,3.5,8.8,1.15,N/A,NORMAL,NORMAL
1789817946.264,2026-09-19 18:39:06.263,312,Underpass Unila Arah Rajabasa,234,4608,Golongan I,Sedan/Jip/Pick-up,0.557,567,443,741,647,654.7,545.5,6.3,33.92,7.83,3.5,11.0,0.85,N/A,NORMAL,NORMAL
1789817946.421,2026-09-19 18:39:06.420,312,Underpass Unila Arah Rajabasa,235,4599,Golongan I,Sedan/Jip/Pick-up,0.636,287,108,339,153,313.2,131.0,4.07,8.39,11.15,3.5,8.8,1.15,N/A,NORMAL,NORMAL
1789817946.421,2026-09-19 18:39:06.420,312,Underpass Unila Arah Rajabasa,235,4608,Golongan I,Sedan/Jip/Pick-up,0.77,584,460,766,673,675.5,567.4,6.39,34.39,7.78,3.5,11.0,0.86,N/A,NORMAL,NORMAL
1789817946.593,2026-09-19 18:39:06.593,312,Underpass Unila Arah Rajabasa,236,4599,Golongan I,Sedan/Jip/Pick-up,0.555,290,110,340,154,315.4,132.4,4.16,8.4,10.8,3.5,8.4,1.14,N/A,NORMAL,NORMAL
1789817946.593,2026-09-19 18:39:06.593,312,Underpass Unila Arah Rajabasa,236,4608,Golongan I,Sedan/Jip/Pick-up,0.776,601,479,791,701,696.3,590.3,6.46,34.86,7.67,3.5,10.9,0.86,N/A,NORMAL,NORMAL
1789817946.755,2026-09-19 18:39:06.754,312,Underpass Unila Arah Rajabasa,237,4599,Golongan I,Sedan/Jip/Pick-up,0.398,291,112,342,157,317.3,134.8,4.19,8.83,10.81,3.5,8.5,1.14,N/A,NORMAL,NORMAL
1789817946.755,2026-09-19 18:39:06.754,312,Underpass Unila Arah Rajabasa,237,4608,Golongan I,Sedan/Jip/Pick-up,0.751,623,500,813,720,718.6,610.4,6.66,35.16,7.27,3.5,10.7,0.87,N/A,NORMAL,NORMAL
1789817946.916,2026-09-19 18:39:06.916,312,Underpass Unila Arah Rajabasa,238,4608,Golongan I,Sedan/Jip/Pick-up,0.761,650,523,830,720,740.9,621.7,7.08,35.16,6.39,3.5,10.2,0.92,N/A,NORMAL,NORMAL
1789817947.075,2026-09-19 18:39:07.074,312,Underpass Unila Arah Rajabasa,239,4608,Golongan I,Sedan/Jip/Pick-up,0.603,678,542,846,720,762.4,631.5,7.51,35.17,5.74,3.5,9.7,0.95,N/A,NORMAL,NORMAL
1789817947.245,2026-09-19 18:39:07.244,312,Underpass Unila Arah Rajabasa,240,4608,Golongan I,Sedan/Jip/Pick-up,0.55,706,571,854,720,780.9,645.7,7.88,35.17,4.61,3.5,9.0,1.0,N/A,NORMAL,NORMAL
1789817947.245,2026-09-19 18:39:07.244,312,Underpass Unila Arah Rajabasa,240,4599,Golongan I,Sedan/Jip/Pick-up,0.531,296,120,351,169,324.3,145.1,4.25,10.58,10.89,3.5,0.0,1.12,N/A,NORMAL,NORMAL
1789817947.398,2026-09-19 18:39:07.397,312,Underpass Unila Arah Rajabasa,241,4608,Golongan I,Sedan/Jip/Pick-up,0.41,731,597,859,720,795.5,658.9,8.18,35.17,3.67,3.27,8.4,1.05,N/A,NORMAL,NORMAL
1789817947.398,2026-09-19 18:39:07.397,312,Underpass Unila Arah Rajabasa,241,4599,Golongan I,Sedan/Jip/Pick-up,0.34,298,122,354,173,326.7,148.0,4.28,11.05,11.1,3.5,0.0,1.11,N/A,NORMAL,NORMAL
1789817947.582,2026-09-19 18:39:07.581,312,Underpass Unila Arah Rajabasa,242,4599,Golongan I,Sedan/Jip/Pick-up,0.417,300,124,356,175,328.7,150.1,4.33,11.31,10.96,3.5,7.8,1.1,N/A,NORMAL,NORMAL
1789817947.742,2026-09-19 18:39:07.742,312,Underpass Unila Arah Rajabasa,243,4599,Golongan I,Sedan/Jip/Pick-up,0.414,301,126,360,180,331.3,153.3,4.35,11.9,11.33,3.5,8.5,1.09,N/A,NORMAL,NORMAL
1789817947.896,2026-09-19 18:39:07.895,312,Underpass Unila Arah Rajabasa,244,4599,Golongan I,Sedan/Jip/Pick-up,0.313,302,127,364,185,333.6,156.5,4.35,12.5,11.96,3.5,9.4,1.08,N/A,NORMAL,NORMAL
1789817948.062,2026-09-19 18:39:08.062,312,Underpass Unila Arah Rajabasa,245,5048,Golongan VI-A,Sepeda Motor (Taat Helm),0.504,678,526,757,633,717.7,580.0,7.84,33.55,3.75,2.19,0.0,0.74,HELM,TAAT_HUKUM,NORMAL
1789817948.217,2026-09-19 18:39:08.216,312,Underpass Unila Arah Rajabasa,246,4599,Golongan IV,Truk 4 Gandar,0.257,308,133,370,192,339.3,163.0,4.46,13.25,11.65,3.5,0.0,1.06,N/A,NORMAL,NORMAL
1789817948.381,2026-09-19 18:39:08.381,312,Underpass Unila Arah Rajabasa,247,4599,Golongan I,Sedan/Jip/Pick-up,0.267,310,136,372,195,341.2,165.6,4.49,13.57,11.38,3.5,0.0,1.04,N/A,NORMAL,NORMAL
1789817948.538,2026-09-19 18:39:08.538,312,Underpass Unila Arah Rajabasa,248,4599,Golongan III,Truk 3 Gandar,0.367,313,140,375,200,344.3,170.3,4.52,14.13,11.18,3.5,9.8,1.04,N/A,NORMAL,NORMAL
1789817948.702,2026-09-19 18:39:08.701,312,Underpass Unila Arah Rajabasa,249,4599,Golongan III,Truk 3 Gandar,0.285,316,144,377,203,347.3,173.8,4.58,14.42,10.7,3.5,9.4,1.04,N/A,NORMAL,NORMAL
1789817948.702,2026-09-19 18:39:08.701,312,Underpass Unila Arah Rajabasa,249,4652,Golongan I,Sedan/Jip/Pick-up,0.442,262,77,295,108,279.4,93.3,3.25,1.05,10.22,3.5,0.0,1.07,N/A,NORMAL,NORMAL
1789817948.905,2026-09-19 18:39:08.905,312,Underpass Unila Arah Rajabasa,250,4652,Golongan I,Sedan/Jip/Pick-up,0.491,263,79,298,112,280.6,95.9,3.24,1.86,10.59,3.5,0.0,1.07,N/A,NORMAL,NORMAL
1789817949.202,2026-09-19 18:39:09.202,312,Underpass Unila Arah Rajabasa,251,4599,Golongan I,Sedan/Jip/Pick-up,0.639,303,131,352,184,328.1,157.9,4.13,12.6,10.38,3.5,0.0,0.95,N/A,NORMAL,NORMAL
1789817949.202,2026-09-19 18:39:09.202,312,Underpass Unila Arah Rajabasa,251,5049,Golongan I,Bus,0.508,424,284,562,435,493.5,360.1,5.43,28.57,10.73,3.5,0.0,0.91,N/A,NORMAL,NORMAL
1789817949.202,2026-09-19 18:39:09.202,312,Underpass Unila Arah Rajabasa,251,5049,Golongan I,Sedan/Jip/Pick-up,0.423,424,284,561,435,493.3,360.1,5.43,28.56,10.71,3.5,0.0,0.91,N/A,NORMAL,NORMAL
1789817949.445,2026-09-19 18:39:09.445,312,Underpass Unila Arah Rajabasa,252,4655,Golongan I,Sedan/Jip/Pick-up,0.574,305,134,354,186,329.8,160.2,4.16,12.85,10.0,3.5,0.0,0.95,N/A,NORMAL,NORMAL
1789817949.445,2026-09-19 18:39:09.445,312,Underpass Unila Arah Rajabasa,252,4656,Golongan I,Bus,0.519,430,293,572,449,501.8,371.6,5.46,29.03,10.55,3.5,0.0,0.91,N/A,NORMAL,NORMAL
1789817949.64,2026-09-19 18:39:09.639,312,Underpass Unila Arah Rajabasa,253,4655,Golongan I,Sedan/Jip/Pick-up,0.542,306,136,357,190,332.3,163.5,4.19,13.3,10.17,3.5,0.0,0.95,N/A,NORMAL,NORMAL
1789817949.64,2026-09-19 18:39:09.639,312,Underpass Unila Arah Rajabasa,253,4656,Golongan I,Bus,0.705,438,301,585,461,512.2,381.6,5.54,29.43,10.49,3.5,0.0,0.91,N/A,NORMAL,NORMAL
1789817949.846,2026-09-19 18:39:09.845,312,Underpass Unila Arah Rajabasa,254,4655,Golongan I,Sedan/Jip/Pick-up,0.625,309,138,362,194,336.0,166.3,4.28,13.68,10.42,3.5,7.6,0.95,N/A,NORMAL,NORMAL
1789817949.846,2026-09-19 18:39:09.845,312,Underpass Unila Arah Rajabasa,254,4656,Golongan I,Bus,0.632,449,313,600,479,525.0,396.7,5.61,29.98,10.31,3.5,8.7,0.91,N/A,NORMAL,NORMAL
1789817950.019,2026-09-19 18:39:10.019,312,Underpass Unila Arah Rajabasa,255,4655,Golongan I,Sedan/Jip/Pick-up,0.581,312,141,366,198,339.3,169.9,4.33,14.13,10.39,3.5,7.8,0.95,N/A,NORMAL,NORMAL
1789817950.019,2026-09-19 18:39:10.019,312,Underpass Unila Arah Rajabasa,255,4656,Golongan I,Bus,0.522,459,326,616,497,538.0,412.0,5.68,30.5,10.04,3.5,8.9,0.91,N/A,NORMAL,NORMAL
1789817950.22,2026-09-19 18:39:10.219,312,Underpass Unila Arah Rajabasa,256,4655,Golongan I,Sedan/Jip/Pick-up,0.593,315,146,369,203,342.5,174.6,4.38,14.59,9.99,3.5,8.0,0.95,N/A,NORMAL,NORMAL
1789817950.22,2026-09-19 18:39:10.219,312,Underpass Unila Arah Rajabasa,256,4656,Golongan I,Bus,0.627,469,336,633,516,551.9,426.7,5.75,31.01,10.12,3.5,9.1,0.91,N/A,NORMAL,NORMAL
1789817950.423,2026-09-19 18:39:10.422,312,Underpass Unila Arah Rajabasa,257,4655,Golongan I,Sedan/Jip/Pick-up,0.535,318,149,375,209,346.9,179.6,4.44,15.23,10.27,3.5,8.3,0.95,N/A,NORMAL,NORMAL
1789817950.423,2026-09-19 18:39:10.422,312,Underpass Unila Arah Rajabasa,257,4656,Golongan I,Bus,0.699,479,348,651,537,565.6,443.3,5.79,31.56,10.09,3.5,9.2,0.91,N/A,NORMAL,NORMAL
1789817950.621,2026-09-19 18:39:10.621,312,Underpass Unila Arah Rajabasa,258,4655,Golongan I,Sedan/Jip/Pick-up,0.546,319,153,378,215,349.4,184.5,4.43,15.85,10.2,3.5,8.7,0.95,N/A,NORMAL,NORMAL
1789817950.621,2026-09-19 18:39:10.621,312,Underpass Unila Arah Rajabasa,258,4656,Golongan I,Bus,0.728,491,361,670,558,580.9,460.0,5.87,32.06,10.01,3.5,9.3,0.91,N/A,NORMAL,NORMAL
1789817950.813,2026-09-19 18:39:10.812,312,Underpass Unila Arah Rajabasa,259,4655,Golongan I,Sedan/Jip/Pick-up,0.427,323,156,384,220,354.0,188.6,4.52,16.28,10.35,3.5,8.8,0.96,N/A,NORMAL,NORMAL
1789817950.813,2026-09-19 18:39:10.812,312,Underpass Unila Arah Rajabasa,259,4656,Golongan I,Bus,0.622,503,378,688,581,595.7,479.9,5.9,32.58,9.62,3.5,9.3,0.91,N/A,NORMAL,NORMAL
1789817950.995,2026-09-19 18:39:10.995,312,Underpass Unila Arah Rajabasa,260,4655,Golongan I,Sedan/Jip/Pick-up,0.367,327,161,389,226,358.4,193.9,4.59,16.77,10.15,3.5,9.0,0.96,N/A,NORMAL,NORMAL
1789817950.995,2026-09-19 18:39:10.995,312,Underpass Unila Arah Rajabasa,260,4656,Golongan I,Sedan/Jip/Pick-up,0.608,515,393,707,602,611.5,497.9,5.97,33.04,9.39,3.5,9.4,0.91,N/A,NORMAL,NORMAL
1789817950.995,2026-09-19 18:39:10.995,312,Underpass Unila Arah Rajabasa,260,4664,Golongan I,Bus,0.633,280,379,649,714,465.1,547.1,2.75,35.07,10.31,3.5,0.0,1.1,N/A,NORMAL,NORMAL
1789817951.174,2026-09-19 18:39:11.174,312,Underpass Unila Arah Rajabasa,261,4655,Golongan I,Sedan/Jip/Pick-up,0.518,329,165,392,231,361.0,198.5,4.59,17.25,9.98,3.5,9.1,0.97,N/A,NORMAL,NORMAL
1789817951.174,2026-09-19 18:39:11.174,312,Underpass Unila Arah Rajabasa,261,4656,Golongan I,Sedan/Jip/Pick-up,0.592,529,410,727,626,628.5,518.7,6.02,33.53,9.13,3.5,9.4,0.92,N/A,NORMAL,NORMAL
1789817951.174,2026-09-19 18:39:11.174,312,Underpass Unila Arah Rajabasa,261,4664,Golongan I,Bus,0.796,255,364,639,715,447.5,540.0,2.52,35.07,11.04,3.5,0.0,1.09,N/A,NORMAL,NORMAL
1789817951.376,2026-09-19 18:39:11.375,312,Underpass Unila Arah Rajabasa,262,4655,Golongan I,Sedan/Jip/Pick-up,0.304,331,169,398,238,364.8,204.1,4.59,17.94,10.1,3.5,9.3,0.97,N/A,NORMAL,NORMAL
1789817951.376,2026-09-19 18:39:11.375,312,Underpass Unila Arah Rajabasa,262,4656,Golongan I,Sedan/Jip/Pick-up,0.63,542,426,750,653,646.4,540.1,6.07,34.03,9.07,3.5,9.5,0.92,N/A,NORMAL,NORMAL
1789817951.376,2026-09-19 18:39:11.375,312,Underpass Unila Arah Rajabasa,262,4664,Golongan I,Bus,0.877,234,348,631,714,432.7,531.8,2.34,35.06,11.93,3.5,3.9,1.08,N/A,NORMAL,NORMAL
1789817951.555,2026-09-19 18:39:11.554,312,Underpass Unila Arah Rajabasa,263,4656,Golongan I,Sedan/Jip/Pick-up,0.418,557,444,774,680,666.0,562.6,6.14,34.51,8.9,3.5,9.5,0.92,N/A,NORMAL,NORMAL
1789817951.555,2026-09-19 18:39:11.554,312,Underpass Unila Arah Rajabasa,263,4664,Golongan I,Bus,0.867,219,331,620,706,420.2,519.1,2.21,34.95,12.82,3.5,3.8,1.07,N/A,NORMAL,NORMAL
1789817951.714,2026-09-19 18:39:11.714,312,Underpass Unila Arah Rajabasa,264,4656,Golongan I,Sedan/Jip/Pick-up,0.713,572,462,799,707,685.9,584.9,6.2,34.96,8.76,3.5,9.5,0.92,N/A,NORMAL,NORMAL
1789817951.714,2026-09-19 18:39:11.714,312,Underpass Unila Arah Rajabasa,264,4664,Golongan I,Bus,0.899,216,319,599,682,407.7,500.6,2.14,34.62,12.95,3.5,3.8,1.05,N/A,NORMAL,NORMAL
1789817951.714,2026-09-19 18:39:11.714,312,Underpass Unila Arah Rajabasa,264,4655,Golongan I,Sedan/Jip/Pick-up,0.288,340,179,409,251,375.0,215.3,4.76,18.86,9.87,3.5,0.0,0.97,N/A,NORMAL,NORMAL
1789817951.87,2026-09-19 18:39:11.870,312,Underpass Unila Arah Rajabasa,265,4656,Golongan I,Sedan/Jip/Pick-up,0.769,595,481,820,720,707.9,600.9,6.46,35.16,8.29,3.5,9.4,0.94,N/A,NORMAL,NORMAL
1789817951.87,2026-09-19 18:39:11.870,312,Underpass Unila Arah Rajabasa,265,4664,Golongan I,Bus,0.852,211,303,578,657,395.2,480.6,2.05,34.27,13.41,3.5,4.0,1.04,N/A,NORMAL,LAWAN_ARAH
1789817952.051,2026-09-19 18:39:12.050,312,Underpass Unila Arah Rajabasa,266,4656,Golongan I,Sedan/Jip/Pick-up,0.664,622,502,837,720,729.7,611.0,6.87,35.16,7.44,3.5,9.0,0.99,N/A,NORMAL,NORMAL
1789817952.051,2026-09-19 18:39:12.050,312,Underpass Unila Arah Rajabasa,266,4664,Golongan I,Bus,0.816,212,291,557,630,384.9,461.0,2.01,33.85,13.54,3.5,4.4,1.02,N/A,NORMAL,LAWAN_ARAH
1789817952.051,2026-09-19 18:39:12.050,312,Underpass Unila Arah Rajabasa,266,4655,Golongan I,Sedan/Jip/Pick-up,0.321,350,188,424,264,387.6,226.5,4.98,19.77,9.92,3.5,0.0,0.98,N/A,NORMAL,NORMAL
1789817952.218,2026-09-19 18:39:12.217,312,Underpass Unila Arah Rajabasa,267,4656,Golongan I,Sedan/Jip/Pick-up,0.653,648,522,850,720,749.5,621.4,7.25,35.16,6.64,3.5,8.4,1.02,N/A,NORMAL,NORMAL
1789817952.218,2026-09-19 18:39:12.217,312,Underpass Unila Arah Rajabasa,267,4664,Golongan I,Bus,0.78,214,280,536,604,375.8,442.8,1.97,33.42,13.6,3.5,4.8,0.99,N/A,NORMAL,LAWAN_ARAH
1789817952.218,2026-09-19 18:39:12.217,312,Underpass Unila Arah Rajabasa,267,4655,Golongan I,Sedan/Jip/Pick-up,0.3,353,192,430,271,392.0,232.4,4.99,20.32,10.02,3.5,0.0,0.98,N/A,NORMAL,NORMAL
1789817952.398,2026-09-19 18:39:12.397,312,Underpass Unila Arah Rajabasa,268,4656,Golongan I,Sedan/Jip/Pick-up,0.506,673,542,861,720,767.4,631.1,7.61,35.17,5.85,3.5,7.9,1.06,N/A,NORMAL,NORMAL
1789817952.398,2026-09-19 18:39:12.397,312,Underpass Unila Arah Rajabasa,268,4664,Golongan I,Bus,0.8,217,268,517,578,367.5,423.8,1.94,32.95,13.81,3.5,5.2,0.97,N/A,NORMAL,LAWAN_ARAH
1789817952.709,2026-09-19 18:39:12.708,312,Underpass Unila Arah Rajabasa,269,5050,Golongan I,Sedan/Jip/Pick-up,0.511,442,625,612,720,527.3,672.9,3.57,35.14,1.67,2.64,0.0,1.8,N/A,NORMAL,NORMAL
1789817952.709,2026-09-19 18:39:12.708,312,Underpass Unila Arah Rajabasa,269,5051,Golongan I,Truk Kecil,0.371,237,285,322,390,279.7,337.9,1.12,28.36,4.96,2.07,0.0,0.81,N/A,NORMAL,NORMAL
1789817953.344,2026-09-19 18:39:13.344,312,Underpass Unila Arah Rajabasa,270,4673,Golongan I,Sedan/Jip/Pick-up,0.612,236,280,319,382,277.9,331.6,1.11,28.09,4.96,2.06,0.0,0.81,N/A,NORMAL,NORMAL
1789817953.614,2026-09-19 18:39:13.613,312,Underpass Unila Arah Rajabasa,271,4673,Golongan I,Truk Kecil,0.412,237,273,314,369,276.1,321.2,1.11,27.59,4.89,1.98,0.0,0.81,N/A,NORMAL,NORMAL
1789817953.951,2026-09-19 18:39:13.950,312,Underpass Unila Arah Rajabasa,272,4673,Golongan I,Sedan/Jip/Pick-up,0.345,235,263,312,358,273.6,311.2,1.09,27.21,5.1,2.06,5.3,0.81,N/A,NORMAL,NORMAL
1789817954.13,2026-09-19 18:39:14.129,312,Underpass Unila Arah Rajabasa,273,4673,Golongan I,Sedan/Jip/Pick-up,0.527,234,255,307,346,270.9,301.0,1.08,26.71,5.13,2.01,5.7,0.8,N/A,NORMAL,NORMAL
1789817954.13,2026-09-19 18:39:14.129,312,Underpass Unila Arah Rajabasa,273,4676,Golongan I,Bus,0.496,370,521,578,716,474.3,619.1,2.87,35.09,3.95,3.46,0.0,1.07,N/A,NORMAL,NORMAL
1789817954.13,2026-09-19 18:39:14.129,312,Underpass Unila Arah Rajabasa,273,4677,Golongan I,Sedan/Jip/Pick-up,0.49,368,519,580,717,474.7,618.7,2.87,35.1,4.03,3.5,0.0,1.07,N/A,NORMAL,NORMAL
1789817954.302,2026-09-19 18:39:14.302,312,Underpass Unila Arah Rajabasa,274,4673,Golongan II,Truk 2 Gandar,0.279,231,246,303,336,267.2,291.7,1.03,26.31,5.31,2.05,6.1,0.8,N/A,NORMAL,NORMAL
1789817954.302,2026-09-19 18:39:14.302,312,Underpass Unila Arah Rajabasa,274,4676,Golongan I,Bus,0.42,354,501,560,694,457.7,597.8,2.74,34.79,4.12,3.49,0.0,1.06,N/A,NORMAL,NORMAL
1789817954.302,2026-09-19 18:39:14.302,312,Underpass Unila Arah Rajabasa,274,4677,Golongan I,Sedan/Jip/Pick-up,0.598,354,500,561,694,458.0,597.6,2.75,34.78,4.15,3.5,0.0,1.07,N/A,NORMAL,NORMAL
1789817954.517,2026-09-19 18:39:14.517,312,Underpass Unila Arah Rajabasa,275,4673,Golongan II,Truk 2 Gandar,0.274,231,241,298,326,265.0,283.9,1.02,25.84,5.2,1.96,6.4,0.8,N/A,NORMAL,LAWAN_ARAH
1789817954.517,2026-09-19 18:39:14.517,312,Underpass Unila Arah Rajabasa,275,4677,Golongan I,Sedan/Jip/Pick-up,0.694,342,477,537,660,439.7,569.0,2.64,34.29,4.22,3.42,7.8,1.06,N/A,NORMAL,NORMAL
1789817954.764,2026-09-19 18:39:14.763,312,Underpass Unila Arah Rajabasa,276,4677,Golongan I,Sedan/Jip/Pick-up,0.575,331,455,515,630,423.3,542.8,2.54,33.81,4.33,3.33,7.7,1.05,N/A,NORMAL,NORMAL
1789817954.961,2026-09-19 18:39:14.960,312,Underpass Unila Arah Rajabasa,277,4677,Golongan I,Truk Kecil,0.532,322,434,495,600,409.4,517.5,2.47,33.3,4.42,3.24,7.8,1.05,N/A,NORMAL,NORMAL
1789817954.961,2026-09-19 18:39:14.960,312,Underpass Unila Arah Rajabasa,277,4599,Golongan I,Bus,0.533,369,212,463,306,416.3,259.1,5.22,22.53,10.46,3.5,0.0,1.0,N/A,NORMAL,NORMAL
1789817954.961,2026-09-19 18:39:14.960,312,Underpass Unila Arah Rajabasa,277,4676,Golongan I,Sedan/Jip/Pick-up,0.517,323,436,499,602,411.6,519.7,2.49,33.34,4.41,3.3,0.0,1.06,N/A,NORMAL,NORMAL
1789817955.129,2026-09-19 18:39:15.129,312,Underpass Unila Arah Rajabasa,278,4677,Golongan I,Sedan/Jip/Pick-up,0.733,316,416,478,572,397.5,494.8,2.41,32.79,4.46,3.14,8.1,1.04,N/A,NORMAL,LAWAN_ARAH
1789817955.129,2026-09-19 18:39:15.129,312,Underpass Unila Arah Rajabasa,278,4599,Golongan I,Bus,0.332,373,217,469,315,421.3,266.3,5.22,23.09,10.51,3.5,0.0,0.97,N/A,NORMAL,NORMAL
1789817955.129,2026-09-19 18:39:15.129,312,Underpass Unila Arah Rajabasa,278,4673,Golongan II,Truk 2 Gandar,0.402,225,223,287,300,256.3,262.4,0.9,24.67,5.27,1.96,0.0,0.8,N/A,NORMAL,LAWAN_ARAH
1789817955.368,2026-09-19 18:39:15.368,312,Underpass Unila Arah Rajabasa,279,4677,Golongan I,Sedan/Jip/Pick-up,0.682,307,399,461,549,384.9,474.2,2.32,32.33,4.56,3.07,8.1,1.03,N/A,NORMAL,LAWAN_ARAH
1789817955.368,2026-09-19 18:39:15.368,312,Underpass Unila Arah Rajabasa,279,4599,Golongan I,Bus,0.348,379,223,477,325,428.3,274.4,5.28,23.64,10.54,3.5,9.8,0.96,N/A,NORMAL,NORMAL
1789817955.368,2026-09-19 18:39:15.368,312,Underpass Unila Arah Rajabasa,279,4673,Golongan II,Truk 2 Gandar,0.338,223,214,286,293,255.4,253.6,0.9,24.26,5.67,2.08,0.0,0.8,N/A,NORMAL,LAWAN_ARAH
1789817955.57,2026-09-19 18:39:15.570,312,Underpass Unila Arah Rajabasa,280,4677,Golongan I,Truk Kecil,0.571,301,383,446,526,373.9,454.8,2.24,31.84,4.64,2.99,8.2,1.02,N/A,NORMAL,LAWAN_ARAH
1789817955.57,2026-09-19 18:39:15.570,312,Underpass Unila Arah Rajabasa,280,4599,Golongan III,Truk 3 Gandar,0.258,385,229,484,333,435.3,281.7,5.36,24.07,10.4,3.5,9.6,0.96,N/A,NORMAL,NORMAL
1789817955.57,2026-09-19 18:39:15.570,312,Underpass Unila Arah Rajabasa,280,4673,Golongan II,Truk 2 Gandar,0.36,222,211,281,285,252.4,248.4,0.86,23.86,5.45,1.97,6.6,0.8,N/A,NORMAL,LAWAN_ARAH
1789817955.761,2026-09-19 18:39:15.760,312,Underpass Unila Arah Rajabasa,281,4677,Golongan I,Sedan/Jip/Pick-up,0.657,296,368,432,502,364.4,435.5,2.19,31.31,4.65,2.91,8.3,1.01,N/A,NORMAL,LAWAN_ARAH
1789817955.761,2026-09-19 18:39:15.760,312,Underpass Unila Arah Rajabasa,281,4599,Golongan I,Bus,0.445,390,235,493,344,441.9,290.0,5.37,24.66,10.49,3.5,9.6,0.94,N/A,NORMAL,NORMAL
1789817955.761,2026-09-19 18:39:15.760,312,Underpass Unila Arah Rajabasa,281,4673,Golongan I,Sedan/Jip/Pick-up,0.388,226,222,273,278,250.1,250.6,0.82,23.49,4.02,1.52,6.7,0.83,N/A,NORMAL,LAWAN_ARAH
1789817955.978,2026-09-19 18:39:15.978,312,Underpass Unila Arah Rajabasa,282,4677,Golongan I,Sedan/Jip/Pick-up,0.559,290,354,420,484,355.4,419.1,2.12,30.86,4.77,2.86,8.3,1.0,N/A,NORMAL,LAWAN_ARAH
1789817955.978,2026-09-19 18:39:15.978,312,Underpass Unila Arah Rajabasa,282,4599,Golongan III,Truk 3 Gandar,0.275,397,244,502,356,449.8,300.2,5.42,25.22,10.23,3.5,9.6,0.94,N/A,NORMAL,NORMAL
1789817956.143,2026-09-19 18:39:16.143,312,Underpass Unila Arah Rajabasa,283,4677,Golongan I,Sedan/Jip/Pick-up,0.684,287,342,407,463,347.3,403.2,2.07,30.33,4.71,2.73,8.5,0.99,N/A,NORMAL,LAWAN_ARAH
1789817956.143,2026-09-19 18:39:16.143,312,Underpass Unila Arah Rajabasa,283,4599,Golongan I,Bus,0.444,404,252,513,368,459.1,310.5,5.5,25.77,10.15,3.5,9.7,0.94,N/A,NORMAL,NORMAL
1789817956.358,2026-09-19 18:39:16.358,312,Underpass Unila Arah Rajabasa,284,4677,Golongan I,Sedan/Jip/Pick-up,0.801,281,329,395,445,338.7,387.6,2.0,29.85,4.78,2.67,8.6,0.98,N/A,NORMAL,LAWAN_ARAH
1789817956.358,2026-09-19 18:39:16.358,312,Underpass Unila Arah Rajabasa,284,4599,Golongan I,Sedan/Jip/Pick-up,0.505,411,260,523,381,467.4,321.2,5.54,26.36,10.11,3.5,9.8,0.93,N/A,NORMAL,NORMAL
1789817956.543,2026-09-19 18:39:16.543,312,Underpass Unila Arah Rajabasa,285,4677,Golongan I,Sedan/Jip/Pick-up,0.642,278,317,386,428,332.2,373.2,1.96,29.33,4.85,2.62,8.8,0.97,N/A,NORMAL,LAWAN_ARAH
1789817956.543,2026-09-19 18:39:16.543,312,Underpass Unila Arah Rajabasa,285,4599,Golongan I,Sedan/Jip/Pick-up,0.35,419,270,535,395,477.2,333.3,5.59,26.97,9.92,3.5,9.9,0.93,N/A,NORMAL,NORMAL
1789817956.719,2026-09-19 18:39:16.719,312,Underpass Unila Arah Rajabasa,286,4677,Golongan I,Sedan/Jip/Pick-up,0.349,273,306,376,412,325.1,359.4,1.89,28.84,4.89,2.58,9.0,0.97,N/A,NORMAL,LAWAN_ARAH
1789817956.719,2026-09-19 18:39:16.719,312,Underpass Unila Arah Rajabasa,286,4599,Golongan I,Sedan/Jip/Pick-up,0.44,426,279,547,410,487.0,345.0,5.64,27.54,9.89,3.5,10.1,0.93,N/A,NORMAL,NORMAL
1789817956.894,2026-09-19 18:39:16.893,312,Underpass Unila Arah Rajabasa,287,4677,Golongan I,Sedan/Jip/Pick-up,0.575,270,296,366,396,318.1,346.6,1.83,28.32,4.86,2.48,9.1,0.96,N/A,NORMAL,LAWAN_ARAH
1789817956.894,2026-09-19 18:39:16.893,312,Underpass Unila Arah Rajabasa,287,4599,Golongan I,Sedan/Jip/Pick-up,0.522,435,288,560,424,498.2,356.7,5.72,28.07,9.85,3.5,10.1,0.92,N/A,NORMAL,NORMAL
1789817957.109,2026-09-19 18:39:17.108,312,Underpass Unila Arah Rajabasa,288,4677,Golongan I,Sedan/Jip/Pick-up,0.606,266,286,358,381,312.6,334.1,1.79,27.8,4.87,2.46,9.2,0.96,N/A,NORMAL,LAWAN_ARAH
1789817957.109,2026-09-19 18:39:17.108,312,Underpass Unila Arah Rajabasa,288,4599,Golongan I,Bus,0.31,443,299,574,441,509.0,370.5,5.75,28.7,9.72,3.5,10.3,0.92,N/A,NORMAL,NORMAL
1789817957.368,2026-09-19 18:39:17.368,312,Underpass Unila Arah Rajabasa,289,5052,Golongan I,Sedan/Jip/Pick-up,0.467,248,221,313,296,281.0,258.8,1.48,24.08,5.54,2.24,0.0,0.87,N/A,NORMAL,NORMAL
1789817957.368,2026-09-19 18:39:17.368,312,Underpass Unila Arah Rajabasa,289,5053,Golongan I,Sedan/Jip/Pick-up,0.301,215,124,253,157,234.2,141.2,0.76,13.11,5.19,2.45,0.0,1.14,N/A,NORMAL,NORMAL
1789817957.368,2026-09-19 18:39:17.368,312,Underpass Unila Arah Rajabasa,289,5053,Golongan I,Sedan/Jip/Pick-up,0.274,216,128,253,165,235.0,147.2,0.76,14.1,5.52,2.27,0.0,1.01,N/A,NORMAL,NORMAL
1789817957.527,2026-09-19 18:39:17.527,312,Underpass Unila Arah Rajabasa,290,4705,Golongan I,Sedan/Jip/Pick-up,0.573,245,216,308,288,276.7,252.4,1.42,23.69,5.49,2.22,0.0,0.87,N/A,NORMAL,NORMAL
1789817957.527,2026-09-19 18:39:17.527,312,Underpass Unila Arah Rajabasa,290,4706,Golongan I,Sedan/Jip/Pick-up,0.433,213,123,252,158,233.4,140.9,0.73,13.19,5.48,2.5,0.0,1.14,N/A,NORMAL,NORMAL
1789817957.704,2026-09-19 18:39:17.704,312,Underpass Unila Arah Rajabasa,291,4705,Golongan I,Sedan/Jip/Pick-up,0.409,244,211,304,280,274.4,245.7,1.4,23.22,5.45,2.17,0.0,0.87,N/A,NORMAL,NORMAL
1789817957.704,2026-09-19 18:39:17.704,312,Underpass Unila Arah Rajabasa,291,4706,Golongan I,Sedan/Jip/Pick-up,0.422,212,122,251,157,232.3,139.9,0.69,13.12,5.51,2.51,0.0,1.14,N/A,NORMAL,NORMAL
1789817957.896,2026-09-19 18:39:17.896,312,Underpass Unila Arah Rajabasa,292,4705,Golongan I,Sedan/Jip/Pick-up,0.376,242,203,300,269,271.8,236.7,1.38,22.6,5.51,2.19,10.6,0.87,N/A,NORMAL,NORMAL
1789817957.896,2026-09-19 18:39:17.896,312,Underpass Unila Arah Rajabasa,292,4706,Golongan I,Sedan/Jip/Pick-up,0.411,213,118,248,149,231.2,133.8,0.69,12.05,5.13,2.36,11.1,1.14,N/A,NORMAL,NORMAL
1789817957.896,2026-09-19 18:39:17.896,312,Underpass Unila Arah Rajabasa,292,4710,Golongan I,Sedan/Jip/Pick-up,0.469,709,604,879,719,794.9,662.0,8.17,35.17,3.42,3.5,0.0,1.47,N/A,NORMAL,NORMAL
1789817958.084,2026-09-19 18:39:18.083,312,Underpass Unila Arah Rajabasa,293,4705,Golongan I,Sedan/Jip/Pick-up,0.437,244,209,291,261,268.0,235.6,1.32,22.13,4.3,1.74,10.4,0.88,N/A,NORMAL,NORMAL
1789817958.084,2026-09-19 18:39:18.083,312,Underpass Unila Arah Rajabasa,293,4706,Golongan I,Sedan/Jip/Pick-up,0.495,213,116,247,146,230.6,131.3,0.67,11.72,5.07,2.34,10.4,1.14,N/A,NORMAL,NORMAL
1789817958.249,2026-09-19 18:39:18.248,312,Underpass Unila Arah Rajabasa,294,4706,Golongan I,Sedan/Jip/Pick-up,0.449,213,114,245,142,229.9,128.1,0.67,11.09,4.85,2.25,10.4,1.13,N/A,NORMAL,NORMAL
1789817958.409,2026-09-19 18:39:18.409,312,Underpass Unila Arah Rajabasa,295,4706,Golongan I,Sedan/Jip/Pick-up,0.256,213,112,244,139,229.2,125.8,0.65,10.69,4.78,2.23,10.3,1.13,N/A,NORMAL,NORMAL
1789817958.591,2026-09-19 18:39:18.590,312,Underpass Unila Arah Rajabasa,296,4706,Golongan I,Sedan/Jip/Pick-up,0.318,212,109,244,138,228.4,123.8,0.62,10.56,5.23,2.34,9.8,1.12,N/A,NORMAL,NORMAL
1789817958.591,2026-09-19 18:39:18.590,312,Underpass Unila Arah Rajabasa,296,4677,Golongan I,Sedan/Jip/Pick-up,0.576,230,178,287,237,258.8,208.3,1.18,20.56,5.82,2.46,0.0,0.96,N/A,NORMAL,LAWAN_ARAH
1789817958.755,2026-09-19 18:39:18.754,312,Underpass Unila Arah Rajabasa,297,4706,Golongan I,Sedan/Jip/Pick-up,0.308,212,107,242,134,227.7,121.2,0.61,10.02,5.0,2.25,9.6,1.12,N/A,NORMAL,NORMAL
1789818886.536,2026-09-19 18:54:46.535,312,Underpass Unila Arah Rajabasa,1,5000,Golongan I,Sedan/Jip/Pick-up,0.683,562,450,728,623,645.8,536.9,6.41,33.45,6.64,3.5,0.0,0.96,N/A,NORMAL,NORMAL
1789818886.536,2026-09-19 18:54:46.535,312,Underpass Unila Arah Rajabasa,1,5001,Golongan VI-A,Sepeda Motor (Taat Helm),0.451,475,267,505,326,490.3,296.7,7.45,22.58,5.98,1.61,0.0,0.5,HELM,TAAT_HUKUM,NORMAL
1789818886.536,2026-09-19 18:54:46.535,312,Underpass Unila Arah Rajabasa,1,5003,Golongan I,Sedan/Jip/Pick-up,0.342,269,82,304,109,287.3,96.1,3.67,0.64,8.93,3.5,0.0,1.26,N/A,NORMAL,NORMAL
1789818886.536,2026-09-19 18:54:46.535,312,Underpass Unila Arah Rajabasa,1,5001,Golongan VI-A,Sepeda Motor (Taat Helm),0.283,477,275,509,328,493.2,302.0,7.5,22.7,5.2,1.67,0.0,0.61,HELM,TAAT_HUKUM,NORMAL
1789818886.867,2026-09-19 18:54:46.866,312,Underpass Unila Arah Rajabasa,2,4727,Golongan I,Sedan/Jip/Pick-up,0.656,572,461,745,642,658.6,552.0,6.44,33.82,6.7,3.5,0.0,0.96,N/A,NORMAL,NORMAL
1789818886.867,2026-09-19 18:54:46.866,312,Underpass Unila Arah Rajabasa,2,4730,Golongan I,Sedan/Jip/Pick-up,0.413,270,83,306,111,288.4,97.2,3.7,0.9,9.16,3.5,0.0,1.26,N/A,NORMAL,NORMAL
1789818887.087,2026-09-19 18:54:47.087,312,Underpass Unila Arah Rajabasa,3,4727,Golongan I,Sedan/Jip/Pick-up,0.758,585,476,764,664,674.9,570.5,6.49,34.22,6.64,3.5,0.0,0.95,N/A,NORMAL,NORMAL
1789818887.087,2026-09-19 18:54:47.087,312,Underpass Unila Arah Rajabasa,3,4730,Golongan I,Sedan/Jip/Pick-up,0.558,268,81,309,114,289.2,98.2,3.67,1.66,10.82,3.5,0.0,1.25,N/A,NORMAL,NORMAL
1789818887.296,2026-09-19 18:54:47.296,312,Underpass Unila Arah Rajabasa,4,4727,Golongan I,Sedan/Jip/Pick-up,0.67,603,496,786,687,695.0,592.0,6.6,34.63,6.4,3.5,6.9,0.95,N/A,NORMAL,NORMAL
1789818887.296,2026-09-19 18:54:47.296,312,Underpass Unila Arah Rajabasa,4,4730,Golongan I,Sedan/Jip/Pick-up,0.413,270,83,310,115,290.4,99.5,3.72,1.76,10.35,3.5,7.2,1.25,N/A,NORMAL,NORMAL
1789818887.596,2026-09-19 18:54:47.596,312,Underpass Unila Arah Rajabasa,5,4727,Golongan I,Sedan/Jip/Pick-up,0.661,620,514,809,712,714.8,613.6,6.68,35.04,6.32,3.5,6.6,0.95,N/A,NORMAL,NORMAL
1789818887.596,2026-09-19 18:54:47.596,312,Underpass Unila Arah Rajabasa,5,4730,Golongan I,Sedan/Jip/Pick-up,0.585,270,83,311,117,291.3,100.5,3.72,2.16,10.9,3.5,6.8,1.24,N/A,NORMAL,NORMAL
1789818887.822,2026-09-19 18:54:47.822,312,Underpass Unila Arah Rajabasa,6,4727,Golongan I,Sedan/Jip/Pick-up,0.649,644,533,825,720,734.8,626.9,6.97,35.16,5.83,3.5,6.2,0.98,N/A,NORMAL,NORMAL
1789818887.822,2026-09-19 18:54:47.822,312,Underpass Unila Arah Rajabasa,6,4730,Golongan I,Sedan/Jip/Pick-up,0.684,272,85,313,118,292.7,102.1,3.77,2.45,10.47,3.5,6.4,1.23,N/A,NORMAL,NORMAL
1789818888.002,2026-09-19 18:54:48.002,312,Underpass Unila Arah Rajabasa,7,4727,Golongan I,Sedan/Jip/Pick-up,0.524,674,556,838,720,756.2,638.2,7.38,35.17,5.02,3.5,5.8,1.0,N/A,NORMAL,NORMAL
1789818888.002,2026-09-19 18:54:48.002,312,Underpass Unila Arah Rajabasa,7,4730,Golongan I,Sedan/Jip/Pick-up,0.683,273,86,314,119,293.7,102.9,3.8,2.58,10.39,3.5,6.0,1.23,N/A,NORMAL,NORMAL
1789818888.207,2026-09-19 18:54:48.207,312,Underpass Unila Arah Rajabasa,8,4730,Golongan I,Sedan/Jip/Pick-up,0.787,272,87,317,123,295.0,105.7,3.78,3.48,11.07,3.5,6.4,1.21,N/A,NORMAL,NORMAL
1789818888.463,2026-09-19 18:54:48.462,312,Underpass Unila Arah Rajabasa,9,4730,Golongan I,Sedan/Jip/Pick-up,0.627,275,88,318,124,297.2,106.6,3.88,3.48,11.04,3.5,6.2,1.2,N/A,NORMAL,NORMAL
1789818888.679,2026-09-19 18:54:48.679,312,Underpass Unila Arah Rajabasa,10,4730,Golongan I,Sedan/Jip/Pick-up,0.671,276,91,322,130,299.2,111.0,3.86,4.62,11.47,3.5,6.7,1.19,N/A,NORMAL,NORMAL
1789818888.91,2026-09-19 18:54:48.910,312,Underpass Unila Arah Rajabasa,11,4730,Golongan I,Sedan/Jip/Pick-up,0.698,278,94,323,133,301.0,113.8,3.89,5.15,11.11,3.5,7.0,1.17,N/A,NORMAL,NORMAL
1789818889.118,2026-09-19 18:54:49.118,312,Underpass Unila Arah Rajabasa,12,4730,Golongan I,Sedan/Jip/Pick-up,0.733,279,95,324,135,302.0,115.4,3.9,5.5,11.25,3.5,6.9,1.16,N/A,NORMAL,NORMAL
1789818889.291,2026-09-19 18:54:49.291,312,Underpass Unila Arah Rajabasa,13,4730,Golongan I,Sedan/Jip/Pick-up,0.524,280,97,327,138,303.7,118.0,3.92,6.02,11.31,3.5,7.2,1.15,N/A,NORMAL,NORMAL
1789818889.475,2026-09-19 18:54:49.474,312,Underpass Unila Arah Rajabasa,14,4730,Golongan I,Sedan/Jip/Pick-up,0.395,281,98,330,141,306.1,119.8,3.97,6.48,11.71,3.5,7.7,1.13,N/A,NORMAL,NORMAL
1789818889.665,2026-09-19 18:54:49.664,312,Underpass Unila Arah Rajabasa,15,4730,Golongan I,Sedan/Jip/Pick-up,0.447,281,98,333,144,307.5,121.8,3.97,7.08,12.45,3.5,8.2,1.11,N/A,NORMAL,NORMAL
1789818889.665,2026-09-19 18:54:49.664,312,Underpass Unila Arah Rajabasa,15,4754,Golongan IV,Truk 4 Gandar,0.373,285,97,329,144,307.4,120.8,3.98,6.93,12.75,3.5,0.0,0.94,N/A,NORMAL,NORMAL
1789818889.872,2026-09-19 18:54:49.872,312,Underpass Unila Arah Rajabasa,16,4730,Golongan I,Sedan/Jip/Pick-up,0.386,283,100,334,147,309.2,123.7,4.01,7.42,12.42,3.5,8.7,1.09,N/A,NORMAL,NORMAL
1789818889.872,2026-09-19 18:54:49.872,312,Underpass Unila Arah Rajabasa,16,4754,Golongan IV,Truk 4 Gandar,0.328,286,99,330,145,308.6,122.5,4.01,7.18,12.3,3.5,0.0,0.94,N/A,NORMAL,NORMAL
1789818890.043,2026-09-19 18:54:50.042,312,Underpass Unila Arah Rajabasa,17,4730,Golongan I,Sedan/Jip/Pick-up,0.473,285,104,336,150,311.1,127.4,4.02,7.98,11.75,3.5,8.7,1.08,N/A,NORMAL,NORMAL
1789818890.321,2026-09-19 18:54:50.321,312,Underpass Unila Arah Rajabasa,18,4730,Golongan I,Sedan/Jip/Pick-up,0.583,288,106,337,152,312.9,129.5,4.08,8.19,11.57,3.5,8.9,1.07,N/A,NORMAL,NORMAL
1789818890.682,2026-09-19 18:54:50.681,312,Underpass Unila Arah Rajabasa,20,4765,Golongan I,Sedan/Jip/Pick-up,0.698,318,141,375,201,346.7,171.8,4.58,14.26,11.16,3.5,0.0,0.95,N/A,NORMAL,NORMAL
1789818890.874,2026-09-19 18:54:50.874,312,Underpass Unila Arah Rajabasa,21,4765,Golongan I,Sedan/Jip/Pick-up,0.562,322,147,378,205,350.4,176.6,4.66,14.61,10.37,3.5,0.0,0.95,N/A,NORMAL,NORMAL
1789818891.088,2026-09-19 18:54:51.087,312,Underpass Unila Arah Rajabasa,22,4765,Golongan I,Sedan/Jip/Pick-up,0.608,324,151,381,210,353.3,181.2,4.68,15.16,10.19,3.5,8.0,0.96,N/A,NORMAL,NORMAL
1789818891.233,2026-09-19 18:54:51.233,312,Underpass Unila Arah Rajabasa,23,4765,Golongan I,Sedan/Jip/Pick-up,0.766,327,154,387,216,357.4,185.6,4.73,15.73,10.46,3.5,8.6,0.96,N/A,NORMAL,NORMAL
1789818891.404,2026-09-19 18:54:51.403,312,Underpass Unila Arah Rajabasa,24,4765,Golongan I,Sedan/Jip/Pick-up,0.743,329,156,392,221,360.9,189.0,4.77,16.18,10.78,3.5,9.0,0.96,N/A,NORMAL,NORMAL
1789818891.803,2026-09-19 18:54:51.803,312,Underpass Unila Arah Rajabasa,26,5006,Golongan VI-A,Sepeda Motor (Taat Helm),0.641,775,611,851,719,813.7,665.3,8.58,35.16,3.21,1.96,0.0,0.7,HELM,TAAT_HUKUM,NORMAL
1789818891.803,2026-09-19 18:54:51.803,312,Underpass Unila Arah Rajabasa,26,5007,Golongan I,Sedan/Jip/Pick-up,0.571,252,55,281,78,266.6,67.0,3.14,-6.97,10.27,3.5,0.0,1.29,N/A,NORMAL,NORMAL
1789818891.803,2026-09-19 18:54:51.803,312,Underpass Unila Arah Rajabasa,26,5008,Golongan VI-A,Sepeda Motor (Taat Helm),0.443,270,452,302,522,286.6,487.5,0.93,31.98,1.71,0.5,0.0,0.45,HELM,TAAT_HUKUM,NORMAL
1789818891.803,2026-09-19 18:54:51.803,312,Underpass Unila Arah Rajabasa,26,5009,Golongan I,Sedan/Jip/Pick-up,0.331,392,245,480,339,436.6,292.5,5.29,24.43,8.57,3.5,0.0,0.94,N/A,NORMAL,NORMAL
1789818891.803,2026-09-19 18:54:51.803,312,Underpass Unila Arah Rajabasa,26,5009,Golongan III,Truk 3 Gandar,0.307,391,245,478,339,435.2,292.4,5.25,24.43,8.53,3.5,0.0,0.92,N/A,NORMAL,NORMAL
1789818891.963,2026-09-19 18:54:51.963,312,Underpass Unila Arah Rajabasa,27,4786,Golongan I,Sedan/Jip/Pick-up,0.5,250,55,282,79,266.5,67.4,3.1,-6.51,10.62,3.5,0.0,1.29,N/A,NORMAL,NORMAL
1789818891.963,2026-09-19 18:54:51.963,312,Underpass Unila Arah Rajabasa,27,4788,Golongan I,Sedan/Jip/Pick-up,0.56,397,251,486,346,442.0,298.9,5.35,24.74,8.4,3.5,0.0,0.94,N/A,NORMAL,NORMAL
1789818892.134,2026-09-19 18:54:52.133,312,Underpass Unila Arah Rajabasa,28,4786,Golongan I,Sedan/Jip/Pick-up,0.437,251,56,282,80,267.1,68.6,3.11,-6.12,10.48,3.5,0.0,1.29,N/A,NORMAL,NORMAL
1789818892.134,2026-09-19 18:54:52.133,312,Underpass Unila Arah Rajabasa,28,4788,Golongan I,Sedan/Jip/Pick-up,0.624,401,256,492,354,446.8,305.3,5.37,25.13,8.41,3.5,0.0,0.94,N/A,NORMAL,NORMAL
1789818892.3,2026-09-19 18:54:52.299,312,Underpass Unila Arah Rajabasa,29,4786,Golongan I,Sedan/Jip/Pick-up,0.342,251,56,284,82,268.0,69.5,3.13,-5.73,11.28,3.5,8.3,1.29,N/A,NORMAL,NORMAL
1789818892.3,2026-09-19 18:54:52.299,312,Underpass Unila Arah Rajabasa,29,4788,Golongan I,Sedan/Jip/Pick-up,0.548,406,265,499,364,453.0,315.1,5.39,25.62,8.08,3.5,9.5,0.94,N/A,NORMAL,NORMAL
1789818892.472,2026-09-19 18:54:52.472,312,Underpass Unila Arah Rajabasa,30,4786,Golongan I,Sedan/Jip/Pick-up,0.258,252,58,284,83,268.4,70.9,3.13,-5.38,10.62,3.5,8.2,1.28,N/A,NORMAL,NORMAL
1789818892.472,2026-09-19 18:54:52.472,312,Underpass Unila Arah Rajabasa,30,4788,Golongan I,Sedan/Jip/Pick-up,0.439,413,273,510,376,462.2,324.9,5.47,26.16,8.07,3.5,9.7,0.94,N/A,NORMAL,NORMAL
1789818892.634,2026-09-19 18:54:52.634,312,Underpass Unila Arah Rajabasa,31,4786,Golongan I,Sedan/Jip/Pick-up,0.319,253,60,286,86,270.1,73.9,3.16,-4.39,10.74,3.5,9.5,1.28,N/A,NORMAL,NORMAL
1789818892.634,2026-09-19 18:54:52.634,312,Underpass Unila Arah Rajabasa,31,4788,Golongan I,Sedan/Jip/Pick-up,0.575,420,280,520,387,470.5,334.3,5.52,26.65,8.1,3.5,9.9,0.94,N/A,NORMAL,NORMAL
1789818892.852,2026-09-19 18:54:52.851,312,Underpass Unila Arah Rajabasa,32,4786,Golongan I,Sedan/Jip/Pick-up,0.336,253,61,287,88,270.8,75.2,3.16,-3.91,10.95,3.5,9.9,1.27,N/A,NORMAL,NORMAL
1789818892.852,2026-09-19 18:54:52.851,312,Underpass Unila Arah Rajabasa,32,4788,Golongan I,Sedan/Jip/Pick-up,0.386,425,287,529,398,477.3,343.0,5.55,27.08,8.09,3.5,9.8,0.94,N/A,NORMAL,NORMAL
1789818893.03,2026-09-19 18:54:53.030,312,Underpass Unila Arah Rajabasa,33,4786,Golongan I,Sedan/Jip/Pick-up,0.418,256,63,288,88,272.8,76.0,3.29,-4.12,10.09,3.5,9.2,1.27,N/A,NORMAL,NORMAL
1789818893.03,2026-09-19 18:54:53.030,312,Underpass Unila Arah Rajabasa,33,4788,Golongan I,Sedan/Jip/Pick-up,0.428,433,297,538,408,486.3,352.9,5.64,27.47,7.75,3.5,9.6,0.94,N/A,NORMAL,NORMAL
1789818893.03,2026-09-19 18:54:53.030,312,Underpass Unila Arah Rajabasa,33,4800,Golongan VI-A,Sepeda Motor (Taat Helm),0.544,238,343,260,413,249.4,378.3,0.54,29.31,2.54,0.5,0.0,0.31,HELM,TAAT_HUKUM,NORMAL
1789818893.184,2026-09-19 18:54:53.183,312,Underpass Unila Arah Rajabasa,34,4786,Golongan I,Sedan/Jip/Pick-up,0.412,258,66,290,91,274.6,79.3,3.33,-3.32,9.76,3.5,9.3,1.27,N/A,NORMAL,NORMAL
1789818893.184,2026-09-19 18:54:53.183,312,Underpass Unila Arah Rajabasa,34,4788,Golongan I,Sedan/Jip/Pick-up,0.521,450,316,565,439,508.1,378.0,5.77,28.59,7.84,3.5,10.3,0.94,N/A,NORMAL,NORMAL
1789818893.43,2026-09-19 18:54:53.429,312,Underpass Unila Arah Rajabasa,35,4788,Golongan VI-B,Sepeda Motor (Tanpa Helm),0.355,498,359,541,452,520.2,406.0,5.89,29.01,4.99,1.43,10.4,0.47,TANPA_HELM,MELANGGAR,PELANGGARAN_HELM
1789818893.43,2026-09-19 18:54:53.429,312,Underpass Unila Arah Rajabasa,35,5010,Golongan VI-B,Sepeda Motor (Tanpa Helm),0.342,577,451,648,553,612.8,502.2,6.65,31.83,4.08,2.04,0.0,0.7,TANPA_HELM,MELANGGAR,PELANGGARAN_HELM
1789818894.101,2026-09-19 18:54:54.101,312,Underpass Unila Arah Rajabasa,39,5011,Golongan VI-B,Sepeda Motor (Tanpa Helm),0.493,654,525,741,643,698.2,584.4,7.25,33.8,3.89,2.29,0.0,0.73,TANPA_HELM,MELANGGAR,PELANGGARAN_HELM
1789818894.101,2026-09-19 18:54:54.101,312,Underpass Unila Arah Rajabasa,39,5010,Golongan VI-B,Sepeda Motor (Tanpa Helm),0.392,552,425,605,523,578.7,474.8,6.28,31.12,4.17,1.55,0.0,0.54,TANPA_HELM,MELANGGAR,PELANGGARAN_HELM
1789818894.101,2026-09-19 18:54:54.101,312,Underpass Unila Arah Rajabasa,39,5012,Golongan I,Truk Kecil,0.379,270,338,366,459,318.2,398.9,1.58,30.34,4.55,2.07,0.0,0.79,N/A,NORMAL,NORMAL
1789818894.101,2026-09-19 18:54:54.101,312,Underpass Unila Arah Rajabasa,39,5013,Golongan I,Sedan/Jip/Pick-up,0.357,290,104,332,151,311.4,128.3,4.01,8.21,11.92,3.5,0.0,0.89,N/A,NORMAL,NORMAL
1789818894.316,2026-09-19 18:54:54.316,312,Underpass Unila Arah Rajabasa,40,4818,Golongan I,Sedan/Jip/Pick-up,0.441,290,104,333,153,311.7,128.9,4.0,8.41,12.34,3.5,0.0,0.89,N/A,NORMAL,NORMAL
1789818894.794,2026-09-19 18:54:54.794,312,Underpass Unila Arah Rajabasa,42,5014,Golongan I,Sedan/Jip/Pick-up,0.444,391,258,493,372,442.2,315.4,4.96,26.16,9.11,3.5,0.0,0.9,N/A,NORMAL,NORMAL
1789818894.794,2026-09-19 18:54:54.794,312,Underpass Unila Arah Rajabasa,42,5014,Golongan III,Truk 3 Gandar,0.409,390,258,493,371,442.4,315.2,4.97,26.15,9.05,3.5,0.0,0.91,N/A,NORMAL,NORMAL
1789818894.794,2026-09-19 18:54:54.794,312,Underpass Unila Arah Rajabasa,42,5013,Golongan I,Sedan/Jip/Pick-up,0.335,270,90,297,118,284.2,104.1,3.32,3.0,8.11,3.28,0.0,0.97,N/A,NORMAL,NORMAL
1789818894.968,2026-09-19 18:54:54.968,312,Underpass Unila Arah Rajabasa,43,4825,Golongan III,Truk 3 Gandar,0.433,396,265,502,382,449.5,324.2,5.01,26.62,9.02,3.5,0.0,0.9,N/A,NORMAL,NORMAL
1789818894.968,2026-09-19 18:54:54.968,312,Underpass Unila Arah Rajabasa,43,4826,Golongan I,Sedan/Jip/Pick-up,0.53,396,265,503,382,449.9,323.8,5.02,26.6,9.03,3.5,0.0,0.91,N/A,NORMAL,NORMAL
1789818894.968,2026-09-19 18:54:54.968,312,Underpass Unila Arah Rajabasa,43,4827,Golongan I,Sedan/Jip/Pick-up,0.369,271,90,300,119,285.9,104.8,3.38,3.15,8.45,3.5,0.0,0.97,N/A,NORMAL,NORMAL
1789818895.141,2026-09-19 18:54:55.141,312,Underpass Unila Arah Rajabasa,44,4825,Golongan I,Sedan/Jip/Pick-up,0.454,402,272,512,395,457.6,334.3,5.05,27.15,9.1,3.5,0.0,0.9,N/A,NORMAL,NORMAL
1789818895.141,2026-09-19 18:54:55.141,312,Underpass Unila Arah Rajabasa,44,4826,Golongan III,Truk 3 Gandar,0.46,402,273,513,395,457.9,334.3,5.06,27.14,9.01,3.5,0.0,0.91,N/A,NORMAL,NORMAL
1789818895.339,2026-09-19 18:54:55.339,312,Underpass Unila Arah Rajabasa,45,4826,Golongan I,Sedan/Jip/Pick-up,0.645,410,284,524,409,467.8,347.0,5.12,27.69,8.74,3.5,10.6,0.91,N/A,NORMAL,NORMAL
1789818895.498,2026-09-19 18:54:55.498,312,Underpass Unila Arah Rajabasa,46,4826,Golongan I,Sedan/Jip/Pick-up,0.566,420,294,539,425,479.6,359.8,5.22,28.24,8.75,3.5,10.9,0.91,N/A,NORMAL,NORMAL
1789818895.498,2026-09-19 18:54:55.498,312,Underpass Unila Arah Rajabasa,46,4828,Golongan I,Sedan/Jip/Pick-up,0.41,275,100,307,125,291.4,113.0,3.54,4.24,6.76,3.5,0.0,1.25,N/A,NORMAL,NORMAL
1789818895.676,2026-09-19 18:54:55.675,312,Underpass Unila Arah Rajabasa,47,4826,Golongan I,Sedan/Jip/Pick-up,0.519,427,304,551,441,489.4,372.7,5.25,28.81,8.68,3.5,11.0,0.91,N/A,NORMAL,NORMAL
1789818895.941,2026-09-19 18:54:55.940,312,Underpass Unila Arah Rajabasa,48,4788,Golongan I,Sedan/Jip/Pick-up,0.766,551,439,732,629,642.1,534.8,6.26,33.58,7.44,3.5,0.0,0.95,N/A,NORMAL,PELANGGARAN_HELM
1789818896.125,2026-09-19 18:54:56.124,312,Underpass Unila Arah Rajabasa,49,4788,Golongan I,Sedan/Jip/Pick-up,0.77,565,454,754,652,659.8,553.6,6.34,34.01,7.41,3.5,0.0,0.95,N/A,NORMAL,PELANGGARAN_HELM
1789818896.314,2026-09-19 18:54:56.314,312,Underpass Unila Arah Rajabasa,50,4788,Golongan I,Sedan/Jip/Pick-up,0.84,584,475,782,681,683.4,578.7,6.45,34.53,7.27,3.5,9.4,0.96,N/A,NORMAL,PELANGGARAN_HELM
1789818896.493,2026-09-19 18:54:56.492,312,Underpass Unila Arah Rajabasa,51,4788,Golongan I,Sedan/Jip/Pick-up,0.677,606,497,812,710,709.6,604.0,6.61,35.0,7.13,3.5,9.5,0.97,N/A,NORMAL,PELANGGARAN_HELM
1789818896.686,2026-09-19 18:54:56.686,312,Underpass Unila Arah Rajabasa,52,4788,Golongan I,Sedan/Jip/Pick-up,0.695,634,520,835,720,734.9,620.3,6.97,35.16,6.52,3.5,9.0,1.01,N/A,NORMAL,PELANGGARAN_HELM
1789818896.887,2026-09-19 18:54:56.887,312,Underpass Unila Arah Rajabasa,53,4788,Golongan I,Sedan/Jip/Pick-up,0.485,665,545,852,720,759.1,632.9,7.44,35.17,5.59,3.5,8.4,1.07,N/A,NORMAL,PELANGGARAN_HELM
1789818897.102,2026-09-19 18:54:57.102,312,Underpass Unila Arah Rajabasa,54,4788,Golongan I,Sedan/Jip/Pick-up,0.452,699,576,863,720,781.6,648.1,7.89,35.17,4.43,3.5,7.9,1.14,N/A,NORMAL,PELANGGARAN_HELM
1789818897.355,2026-09-19 18:54:57.354,312,Underpass Unila Arah Rajabasa,55,4788,Golongan I,Sedan/Jip/Pick-up,0.603,736,616,866,720,801.8,668.1,8.32,35.17,3.01,3.24,7.4,1.26,N/A,NORMAL,PELANGGARAN_HELM
1789818897.514,2026-09-19 18:54:57.514,312,Underpass Unila Arah Rajabasa,56,4836,Golongan I,Sedan/Jip/Pick-up,0.616,257,77,290,110,274.3,94.1,2.93,1.94,10.45,3.5,0.0,1.01,N/A,NORMAL,NORMAL
1789818897.68,2026-09-19 18:54:57.679,312,Underpass Unila Arah Rajabasa,57,4836,Golongan I,Sedan/Jip/Pick-up,0.697,258,79,291,112,275.1,95.7,2.94,2.35,10.23,3.5,0.0,1.01,N/A,NORMAL,NORMAL
1789818897.68,2026-09-19 18:54:57.679,312,Underpass Unila Arah Rajabasa,57,4842,Golongan I,Sedan/Jip/Pick-up,0.428,401,261,513,381,457.7,321.9,5.25,26.49,9.69,3.5,0.0,0.93,N/A,NORMAL,NORMAL
1789818897.848,2026-09-19 18:54:57.847,312,Underpass Unila Arah Rajabasa,58,4836,Golongan I,Sedan/Jip/Pick-up,0.724,259,80,292,114,276.2,97.5,2.96,2.72,10.4,3.5,8.5,1.01,N/A,NORMAL,NORMAL
1789818897.848,2026-09-19 18:54:57.847,312,Underpass Unila Arah Rajabasa,58,4842,Golongan I,Bus,0.32,406,268,522,392,464.7,330.5,5.29,26.93,9.63,3.5,0.0,0.93,N/A,NORMAL,NORMAL
1789818898.015,2026-09-19 18:54:58.015,312,Underpass Unila Arah Rajabasa,59,4836,Golongan I,Sedan/Jip/Pick-up,0.699,261,83,293,114,277.2,99.1,3.0,2.83,9.35,3.5,7.7,1.01,N/A,NORMAL,NORMAL
1789818898.015,2026-09-19 18:54:58.015,312,Underpass Unila Arah Rajabasa,59,4842,Golongan I,Sedan/Jip/Pick-up,0.492,412,277,532,406,472.1,341.7,5.29,27.48,9.51,3.5,10.7,0.93,N/A,NORMAL,NORMAL
1789818898.209,2026-09-19 18:54:58.209,312,Underpass Unila Arah Rajabasa,60,4836,Golongan I,Sedan/Jip/Pick-up,0.715,262,85,293,115,278.3,100.6,3.04,2.98,8.89,3.5,6.8,1.02,N/A,NORMAL,NORMAL
1789818898.209,2026-09-19 18:54:58.209,312,Underpass Unila Arah Rajabasa,60,4842,Golongan I,Sedan/Jip/Pick-up,0.603,420,286,543,418,482.1,352.4,5.38,27.94,9.34,3.5,10.4,0.93,N/A,NORMAL,NORMAL
1789818898.442,2026-09-19 18:54:58.441,312,Underpass Unila Arah Rajabasa,61,4836,Golongan I,Sedan/Jip/Pick-up,0.644,264,87,296,119,280.4,103.2,3.09,3.58,9.26,3.5,6.6,1.02,N/A,NORMAL,NORMAL
1789818898.442,2026-09-19 18:54:58.441,312,Underpass Unila Arah Rajabasa,61,4842,Golongan I,Sedan/Jip/Pick-up,0.552,427,294,556,433,492.0,364.2,5.42,28.5,9.44,3.5,10.0,0.93,N/A,NORMAL,NORMAL
1789818898.682,2026-09-19 18:54:58.681,312,Underpass Unila Arah Rajabasa,62,4836,Golongan I,Sedan/Jip/Pick-up,0.55,266,88,298,119,282.2,103.7,3.19,3.39,9.0,3.5,5.8,1.03,N/A,NORMAL,NORMAL
1789818898.682,2026-09-19 18:54:58.681,312,Underpass Unila Arah Rajabasa,62,4842,Golongan I,Sedan/Jip/Pick-up,0.407,434,303,568,447,501.6,375.7,5.47,28.98,9.36,3.5,9.6,0.93,N/A,NORMAL,NORMAL
1789818898.852,2026-09-19 18:54:58.852,312,Underpass Unila Arah Rajabasa,63,4836,Golongan I,Sedan/Jip/Pick-up,0.5,267,91,300,123,284.1,107.6,3.21,4.23,8.96,3.5,6.0,1.04,N/A,NORMAL,NORMAL
1789818898.852,2026-09-19 18:54:58.852,312,Underpass Unila Arah Rajabasa,63,4842,Golongan I,Sedan/Jip/Pick-up,0.318,442,313,581,463,511.8,388.3,5.52,29.47,9.29,3.5,9.5,0.93,N/A,NORMAL,NORMAL
1789818899.023,2026-09-19 18:54:59.023,312,Underpass Unila Arah Rajabasa,64,4836,Golongan I,Sedan/Jip/Pick-up,0.422,269,94,301,125,285.5,110.3,3.23,4.71,8.47,3.5,6.2,1.04,N/A,NORMAL,NORMAL
1789818899.023,2026-09-19 18:54:59.023,312,Underpass Unila Arah Rajabasa,64,4842,Golongan III,Truk 3 Gandar,0.365,450,323,594,478,522.3,400.7,5.57,29.94,9.18,3.5,9.4,0.93,N/A,NORMAL,NORMAL
1789818899.209,2026-09-19 18:54:59.209,312,Underpass Unila Arah Rajabasa,65,4836,Golongan I,Sedan/Jip/Pick-up,0.412,268,96,304,131,286.9,113.7,3.21,5.71,9.18,3.5,7.0,1.04,N/A,NORMAL,NORMAL
1789818899.209,2026-09-19 18:54:59.209,312,Underpass Unila Arah Rajabasa,65,4842,Golongan I,Sedan/Jip/Pick-up,0.476,458,333,607,494,533.2,413.8,5.61,30.41,9.11,3.5,9.3,0.93,N/A,NORMAL,NORMAL
1789818899.209,2026-09-19 18:54:59.209,312,Underpass Unila Arah Rajabasa,65,4825,Golongan III,Truk 3 Gandar,0.372,461,334,606,495,534.2,415.2,5.62,30.45,9.06,3.5,0.0,0.9,N/A,NORMAL,KENDARAAN_BERHENTI
1789818899.453,2026-09-19 18:54:59.453,312,Underpass Unila Arah Rajabasa,66,4836,Golongan I,Sedan/Jip/Pick-up,0.557,270,98,307,134,288.7,116.2,3.24,6.21,9.29,3.5,7.3,1.04,N/A,NORMAL,NORMAL
1789818899.453,2026-09-19 18:54:59.453,312,Underpass Unila Arah Rajabasa,66,4842,Golongan I,Sedan/Jip/Pick-up,0.509,468,344,622,510,545.2,427.6,5.68,30.86,8.99,3.5,9.2,0.93,N/A,NORMAL,NORMAL
1789818899.453,2026-09-19 18:54:59.453,312,Underpass Unila Arah Rajabasa,66,4825,Golongan III,Truk 3 Gandar,0.262,468,342,619,509,543.7,425.7,5.66,30.83,9.09,3.5,0.0,0.9,N/A,NORMAL,KENDARAAN_BERHENTI
1789818899.632,2026-09-19 18:54:59.631,312,Underpass Unila Arah Rajabasa,67,4836,Golongan I,Sedan/Jip/Pick-up,0.62,271,99,310,136,290.7,118.0,3.29,6.62,9.48,3.5,7.5,1.04,N/A,NORMAL,NORMAL
1789818899.632,2026-09-19 18:54:59.631,312,Underpass Unila Arah Rajabasa,67,4842,Golongan III,Truk 3 Gandar,0.418,477,356,636,528,557.1,442.1,5.72,31.33,8.84,3.5,9.1,0.92,N/A,NORMAL,NORMAL
1789818899.832,2026-09-19 18:54:59.831,312,Underpass Unila Arah Rajabasa,68,4836,Golongan I,Sedan/Jip/Pick-up,0.647,272,100,312,139,292.4,119.8,3.33,7.01,9.84,3.5,7.9,1.03,N/A,NORMAL,NORMAL
1789818899.832,2026-09-19 18:54:59.831,312,Underpass Unila Arah Rajabasa,68,4842,Golongan I,Bus,0.42,486,366,652,546,569.3,456.4,5.77,31.78,8.88,3.5,8.9,0.92,N/A,NORMAL,NORMAL
1789818899.832,2026-09-19 18:54:59.831,312,Underpass Unila Arah Rajabasa,68,4825,Golongan I,Sedan/Jip/Pick-up,0.347,485,363,646,540,566.0,452.3,5.76,31.65,8.85,3.5,0.0,0.9,N/A,NORMAL,KENDARAAN_BERHENTI
1789818900.075,2026-09-19 18:55:00.075,312,Underpass Unila Arah Rajabasa,69,4836,Golongan I,Sedan/Jip/Pick-up,0.721,273,101,314,141,293.7,121.7,3.35,7.35,10.0,3.5,8.1,1.03,N/A,NORMAL,NORMAL
1789818900.075,2026-09-19 18:55:00.075,312,Underpass Unila Arah Rajabasa,69,4842,Golongan I,Sedan/Jip/Pick-up,0.549,498,380,668,564,583.2,472.5,5.84,32.21,8.63,3.5,8.6,0.92,N/A,NORMAL,NORMAL
1789818900.307,2026-09-19 18:55:00.307,312,Underpass Unila Arah Rajabasa,70,4836,Golongan I,Sedan/Jip/Pick-up,0.719,274,103,316,144,295.6,124.0,3.38,7.84,10.03,3.5,8.2,1.03,N/A,NORMAL,NORMAL
1789818900.307,2026-09-19 18:55:00.307,312,Underpass Unila Arah Rajabasa,70,4842,Golongan I,Sedan/Jip/Pick-up,0.59,508,393,684,582,596.5,488.0,5.9,32.62,8.45,3.5,8.4,0.92,N/A,NORMAL,NORMAL
1789818900.307,2026-09-19 18:55:00.307,312,Underpass Unila Arah Rajabasa,70,4825,Golongan I,Bus,0.37,508,390,678,578,593.5,484.3,5.89,32.53,8.48,3.5,0.0,0.91,N/A,NORMAL,KENDARAAN_BERHENTI
1789818900.511,2026-09-19 18:55:00.510,312,Underpass Unila Arah Rajabasa,71,4836,Golongan I,Sedan/Jip/Pick-up,0.68,276,106,318,147,297.4,127.1,3.41,8.31,9.78,3.5,8.8,1.03,N/A,NORMAL,NORMAL
1789818900.511,2026-09-19 18:55:00.510,312,Underpass Unila Arah Rajabasa,71,4842,Golongan I,Sedan/Jip/Pick-up,0.584,521,408,701,603,611.4,505.8,5.96,33.05,8.26,3.5,8.3,0.92,N/A,NORMAL,NORMAL
1789818900.721,2026-09-19 18:55:00.720,312,Underpass Unila Arah Rajabasa,72,4836,Golongan I,Sedan/Jip/Pick-up,0.684,277,108,320,150,299.4,129.6,3.46,8.7,9.81,3.5,8.7,1.02,N/A,NORMAL,NORMAL
1789818900.721,2026-09-19 18:55:00.720,312,Underpass Unila Arah Rajabasa,72,4842,Golongan I,Sedan/Jip/Pick-up,0.75,532,422,720,625,626.7,523.6,6.01,33.5,8.18,3.5,8.1,0.92,N/A,NORMAL,NORMAL
1789818900.896,2026-09-19 18:55:00.895,312,Underpass Unila Arah Rajabasa,73,4836,Golongan I,Sedan/Jip/Pick-up,0.659,278,109,323,153,301.0,131.5,3.48,9.18,10.16,3.5,8.7,1.02,N/A,NORMAL,NORMAL
1789818900.896,2026-09-19 18:55:00.895,312,Underpass Unila Arah Rajabasa,73,4842,Golongan I,Sedan/Jip/Pick-up,0.71,547,437,741,647,644.4,542.5,6.1,33.93,8.09,3.5,7.9,0.92,N/A,NORMAL,NORMAL
1789818901.072,2026-09-19 18:55:01.071,312,Underpass Unila Arah Rajabasa,74,4836,Golongan I,Sedan/Jip/Pick-up,0.664,280,112,325,156,303.4,134.6,3.54,9.55,9.91,3.5,8.2,1.02,N/A,NORMAL,NORMAL
1789818901.072,2026-09-19 18:55:01.071,312,Underpass Unila Arah Rajabasa,74,4842,Golongan I,Sedan/Jip/Pick-up,0.722,560,452,762,670,661.5,561.7,6.16,34.34,8.02,3.5,7.8,0.92,N/A,NORMAL,NORMAL
1789818901.294,2026-09-19 18:55:01.294,312,Underpass Unila Arah Rajabasa,75,4836,Golongan I,Sedan/Jip/Pick-up,0.459,254,67,288,98,271.3,82.9,3.0,-1.06,11.27,3.5,10.6,1.14,N/A,NORMAL,NORMAL
1789818901.294,2026-09-19 18:55:01.294,312,Underpass Unila Arah Rajabasa,75,5015,Golongan I,Sedan/Jip/Pick-up,0.268,242,189,296,247,269.5,218.4,1.43,21.04,5.45,2.25,0.0,0.95,N/A,NORMAL,NORMAL
1789818901.621,2026-09-19 18:55:01.620,312,Underpass Unila Arah Rajabasa,77,4828,Golongan I,Sedan/Jip/Pick-up,0.758,265,84,305,117,285.6,100.8,3.4,2.71,10.18,3.5,0.0,1.21,N/A,NORMAL,NORMAL
1789818901.781,2026-09-19 18:55:01.780,312,Underpass Unila Arah Rajabasa,78,4828,Golongan I,Sedan/Jip/Pick-up,0.763,265,84,306,118,286.0,101.9,3.4,3.03,10.46,3.5,0.0,1.18,N/A,NORMAL,NORMAL
1789818901.961,2026-09-19 18:55:01.961,312,Underpass Unila Arah Rajabasa,79,4828,Golongan I,Sedan/Jip/Pick-up,0.676,266,85,307,120,287.1,103.0,3.41,3.44,10.62,3.5,7.8,1.16,N/A,NORMAL,NORMAL
1789818901.961,2026-09-19 18:55:01.961,312,Underpass Unila Arah Rajabasa,79,4861,Golongan I,Sedan/Jip/Pick-up,0.475,212,111,251,150,231.8,130.9,0.7,12.16,6.7,2.75,0.0,1.01,N/A,NORMAL,NORMAL
1789818902.154,2026-09-19 18:55:02.154,312,Underpass Unila Arah Rajabasa,80,4828,Golongan I,Sedan/Jip/Pick-up,0.648,267,86,309,124,288.4,105.5,3.42,4.09,11.28,3.5,8.4,1.15,N/A,NORMAL,NORMAL
1789818902.154,2026-09-19 18:55:02.154,312,Underpass Unila Arah Rajabasa,80,4861,Golongan I,Sedan/Jip/Pick-up,0.292,211,109,248,146,230.4,127.9,0.67,11.67,6.48,2.65,0.0,1.0,N/A,NORMAL,NORMAL
1789818902.326,2026-09-19 18:55:02.325,312,Underpass Unila Arah Rajabasa,81,4828,Golongan I,Sedan/Jip/Pick-up,0.602,269,89,311,127,290.3,108.5,3.46,4.61,10.96,3.5,8.9,1.14,N/A,NORMAL,NORMAL
1789818902.513,2026-09-19 18:55:02.512,312,Underpass Unila Arah Rajabasa,82,4828,Golongan I,Sedan/Jip/Pick-up,0.721,270,92,313,130,291.7,111.6,3.46,5.23,10.64,3.5,9.4,1.13,N/A,NORMAL,NORMAL
1789818902.693,2026-09-19 18:55:02.693,312,Underpass Unila Arah Rajabasa,83,4828,Golongan I,Sedan/Jip/Pick-up,0.7,271,94,315,133,293.4,113.9,3.48,5.82,10.67,3.5,9.8,1.12,N/A,NORMAL,NORMAL
1789818902.693,2026-09-19 18:55:02.693,312,Underpass Unila Arah Rajabasa,83,4861,Golongan I,Sedan/Jip/Pick-up,0.507,208,96,242,130,225.2,113.5,0.53,9.47,6.77,2.75,0.0,1.0,N/A,NORMAL,NORMAL
1789818902.888,2026-09-19 18:55:02.888,312,Underpass Unila Arah Rajabasa,84,4828,Golongan I,Sedan/Jip/Pick-up,0.591,271,94,318,136,295.1,115.3,3.52,6.24,11.41,3.5,9.9,1.11,N/A,NORMAL,NORMAL
1789818902.888,2026-09-19 18:55:02.888,312,Underpass Unila Arah Rajabasa,84,4861,Golongan I,Sedan/Jip/Pick-up,0.289,207,92,239,124,223.5,108.4,0.48,8.59,6.65,2.7,0.0,1.0,N/A,NORMAL,NORMAL
1789818903.102,2026-09-19 18:55:03.101,312,Underpass Unila Arah Rajabasa,85,4828,Golongan I,Sedan/Jip/Pick-up,0.701,274,96,320,137,297.3,116.9,3.61,6.32,11.06,3.5,9.5,1.11,N/A,NORMAL,NORMAL
1789818903.102,2026-09-19 18:55:03.101,312,Underpass Unila Arah Rajabasa,85,4861,Golongan I,Sedan/Jip/Pick-up,0.263,206,89,237,120,221.8,104.9,0.43,7.93,6.64,2.69,13.5,1.0,N/A,NORMAL,NORMAL
1789818903.306,2026-09-19 18:55:03.305,312,Underpass Unila Arah Rajabasa,86,4828,Golongan I,Sedan/Jip/Pick-up,0.67,276,99,321,140,298.6,120.0,3.62,6.79,10.73,3.5,9.2,1.1,N/A,NORMAL,NORMAL
1789818903.528,2026-09-19 18:55:03.527,312,Underpass Unila Arah Rajabasa,87,4828,Golongan I,Sedan/Jip/Pick-up,0.609,277,102,323,143,300.7,123.0,3.65,7.32,10.43,3.5,9.0,1.1,N/A,NORMAL,NORMAL
1789818903.715,2026-09-19 18:55:03.715,312,Underpass Unila Arah Rajabasa,88,4828,Golongan I,Sedan/Jip/Pick-up,0.502,278,104,325,147,302.2,126.3,3.65,8.0,10.65,3.5,9.2,1.09,N/A,NORMAL,NORMAL
1789818903.903,2026-09-19 18:55:03.902,312,Underpass Unila Arah Rajabasa,89,4828,Golongan I,Sedan/Jip/Pick-up,0.483,280,105,329,150,304.7,128.2,3.71,8.43,11.07,3.5,9.1,1.08,N/A,NORMAL,NORMAL
1789818904.07,2026-09-19 18:55:04.069,312,Underpass Unila Arah Rajabasa,90,4828,Golongan I,Sedan/Jip/Pick-up,0.46,281,106,331,153,306.5,130.1,3.73,8.86,11.39,3.5,9.0,1.07,N/A,NORMAL,NORMAL
1789818904.258,2026-09-19 18:55:04.258,312,Underpass Unila Arah Rajabasa,91,4828,Golongan I,Sedan/Jip/Pick-up,0.387,283,108,334,156,308.5,132.2,3.78,9.2,11.45,3.5,8.7,1.05,N/A,NORMAL,NORMAL
1789818904.518,2026-09-19 18:55:04.518,312,Underpass Unila Arah Rajabasa,92,4828,Golongan I,Sedan/Jip/Pick-up,0.388,284,109,336,159,310.7,134.5,3.82,9.6,11.76,3.5,8.2,1.05,N/A,NORMAL,NORMAL
1789818904.682,2026-09-19 18:55:04.682,312,Underpass Unila Arah Rajabasa,93,4828,Golongan I,Sedan/Jip/Pick-up,0.413,287,116,337,164,312.4,140.8,3.8,10.4,10.6,3.5,8.3,1.05,N/A,NORMAL,NORMAL
1789818905.333,2026-09-19 18:55:05.332,312,Underpass Unila Arah Rajabasa,96,4836,Golongan I,Sedan/Jip/Pick-up,0.443,320,166,380,224,350.7,195.2,4.31,16.83,8.61,3.5,0.0,1.03,N/A,NORMAL,NORMAL
1789818905.501,2026-09-19 18:55:05.500,312,Underpass Unila Arah Rajabasa,97,4836,Golongan I,Sedan/Jip/Pick-up,0.37,323,169,384,227,353.9,198.4,4.38,17.09,8.48,3.5,0.0,1.05,N/A,NORMAL,NORMAL
1789818905.684,2026-09-19 18:55:05.683,312,Underpass Unila Arah Rajabasa,98,4836,Golongan I,Sedan/Jip/Pick-up,0.593,324,173,391,238,358.4,205.9,4.36,18.06,9.07,3.5,12.6,1.03,N/A,NORMAL,NORMAL
1789818905.856,2026-09-19 18:55:05.856,312,Underpass Unila Arah Rajabasa,99,4836,Golongan I,Sedan/Jip/Pick-up,0.435,328,177,396,244,362.6,211.0,4.42,18.54,9.09,3.5,12.3,1.03,N/A,NORMAL,NORMAL
1789818906.018,2026-09-19 18:55:06.018,312,Underpass Unila Arah Rajabasa,100,4836,Golongan III,Truk 3 Gandar,0.297,331,183,400,248,365.8,215.9,4.46,18.89,8.54,3.5,11.7,1.04,N/A,NORMAL,NORMAL
1789818906.213,2026-09-19 18:55:06.212,312,Underpass Unila Arah Rajabasa,101,4836,Golongan III,Truk 3 Gandar,0.299,335,186,406,255,370.7,221.0,4.52,19.38,8.86,3.5,11.2,1.04,N/A,NORMAL,NORMAL
1789818906.46,2026-09-19 18:55:06.459,312,Underpass Unila Arah Rajabasa,102,4836,Golongan III,Truk 3 Gandar,0.343,337,190,412,262,375.2,226.4,4.56,19.89,8.96,3.5,10.7,1.04,N/A,NORMAL,NORMAL
1789818906.46,2026-09-19 18:55:06.459,312,Underpass Unila Arah Rajabasa,102,4886,Golongan I,Sedan/Jip/Pick-up,0.465,215,116,252,155,233.7,136.1,0.75,12.84,6.43,2.51,0.0,0.94,N/A,NORMAL,NORMAL
1789818906.639,2026-09-19 18:55:06.639,312,Underpass Unila Arah Rajabasa,103,4836,Golongan III,Truk 3 Gandar,0.448,341,195,416,267,379.3,231.5,4.62,20.27,8.71,3.5,10.2,1.04,N/A,NORMAL,NORMAL
1789818906.639,2026-09-19 18:55:06.639,312,Underpass Unila Arah Rajabasa,103,4886,Golongan I,Sedan/Jip/Pick-up,0.445,216,114,251,151,234.0,132.8,0.78,12.24,6.27,2.43,0.0,0.94,N/A,NORMAL,NORMAL
1789818906.801,2026-09-19 18:55:06.801,312,Underpass Unila Arah Rajabasa,104,4836,Golongan III,Truk 3 Gandar,0.361,346,201,422,274,384.4,238.4,4.67,20.76,8.52,3.5,10.0,1.05,N/A,NORMAL,NORMAL
1789818906.801,2026-09-19 18:55:06.801,312,Underpass Unila Arah Rajabasa,104,4886,Golongan I,Sedan/Jip/Pick-up,0.34,216,112,249,147,232.8,129.8,0.75,11.74,6.07,2.34,11.5,0.94,N/A,NORMAL,NORMAL
1789818906.801,2026-09-19 18:55:06.801,312,Underpass Unila Arah Rajabasa,104,4890,Golongan I,Sedan/Jip/Pick-up,0.489,501,364,664,535,583.2,449.9,6.22,31.44,9.01,3.5,0.0,0.95,N/A,NORMAL,NORMAL
1789818906.983,2026-09-19 18:55:06.983,312,Underpass Unila Arah Rajabasa,105,4886,Golongan I,Sedan/Jip/Pick-up,0.341,214,107,249,143,232.3,125.5,0.74,11.24,6.51,2.59,11.3,0.94,N/A,NORMAL,NORMAL
1789818906.983,2026-09-19 18:55:06.983,312,Underpass Unila Arah Rajabasa,105,4890,Golongan I,Sedan/Jip/Pick-up,0.563,512,379,680,555,596.8,467.3,6.26,31.94,8.72,3.5,0.0,0.96,N/A,NORMAL,NORMAL
1789818907.149,2026-09-19 18:55:07.148,312,Underpass Unila Arah Rajabasa,106,4886,Golongan I,Sedan/Jip/Pick-up,0.366,213,103,247,139,230.5,121.9,0.69,10.71,6.74,2.6,11.2,0.94,N/A,NORMAL,NORMAL
1789818907.149,2026-09-19 18:55:07.148,312,Underpass Unila Arah Rajabasa,106,4890,Golongan I,Sedan/Jip/Pick-up,0.479,524,394,705,583,615.1,488.7,6.29,32.59,8.83,3.5,12.0,0.95,N/A,NORMAL,NORMAL
1789818907.149,2026-09-19 18:55:07.148,312,Underpass Unila Arah Rajabasa,106,4836,Golongan III,Truk 3 Gandar,0.308,353,212,432,288,393.0,250.6,4.74,21.63,8.25,3.5,0.0,1.05,N/A,NORMAL,NORMAL
1789818907.322,2026-09-19 18:55:07.322,312,Underpass Unila Arah Rajabasa,107,4890,Golongan I,Sedan/Jip/Pick-up,0.504,542,412,725,603,634.1,508.2,6.43,33.03,8.45,3.5,11.6,0.96,N/A,NORMAL,NORMAL
1789818907.322,2026-09-19 18:55:07.322,312,Underpass Unila Arah Rajabasa,107,4836,Golongan III,Truk 3 Gandar,0.277,356,217,441,298,399.3,257.7,4.79,22.27,8.49,3.5,0.0,1.05,N/A,NORMAL,NORMAL
1789818907.488,2026-09-19 18:55:07.487,312,Underpass Unila Arah Rajabasa,108,4890,Golongan I,Sedan/Jip/Pick-up,0.65,554,428,751,634,652.8,531.7,6.42,33.66,8.57,3.5,11.6,0.96,N/A,NORMAL,NORMAL
1789818907.488,2026-09-19 18:55:07.487,312,Underpass Unila Arah Rajabasa,108,4836,Golongan III,Truk 3 Gandar,0.384,360,221,448,305,404.7,263.6,4.85,22.69,8.61,3.5,11.2,1.05,N/A,NORMAL,NORMAL
1789818907.488,2026-09-19 18:55:07.487,312,Underpass Unila Arah Rajabasa,108,4886,Golongan I,Sedan/Jip/Pick-up,0.294,210,96,244,133,227.4,114.7,0.6,9.8,7.32,2.75,0.0,0.93,N/A,NORMAL,NORMAL
1789818907.657,2026-09-19 18:55:07.657,312,Underpass Unila Arah Rajabasa,109,4890,Golongan I,Sedan/Jip/Pick-up,0.416,570,447,773,660,671.9,554.4,6.48,34.16,8.32,3.5,11.6,0.95,N/A,NORMAL,NORMAL
1789818907.657,2026-09-19 18:55:07.657,312,Underpass Unila Arah Rajabasa,109,4836,Golongan I,Sedan/Jip/Pick-up,0.434,366,228,456,315,411.5,272.0,4.91,23.25,8.55,3.5,11.3,1.05,N/A,NORMAL,NORMAL
1789818907.657,2026-09-19 18:55:07.657,312,Underpass Unila Arah Rajabasa,109,4886,Golongan I,Sedan/Jip/Pick-up,0.527,209,94,242,129,225.9,112.2,0.56,9.36,7.09,2.72,0.0,0.93,N/A,NORMAL,NORMAL
1789818907.821,2026-09-19 18:55:07.821,312,Underpass Unila Arah Rajabasa,110,4890,Golongan I,Sedan/Jip/Pick-up,0.506,587,466,798,686,693.2,576.5,6.58,34.61,8.14,3.5,11.5,0.96,N/A,NORMAL,NORMAL
1789818907.821,2026-09-19 18:55:07.821,312,Underpass Unila Arah Rajabasa,110,4836,Golongan III,Truk 3 Gandar,0.381,371,237,462,325,417.0,281.3,4.92,23.8,8.18,3.5,11.5,1.05,N/A,NORMAL,NORMAL
1789818907.821,2026-09-19 18:55:07.821,312,Underpass Unila Arah Rajabasa,110,4886,Golongan I,Sedan/Jip/Pick-up,0.453,209,91,240,125,225.2,108.7,0.55,8.64,7.12,2.64,12.5,0.93,N/A,NORMAL,LAWAN_ARAH
1789818907.993,2026-09-19 18:55:07.992,312,Underpass Unila Arah Rajabasa,111,4890,Golongan I,Sedan/Jip/Pick-up,0.444,606,487,821,712,714.0,600.1,6.66,35.05,7.85,3.5,11.3,0.96,N/A,NORMAL,NORMAL
1789818908.183,2026-09-19 18:55:08.183,312,Underpass Unila Arah Rajabasa,112,4836,Golongan III,Truk 3 Gandar,0.351,381,250,480,345,430.8,297.8,5.03,24.84,8.21,3.5,0.0,1.04,N/A,NORMAL,NORMAL
1789818908.183,2026-09-19 18:55:08.183,312,Underpass Unila Arah Rajabasa,112,4886,Golongan I,Sedan/Jip/Pick-up,0.264,208,86,238,118,223.7,103.0,0.51,7.57,7.1,2.7,0.0,0.93,N/A,NORMAL,LAWAN_ARAH
1789818908.357,2026-09-19 18:55:08.357,312,Underpass Unila Arah Rajabasa,113,4836,Golongan III,Truk 3 Gandar,0.301,385,256,490,357,438.0,306.6,5.06,25.42,8.4,3.5,0.0,1.04,N/A,NORMAL,NORMAL
1789818908.357,2026-09-19 18:55:08.357,312,Underpass Unila Arah Rajabasa,113,4890,Golongan I,Sedan/Jip/Pick-up,0.398,664,528,857,720,760.6,624.4,7.47,35.17,6.48,3.5,0.0,1.01,N/A,NORMAL,NORMAL
1789818908.532,2026-09-19 18:55:08.532,312,Underpass Unila Arah Rajabasa,114,4886,Golongan I,Sedan/Jip/Pick-up,0.306,207,81,236,113,222.0,97.5,0.46,6.59,7.45,2.74,0.0,0.94,N/A,NORMAL,LAWAN_ARAH
1789818908.734,2026-09-19 18:55:08.734,312,Underpass Unila Arah Rajabasa,115,4886,Golongan I,Sedan/Jip/Pick-up,0.558,206,80,236,112,221.2,96.6,0.42,6.49,7.52,2.86,0.0,0.94,N/A,NORMAL,LAWAN_ARAH
1789818908.734,2026-09-19 18:55:08.734,312,Underpass Unila Arah Rajabasa,115,4836,Golongan III,Truk 3 Gandar,0.282,397,273,508,379,452.7,326.5,5.14,26.43,8.07,3.5,0.0,1.04,N/A,NORMAL,NORMAL
1789818908.951,2026-09-19 18:55:08.951,312,Underpass Unila Arah Rajabasa,116,4886,Golongan I,Sedan/Jip/Pick-up,0.439,206,79,234,109,220.3,94.6,0.4,5.96,7.17,2.71,5.5,0.94,N/A,NORMAL,LAWAN_ARAH
1789818908.951,2026-09-19 18:55:08.951,312,Underpass Unila Arah Rajabasa,116,4836,Golongan I,Sedan/Jip/Pick-up,0.445,404,283,517,392,461.0,338.0,5.18,26.98,7.86,3.5,0.0,1.04,N/A,NORMAL,NORMAL
1789818909.118,2026-09-19 18:55:09.117,312,Underpass Unila Arah Rajabasa,117,4886,Golongan I,Sedan/Jip/Pick-up,0.268,206,78,233,107,219.7,93.3,0.38,5.63,7.03,2.65,5.7,0.95,N/A,NORMAL,LAWAN_ARAH
1789818909.118,2026-09-19 18:55:09.117,312,Underpass Unila Arah Rajabasa,117,4836,Golongan I,Sedan/Jip/Pick-up,0.378,411,292,527,404,469.7,348.9,5.24,27.46,7.73,3.5,9.7,1.04,N/A,NORMAL,NORMAL
1789818909.335,2026-09-19 18:55:09.335,312,Underpass Unila Arah Rajabasa,118,4886,Golongan I,Sedan/Jip/Pick-up,0.335,205,77,231,104,218.5,91.2,0.33,5.06,6.65,2.58,6.2,0.96,N/A,NORMAL,LAWAN_ARAH
1789818909.335,2026-09-19 18:55:09.335,312,Underpass Unila Arah Rajabasa,118,4836,Golongan I,Sedan/Jip/Pick-up,0.552,418,301,539,418,479.2,360.0,5.3,27.98,7.73,3.5,9.5,1.03,N/A,NORMAL,NORMAL
1789818909.521,2026-09-19 18:55:09.521,312,Underpass Unila Arah Rajabasa,119,4886,Golongan I,Sedan/Jip/Pick-up,0.272,204,73,231,101,218.1,87.8,0.32,4.51,7.17,2.79,6.7,0.96,N/A,NORMAL,LAWAN_ARAH
1789818909.521,2026-09-19 18:55:09.521,312,Underpass Unila Arah Rajabasa,119,4836,Golongan I,Sedan/Jip/Pick-up,0.55,426,312,552,434,489.4,373.4,5.35,28.54,7.64,3.5,9.6,1.03,N/A,NORMAL,NORMAL
1789818909.704,2026-09-19 18:55:09.703,312,Underpass Unila Arah Rajabasa,120,4886,Golongan I,Sedan/Jip/Pick-up,0.32,204,72,229,98,217.3,85.2,0.3,3.81,6.78,2.63,7.5,0.97,N/A,NORMAL,LAWAN_ARAH
1789818909.704,2026-09-19 18:55:09.703,312,Underpass Unila Arah Rajabasa,120,4836,Golongan I,Sedan/Jip/Pick-up,0.608,434,321,566,449,500.4,385.5,5.42,29.04,7.7,3.5,9.6,1.03,N/A,NORMAL,NORMAL
1789818909.704,2026-09-19 18:55:09.703,312,Underpass Unila Arah Rajabasa,120,4902,Golongan I,Sedan/Jip/Pick-up,0.361,318,145,382,221,350.5,183.4,4.36,16.53,12.89,3.5,0.0,0.83,N/A,NORMAL,NORMAL
1789818909.903,2026-09-19 18:55:09.902,312,Underpass Unila Arah Rajabasa,121,4836,Golongan II,Truk 2 Gandar,0.494,442,331,581,466,511.9,398.8,5.48,29.58,7.75,3.5,9.7,1.03,N/A,NORMAL,NORMAL
1789818910.124,2026-09-19 18:55:10.124,312,Underpass Unila Arah Rajabasa,122,4836,Golongan I,Sedan/Jip/Pick-up,0.484,451,342,596,484,524.1,413.6,5.53,30.13,7.76,3.5,9.7,1.03,N/A,NORMAL,NORMAL
1789818910.346,2026-09-19 18:55:10.346,312,Underpass Unila Arah Rajabasa,123,4836,Golongan I,Sedan/Jip/Pick-up,0.51,462,358,611,503,537.1,430.9,5.59,30.67,7.41,3.5,9.6,1.03,N/A,NORMAL,NORMAL
1789818910.54,2026-09-19 18:55:10.540,312,Underpass Unila Arah Rajabasa,124,4836,Golongan I,Sedan/Jip/Pick-up,0.548,473,371,628,522,550.8,447.3,5.65,31.2,7.34,3.5,9.6,1.02,N/A,NORMAL,NORMAL
1789818910.742,2026-09-19 18:55:10.741,312,Underpass Unila Arah Rajabasa,125,4836,Golongan I,Sedan/Jip/Pick-up,0.629,484,384,646,542,565.2,463.8,5.72,31.7,7.3,3.5,9.6,1.03,N/A,NORMAL,NORMAL
1789818911.033,2026-09-19 18:55:11.033,312,Underpass Unila Arah Rajabasa,126,5016,Golongan I,Sedan/Jip/Pick-up,0.407,319,399,450,553,385.0,476.3,2.3,32.42,4.63,2.6,0.0,0.84,N/A,NORMAL,NORMAL
1789818911.033,2026-09-19 18:55:11.033,312,Underpass Unila Arah Rajabasa,126,4836,Golongan I,Sedan/Jip/Pick-up,0.329,498,419,570,472,534.3,446.3,5.94,29.68,2.35,2.07,7.5,1.37,N/A,NORMAL,NORMAL
1789818911.033,2026-09-19 18:55:11.033,312,Underpass Unila Arah Rajabasa,126,5016,Golongan I,Bus,0.325,319,399,449,553,384.7,476.6,2.3,32.43,4.63,2.58,0.0,0.84,N/A,NORMAL,NORMAL
1789818911.033,2026-09-19 18:55:11.033,312,Underpass Unila Arah Rajabasa,126,5016,Golongan I,Truk Kecil,0.255,319,400,450,553,384.9,476.7,2.3,32.41,4.59,2.6,0.0,0.86,N/A,NORMAL,NORMAL
1789818911.204,2026-09-19 18:55:11.204,312,Underpass Unila Arah Rajabasa,127,4914,Golongan I,Sedan/Jip/Pick-up,0.687,314,387,438,534,376.3,460.9,2.25,32.03,4.65,2.53,0.0,0.84,N/A,NORMAL,NORMAL
1789818911.374,2026-09-19 18:55:11.374,312,Underpass Unila Arah Rajabasa,128,4914,Golongan I,Sedan/Jip/Pick-up,0.521,306,371,425,513,366.4,442.5,2.18,31.57,4.78,2.5,0.0,0.84,N/A,NORMAL,NORMAL
1789818911.599,2026-09-19 18:55:11.598,312,Underpass Unila Arah Rajabasa,129,4914,Golongan I,Sedan/Jip/Pick-up,0.605,301,355,412,488,357.1,421.9,2.13,30.96,4.82,2.43,9.8,0.84,N/A,NORMAL,NORMAL
1789818911.773,2026-09-19 18:55:11.772,312,Underpass Unila Arah Rajabasa,130,4914,Golongan I,Sedan/Jip/Pick-up,0.432,294,340,401,466,348.0,403.7,2.07,30.42,4.9,2.44,10.0,0.84,N/A,NORMAL,NORMAL
1789818911.962,2026-09-19 18:55:11.962,312,Underpass Unila Arah Rajabasa,131,4914,Golongan I,Sedan/Jip/Pick-up,0.726,288,327,390,449,339.4,388.2,2.0,29.94,5.01,2.4,10.0,0.84,N/A,NORMAL,NORMAL
1789818912.241,2026-09-19 18:55:12.240,312,Underpass Unila Arah Rajabasa,132,4914,Golongan I,Sedan/Jip/Pick-up,0.662,283,315,380,430,331.9,372.9,1.94,29.4,5.02,2.36,9.7,0.84,N/A,NORMAL,LAWAN_ARAH
1789818912.422,2026-09-19 18:55:12.421,312,Underpass Unila Arah Rajabasa,133,4914,Golongan I,Sedan/Jip/Pick-up,0.459,278,303,371,414,325.0,358.6,1.88,28.9,5.13,2.34,9.5,0.84,N/A,NORMAL,LAWAN_ARAH
1789818912.679,2026-09-19 18:55:12.678,312,Underpass Unila Arah Rajabasa,134,4914,Golongan II,Truk 2 Gandar,0.461,274,291,363,397,318.9,344.4,1.84,28.34,5.21,2.33,9.4,0.85,N/A,NORMAL,LAWAN_ARAH
1789818912.849,2026-09-19 18:55:12.849,312,Underpass Unila Arah Rajabasa,135,4914,Golongan I,Sedan/Jip/Pick-up,0.66,270,282,355,381,313.0,331.8,1.8,27.78,5.13,2.3,9.4,0.85,N/A,NORMAL,LAWAN_ARAH
1789818913.061,2026-09-19 18:55:13.060,312,Underpass Unila Arah Rajabasa,136,4914,Golongan I,Sedan/Jip/Pick-up,0.66,268,272,348,365,308.2,319.2,1.77,27.2,5.12,2.25,9.4,0.85,N/A,NORMAL,LAWAN_ARAH
1789818913.42,2026-09-19 18:55:13.420,312,Underpass Unila Arah Rajabasa,137,5017,Golongan VI-B,Sepeda Motor (Tanpa Helm),0.606,335,153,351,194,343.1,173.8,4.59,13.35,7.15,1.24,0.0,0.4,TANPA_HELM,MELANGGAR,PELANGGARAN_HELM
1789818913.42,2026-09-19 18:55:13.420,312,Underpass Unila Arah Rajabasa,137,5018,Golongan VI-B,Sepeda Motor (Tanpa Helm),0.407,445,316,481,402,463.4,359.4,5.11,27.4,5.28,1.27,0.0,0.41,TANPA_HELM,MELANGGAR,PELANGGARAN_HELM
1789818913.42,2026-09-19 18:55:13.420,312,Underpass Unila Arah Rajabasa,137,5018,Golongan VI-A,Sepeda Motor (Taat Helm),0.343,474,307,504,372,489.2,339.9,6.36,25.62,4.81,1.24,0.0,0.47,HELM,TAAT_HUKUM,PELANGGARAN_HELM
1789818913.42,2026-09-19 18:55:13.420,312,Underpass Unila Arah Rajabasa,137,5018,Golongan VI-B,Sepeda Motor (Tanpa Helm),0.324,446,312,476,370,461.3,341.5,5.53,25.87,3.92,1.12,0.0,0.5,TANPA_HELM,MELANGGAR,PELANGGARAN_HELM
1789818913.42,2026-09-19 18:55:13.420,312,Underpass Unila Arah Rajabasa,137,5019,Golongan VI-A,Sepeda Motor (Taat Helm),0.288,406,252,432,310,419.3,281.2,5.25,22.75,5.27,1.2,0.0,0.44,HELM,TAAT_HUKUM,NORMAL
1789818913.42,2026-09-19 18:55:13.420,312,Underpass Unila Arah Rajabasa,137,5019,Golongan VI-A,Sepeda Motor (Taat Helm),0.288,412,281,434,315,423.5,298.5,5.29,23.05,2.75,0.91,0.0,0.66,HELM,TAAT_HUKUM,NORMAL
1789818913.42,2026-09-19 18:55:13.420,312,Underpass Unila Arah Rajabasa,137,5017,Golongan VI-B,Sepeda Motor (Tanpa Helm),0.281,393,181,416,223,405.2,202.6,6.7,14.71,7.11,1.81,0.0,0.55,TANPA_HELM,MELANGGAR,PELANGGARAN_HELM
1789818913.42,2026-09-19 18:55:13.420,312,Underpass Unila Arah Rajabasa,137,5020,Golongan VI-B,Sepeda Motor (Tanpa Helm),0.279,584,431,649,521,617.1,476.5,7.28,30.88,4.14,2.06,0.0,0.73,TANPA_HELM,MELANGGAR,PELANGGARAN_HELM
1789818913.42,2026-09-19 18:55:13.420,312,Underpass Unila Arah Rajabasa,137,5018,Golongan VI-A,Sepeda Motor (Taat Helm),0.275,472,291,498,341,485.5,316.2,6.89,23.76,4.28,1.2,0.0,0.53,HELM,TAAT_HUKUM,PELANGGARAN_HELM
1789818913.42,2026-09-19 18:55:13.420,312,Underpass Unila Arah Rajabasa,137,5018,Golongan VI-A,Sepeda Motor (Taat Helm),0.254,472,293,502,366,487.5,329.9,6.42,25.3,5.77,1.31,0.0,0.41,HELM,TAAT_HUKUM,PELANGGARAN_HELM
1789818913.639,2026-09-19 18:55:13.638,312,Underpass Unila Arah Rajabasa,138,4935,Golongan VI-B,Sepeda Motor (Tanpa Helm),0.5,337,156,352,195,345.1,175.9,4.66,13.4,6.7,1.14,0.0,0.4,TANPA_HELM,MELANGGAR,PELANGGARAN_HELM
1789818913.818,2026-09-19 18:55:13.817,312,Underpass Unila Arah Rajabasa,139,5018,Golongan VI-A,Sepeda Motor (Taat Helm),0.391,466,335,504,424,485.5,379.8,5.39,28.15,5.1,1.29,0.0,0.43,HELM,TAAT_HUKUM,PELANGGARAN_HELM
1789818913.818,2026-09-19 18:55:13.817,312,Underpass Unila Arah Rajabasa,139,5019,Golongan VI-A,Sepeda Motor (Taat Helm),0.385,418,268,445,337,431.9,303.2,5.18,24.38,5.6,1.15,0.0,0.38,HELM,TAAT_HUKUM,NORMAL
1789818913.818,2026-09-19 18:55:13.817,312,Underpass Unila Arah Rajabasa,139,5018,Golongan VI-A,Sepeda Motor (Taat Helm),0.379,496,338,524,398,510.4,368.6,6.52,26.76,3.89,1.06,0.0,0.47,HELM,TAAT_HUKUM,PELANGGARAN_HELM
1789818913.818,2026-09-19 18:55:13.817,312,Underpass Unila Arah Rajabasa,139,5020,Golongan I,Sedan/Jip/Pick-up,0.355,609,466,681,551,645.5,508.9,7.48,31.67,3.53,2.15,0.0,0.84,N/A,NORMAL,PELANGGARAN_HELM
